date,component,value
2015-01-01,trends_us,6.588235294117648
2015-01-02,trends_us,6.588235294117648
2015-01-03,trends_us,9.882352941176471
2015-01-04,trends_us,5.764705882352942
2015-01-05,trends_us,12.352941176470589
2015-01-06,trends_us,14.823529411764707
2015-01-07,trends_us,14.000000000000002
2015-01-08,trends_us,15.0
2015-01-09,trends_us,14.0
2015-01-10,trends_us,7.0
2015-01-11,trends_us,8.0
2015-01-12,trends_us,16.0
2015-01-13,trends_us,18.0
2015-01-14,trends_us,19.0
2015-01-15,trends_us,17.0
2015-01-16,trends_us,16.0
2015-01-17,trends_us,7.0
2015-01-18,trends_us,5.0
2015-01-19,trends_us,10.0
2015-01-20,trends_us,21.0
2015-01-21,trends_us,17.0
2015-01-22,trends_us,17.0
2015-01-23,trends_us,14.0
2015-01-24,trends_us,7.0
2015-01-25,trends_us,6.0
2015-01-26,trends_us,12.0
2015-01-27,trends_us,14.0
2015-01-28,trends_us,17.0
2015-01-29,trends_us,17.0
2015-01-30,trends_us,16.0
2015-01-31,trends_us,4.0
2015-02-01,trends_us,6.049382716049383
2015-02-02,trends_us,11.234567901234568
2015-02-03,trends_us,12.098765432098766
2015-02-04,trends_us,9.506172839506174
2015-02-05,trends_us,12.962962962962964
2015-02-06,trends_us,12.098765432098766
2015-02-07,trends_us,6.049382716049383
2015-02-08,trends_us,8.0
2015-02-09,trends_us,15.0
2015-02-10,trends_us,16.0
2015-02-11,trends_us,17.0
2015-02-12,trends_us,16.0
2015-02-13,trends_us,18.0
2015-02-14,trends_us,12.0
2015-02-15,trends_us,11.0
2015-02-16,trends_us,12.0
2015-02-17,trends_us,16.0
2015-02-18,trends_us,16.0
2015-02-19,trends_us,16.0
2015-02-20,trends_us,14.0
2015-02-21,trends_us,7.0
2015-02-22,trends_us,10.0
2015-02-23,trends_us,17.0
2015-02-24,trends_us,17.0
2015-02-25,trends_us,15.0
2015-02-26,trends_us,15.0
2015-02-27,trends_us,16.0
2015-02-28,trends_us,7.0
2015-03-01,trends_us,8.884615384615385
2015-03-02,trends_us,16.153846153846153
2015-03-03,trends_us,16.961538461538463
2015-03-04,trends_us,13.730769230769232
2015-03-05,trends_us,12.923076923076923
2015-03-06,trends_us,9.692307692307693
2015-03-07,trends_us,5.653846153846154
2015-03-08,trends_us,9.0
2015-03-09,trends_us,18.0
2015-03-10,trends_us,17.0
2015-03-11,trends_us,17.0
2015-03-12,trends_us,18.0
2015-03-13,trends_us,17.0
2015-03-14,trends_us,7.0
2015-03-15,trends_us,8.0
2015-03-16,trends_us,15.0
2015-03-17,trends_us,16.0
2015-03-18,trends_us,19.0
2015-03-19,trends_us,26.0
2015-03-20,trends_us,19.0
2015-03-21,trends_us,6.0
2015-03-22,trends_us,7.0
2015-03-23,trends_us,19.0
2015-03-24,trends_us,17.0
2015-03-25,trends_us,18.0
2015-03-26,trends_us,20.0
2015-03-27,trends_us,18.0
2015-03-28,trends_us,13.0
2015-03-29,trends_us,13.0
2015-03-30,trends_us,18.0
2015-03-31,trends_us,15.0
2015-04-01,trends_us,34.58
2015-04-02,trends_us,29.119999999999997
2015-04-03,trends_us,16.38
2015-04-04,trends_us,14.559999999999999
2015-04-05,trends_us,18.2
2015-04-06,trends_us,36.4
2015-04-07,trends_us,32.76
2015-04-08,trends_us,31.0
2015-04-09,trends_us,26.0
2015-04-10,trends_us,33.0
2015-04-11,trends_us,33.0
2015-04-12,trends_us,26.0
2015-04-13,trends_us,34.0
2015-04-14,trends_us,37.0
2015-04-15,trends_us,40.0
2015-04-16,trends_us,33.0
2015-04-17,trends_us,25.0
2015-04-18,trends_us,15.0
2015-04-19,trends_us,16.0
2015-04-20,trends_us,36.0
2015-04-21,trends_us,41.0
2015-04-22,trends_us,41.0
2015-04-23,trends_us,36.0
2015-04-24,trends_us,31.0
2015-04-25,trends_us,15.0
2015-04-26,trends_us,24.0
2015-04-27,trends_us,53.0
2015-04-28,trends_us,100.0
2015-04-29,trends_us,81.0
2015-04-30,trends_us,69.0
2015-05-01,trends_us,32.40909090909091
2015-05-02,trends_us,21.954545454545453
2015-05-03,trends_us,13.068181818181818
2015-05-04,trends_us,27.704545454545453
2015-05-05,trends_us,23.522727272727273
2015-05-06,trends_us,24.045454545454543
2015-05-07,trends_us,18.295454545454543
2015-05-08,trends_us,37.0
2015-05-09,trends_us,15.0
2015-05-10,trends_us,15.0
2015-05-11,trends_us,37.0
2015-05-12,trends_us,34.0
2015-05-13,trends_us,37.0
2015-05-14,trends_us,38.0
2015-05-15,trends_us,30.0
2015-05-16,trends_us,11.0
2015-05-17,trends_us,16.0
2015-05-18,trends_us,32.0
2015-05-19,trends_us,31.0
2015-05-20,trends_us,27.0
2015-05-21,trends_us,33.0
2015-05-22,trends_us,22.0
2015-05-23,trends_us,6.0
2015-05-24,trends_us,12.0
2015-05-25,trends_us,13.0
2015-05-26,trends_us,26.0
2015-05-27,trends_us,25.0
2015-05-28,trends_us,28.0
2015-05-29,trends_us,25.0
2015-05-30,trends_us,13.0
2015-05-31,trends_us,12.0
2015-06-01,trends_us,12.767999999999999
2015-06-02,trends_us,14.783999999999999
2015-06-03,trends_us,12.767999999999999
2015-06-04,trends_us,12.095999999999998
2015-06-05,trends_us,10.079999999999998
2015-06-06,trends_us,6.047999999999999
2015-06-07,trends_us,15.455999999999998
2015-06-08,trends_us,46.0
2015-06-09,trends_us,40.0
2015-06-10,trends_us,34.0
2015-06-11,trends_us,24.0
2015-06-12,trends_us,15.0
2015-06-13,trends_us,12.0
2015-06-14,trends_us,10.0
2015-06-15,trends_us,14.0
2015-06-16,trends_us,14.0
2015-06-17,trends_us,14.0
2015-06-18,trends_us,12.0
2015-06-19,trends_us,15.0
2015-06-20,trends_us,6.0
2015-06-21,trends_us,9.0
2015-06-22,trends_us,10.0
2015-06-23,trends_us,9.0
2015-06-24,trends_us,10.0
2015-06-25,trends_us,8.0
2015-06-26,trends_us,8.0
2015-06-27,trends_us,6.0
2015-06-28,trends_us,5.0
2015-06-29,trends_us,10.0
2015-06-30,trends_us,6.181902123730378
2015-07-01,trends_us,11.01123595505618
2015-07-02,trends_us,11.01123595505618
2015-07-03,trends_us,8.651685393258427
2015-07-04,trends_us,7.8651685393258415
2015-07-05,trends_us,7.0786516853932575
2015-07-06,trends_us,11.797752808988765
2015-07-07,trends_us,12.584269662921345
2015-07-08,trends_us,8.65466297322253
2015-07-09,trends_us,10.509233610341644
2015-07-10,trends_us,9.272853185595569
2015-07-11,trends_us,8.036472760849492
2015-07-12,trends_us,3.709141274238227
2015-07-13,trends_us,9.891043397968604
2015-07-14,trends_us,8.036472760849492
2015-07-15,trends_us,8.65466297322253
2015-07-16,trends_us,9.272853185595569
2015-07-17,trends_us,11.74561403508772
2015-07-18,trends_us,9.272853185595569
2015-07-19,trends_us,9.272853185595569
2015-07-20,trends_us,8.036472760849492
2015-07-21,trends_us,11.74561403508772
2015-07-22,trends_us,16.69113573407202
2015-07-23,trends_us,37.70960295475531
2015-07-24,trends_us,32.14589104339797
2015-07-25,trends_us,21.018467220683288
2015-07-26,trends_us,20.400277008310248
2015-07-27,trends_us,19.16389658356417
2015-07-28,trends_us,14.21837488457987
2015-07-29,trends_us,24.109418282548475
2015-07-30,trends_us,21.018467220683288
2015-07-31,trends_us,14.21837488457987
2015-08-01,trends_us,10.977272727272728
2015-08-02,trends_us,8.590909090909092
2015-08-03,trends_us,9.06818181818182
2015-08-04,trends_us,9.545454545454547
2015-08-05,trends_us,8.113636363636365
2015-08-06,trends_us,7.636363636363636
2015-08-07,trends_us,9.06818181818182
2015-08-08,trends_us,14.21837488457987
2015-08-09,trends_us,15.454755309325948
2015-08-10,trends_us,12.363804247460756
2015-08-11,trends_us,9.891043397968604
2015-08-12,trends_us,9.891043397968604
2015-08-13,trends_us,12.981994459833794
2015-08-14,trends_us,8.036472760849492
2015-08-15,trends_us,9.272853185595569
2015-08-16,trends_us,10.509233610341644
2015-08-17,trends_us,11.12742382271468
2015-08-18,trends_us,12.981994459833794
2015-08-19,trends_us,13.600184672206831
2015-08-20,trends_us,16.072945521698983
2015-08-21,trends_us,11.74561403508772
2015-08-22,trends_us,12.363804247460756
2015-08-23,trends_us,8.65466297322253
2015-08-24,trends_us,17.927516158818097
2015-08-25,trends_us,11.12742382271468
2015-08-26,trends_us,13.600184672206831
2015-08-27,trends_us,13.600184672206831
2015-08-28,trends_us,12.981994459833794
2015-08-29,trends_us,11.12742382271468
2015-08-30,trends_us,8.65466297322253
2015-08-31,trends_us,23.49122807017544
2015-09-01,trends_us,11.390532544378697
2015-09-02,trends_us,15.491124260355027
2015-09-03,trends_us,12.75739644970414
2015-09-04,trends_us,10.023668639053252
2015-09-05,trends_us,8.656804733727808
2015-09-06,trends_us,8.656804733727808
2015-09-07,trends_us,10.023668639053252
2015-09-08,trends_us,19.78208679593721
2015-09-09,trends_us,16.072945521698983
2015-09-10,trends_us,19.16389658356417
2015-09-11,trends_us,16.072945521698983
2015-09-12,trends_us,9.891043397968604
2015-09-13,trends_us,11.74561403508772
2015-09-14,trends_us,17.927516158818097
2015-09-15,trends_us,16.69113573407202
2015-09-16,trends_us,21.636657433056325
2015-09-17,trends_us,22.25484764542936
2015-09-18,trends_us,23.49122807017544
2015-09-19,trends_us,14.21837488457987
2015-09-20,trends_us,14.836565096952908
2015-09-21,trends_us,17.927516158818097
2015-09-22,trends_us,19.16389658356417
2015-09-23,trends_us,15.454755309325948
2015-09-24,trends_us,17.927516158818097
2015-09-25,trends_us,16.072945521698983
2015-09-26,trends_us,10.509233610341644
2015-09-27,trends_us,11.12742382271468
2015-09-28,trends_us,18.54570637119113
2015-09-29,trends_us,19.78208679593721
2015-09-30,trends_us,20.400277008310248
2015-10-01,trends_us,18.19289340101523
2015-10-02,trends_us,17.6243654822335
2015-10-03,trends_us,7.959390862944163
2015-10-04,trends_us,7.3908629441624365
2015-10-05,trends_us,19.32994923857868
2015-10-06,trends_us,19.898477157360407
2015-10-07,trends_us,21.604060913705585
2015-10-08,trends_us,18.54570637119113
2015-10-09,trends_us,17.927516158818097
2015-10-10,trends_us,6.181902123730378
2015-10-11,trends_us,11.74561403508772
2015-10-12,trends_us,17.30932594644506
2015-10-13,trends_us,20.400277008310248
2015-10-14,trends_us,18.54570637119113
2015-10-15,trends_us,20.400277008310248
2015-10-16,trends_us,21.018467220683288
2015-10-17,trends_us,10.509233610341644
2015-10-18,trends_us,14.836565096952908
2015-10-19,trends_us,25.345798707294552
2015-10-20,trends_us,24.727608494921512
2015-10-21,trends_us,21.018467220683288
2015-10-22,trends_us,27.818559556786703
2015-10-23,trends_us,17.927516158818097
2015-10-24,trends_us,11.12742382271468
2015-10-25,trends_us,14.21837488457987
2015-10-26,trends_us,24.727608494921512
2015-10-27,trends_us,51.92797783933518
2015-10-28,trends_us,58.75901406816026
2015-10-29,trends_us,49.35757181725462
2015-10-30,trends_us,38.78094928498577
2015-10-31,trends_us,18.215294361129683
2015-11-01,trends_us,11.0062893081761
2015-11-02,trends_us,23.333333333333336
2015-11-03,trends_us,25.094339622641513
2015-11-04,trends_us,25.534591194968552
2015-11-05,trends_us,25.094339622641513
2015-11-06,trends_us,20.691823899371073
2015-11-07,trends_us,9.245283018867926
2015-11-08,trends_us,16.452523939084873
2015-11-09,trends_us,49.35757181725462
2015-11-10,trends_us,42.89408026975699
2015-11-11,trends_us,31.729867596806542
2015-11-12,trends_us,41.13130984771219
2015-11-13,trends_us,29.37950703408013
2015-11-14,trends_us,13.514573235676862
2015-11-15,trends_us,11.16421267295045
2015-11-16,trends_us,28.79191689339853
2015-11-17,trends_us,34.66781830021456
2015-11-18,trends_us,33.49263801885135
2015-11-19,trends_us,27.029146471353723
2015-11-20,trends_us,25.266376049308917
2015-11-21,trends_us,9.401442250905642
2015-11-22,trends_us,9.989032391587244
2015-11-23,trends_us,21.740835205219295
2015-11-24,trends_us,25.266376049308917
2015-11-25,trends_us,15.864933798403271
2015-11-26,trends_us,9.989032391587244
2015-11-27,trends_us,9.989032391587244
2015-11-28,trends_us,10.576622532268848
2015-11-29,trends_us,14.102163376358464
2015-11-30,trends_us,25.266376049308917
2015-12-01,trends_us,15.311111111111112
2015-12-02,trends_us,15.888888888888891
2015-12-03,trends_us,16.177777777777777
2015-12-04,trends_us,13.288888888888891
2015-12-05,trends_us,6.644444444444446
2015-12-06,trends_us,8.666666666666668
2015-12-07,trends_us,15.022222222222224
2015-12-08,trends_us,34.66781830021456
2015-12-09,trends_us,28.204326752716927
2015-12-10,trends_us,29.37950703408013
2015-12-11,trends_us,27.616736612035325
2015-12-12,trends_us,12.339392954313656
2015-12-13,trends_us,12.339392954313656
2015-12-14,trends_us,22.916015486582506
2015-12-15,trends_us,23.503605627264108
2015-12-16,trends_us,27.029146471353723
2015-12-17,trends_us,21.740835205219295
2015-12-18,trends_us,12.926983094995258
2015-12-19,trends_us,4.113130984771218
2015-12-20,trends_us,3.525540844089616
2015-12-21,trends_us,10.576622532268848
2015-12-22,trends_us,9.989032391587244
2015-12-23,trends_us,9.401442250905642
2015-12-24,trends_us,5.288311266134424
2015-12-25,trends_us,6.463491547497629
2015-12-26,trends_us,4.700721125452821
2015-12-27,trends_us,4.700721125452821
2015-12-28,trends_us,5.875901406816027
2015-12-29,trends_us,8.226261969542437
2015-12-30,trends_us,8.81385211022404
2015-12-31,trends_us,8.226261969542437
2016-01-01,trends_us,5.0625
2016-01-02,trends_us,6.1875
2016-01-03,trends_us,5.0625
2016-01-04,trends_us,10.125
2016-01-05,trends_us,11.8125
2016-01-06,trends_us,11.250000000000002
2016-01-07,trends_us,13.5
2016-01-08,trends_us,13.514573235676862
2016-01-09,trends_us,5.875901406816027
2016-01-10,trends_us,8.81385211022404
2016-01-11,trends_us,14.102163376358464
2016-01-12,trends_us,15.27734365772167
2016-01-13,trends_us,15.27734365772167
2016-01-14,trends_us,12.339392954313656
2016-01-15,trends_us,15.864933798403271
2016-01-16,trends_us,7.051081688179232
2016-01-17,trends_us,7.051081688179232
2016-01-18,trends_us,12.926983094995258
2016-01-19,trends_us,13.514573235676862
2016-01-20,trends_us,14.102163376358464
2016-01-21,trends_us,17.040114079766475
2016-01-22,trends_us,14.689753517040064
2016-01-23,trends_us,7.638671828860835
2016-01-24,trends_us,9.989032391587244
2016-01-25,trends_us,12.926983094995258
2016-01-26,trends_us,14.689753517040064
2016-01-27,trends_us,16.452523939084873
2016-01-28,trends_us,18.802884501811285
2016-01-29,trends_us,16.452523939084873
2016-01-30,trends_us,8.226261969542437
2016-01-31,trends_us,10.576622532268848
2016-02-01,trends_us,15.627906976744189
2016-02-02,trends_us,14.16279069767442
2016-02-03,trends_us,13.674418604651166
2016-02-04,trends_us,12.209302325581396
2016-02-05,trends_us,11.232558139534886
2016-02-06,trends_us,6.837209302325583
2016-02-07,trends_us,10.255813953488374
2016-02-08,trends_us,15.27734365772167
2016-02-09,trends_us,20.56565492385609
2016-02-10,trends_us,21.153245064537696
2016-02-11,trends_us,21.740835205219295
2016-02-12,trends_us,15.864933798403271
2016-02-13,trends_us,11.16421267295045
2016-02-14,trends_us,10.576622532268848
2016-02-15,trends_us,11.751802813632054
2016-02-16,trends_us,17.040114079766475
2016-02-17,trends_us,21.740835205219295
2016-02-18,trends_us,18.802884501811285
2016-02-19,trends_us,18.802884501811285
2016-02-20,trends_us,11.16421267295045
2016-02-21,trends_us,11.16421267295045
2016-02-22,trends_us,20.56565492385609
2016-02-23,trends_us,19.97806478317449
2016-02-24,trends_us,22.3284253459009
2016-02-25,trends_us,26.796801969784102
2016-02-26,trends_us,19.82963345764024
2016-02-27,trends_us,9.646848709122278
2016-02-28,trends_us,10.450752768215802
2016-02-29,trends_us,22.509313654618648
2016-03-01,trends_us,16.020134228187917
2016-03-02,trends_us,12.402684563758388
2016-03-03,trends_us,12.574944071588368
2016-03-04,trends_us,11.885906040268459
2016-03-05,trends_us,6.3736017897091735
2016-03-06,trends_us,5.85682326621924
2016-03-07,trends_us,11.885906040268459
2016-03-08,trends_us,19.82963345764024
2016-03-09,trends_us,16.614017221266145
2016-03-10,trends_us,21.169473556129443
2016-03-11,trends_us,15.810113162172623
2016-03-12,trends_us,7.771072571237391
2016-03-13,trends_us,9.378880689424438
2016-03-14,trends_us,18.489793359151037
2016-03-15,trends_us,16.614017221266145
2016-03-16,trends_us,18.489793359151037
2016-03-17,trends_us,18.489793359151037
2016-03-18,trends_us,17.95385731975535
2016-03-19,trends_us,10.18278474851796
2016-03-20,trends_us,10.986688807611484
2016-03-21,trends_us,13.934337024287736
2016-03-22,trends_us,15.542145142474782
2016-03-23,trends_us,14.738241083381258
2016-03-24,trends_us,13.130432965194212
2016-03-25,trends_us,10.18278474851796
2016-03-26,trends_us,7.235136531841709
2016-03-27,trends_us,9.378880689424438
2016-03-28,trends_us,17.417921280359668
2016-03-29,trends_us,17.417921280359668
2016-03-30,trends_us,19.82963345764024
2016-03-31,trends_us,14.470273063683418
2016-04-01,trends_us,10.851674641148326
2016-04-02,trends_us,5.626794258373206
2016-04-03,trends_us,7.435406698564594
2016-04-04,trends_us,16.880382775119617
2016-04-05,trends_us,14.066985645933018
2016-04-06,trends_us,14.669856459330145
2016-04-07,trends_us,14.4688995215311
2016-04-08,trends_us,11.522624847007163
2016-04-09,trends_us,12.058560886402848
2016-04-10,trends_us,9.91481672882012
2016-04-11,trends_us,21.70540959552513
2016-04-12,trends_us,21.97337761522297
2016-04-13,trends_us,20.901505536431603
2016-04-14,trends_us,19.82963345764024
2016-04-15,trends_us,14.738241083381258
2016-04-16,trends_us,7.235136531841709
2016-04-17,trends_us,9.110912669726597
2016-04-18,trends_us,15.810113162172623
2016-04-19,trends_us,21.169473556129443
2016-04-20,trends_us,20.09760147733808
2016-04-21,trends_us,18.221825339453197
2016-04-22,trends_us,16.346049201568306
2016-04-23,trends_us,7.235136531841709
2016-04-24,trends_us,10.718720787913645
2016-04-25,trends_us,17.68588930005751
2016-04-26,trends_us,21.97337761522297
2016-04-27,trends_us,19.82963345764024
2016-04-28,trends_us,20.63353751673376
2016-04-29,trends_us,13.934337024287736
2016-04-30,trends_us,10.18278474851796
2016-05-01,trends_us,7.681265206812653
2016-05-02,trends_us,12.927007299270075
2016-05-03,trends_us,14.613138686131387
2016-05-04,trends_us,12.552311435523114
2016-05-05,trends_us,14.05109489051095
2016-05-06,trends_us,11.42822384428224
2016-05-07,trends_us,3.7469586374695867
2016-05-08,trends_us,9.91481672882012
2016-05-09,trends_us,15.810113162172623
2016-05-10,trends_us,19.293697418244555
2016-05-11,trends_us,17.95385731975535
2016-05-12,trends_us,25.992897910690584
2016-05-13,trends_us,16.614017221266145
2016-05-14,trends_us,8.574976630330914
2016-05-15,trends_us,10.986688807611484
2016-05-16,trends_us,18.221825339453197
2016-05-17,trends_us,16.614017221266145
2016-05-18,trends_us,15.542145142474782
2016-05-19,trends_us,15.0062091030791
2016-05-20,trends_us,15.0062091030791
2016-05-21,trends_us,6.163264453050345
2016-05-22,trends_us,10.718720787913645
2016-05-23,trends_us,16.614017221266145
2016-05-24,trends_us,17.68588930005751
2016-05-25,trends_us,13.398400984892051
2016-05-26,trends_us,15.0062091030791
2016-05-27,trends_us,8.842944650028755
2016-05-28,trends_us,3.751552275769775
2016-05-29,trends_us,6.699200492446026
2016-05-30,trends_us,5.895296433352503
2016-05-31,trends_us,11.522624847007163
2016-06-01,trends_us,6.650000000000001
2016-06-02,trends_us,6.125000000000002
2016-06-03,trends_us,7.525
2016-06-04,trends_us,3.3250000000000006
2016-06-05,trends_us,5.250000000000001
2016-06-06,trends_us,7.1750000000000025
2016-06-07,trends_us,5.950000000000002
2016-06-08,trends_us,11.522624847007163
2016-06-09,trends_us,10.18278474851796
2016-06-10,trends_us,8.039040590935231
2016-06-11,trends_us,7.50310455153955
2016-06-12,trends_us,6.967168512143868
2016-06-13,trends_us,7.235136531841709
2016-06-14,trends_us,5.895296433352503
2016-06-15,trends_us,8.039040590935231
2016-06-16,trends_us,13.130432965194212
2016-06-17,trends_us,8.842944650028755
2016-06-18,trends_us,4.019520295467616
2016-06-19,trends_us,4.019520295467616
2016-06-20,trends_us,6.163264453050345
2016-06-21,trends_us,5.895296433352503
2016-06-22,trends_us,5.3593603939568215
2016-06-23,trends_us,7.50310455153955
2016-06-24,trends_us,6.832549506987607
2016-06-25,trends_us,6.832549506987607
2016-06-26,trends_us,6.832549506987607
2016-06-27,trends_us,6.832549506987607
2016-06-28,trends_us,6.832549506987607
2016-06-29,trends_us,8.540686883734509
2016-06-30,trends_us,6.832549506987607
2016-07-01,trends_us,2.9914529914529915
2016-07-02,trends_us,2.9914529914529915
2016-07-03,trends_us,4.487179487179487
2016-07-04,trends_us,2.9914529914529915
2016-07-05,trends_us,5.982905982905983
2016-07-06,trends_us,32.9059829059829
2016-07-07,trends_us,122.64957264957265
2016-07-08,trends_us,170.81373767469017
2016-07-09,trends_us,90.5312809675858
2016-07-10,trends_us,64.90922031638226
2016-07-11,trends_us,52.95225867915395
2016-07-12,trends_us,40.99529704192564
2016-07-13,trends_us,35.87088491168493
2016-07-14,trends_us,29.038335404697328
2016-07-15,trends_us,25.62206065120353
2016-07-16,trends_us,17.081373767469017
2016-07-17,trends_us,23.913923274456625
2016-07-18,trends_us,23.913923274456625
2016-07-19,trends_us,25.62206065120353
2016-07-20,trends_us,18.78951114421592
2016-07-21,trends_us,20.49764852096282
2016-07-22,trends_us,18.78951114421592
2016-07-23,trends_us,11.956961637228313
2016-07-24,trends_us,11.956961637228313
2016-07-25,trends_us,15.373236390722116
2016-07-26,trends_us,15.373236390722116
2016-07-27,trends_us,15.373236390722116
2016-07-28,trends_us,11.956961637228313
2016-07-29,trends_us,10.24882426048141
2016-07-30,trends_us,10.24882426048141
2016-07-31,trends_us,10.24882426048141
2016-08-01,trends_us,6.299999999999999
2016-08-02,trends_us,7.35
2016-08-03,trends_us,7.35
2016-08-04,trends_us,5.249999999999999
2016-08-05,trends_us,6.299999999999999
2016-08-06,trends_us,4.199999999999999
2016-08-07,trends_us,5.249999999999999
2016-08-08,trends_us,8.540686883734509
2016-08-09,trends_us,6.832549506987607
2016-08-10,trends_us,8.540686883734509
2016-08-11,trends_us,5.124412130240705
2016-08-12,trends_us,6.832549506987607
2016-08-13,trends_us,6.832549506987607
2016-08-14,trends_us,10.24882426048141
2016-08-15,trends_us,8.540686883734509
2016-08-16,trends_us,8.540686883734509
2016-08-17,trends_us,6.832549506987607
2016-08-18,trends_us,6.832549506987607
2016-08-19,trends_us,5.124412130240705
2016-08-20,trends_us,3.4162747534938034
2016-08-21,trends_us,5.124412130240705
2016-08-22,trends_us,8.540686883734509
2016-08-23,trends_us,8.540686883734509
2016-08-24,trends_us,6.832549506987607
2016-08-25,trends_us,8.540686883734509
2016-08-26,trends_us,8.540686883734509
2016-08-27,trends_us,5.124412130240705
2016-08-28,trends_us,8.540686883734509
2016-08-29,trends_us,13.665099013975214
2016-08-30,trends_us,11.956961637228313
2016-08-31,trends_us,18.78951114421592
2016-09-01,trends_us,15.68
2016-09-02,trends_us,17.64
2016-09-03,trends_us,11.759999999999998
2016-09-04,trends_us,7.84
2016-09-05,trends_us,15.68
2016-09-06,trends_us,15.68
2016-09-07,trends_us,13.72
2016-09-08,trends_us,17.081373767469017
2016-09-09,trends_us,13.665099013975214
2016-09-10,trends_us,10.24882426048141
2016-09-11,trends_us,10.24882426048141
2016-09-12,trends_us,15.373236390722116
2016-09-13,trends_us,20.49764852096282
2016-09-14,trends_us,20.49764852096282
2016-09-15,trends_us,17.081373767469017
2016-09-16,trends_us,13.665099013975214
2016-09-17,trends_us,8.540686883734509
2016-09-18,trends_us,8.540686883734509
2016-09-19,trends_us,13.665099013975214
2016-09-20,trends_us,27.330198027950427
2016-09-21,trends_us,42.70343441867254
2016-09-22,trends_us,46.119709172166345
2016-09-23,trends_us,37.57902228843184
2016-09-24,trends_us,20.49764852096282
2016-09-25,trends_us,22.20578589770972
2016-09-26,trends_us,32.45461015819113
2016-09-27,trends_us,29.038335404697328
2016-09-28,trends_us,30.74647278144423
2016-09-29,trends_us,32.45461015819113
2016-09-30,trends_us,22.20578589770972
2016-10-01,trends_us,8.666666666666666
2016-10-02,trends_us,7.583333333333333
2016-10-03,trends_us,16.25
2016-10-04,trends_us,16.25
2016-10-05,trends_us,16.25
2016-10-06,trends_us,12.999999999999998
2016-10-07,trends_us,12.999999999999998
2016-10-08,trends_us,10.24882426048141
2016-10-09,trends_us,11.956961637228313
2016-10-10,trends_us,18.78951114421592
2016-10-11,trends_us,20.49764852096282
2016-10-12,trends_us,22.20578589770972
2016-10-13,trends_us,22.20578589770972
2016-10-14,trends_us,20.49764852096282
2016-10-15,trends_us,8.540686883734509
2016-10-16,trends_us,8.540686883734509
2016-10-17,trends_us,20.49764852096282
2016-10-18,trends_us,22.20578589770972
2016-10-19,trends_us,20.49764852096282
2016-10-20,trends_us,20.49764852096282
2016-10-21,trends_us,18.78951114421592
2016-10-22,trends_us,7.442967179817317
2016-10-23,trends_us,12.560007115941724
2016-10-24,trends_us,21.863716090713368
2016-10-25,trends_us,20.933345193236203
2016-10-26,trends_us,24.65482878314486
2016-10-27,trends_us,20.933345193236203
2016-10-28,trends_us,15.816305257111798
2016-10-29,trends_us,7.908152628555899
2016-10-30,trends_us,10.234079872248811
2016-10-31,trends_us,21.863716090713368
2016-11-01,trends_us,16.28897338403042
2016-11-02,trends_us,12.456273764258556
2016-11-03,trends_us,12.13688212927757
2016-11-04,trends_us,13.095057034220536
2016-11-05,trends_us,8.304182509505704
2016-11-06,trends_us,7.346007604562739
2016-11-07,trends_us,14.37262357414449
2016-11-08,trends_us,18.607417949543294
2016-11-09,trends_us,18.14223250080471
2016-11-10,trends_us,23.724457885667697
2016-11-11,trends_us,14.420748910896052
2016-11-12,trends_us,10.699265320987394
2016-11-13,trends_us,12.560007115941724
2016-11-14,trends_us,22.79408698819053
2016-11-15,trends_us,20.468159744497623
2016-11-16,trends_us,25.120014231883445
2016-11-17,trends_us,22.79408698819053
2016-11-18,trends_us,20.00297429575904
2016-11-19,trends_us,8.838523526033065
2016-11-20,trends_us,11.164450769725976
2016-11-21,trends_us,17.211861603327545
2016-11-22,trends_us,17.211861603327545
2016-11-23,trends_us,13.025192564680305
2016-11-24,trends_us,6.512596282340152
2016-11-25,trends_us,5.582225384862988
2016-11-26,trends_us,8.373338077294482
2016-11-27,trends_us,11.629636218464558
2016-11-28,trends_us,21.398530641974787
2016-11-29,trends_us,21.863716090713368
2016-11-30,trends_us,23.25927243692912
2016-12-01,trends_us,11.91891891891892
2016-12-02,trends_us,10.003378378378377
2016-12-03,trends_us,5.108108108108108
2016-12-04,trends_us,4.6824324324324325
2016-12-05,trends_us,10.003378378378377
2016-12-06,trends_us,12.557432432432432
2016-12-07,trends_us,8.726351351351353
2016-12-08,trends_us,24.65482878314486
2016-12-09,trends_us,16.746676154588965
2016-12-10,trends_us,7.908152628555899
2016-12-11,trends_us,9.768894423510227
2016-12-12,trends_us,18.14223250080471
2016-12-13,trends_us,19.072603398281878
2016-12-14,trends_us,19.537788847020455
2016-12-15,trends_us,13.490378013418889
2016-12-16,trends_us,13.490378013418889
2016-12-17,trends_us,5.582225384862988
2016-12-18,trends_us,7.442967179817317
2016-12-19,trends_us,8.373338077294482
2016-12-20,trends_us,8.373338077294482
2016-12-21,trends_us,8.373338077294482
2016-12-22,trends_us,7.908152628555899
2016-12-23,trends_us,8.838523526033065
2016-12-24,trends_us,4.651854487385823
2016-12-25,trends_us,3.7214835899086585
2016-12-26,trends_us,5.117039936124406
2016-12-27,trends_us,2.325927243692912
2016-12-28,trends_us,4.186669038647241
2016-12-29,trends_us,2.791112692431494
2016-12-30,trends_us,4.651854487385823
2016-12-31,trends_us,3.7214835899086585
2017-01-01,trends_us,3.688172043010752
2017-01-02,trends_us,4.741935483870967
2017-01-03,trends_us,8.430107526881718
2017-01-04,trends_us,8.430107526881718
2017-01-05,trends_us,7.376344086021504
2017-01-06,trends_us,10.537634408602152
2017-01-07,trends_us,5.795698924731182
2017-01-08,trends_us,4.186669038647241
2017-01-09,trends_us,8.838523526033065
2017-01-10,trends_us,8.838523526033065
2017-01-11,trends_us,12.09482166720314
2017-01-12,trends_us,12.09482166720314
2017-01-13,trends_us,9.768894423510227
2017-01-14,trends_us,6.04741083360157
2017-01-15,trends_us,4.651854487385823
2017-01-16,trends_us,7.908152628555899
2017-01-17,trends_us,13.490378013418889
2017-01-18,trends_us,15.816305257111798
2017-01-19,trends_us,13.490378013418889
2017-01-20,trends_us,12.09482166720314
2017-01-21,trends_us,5.582225384862988
2017-01-22,trends_us,6.977781731078735
2017-01-23,trends_us,12.09482166720314
2017-01-24,trends_us,14.420748910896052
2017-01-25,trends_us,11.629636218464558
2017-01-26,trends_us,13.025192564680305
2017-01-27,trends_us,12.09482166720314
2017-01-28,trends_us,4.651854487385823
2017-01-29,trends_us,7.908152628555899
2017-01-30,trends_us,9.768894423510227
2017-01-31,trends_us,11.629636218464558
2017-02-01,trends_us,8.555555555555557
2017-02-02,trends_us,12.444444444444445
2017-02-03,trends_us,8.166666666666666
2017-02-04,trends_us,5.055555555555556
2017-02-05,trends_us,5.055555555555556
2017-02-06,trends_us,7.38888888888889
2017-02-07,trends_us,9.333333333333334
2017-02-08,trends_us,14.420748910896052
2017-02-09,trends_us,13.490378013418889
2017-02-10,trends_us,12.09482166720314
2017-02-11,trends_us,5.582225384862988
2017-02-12,trends_us,7.442967179817317
2017-02-13,trends_us,13.025192564680305
2017-02-14,trends_us,12.09482166720314
2017-02-15,trends_us,12.560007115941724
2017-02-16,trends_us,13.95556346215747
2017-02-17,trends_us,10.234079872248811
2017-02-18,trends_us,6.512596282340152
2017-02-19,trends_us,6.38302040475034
2017-02-20,trends_us,6.838950433661079
2017-02-21,trends_us,14.133830896232896
2017-02-22,trends_us,12.53807579504531
2017-02-23,trends_us,15.045690954054374
2017-02-24,trends_us,11.854180751679204
2017-02-25,trends_us,6.1550553902949705
2017-02-26,trends_us,6.38302040475034
2017-02-27,trends_us,15.501620982965113
2017-02-28,trends_us,13.905865881777526
2017-03-01,trends_us,10.183561643835615
2017-03-02,trends_us,10.873972602739723
2017-03-03,trends_us,10.701369863013696
2017-03-04,trends_us,4.487671232876711
2017-03-05,trends_us,4.832876712328766
2017-03-06,trends_us,10.010958904109588
2017-03-07,trends_us,11.909589041095888
2017-03-08,trends_us,15.273655968509743
2017-03-09,trends_us,10.714355679402356
2017-03-10,trends_us,14.589760925143636
2017-03-11,trends_us,9.118600578214773
2017-03-12,trends_us,10.942320693857726
2017-03-13,trends_us,13.677900867322158
2017-03-14,trends_us,14.817725939599004
2017-03-15,trends_us,16.18551602633122
2017-03-16,trends_us,12.082145766134571
2017-03-17,trends_us,10.03046063603625
2017-03-18,trends_us,4.331335274652017
2017-03-19,trends_us,7.294880462571817
2017-03-20,trends_us,13.905865881777526
2017-03-21,trends_us,12.53807579504531
2017-03-22,trends_us,15.501620982965113
2017-03-23,trends_us,11.626215737223834
2017-03-24,trends_us,10.25842565049162
2017-03-25,trends_us,5.471160346928863
2017-03-26,trends_us,9.57453060712551
2017-03-27,trends_us,15.501620982965113
2017-03-28,trends_us,15.501620982965113
2017-03-29,trends_us,13.905865881777526
2017-03-30,trends_us,14.817725939599004
2017-03-31,trends_us,10.486390664946988
2017-04-01,trends_us,5.8031088082901565
2017-04-02,trends_us,5.984455958549224
2017-04-03,trends_us,9.61139896373057
2017-04-04,trends_us,10.155440414507773
2017-04-05,trends_us,13.238341968911918
2017-04-06,trends_us,14.870466321243525
2017-04-07,trends_us,10.33678756476684
2017-04-08,trends_us,8.662670549304034
2017-04-09,trends_us,7.7508104914825555
2017-04-10,trends_us,17.781271127518806
2017-04-11,trends_us,18.009236141974174
2017-04-12,trends_us,18.69313118534028
2017-04-13,trends_us,14.589760925143636
2017-04-14,trends_us,17.325341098608067
2017-04-15,trends_us,9.80249562158088
2017-04-16,trends_us,10.25842565049162
2017-04-17,trends_us,18.009236141974174
2017-04-18,trends_us,17.325341098608067
2017-04-19,trends_us,18.009236141974174
2017-04-20,trends_us,20.51685130098324
2017-04-21,trends_us,15.501620982965113
2017-04-22,trends_us,8.206740520393295
2017-04-23,trends_us,11.398250722768465
2017-04-24,trends_us,20.0609212720725
2017-04-25,trends_us,22.79650144553693
2017-04-26,trends_us,18.009236141974174
2017-04-27,trends_us,20.288886286527863
2017-04-28,trends_us,16.86941106969733
2017-04-29,trends_us,6.838950433661079
2017-04-30,trends_us,10.25842565049162
2017-05-01,trends_us,10.414312617702448
2017-05-02,trends_us,11.99623352165725
2017-05-03,trends_us,13.05084745762712
2017-05-04,trends_us,12.39171374764595
2017-05-05,trends_us,10.414312617702448
2017-05-06,trends_us,5.536723163841808
2017-05-07,trends_us,6.195856873822975
2017-05-08,trends_us,17.553306113063435
2017-05-09,trends_us,19.60499124316176
2017-05-10,trends_us,17.097376084152696
2017-05-11,trends_us,19.37702622870639
2017-05-12,trends_us,13.677900867322158
2017-05-13,trends_us,5.015230318018125
2017-05-14,trends_us,6.838950433661079
2017-05-15,trends_us,17.325341098608067
2017-05-16,trends_us,16.18551602633122
2017-05-17,trends_us,15.95755101187585
2017-05-18,trends_us,18.92109619979565
2017-05-19,trends_us,11.626215737223834
2017-05-20,trends_us,5.927090375839602
2017-05-21,trends_us,9.34656559267014
2017-05-22,trends_us,16.18551602633122
2017-05-23,trends_us,14.817725939599004
2017-05-24,trends_us,10.25842565049162
2017-05-25,trends_us,13.449935852866789
2017-05-26,trends_us,8.890635563759403
2017-05-27,trends_us,3.8754052457412778
2017-05-28,trends_us,3.19151020237517
2017-05-29,trends_us,6.38302040475034
2017-05-30,trends_us,12.082145766134571
2017-05-31,trends_us,11.170285708313097
2017-06-01,trends_us,5.661764705882352
2017-06-02,trends_us,5.404411764705881
2017-06-03,trends_us,3.4742647058823524
2017-06-04,trends_us,3.4742647058823524
2017-06-05,trends_us,6.1764705882352935
2017-06-06,trends_us,5.275735294117647
2017-06-07,trends_us,5.533088235294117
2017-06-08,trends_us,8.434705534848664
2017-06-09,trends_us,6.838950433661079
2017-06-10,trends_us,4.331335274652017
2017-06-11,trends_us,2.963545187919801
2017-06-12,trends_us,5.471160346928863
2017-06-13,trends_us,5.471160346928863
2017-06-14,trends_us,4.787265303562755
2017-06-15,trends_us,4.103370260196647
2017-06-16,trends_us,4.787265303562755
2017-06-17,trends_us,7.294880462571817
2017-06-18,trends_us,4.103370260196647
2017-06-19,trends_us,7.279459299829248
2017-06-20,trends_us,6.239536542710784
2017-06-21,trends_us,8.319382056947711
2017-06-22,trends_us,9.879266192625408
2017-06-23,trends_us,7.799420678388479
2017-06-24,trends_us,7.279459299829248
2017-06-25,trends_us,5.719575164151552
2017-06-26,trends_us,7.799420678388479
2017-06-27,trends_us,5.719575164151552
2017-06-28,trends_us,5.719575164151552
2017-06-29,trends_us,4.159691028473856
2017-06-30,trends_us,4.679652407033088
2017-07-01,trends_us,6.363636363636365
2017-07-02,trends_us,4.454545454545455
2017-07-03,trends_us,4.454545454545455
2017-07-04,trends_us,7.000000000000001
2017-07-05,trends_us,7.000000000000001
2017-07-06,trends_us,5.727272727272728
2017-07-07,trends_us,7.000000000000001
2017-07-08,trends_us,6.759497921270016
2017-07-09,trends_us,4.679652407033088
2017-07-10,trends_us,4.159691028473856
2017-07-11,trends_us,6.759497921270016
2017-07-12,trends_us,7.279459299829248
2017-07-13,trends_us,7.799420678388479
2017-07-14,trends_us,5.19961378559232
2017-07-15,trends_us,5.719575164151552
2017-07-16,trends_us,6.239536542710784
2017-07-17,trends_us,7.279459299829248
2017-07-18,trends_us,7.799420678388479
2017-07-19,trends_us,7.279459299829248
2017-07-20,trends_us,7.279459299829248
2017-07-21,trends_us,3.639729649914624
2017-07-22,trends_us,5.19961378559232
2017-07-23,trends_us,5.19961378559232
2017-07-24,trends_us,6.239536542710784
2017-07-25,trends_us,5.19961378559232
2017-07-26,trends_us,6.759497921270016
2017-07-27,trends_us,5.719575164151552
2017-07-28,trends_us,12.9990344639808
2017-07-29,trends_us,51.9961378559232
2017-07-30,trends_us,31.71764409211315
2017-07-31,trends_us,16.118802735336192
2017-08-01,trends_us,8.175182481751825
2017-08-02,trends_us,7.664233576642336
2017-08-03,trends_us,6.642335766423359
2017-08-04,trends_us,3.3211678832116793
2017-08-05,trends_us,3.3211678832116793
2017-08-06,trends_us,3.0656934306569346
2017-08-07,trends_us,2.81021897810219
2017-08-08,trends_us,5.719575164151552
2017-08-09,trends_us,6.239536542710784
2017-08-10,trends_us,3.119768271355392
2017-08-11,trends_us,3.639729649914624
2017-08-12,trends_us,4.159691028473856
2017-08-13,trends_us,9.359304814066176
2017-08-14,trends_us,8.319382056947711
2017-08-15,trends_us,6.759497921270016
2017-08-16,trends_us,6.759497921270016
2017-08-17,trends_us,7.799420678388479
2017-08-18,trends_us,4.159691028473856
2017-08-19,trends_us,4.159691028473856
2017-08-20,trends_us,6.759497921270016
2017-08-21,trends_us,4.159691028473856
2017-08-22,trends_us,4.679652407033088
2017-08-23,trends_us,4.679652407033088
2017-08-24,trends_us,6.239536542710784
2017-08-25,trends_us,4.679652407033088
2017-08-26,trends_us,3.119768271355392
2017-08-27,trends_us,4.159691028473856
2017-08-28,trends_us,5.19961378559232
2017-08-29,trends_us,5.719575164151552
2017-08-30,trends_us,6.759497921270016
2017-08-31,trends_us,6.759497921270016
2017-09-01,trends_us,8.563106796116504
2017-09-02,trends_us,7.951456310679612
2017-09-03,trends_us,7.339805825242718
2017-09-04,trends_us,7.951456310679612
2017-09-05,trends_us,7.951456310679612
2017-09-06,trends_us,10.398058252427184
2017-09-07,trends_us,12.844660194174756
2017-09-08,trends_us,7.279459299829248
2017-09-09,trends_us,4.679652407033088
2017-09-10,trends_us,4.679652407033088
2017-09-11,trends_us,8.319382056947711
2017-09-12,trends_us,10.919188949743871
2017-09-13,trends_us,9.879266192625408
2017-09-14,trends_us,8.319382056947711
2017-09-15,trends_us,9.359304814066176
2017-09-16,trends_us,4.159691028473856
2017-09-17,trends_us,5.719575164151552
2017-09-18,trends_us,9.879266192625408
2017-09-19,trends_us,11.439150328303104
2017-09-20,trends_us,12.9990344639808
2017-09-21,trends_us,8.319382056947711
2017-09-22,trends_us,8.319382056947711
2017-09-23,trends_us,6.239536542710784
2017-09-24,trends_us,21.318416520928512
2017-09-25,trends_us,36.39729649914624
2017-09-26,trends_us,37.437219256264704
2017-09-27,trends_us,35.357373742027775
2017-09-28,trends_us,28.59787582075776
2017-09-29,trends_us,23.91822341372467
2017-09-30,trends_us,14.558918599658496
2017-10-01,trends_us,12.526315789473683
2017-10-02,trends_us,12.157894736842103
2017-10-03,trends_us,13.63157894736842
2017-10-04,trends_us,12.157894736842103
2017-10-05,trends_us,12.157894736842103
2017-10-06,trends_us,8.842105263157894
2017-10-07,trends_us,5.526315789473683
2017-10-08,trends_us,14.038957221099263
2017-10-09,trends_us,19.758532385250813
2017-10-10,trends_us,17.678686871013888
2017-10-11,trends_us,20.278493763810047
2017-10-12,trends_us,20.278493763810047
2017-10-13,trends_us,15.598841356776958
2017-10-14,trends_us,6.759497921270016
2017-10-15,trends_us,11.959111706862336
2017-10-16,trends_us,18.19864824957312
2017-10-17,trends_us,16.421105862405515
2017-10-18,trends_us,16.79431281382382
2017-10-19,trends_us,17.91393366807874
2017-10-20,trends_us,12.315829396804135
2017-10-21,trends_us,5.971311222692914
2017-10-22,trends_us,9.330173785457678
2017-10-23,trends_us,18.28714061949705
2017-10-24,trends_us,15.301485008150593
2017-10-25,trends_us,16.047898910987207
2017-10-26,trends_us,16.047898910987207
2017-10-27,trends_us,14.555071105313978
2017-10-28,trends_us,7.090932076947835
2017-10-29,trends_us,11.56941549396752
2017-10-30,trends_us,20.526382328006893
2017-10-31,trends_us,17.167519765242126
2017-11-01,trends_us,10.921985815602838
2017-11-02,trends_us,14.645390070921984
2017-11-03,trends_us,10.673758865248228
2017-11-04,trends_us,3.971631205673759
2017-11-05,trends_us,4.716312056737588
2017-11-06,trends_us,12.163120567375886
2017-11-07,trends_us,12.907801418439716
2017-11-08,trends_us,16.047898910987207
2017-11-09,trends_us,18.28714061949705
2017-11-10,trends_us,10.823001591130906
2017-11-11,trends_us,8.210552931202757
2017-11-12,trends_us,9.330173785457678
2017-11-13,trends_us,21.272796230843507
2017-11-14,trends_us,22.01921013368012
2017-11-15,trends_us,19.033554522333663
2017-11-16,trends_us,20.8995892794252
2017-11-17,trends_us,17.540726716660433
2017-11-18,trends_us,7.090932076947835
2017-11-19,trends_us,8.95696683403937
2017-11-20,trends_us,14.18186415389567
2017-11-21,trends_us,11.56941549396752
2017-11-22,trends_us,6.344518174111221
2017-11-23,trends_us,5.971311222692914
2017-11-24,trends_us,5.2248973198563
2017-11-25,trends_us,7.090932076947835
2017-11-26,trends_us,8.95696683403937
2017-11-27,trends_us,18.28714061949705
2017-11-28,trends_us,20.8995892794252
2017-11-29,trends_us,23.885244890771656
2017-11-30,trends_us,19.40676147375197
2017-12-01,trends_us,8.728915662650603
2017-12-02,trends_us,3.605421686746989
2017-12-03,trends_us,6.262048192771086
2017-12-04,trends_us,12.144578313253016
2017-12-05,trends_us,11.006024096385543
2017-12-06,trends_us,10.246987951807231
2017-12-07,trends_us,11.006024096385543
2017-12-08,trends_us,20.153175376588585
2017-12-09,trends_us,11.942622445385828
2017-12-10,trends_us,13.435450251059056
2017-12-11,trends_us,22.01921013368012
2017-12-12,trends_us,22.392417085098423
2017-12-13,trends_us,18.28714061949705
2017-12-14,trends_us,17.167519765242126
2017-12-15,trends_us,16.421105862405515
2017-12-16,trends_us,6.717725125529528
2017-12-17,trends_us,8.210552931202757
2017-12-18,trends_us,13.435450251059056
2017-12-19,trends_us,11.56941549396752
2017-12-20,trends_us,10.4497946397126
2017-12-21,trends_us,10.4497946397126
2017-12-22,trends_us,7.837345979784449
2017-12-23,trends_us,4.851690368437993
2017-12-24,trends_us,3.358862562764764
2017-12-25,trends_us,3.358862562764764
2017-12-26,trends_us,5.2248973198563
2017-12-27,trends_us,5.2248973198563
2017-12-28,trends_us,2.985655611346457
2017-12-29,trends_us,5.598104271274607
2017-12-30,trends_us,5.2248973198563
2017-12-31,trends_us,2.985655611346457
2018-01-01,trends_us,4.375
2018-01-02,trends_us,7.0
2018-01-03,trends_us,8.3125
2018-01-04,trends_us,7.437500000000001
2018-01-05,trends_us,9.625000000000002
2018-01-06,trends_us,6.562500000000001
2018-01-07,trends_us,5.6875
2018-01-08,trends_us,5.971311222692914
2018-01-09,trends_us,9.330173785457678
2018-01-10,trends_us,13.435450251059056
2018-01-11,trends_us,12.315829396804135
2018-01-12,trends_us,9.703380736875983
2018-01-13,trends_us,6.344518174111221
2018-01-14,trends_us,4.478483417019685
2018-01-15,trends_us,7.837345979784449
2018-01-16,trends_us,12.689036348222444
2018-01-17,trends_us,9.330173785457678
2018-01-18,trends_us,11.942622445385828
2018-01-19,trends_us,11.196208542549211
2018-01-20,trends_us,4.478483417019685
2018-01-21,trends_us,5.2248973198563
2018-01-22,trends_us,10.4497946397126
2018-01-23,trends_us,13.435450251059056
2018-01-24,trends_us,13.06224329964075
2018-01-25,trends_us,13.808657202477365
2018-01-26,trends_us,11.56941549396752
2018-01-27,trends_us,5.2248973198563
2018-01-28,trends_us,4.478483417019685
2018-01-29,trends_us,13.435450251059056
2018-01-30,trends_us,14.555071105313978
2018-01-31,trends_us,11.942622445385828
2018-02-01,trends_us,10.450236966824647
2018-02-02,trends_us,9.554502369668247
2018-02-03,trends_us,5.075829383886257
2018-02-04,trends_us,5.672985781990522
2018-02-05,trends_us,11.047393364928913
2018-02-06,trends_us,12.241706161137444
2018-02-07,trends_us,8.95734597156398
2018-02-08,trends_us,14.928278056732283
2018-02-09,trends_us,10.823001591130906
2018-02-10,trends_us,4.105276465601379
2018-02-11,trends_us,6.717725125529528
2018-02-12,trends_us,11.56941549396752
2018-02-13,trends_us,14.555071105313978
2018-02-14,trends_us,13.25251570514208
2018-02-15,trends_us,14.457289860154996
2018-02-16,trends_us,11.565831888123997
2018-02-17,trends_us,6.023870775064582
2018-02-18,trends_us,8.674373916092998
2018-02-19,trends_us,9.156283578098163
2018-02-20,trends_us,10.602012564113664
2018-02-21,trends_us,14.216335029152413
2018-02-22,trends_us,15.662064015167912
2018-02-23,trends_us,10.842967395116249
2018-02-24,trends_us,6.264825606067165
2018-02-25,trends_us,7.228644930077499
2018-02-26,trends_us,15.42110918416533
2018-02-27,trends_us,13.734425367147246
2018-02-28,trends_us,16.14397367717308
2018-03-01,trends_us,12.561933534743202
2018-03-02,trends_us,8.564954682779456
2018-03-03,trends_us,4.377643504531722
2018-03-04,trends_us,4.758308157099698
2018-03-05,trends_us,11.610271903323262
2018-03-06,trends_us,11.800604229607252
2018-03-07,trends_us,9.326283987915406
2018-03-08,trends_us,14.69824469115758
2018-03-09,trends_us,15.662064015167912
2018-03-10,trends_us,7.469599761080081
2018-03-11,trends_us,6.264825606067165
2018-03-12,trends_us,13.493470536144663
2018-03-13,trends_us,12.52965121213433
2018-03-14,trends_us,12.770606043136912
2018-03-15,trends_us,14.216335029152413
2018-03-16,trends_us,10.842967395116249
2018-03-17,trends_us,5.301006282056832
2018-03-18,trends_us,7.710554592082665
2018-03-19,trends_us,13.734425367147246
2018-03-20,trends_us,12.770606043136912
2018-03-21,trends_us,10.36105773311108
2018-03-22,trends_us,16.384928508175662
2018-03-23,trends_us,14.939199522160164
2018-03-24,trends_us,7.469599761080081
2018-03-25,trends_us,7.710554592082665
2018-03-26,trends_us,12.288696381131746
2018-03-27,trends_us,14.939199522160164
2018-03-28,trends_us,15.42110918416533
2018-03-29,trends_us,14.216335029152413
2018-03-30,trends_us,10.36105773311108
2018-03-31,trends_us,7.710554592082665
2018-04-01,trends_us,7.784153005464481
2018-04-02,trends_us,10.098360655737705
2018-04-03,trends_us,13.46448087431694
2018-04-04,trends_us,13.46448087431694
2018-04-05,trends_us,12.202185792349727
2018-04-06,trends_us,13.46448087431694
2018-04-07,trends_us,6.521857923497268
2018-04-08,trends_us,9.879148071105917
2018-04-09,trends_us,16.384928508175662
2018-04-10,trends_us,16.625883339178245
2018-04-11,trends_us,17.83065749419116
2018-04-12,trends_us,16.14397367717308
2018-04-13,trends_us,13.25251570514208
2018-04-14,trends_us,7.228644930077499
2018-04-15,trends_us,8.91532874709558
2018-04-16,trends_us,16.86683817018083
2018-04-17,trends_us,16.14397367717308
2018-04-18,trends_us,16.86683817018083
2018-04-19,trends_us,17.348747832185996
2018-04-20,trends_us,16.384928508175662
2018-04-21,trends_us,7.469599761080081
2018-04-22,trends_us,9.156283578098163
2018-04-23,trends_us,18.794476818201492
2018-04-24,trends_us,22.64975411424283
2018-04-25,trends_us,21.68593479023249
2018-04-26,trends_us,22.167844452237663
2018-04-27,trends_us,24.095483100258328
2018-04-28,trends_us,11.565831888123997
2018-04-29,trends_us,11.324877057121414
2018-04-30,trends_us,18.794476818201492
2018-05-01,trends_us,15.05777777777778
2018-05-02,trends_us,13.346666666666666
2018-05-03,trends_us,13.68888888888889
2018-05-04,trends_us,12.662222222222223
2018-05-05,trends_us,5.475555555555556
2018-05-06,trends_us,6.673333333333335
2018-05-07,trends_us,10.095555555555556
2018-05-08,trends_us,19.517341311209247
2018-05-09,trends_us,18.794476818201492
2018-05-10,trends_us,17.83065749419116
2018-05-11,trends_us,17.83065749419116
2018-05-12,trends_us,8.433419085090415
2018-05-13,trends_us,10.602012564113664
2018-05-14,trends_us,17.83065749419116
2018-05-15,trends_us,19.75829614221183
2018-05-16,trends_us,17.83065749419116
2018-05-17,trends_us,17.348747832185996
2018-05-18,trends_us,14.69824469115758
2018-05-19,trends_us,5.541961113059416
2018-05-20,trends_us,8.91532874709558
2018-05-21,trends_us,15.662064015167912
2018-05-22,trends_us,14.69824469115758
2018-05-23,trends_us,19.03543164920408
2018-05-24,trends_us,23.854528269255745
2018-05-25,trends_us,19.75829614221183
2018-05-26,trends_us,10.602012564113664
2018-05-27,trends_us,10.120102902108496
2018-05-28,trends_us,14.69824469115758
2018-05-29,trends_us,17.107793001183413
2018-05-30,trends_us,14.69824469115758
2018-05-31,trends_us,18.31256715619633
2018-06-01,trends_us,7.577319587628865
2018-06-02,trends_us,3.283505154639175
2018-06-03,trends_us,4.29381443298969
2018-06-04,trends_us,7.577319587628865
2018-06-05,trends_us,7.829896907216495
2018-06-06,trends_us,8.461340206185566
2018-06-07,trends_us,9.976804123711341
2018-06-08,trends_us,15.42110918416533
2018-06-09,trends_us,9.63819324010333
2018-06-10,trends_us,9.156283578098163
2018-06-11,trends_us,9.156283578098163
2018-06-12,trends_us,9.879148071105917
2018-06-13,trends_us,6.264825606067165
2018-06-14,trends_us,7.598376469650512
2018-06-15,trends_us,6.137150225486953
2018-06-16,trends_us,3.2146977371598324
2018-06-17,trends_us,5.844904976654241
2018-06-18,trends_us,6.429395474319665
2018-06-19,trends_us,5.552659727821529
2018-06-20,trends_us,6.137150225486953
2018-06-21,trends_us,6.721640723152377
2018-06-22,trends_us,4.9681692301561045
2018-06-23,trends_us,4.9681692301561045
2018-06-24,trends_us,6.137150225486953
2018-06-25,trends_us,6.721640723152377
2018-06-26,trends_us,5.2604144789888165
2018-06-27,trends_us,6.137150225486953
2018-06-28,trends_us,7.598376469650512
2018-06-29,trends_us,4.9681692301561045
2018-06-30,trends_us,5.2604144789888165
2018-07-01,trends_us,3.525925925925925
2018-07-02,trends_us,4.355555555555554
2018-07-03,trends_us,4.355555555555554
2018-07-04,trends_us,3.3185185185185175
2018-07-05,trends_us,6.637037037037035
2018-07-06,trends_us,3.1111111111111103
2018-07-07,trends_us,2.6962962962962953
2018-07-08,trends_us,4.38367873249068
2018-07-09,trends_us,4.9681692301561045
2018-07-10,trends_us,6.137150225486953
2018-07-11,trends_us,6.721640723152377
2018-07-12,trends_us,5.552659727821529
2018-07-13,trends_us,4.9681692301561045
2018-07-14,trends_us,5.2604144789888165
2018-07-15,trends_us,6.721640723152377
2018-07-16,trends_us,5.552659727821529
2018-07-17,trends_us,6.137150225486953
2018-07-18,trends_us,5.844904976654241
2018-07-19,trends_us,6.429395474319665
2018-07-20,trends_us,4.091433483657968
2018-07-21,trends_us,5.552659727821529
2018-07-22,trends_us,5.844904976654241
2018-07-23,trends_us,5.844904976654241
2018-07-24,trends_us,4.9681692301561045
2018-07-25,trends_us,5.844904976654241
2018-07-26,trends_us,4.091433483657968
2018-07-27,trends_us,4.675923981323392
2018-07-28,trends_us,5.552659727821529
2018-07-29,trends_us,3.799188234825256
2018-07-30,trends_us,7.598376469650512
2018-07-31,trends_us,3.799188234825256
2018-08-01,trends_us,4.375
2018-08-02,trends_us,5.46875
2018-08-03,trends_us,4.375
2018-08-04,trends_us,5.7421875
2018-08-05,trends_us,5.46875
2018-08-06,trends_us,5.46875
2018-08-07,trends_us,4.1015625
2018-08-08,trends_us,4.9681692301561045
2018-08-09,trends_us,5.552659727821529
2018-08-10,trends_us,7.013885971985088
2018-08-11,trends_us,4.675923981323392
2018-08-12,trends_us,7.3061312208178
2018-08-13,trends_us,10.22858370914492
2018-08-14,trends_us,8.76735746498136
2018-08-15,trends_us,6.429395474319665
2018-08-16,trends_us,5.844904976654241
2018-08-17,trends_us,4.9681692301561045
2018-08-18,trends_us,6.137150225486953
2018-08-19,trends_us,5.552659727821529
2018-08-20,trends_us,4.9681692301561045
2018-08-21,trends_us,5.552659727821529
2018-08-22,trends_us,5.844904976654241
2018-08-23,trends_us,7.3061312208178
2018-08-24,trends_us,5.844904976654241
2018-08-25,trends_us,2.6302072394944083
2018-08-26,trends_us,7.013885971985088
2018-08-27,trends_us,6.137150225486953
2018-08-28,trends_us,8.182866967315936
2018-08-29,trends_us,7.890621718483224
2018-08-30,trends_us,8.76735746498136
2018-08-31,trends_us,5.844904976654241
2018-09-01,trends_us,3.0775862068965516
2018-09-02,trends_us,3.439655172413793
2018-09-03,trends_us,2.5344827586206895
2018-09-04,trends_us,10.137931034482758
2018-09-05,trends_us,18.103448275862068
2018-09-06,trends_us,13.034482758620687
2018-09-07,trends_us,12.672413793103445
2018-09-08,trends_us,12.85879094863933
2018-09-09,trends_us,14.6122624416356
2018-09-10,trends_us,16.657979183464587
2018-09-11,trends_us,15.196752939301025
2018-09-12,trends_us,15.781243436966449
2018-09-13,trends_us,15.488998188133737
2018-09-14,trends_us,13.443281446304754
2018-09-15,trends_us,8.182866967315936
2018-09-16,trends_us,6.721640723152377
2018-09-17,trends_us,14.904507690468312
2018-09-18,trends_us,12.274300450973906
2018-09-19,trends_us,11.982055202141192
2018-09-20,trends_us,13.443281446304754
2018-09-21,trends_us,13.735526695137466
2018-09-22,trends_us,5.844904976654241
2018-09-23,trends_us,7.013885971985088
2018-09-24,trends_us,13.443281446304754
2018-09-25,trends_us,11.68980995330848
2018-09-26,trends_us,15.488998188133737
2018-09-27,trends_us,12.566545699806618
2018-09-28,trends_us,12.566545699806618
2018-09-29,trends_us,4.9681692301561045
2018-09-30,trends_us,9.351847962646785
2018-10-01,trends_us,10.944915254237287
2018-10-02,trends_us,11.745762711864408
2018-10-03,trends_us,8.008474576271187
2018-10-04,trends_us,13.347457627118645
2018-10-05,trends_us,9.076271186440676
2018-10-06,trends_us,4.004237288135593
2018-10-07,trends_us,5.872881355932204
2018-10-08,trends_us,12.274300450973906
2018-10-09,trends_us,15.781243436966449
2018-10-10,trends_us,12.274300450973906
2018-10-11,trends_us,15.488998188133737
2018-10-12,trends_us,11.982055202141192
2018-10-13,trends_us,4.091433483657968
2018-10-14,trends_us,7.3061312208178
2018-10-15,trends_us,14.6122624416356
2018-10-16,trends_us,18.119205427628145
2018-10-17,trends_us,15.196752939301025
2018-10-18,trends_us,13.151036197472042
2018-10-19,trends_us,12.566545699806618
2018-10-20,trends_us,9.644093211479497
2018-10-21,trends_us,12.566545699806618
2018-10-22,trends_us,17.24246968113001
2018-10-23,trends_us,14.6122624416356
2018-10-24,trends_us,14.904507690468312
2018-10-25,trends_us,15.781243436966449
2018-10-26,trends_us,12.566545699806618
2018-10-27,trends_us,6.137150225486953
2018-10-28,trends_us,8.76735746498136
2018-10-29,trends_us,16.073488685799163
2018-10-30,trends_us,17.53471492996272
2018-10-31,trends_us,13.443281446304754
2018-11-01,trends_us,10.903426791277258
2018-11-02,trends_us,9.813084112149532
2018-11-03,trends_us,4.1433021806853585
2018-11-04,trends_us,6.7601246105919
2018-11-05,trends_us,13.738317757009346
2018-11-06,trends_us,13.302180685358257
2018-11-07,trends_us,11.339563862928348
2018-11-08,trends_us,17.24246968113001
2018-11-09,trends_us,15.196752939301025
2018-11-10,trends_us,6.721640723152377
2018-11-11,trends_us,9.936338460312207
2018-11-12,trends_us,15.488998188133737
2018-11-13,trends_us,16.950224432297297
2018-11-14,trends_us,16.950224432297297
2018-11-15,trends_us,16.365733934631873
2018-11-16,trends_us,12.566545699806618
2018-11-17,trends_us,10.813074206810343
2018-11-18,trends_us,10.520828957977631
2018-11-19,trends_us,14.904507690468312
2018-11-20,trends_us,11.982055202141192
2018-11-21,trends_us,7.598376469650512
2018-11-22,trends_us,4.9681692301561045
2018-11-23,trends_us,4.9681692301561045
2018-11-24,trends_us,7.3061312208178
2018-11-25,trends_us,8.475112216148649
2018-11-26,trends_us,17.24246968113001
2018-11-27,trends_us,19.872676920624414
2018-11-28,trends_us,18.41145067646086
2018-11-29,trends_us,21.62614841362069
2018-11-30,trends_us,18.119205427628145
2018-12-01,trends_us,4.049875311720698
2018-12-02,trends_us,5.0274314214463836
2018-12-03,trends_us,9.635910224438904
2018-12-04,trends_us,9.915211970074813
2018-12-05,trends_us,8.518703241895263
2018-12-06,trends_us,9.635910224438904
2018-12-07,trends_us,9.21695760598504
2018-12-08,trends_us,7.3061312208178
2018-12-09,trends_us,11.68980995330848
2018-12-10,trends_us,17.826960178795435
2018-12-11,trends_us,20.45716741828984
2018-12-12,trends_us,18.99594117412628
2018-12-13,trends_us,20.749412667122552
2018-12-14,trends_us,14.320017192802888
2018-12-15,trends_us,5.552659727821529
2018-12-16,trends_us,8.475112216148649
2018-12-17,trends_us,14.027771943970176
2018-12-18,trends_us,11.39756470447577
2018-12-19,trends_us,11.105319455643055
2018-12-20,trends_us,10.520828957977631
2018-12-21,trends_us,6.429395474319665
2018-12-22,trends_us,2.9224524883271203
2018-12-23,trends_us,3.799188234825256
2018-12-24,trends_us,0.0
2018-12-25,trends_us,0.0
2018-12-26,trends_us,0.0
2018-12-27,trends_us,2.9224524883271203
2018-12-28,trends_us,4.091433483657968
2018-12-29,trends_us,3.2146977371598324
2018-12-30,trends_us,2.6302072394944083
2018-12-31,trends_us,2.337961990661696
2019-01-01,trends_us,0.0
2019-01-02,trends_us,5.121951219512195
2019-01-03,trends_us,8.195121951219512
2019-01-04,trends_us,8.878048780487806
2019-01-05,trends_us,4.439024390243903
2019-01-06,trends_us,7.8536585365853675
2019-01-07,trends_us,7.512195121951221
2019-01-08,trends_us,9.059602713814073
2019-01-09,trends_us,10.813074206810343
2019-01-10,trends_us,12.85879094863933
2019-01-11,trends_us,11.105319455643055
2019-01-12,trends_us,4.38367873249068
2019-01-13,trends_us,5.2604144789888165
2019-01-14,trends_us,10.22858370914492
2019-01-15,trends_us,9.936338460312207
2019-01-16,trends_us,11.105319455643055
2019-01-17,trends_us,12.85879094863933
2019-01-18,trends_us,10.22858370914492
2019-01-19,trends_us,3.799188234825256
2019-01-20,trends_us,4.091433483657968
2019-01-21,trends_us,5.2604144789888165
2019-01-22,trends_us,10.22858370914492
2019-01-23,trends_us,11.68980995330848
2019-01-24,trends_us,11.68980995330848
2019-01-25,trends_us,9.351847962646785
2019-01-26,trends_us,4.675923981323392
2019-01-27,trends_us,6.429395474319665
2019-01-28,trends_us,11.105319455643055
2019-01-29,trends_us,9.644093211479497
2019-01-30,trends_us,8.76735746498136
2019-01-31,trends_us,12.274300450973906
2019-02-01,trends_us,9.910112359550563
2019-02-02,trends_us,3.775280898876405
2019-02-03,trends_us,5.662921348314607
2019-02-04,trends_us,8.022471910112358
2019-02-05,trends_us,12.269662921348315
2019-02-06,trends_us,9.438202247191011
2019-02-07,trends_us,13.921348314606744
2019-02-08,trends_us,13.735526695137466
2019-02-09,trends_us,4.8337141917197615
2019-02-10,trends_us,7.250571287579642
2019-02-11,trends_us,14.501142575159284
2019-02-12,trends_us,12.56765689847138
2019-02-13,trends_us,14.017771155987308
2019-02-14,trends_us,15.467885413503236
2019-02-15,trends_us,13.051028317643356
2019-02-16,trends_us,4.8337141917197615
2019-02-17,trends_us,4.592028482133773
2019-02-18,trends_us,8.217314125923593
2019-02-19,trends_us,12.809342608057367
2019-02-20,trends_us,13.292714027229344
2019-02-21,trends_us,13.77608544640132
2019-02-22,trends_us,12.325971188885392
2019-02-23,trends_us,7.008885577993654
2019-02-24,trends_us,7.49225699716563
2019-02-25,trends_us,16.1929425422612
2019-02-26,trends_us,16.676313961433177
2019-02-27,trends_us,13.77608544640132
2019-02-28,trends_us,17.643056799777128
2019-03-01,trends_us,10.005882352941178
2019-03-02,trends_us,3.3352941176470594
2019-03-03,trends_us,5.002941176470589
2019-03-04,trends_us,10.932352941176472
2019-03-05,trends_us,11.673529411764706
2019-03-06,trends_us,11.30294117647059
2019-03-07,trends_us,10.747058823529413
2019-03-08,trends_us,13.534399736815333
2019-03-09,trends_us,5.075399901305749
2019-03-10,trends_us,6.7671998684076655
2019-03-11,trends_us,12.809342608057367
2019-03-12,trends_us,15.467885413503236
2019-03-13,trends_us,15.951256832675211
2019-03-14,trends_us,11.600914060127426
2019-03-15,trends_us,11.11754264095545
2019-03-16,trends_us,5.075399901305749
2019-03-17,trends_us,6.525514158821678
2019-03-18,trends_us,13.77608544640132
2019-03-19,trends_us,16.434628251847187
2019-03-20,trends_us,15.226199703917247
2019-03-21,trends_us,14.742828284745272
2019-03-22,trends_us,10.634171221783475
2019-03-23,trends_us,5.558771320477725
2019-03-24,trends_us,7.975628416337606
2019-03-25,trends_us,15.467885413503236
2019-03-26,trends_us,13.534399736815333
2019-03-27,trends_us,13.292714027229344
2019-03-28,trends_us,14.98451399433126
2019-03-29,trends_us,10.392485512197489
2019-03-30,trends_us,5.800457030063713
2019-03-31,trends_us,7.49225699716563
2019-04-01,trends_us,13.206395348837212
2019-04-02,trends_us,14.101744186046513
2019-04-03,trends_us,14.32558139534884
2019-04-04,trends_us,12.534883720930235
2019-04-05,trends_us,12.75872093023256
2019-04-06,trends_us,3.58139534883721
2019-04-07,trends_us,6.491279069767443
2019-04-08,trends_us,14.742828284745272
2019-04-09,trends_us,14.742828284745272
2019-04-10,trends_us,16.917999671019164
2019-04-11,trends_us,16.434628251847187
2019-04-12,trends_us,13.051028317643356
2019-04-13,trends_us,6.283828449235689
2019-04-14,trends_us,8.458999835509582
2019-04-15,trends_us,14.259456865573297
2019-04-16,trends_us,14.017771155987308
2019-04-17,trends_us,15.709571123089225
2019-04-18,trends_us,14.017771155987308
2019-04-19,trends_us,10.150799802611498
2019-04-20,trends_us,15.709571123089225
2019-04-21,trends_us,23.68519953942683
2019-04-22,trends_us,24.168570958598806
2019-04-23,trends_us,22.47677099149689
2019-04-24,trends_us,21.510028153152938
2019-04-25,trends_us,21.510028153152938
2019-04-26,trends_us,17.40137109019114
2019-04-27,trends_us,8.458999835509582
2019-04-28,trends_us,8.942371254681559
2019-04-29,trends_us,20.05991389563701
2019-04-30,trends_us,21.02665673398096
2019-05-01,trends_us,13.333333333333336
2019-05-02,trends_us,11.428571428571429
2019-05-03,trends_us,10.317460317460318
2019-05-04,trends_us,5.238095238095238
2019-05-05,trends_us,5.396825396825396
2019-05-06,trends_us,12.063492063492063
2019-05-07,trends_us,12.222222222222221
2019-05-08,trends_us,20.301599605223
2019-05-09,trends_us,21.993399572324915
2019-05-10,trends_us,17.159685380605154
2019-05-11,trends_us,7.49225699716563
2019-05-12,trends_us,7.975628416337606
2019-05-13,trends_us,18.60979963812108
2019-05-14,trends_us,18.85148534770707
2019-05-15,trends_us,20.784971024394974
2019-05-16,trends_us,20.301599605223
2019-05-17,trends_us,16.676313961433177
2019-05-18,trends_us,4.8337141917197615
2019-05-19,trends_us,7.975628416337606
2019-05-20,trends_us,20.05991389563701
2019-05-21,trends_us,18.126428218949105
2019-05-22,trends_us,15.226199703917247
2019-05-23,trends_us,15.467885413503236
2019-05-24,trends_us,12.809342608057367
2019-05-25,trends_us,4.108657062961797
2019-05-26,trends_us,6.283828449235689
2019-05-27,trends_us,7.49225699716563
2019-05-28,trends_us,12.56765689847138
2019-05-29,trends_us,16.434628251847187
2019-05-30,trends_us,13.051028317643356
2019-05-31,trends_us,11.11754264095545
2019-06-01,trends_us,3.7333333333333334
2019-06-02,trends_us,5.305263157894737
2019-06-03,trends_us,9.824561403508772
2019-06-04,trends_us,9.824561403508772
2019-06-05,trends_us,8.842105263157894
2019-06-06,trends_us,8.842105263157894
2019-06-07,trends_us,9.628070175438598
2019-06-08,trends_us,4.350342772547785
2019-06-09,trends_us,6.886280023535932
2019-06-10,trends_us,10.673734036480694
2019-06-11,trends_us,9.296478031773509
2019-06-12,trends_us,8.607850029419915
2019-06-13,trends_us,8.263536028243117
2019-06-14,trends_us,8.95216403059671
2019-06-15,trends_us,17.21570005883983
2019-06-16,trends_us,21.00315407178459
2019-06-17,trends_us,33.398458114149264
2019-06-18,trends_us,34.43140011767966
2019-06-19,trends_us,23.413352080022165
2019-06-20,trends_us,13.083932044718267
2019-06-21,trends_us,9.296478031773509
2019-06-22,trends_us,7.230594024712728
2019-06-23,trends_us,6.541966022359135
2019-06-24,trends_us,5.509024018828745
2019-06-25,trends_us,5.164710017651949
2019-06-26,trends_us,6.197652021182338
2019-06-27,trends_us,5.164710017651949
2019-06-28,trends_us,5.509024018828745
2019-06-29,trends_us,4.820396016475152
2019-06-30,trends_us,3.443140011767966
2019-07-01,trends_us,3.1698113207547167
2019-07-02,trends_us,4.226415094339623
2019-07-03,trends_us,4.226415094339623
2019-07-04,trends_us,5.283018867924529
2019-07-05,trends_us,3.1698113207547167
2019-07-06,trends_us,4.490566037735849
2019-07-07,trends_us,3.433962264150944
2019-07-08,trends_us,4.820396016475152
2019-07-09,trends_us,4.820396016475152
2019-07-10,trends_us,8.263536028243117
2019-07-11,trends_us,6.197652021182338
2019-07-12,trends_us,4.476082015298355
2019-07-13,trends_us,5.164710017651949
2019-07-14,trends_us,6.197652021182338
2019-07-15,trends_us,4.476082015298355
2019-07-16,trends_us,5.853338020005541
2019-07-17,trends_us,6.197652021182338
2019-07-18,trends_us,6.541966022359135
2019-07-19,trends_us,4.820396016475152
2019-07-20,trends_us,4.820396016475152
2019-07-21,trends_us,4.476082015298355
2019-07-22,trends_us,6.197652021182338
2019-07-23,trends_us,6.886280023535932
2019-07-24,trends_us,5.164710017651949
2019-07-25,trends_us,5.509024018828745
2019-07-26,trends_us,4.820396016475152
2019-07-27,trends_us,4.131768014121558
2019-07-28,trends_us,2.7545120094143725
2019-07-29,trends_us,6.197652021182338
2019-07-30,trends_us,4.476082015298355
2019-07-31,trends_us,6.541966022359135
2019-08-01,trends_us,3.4339622641509426
2019-08-02,trends_us,5.018867924528301
2019-08-03,trends_us,3.698113207547169
2019-08-04,trends_us,5.018867924528301
2019-08-05,trends_us,3.4339622641509426
2019-08-06,trends_us,3.962264150943396
2019-08-07,trends_us,3.4339622641509426
2019-08-08,trends_us,6.886280023535932
2019-08-09,trends_us,5.853338020005541
2019-08-10,trends_us,4.131768014121558
2019-08-11,trends_us,4.131768014121558
2019-08-12,trends_us,5.509024018828745
2019-08-13,trends_us,4.131768014121558
2019-08-14,trends_us,3.787454012944762
2019-08-15,trends_us,8.263536028243117
2019-08-16,trends_us,6.541966022359135
2019-08-17,trends_us,4.476082015298355
2019-08-18,trends_us,6.197652021182338
2019-08-19,trends_us,5.853338020005541
2019-08-20,trends_us,8.263536028243117
2019-08-21,trends_us,6.541966022359135
2019-08-22,trends_us,5.509024018828745
2019-08-23,trends_us,6.886280023535932
2019-08-24,trends_us,4.131768014121558
2019-08-25,trends_us,4.476082015298355
2019-08-26,trends_us,5.509024018828745
2019-08-27,trends_us,5.509024018828745
2019-08-28,trends_us,7.230594024712728
2019-08-29,trends_us,8.607850029419915
2019-08-30,trends_us,7.574908025889524
2019-08-31,trends_us,4.476082015298355
2019-09-01,trends_us,4.76
2019-09-02,trends_us,4.2
2019-09-03,trends_us,7.0
2019-09-04,trends_us,7.84
2019-09-05,trends_us,8.68
2019-09-06,trends_us,5.6000000000000005
2019-09-07,trends_us,3.92
2019-09-08,trends_us,6.541966022359135
2019-09-09,trends_us,8.607850029419915
2019-09-10,trends_us,7.919222027066321
2019-09-11,trends_us,9.640792032950303
2019-09-12,trends_us,8.95216403059671
2019-09-13,trends_us,9.296478031773509
2019-09-14,trends_us,3.098826010591169
2019-09-15,trends_us,5.853338020005541
2019-09-16,trends_us,8.95216403059671
2019-09-17,trends_us,10.673734036480694
2019-09-18,trends_us,12.05099004118788
2019-09-19,trends_us,9.296478031773509
2019-09-20,trends_us,11.706676040011082
2019-09-21,trends_us,6.541966022359135
2019-09-22,trends_us,5.509024018828745
2019-09-23,trends_us,9.9851060341271
2019-09-24,trends_us,11.01804803765749
2019-09-25,trends_us,9.9851060341271
2019-09-26,trends_us,11.362362038834286
2019-09-27,trends_us,9.9851060341271
2019-09-28,trends_us,4.131768014121558
2019-09-29,trends_us,5.853338020005541
2019-09-30,trends_us,12.05099004118788
2019-10-01,trends_us,8.741360925713835
2019-10-02,trends_us,9.86927846451562
2019-10-03,trends_us,9.587299079815173
2019-10-04,trends_us,7.331464002211604
2019-10-05,trends_us,4.229690770506695
2019-10-06,trends_us,4.7936495399075865
2019-10-07,trends_us,11.447257217329488
2019-10-08,trends_us,10.26494555076981
2019-10-09,trends_us,13.322588906318265
2019-10-10,trends_us,12.885782712668483
2019-10-11,trends_us,9.172930066645362
2019-10-12,trends_us,4.80486813014757
2019-10-13,trends_us,7.862511485696024
2019-10-14,trends_us,12.230573422193816
2019-10-15,trends_us,14.6330074872676
2019-10-16,trends_us,12.230573422193816
2019-10-17,trends_us,13.977798196792932
2019-10-18,trends_us,14.414604390442712
2019-10-19,trends_us,6.333689807921798
2019-10-20,trends_us,6.115286711096908
2019-10-21,trends_us,10.4833486475947
2019-10-22,trends_us,13.977798196792932
2019-10-23,trends_us,16.598635358691606
2019-10-24,trends_us,17.909053939640945
2019-10-25,trends_us,12.012170325368926
2019-10-26,trends_us,7.207302195221356
2019-10-27,trends_us,7.207302195221356
2019-10-28,trends_us,13.322588906318265
2019-10-29,trends_us,13.977798196792932
2019-10-30,trends_us,13.322588906318265
2019-10-31,trends_us,13.322588906318265
2019-11-01,trends_us,8.257281553398059
2019-11-02,trends_us,4.587378640776699
2019-11-03,trends_us,5.657766990291262
2019-11-04,trends_us,9.021844660194175
2019-11-05,trends_us,10.550970873786408
2019-11-06,trends_us,12.233009708737864
2019-11-07,trends_us,12.691747572815535
2019-11-08,trends_us,15.943426068216938
2019-11-09,trends_us,6.988899098396466
2019-11-10,trends_us,6.552092904746687
2019-11-11,trends_us,13.540992003143153
2019-11-12,trends_us,13.540992003143153
2019-11-13,trends_us,16.161829165041826
2019-11-14,trends_us,16.598635358691606
2019-11-15,trends_us,14.196201293617822
2019-11-16,trends_us,6.333689807921798
2019-11-17,trends_us,8.954526969820472
2019-11-18,trends_us,17.253844649166275
2019-11-19,trends_us,20.9666972951894
2019-11-20,trends_us,19.001069423765397
2019-11-21,trends_us,19.65627871424006
2019-11-22,trends_us,12.667379615843595
2019-11-23,trends_us,6.770496001571576
2019-11-24,trends_us,10.26494555076981
2019-11-25,trends_us,14.414604390442712
2019-11-26,trends_us,13.322588906318265
2019-11-27,trends_us,7.6441083888711345
2019-11-28,trends_us,5.678480517447129
2019-11-29,trends_us,3.494449549198233
2019-11-30,trends_us,6.115286711096908
2019-12-01,trends_us,3.975659229208924
2019-12-02,trends_us,7.610547667342797
2019-12-03,trends_us,8.519269776876266
2019-12-04,trends_us,11.359026369168358
2019-12-05,trends_us,10.904665314401623
2019-12-06,trends_us,9.087221095334684
2019-12-07,trends_us,4.543610547667342
2019-12-08,trends_us,5.678480517447129
2019-12-09,trends_us,17.253844649166275
2019-12-10,trends_us,16.598635358691606
2019-12-11,trends_us,18.127457036465835
2019-12-12,trends_us,15.943426068216938
2019-12-13,trends_us,15.943426068216938
2019-12-14,trends_us,7.6441083888711345
2019-12-15,trends_us,11.138557938069368
2019-12-16,trends_us,15.288216777742267
2019-12-17,trends_us,13.977798196792932
2019-12-18,trends_us,14.851410584092491
2019-12-19,trends_us,10.26494555076981
2019-12-20,trends_us,8.517720776170693
2019-12-21,trends_us,3.494449549198233
2019-12-22,trends_us,0.0
2019-12-23,trends_us,3.2760464523733432
2019-12-24,trends_us,3.2760464523733432
2019-12-25,trends_us,3.712852646023123
2019-12-26,trends_us,2.6208371618986748
2019-12-27,trends_us,3.057643355548454
2019-12-28,trends_us,3.057643355548454
2019-12-29,trends_us,2.6208371618986748
2019-12-30,trends_us,3.712852646023123
2019-12-31,trends_us,2.6208371618986748
2020-01-01,trends_us,3.5225806451612915
2020-01-02,trends_us,5.148387096774194
2020-01-03,trends_us,6.5032258064516135
2020-01-04,trends_us,4.064516129032258
2020-01-05,trends_us,5.961290322580645
2020-01-06,trends_us,7.858064516129033
2020-01-07,trends_us,8.941935483870969
2020-01-08,trends_us,7.425705292046246
2020-01-09,trends_us,10.04654245394492
2020-01-10,trends_us,10.04654245394492
2020-01-11,trends_us,4.586465033322681
2020-01-12,trends_us,4.586465033322681
2020-01-13,trends_us,8.954526969820472
2020-01-14,trends_us,8.517720776170693
2020-01-15,trends_us,12.230573422193816
2020-01-16,trends_us,10.701751744419589
2020-01-17,trends_us,11.575364131719146
2020-01-18,trends_us,5.02327122697246
2020-01-19,trends_us,5.896883614272018
2020-01-20,trends_us,4.80486813014757
2020-01-21,trends_us,10.701751744419589
2020-01-22,trends_us,12.230573422193816
2020-01-23,trends_us,12.230573422193816
2020-01-24,trends_us,10.92015484124448
2020-01-25,trends_us,4.80486813014757
2020-01-26,trends_us,5.2416743237973495
2020-01-27,trends_us,8.299317679345803
2020-01-28,trends_us,11.793767228544036
2020-01-29,trends_us,10.701751744419589
2020-01-30,trends_us,11.793767228544036
2020-01-31,trends_us,12.448976519018704
2020-02-01,trends_us,4.436444853182684
2020-02-02,trends_us,4.107819308502486
2020-02-03,trends_us,10.680330202106463
2020-02-04,trends_us,11.315509426525653
2020-02-05,trends_us,8.48663206989424
2020-02-06,trends_us,8.48663206989424
2020-02-07,trends_us,8.48663206989424
2020-02-08,trends_us,3.760118987873285
2020-02-09,trends_us,7.52023797574657
2020-02-10,trends_us,11.280356963619855
2020-02-11,trends_us,15.04047595149314
2020-02-12,trends_us,15.04047595149314
2020-02-13,trends_us,15.04047595149314
2020-02-14,trends_us,11.280356963619855
2020-02-15,trends_us,3.760118987873285
2020-02-16,trends_us,3.760118987873285
2020-02-17,trends_us,7.52023797574657
2020-02-18,trends_us,15.04047595149314
2020-02-19,trends_us,15.04047595149314
2020-02-20,trends_us,15.04047595149314
2020-02-21,trends_us,11.280356963619855
2020-02-22,trends_us,7.52023797574657
2020-02-23,trends_us,7.52023797574657
2020-02-24,trends_us,15.04047595149314
2020-02-25,trends_us,15.04047595149314
2020-02-26,trends_us,15.04047595149314
2020-02-27,trends_us,18.800594939366427
2020-02-28,trends_us,15.04047595149314
2020-02-29,trends_us,7.52023797574657
2020-03-01,trends_us,3.5
2020-03-02,trends_us,7.0
2020-03-03,trends_us,7.0
2020-03-04,trends_us,5.25
2020-03-05,trends_us,7.0
2020-03-06,trends_us,8.75
2020-03-07,trends_us,3.5
2020-03-08,trends_us,7.52023797574657
2020-03-09,trends_us,11.280356963619855
2020-03-10,trends_us,15.04047595149314
2020-03-11,trends_us,15.04047595149314
2020-03-12,trends_us,11.280356963619855
2020-03-13,trends_us,11.280356963619855
2020-03-14,trends_us,3.760118987873285
2020-03-15,trends_us,7.52023797574657
2020-03-16,trends_us,3.760118987873285
2020-03-17,trends_us,3.760118987873285
2020-03-18,trends_us,3.760118987873285
2020-03-19,trends_us,7.52023797574657
2020-03-20,trends_us,3.760118987873285
2020-03-21,trends_us,7.52023797574657
2020-03-22,trends_us,3.760118987873285
2020-03-23,trends_us,7.52023797574657
2020-03-24,trends_us,7.52023797574657
2020-03-25,trends_us,7.52023797574657
2020-03-26,trends_us,7.52023797574657
2020-03-27,trends_us,7.52023797574657
2020-03-28,trends_us,3.760118987873285
2020-03-29,trends_us,7.52023797574657
2020-03-30,trends_us,7.52023797574657
2020-03-31,trends_us,7.52023797574657
2020-04-01,trends_us,6.461538461538462
2020-04-02,trends_us,6.461538461538462
2020-04-03,trends_us,6.461538461538462
2020-04-04,trends_us,6.461538461538462
2020-04-05,trends_us,3.230769230769231
2020-04-06,trends_us,6.461538461538462
2020-04-07,trends_us,6.461538461538462
2020-04-08,trends_us,7.52023797574657
2020-04-09,trends_us,7.52023797574657
2020-04-10,trends_us,7.52023797574657
2020-04-11,trends_us,7.52023797574657
2020-04-12,trends_us,3.760118987873285
2020-04-13,trends_us,7.52023797574657
2020-04-14,trends_us,7.52023797574657
2020-04-15,trends_us,7.52023797574657
2020-04-16,trends_us,7.52023797574657
2020-04-17,trends_us,7.52023797574657
2020-04-18,trends_us,3.760118987873285
2020-04-19,trends_us,7.52023797574657
2020-04-20,trends_us,7.52023797574657
2020-04-21,trends_us,7.52023797574657
2020-04-22,trends_us,7.52023797574657
2020-04-23,trends_us,11.280356963619855
2020-04-24,trends_us,7.52023797574657
2020-04-25,trends_us,7.52023797574657
2020-04-26,trends_us,7.52023797574657
2020-04-27,trends_us,11.280356963619855
2020-04-28,trends_us,7.52023797574657
2020-04-29,trends_us,11.280356963619855
2020-04-30,trends_us,11.280356963619855
2020-05-01,trends_us,27.391304347826082
2020-05-02,trends_us,27.391304347826082
2020-05-03,trends_us,27.391304347826082
2020-05-04,trends_us,41.086956521739125
2020-05-05,trends_us,54.782608695652165
2020-05-06,trends_us,68.47826086956522
2020-05-07,trends_us,68.47826086956522
2020-05-08,trends_us,15.04047595149314
2020-05-09,trends_us,11.280356963619855
2020-05-10,trends_us,7.52023797574657
2020-05-11,trends_us,7.52023797574657
2020-05-12,trends_us,11.280356963619855
2020-05-13,trends_us,11.280356963619855
2020-05-14,trends_us,7.52023797574657
2020-05-15,trends_us,11.280356963619855
2020-05-16,trends_us,11.280356963619855
2020-05-17,trends_us,7.52023797574657
2020-05-18,trends_us,7.52023797574657
2020-05-19,trends_us,7.52023797574657
2020-05-20,trends_us,11.280356963619855
2020-05-21,trends_us,11.280356963619855
2020-05-22,trends_us,11.280356963619855
2020-05-23,trends_us,7.52023797574657
2020-05-24,trends_us,7.52023797574657
2020-05-25,trends_us,7.52023797574657
2020-05-26,trends_us,41.36130886660614
2020-05-27,trends_us,188.00594939366425
2020-05-28,trends_us,244.40773421176357
2020-05-29,trends_us,278.2488051026231
2020-05-30,trends_us,289.529162066243
2020-05-31,trends_us,376.0118987873285
2020-06-01,trends_us,109.05797101449276
2020-06-02,trends_us,126.81159420289855
2020-06-03,trends_us,103.9855072463768
2020-06-04,trends_us,93.84057971014492
2020-06-05,trends_us,101.44927536231884
2020-06-06,trends_us,90.03623188405797
2020-06-07,trends_us,74.81884057971014
2020-06-08,trends_us,172.9654734421711
2020-06-09,trends_us,150.40475951493138
2020-06-10,trends_us,131.60416457556497
2020-06-11,trends_us,97.7630936847054
2020-06-12,trends_us,86.48273672108554
2020-06-13,trends_us,86.48273672108554
2020-06-14,trends_us,82.72261773321226
2020-06-15,trends_us,67.68214178171912
2020-06-16,trends_us,67.68214178171912
2020-06-17,trends_us,63.92202279384584
2020-06-18,trends_us,56.40178481809927
2020-06-19,trends_us,52.64166583022599
2020-06-20,trends_us,45.12142785447942
2020-06-21,trends_us,41.36130886660613
2020-06-22,trends_us,37.601189878732846
2020-06-23,trends_us,41.36130886660613
2020-06-24,trends_us,48.88154684235271
2020-06-25,trends_us,52.64166583022599
2020-06-26,trends_us,45.12142785447942
2020-06-27,trends_us,41.36130886660613
2020-06-28,trends_us,41.36130886660613
2020-06-29,trends_us,41.36130886660613
2020-06-30,trends_us,33.84107089085956
2020-07-01,trends_us,17.62962962962963
2020-07-02,trends_us,15.425925925925926
2020-07-03,trends_us,17.62962962962963
2020-07-04,trends_us,17.62962962962963
2020-07-05,trends_us,17.62962962962963
2020-07-06,trends_us,17.62962962962963
2020-07-07,trends_us,15.425925925925926
2020-07-08,trends_us,26.320832915112994
2020-07-09,trends_us,26.320832915112994
2020-07-10,trends_us,22.56071392723971
2020-07-11,trends_us,22.56071392723971
2020-07-12,trends_us,22.56071392723971
2020-07-13,trends_us,22.56071392723971
2020-07-14,trends_us,22.56071392723971
2020-07-15,trends_us,26.320832915112994
2020-07-16,trends_us,22.56071392723971
2020-07-17,trends_us,22.56071392723971
2020-07-18,trends_us,22.56071392723971
2020-07-19,trends_us,18.800594939366423
2020-07-20,trends_us,18.800594939366423
2020-07-21,trends_us,18.800594939366423
2020-07-22,trends_us,22.56071392723971
2020-07-23,trends_us,18.800594939366423
2020-07-24,trends_us,22.56071392723971
2020-07-25,trends_us,18.800594939366423
2020-07-26,trends_us,22.56071392723971
2020-07-27,trends_us,18.800594939366423
2020-07-28,trends_us,22.56071392723971
2020-07-29,trends_us,18.800594939366423
2020-07-30,trends_us,18.800594939366423
2020-07-31,trends_us,18.800594939366423
2020-08-01,trends_us,16.40625
2020-08-02,trends_us,16.40625
2020-08-03,trends_us,16.40625
2020-08-04,trends_us,13.125000000000002
2020-08-05,trends_us,16.40625
2020-08-06,trends_us,13.125000000000002
2020-08-07,trends_us,13.125000000000002
2020-08-08,trends_us,11.280356963619855
2020-08-09,trends_us,15.04047595149314
2020-08-10,trends_us,11.280356963619855
2020-08-11,trends_us,15.04047595149314
2020-08-12,trends_us,15.04047595149314
2020-08-13,trends_us,15.04047595149314
2020-08-14,trends_us,15.04047595149314
2020-08-15,trends_us,15.04047595149314
2020-08-16,trends_us,11.280356963619855
2020-08-17,trends_us,15.04047595149314
2020-08-18,trends_us,11.280356963619855
2020-08-19,trends_us,15.04047595149314
2020-08-20,trends_us,15.04047595149314
2020-08-21,trends_us,15.04047595149314
2020-08-22,trends_us,11.280356963619855
2020-08-23,trends_us,11.280356963619855
2020-08-24,trends_us,22.56071392723971
2020-08-25,trends_us,30.08095190298628
2020-08-26,trends_us,33.84107089085956
2020-08-27,trends_us,45.12142785447942
2020-08-28,trends_us,41.36130886660613
2020-08-29,trends_us,30.08095190298628
2020-08-30,trends_us,30.08095190298628
2020-08-31,trends_us,30.08095190298628
2020-09-01,trends_us,18.511111111111113
2020-09-02,trends_us,18.511111111111113
2020-09-03,trends_us,21.155555555555555
2020-09-04,trends_us,18.511111111111113
2020-09-05,trends_us,15.866666666666669
2020-09-06,trends_us,13.222222222222221
2020-09-07,trends_us,13.222222222222221
2020-09-08,trends_us,22.56071392723971
2020-09-09,trends_us,22.56071392723971
2020-09-10,trends_us,26.320832915112994
2020-09-11,trends_us,26.320832915112994
2020-09-12,trends_us,22.56071392723971
2020-09-13,trends_us,26.320832915112994
2020-09-14,trends_us,30.08095190298628
2020-09-15,trends_us,22.56071392723971
2020-09-16,trends_us,26.320832915112994
2020-09-17,trends_us,22.56071392723971
2020-09-18,trends_us,22.56071392723971
2020-09-19,trends_us,15.04047595149314
2020-09-20,trends_us,15.04047595149314
2020-09-21,trends_us,22.56071392723971
2020-09-22,trends_us,22.56071392723971
2020-09-23,trends_us,22.56071392723971
2020-09-24,trends_us,37.601189878732846
2020-09-25,trends_us,26.320832915112994
2020-09-26,trends_us,18.800594939366423
2020-09-27,trends_us,15.04047595149314
2020-09-28,trends_us,18.800594939366423
2020-09-29,trends_us,18.800594939366423
2020-09-30,trends_us,18.800594939366423
2020-10-01,trends_us,14.25830258302583
2020-10-02,trends_us,13.018450184501843
2020-10-03,trends_us,8.059040590405903
2020-10-04,trends_us,9.29889298892989
2020-10-05,trends_us,11.778597785977858
2020-10-06,trends_us,13.32841328413284
2020-10-07,trends_us,14.25830258302583
2020-10-08,trends_us,21.02104415220528
2020-10-09,trends_us,13.864944015284332
2020-10-10,trends_us,11.181406463938975
2020-10-11,trends_us,14.31220027384189
2020-10-12,trends_us,15.206712790957008
2020-10-13,trends_us,16.101225308072127
2020-10-14,trends_us,17.442994083744804
2020-10-15,trends_us,14.759456532399447
2020-10-16,trends_us,13.864944015284332
2020-10-17,trends_us,12.075918981054096
2020-10-18,trends_us,13.864944015284332
2020-10-19,trends_us,15.653969049514568
2020-10-20,trends_us,18.33750660085992
2020-10-21,trends_us,23.70458170355063
2020-10-22,trends_us,19.6792753765326
2020-10-23,trends_us,19.6792753765326
2020-10-24,trends_us,12.075918981054096
2020-10-25,trends_us,12.970431498169214
2020-10-26,trends_us,16.101225308072127
2020-10-27,trends_us,21.02104415220528
2020-10-28,trends_us,20.57378789364772
2020-10-29,trends_us,17.890250342302362
2020-10-30,trends_us,18.78476285941748
2020-10-31,trends_us,13.417687756726773
2020-11-01,trends_us,7.215859030837005
2020-11-02,trends_us,10.54625550660793
2020-11-03,trends_us,10.54625550660793
2020-11-04,trends_us,8.881057268722467
2020-11-05,trends_us,10.268722466960353
2020-11-06,trends_us,8.60352422907489
2020-11-07,trends_us,6.938325991189426
2020-11-08,trends_us,10.28689394682386
2020-11-09,trends_us,16.101225308072127
2020-11-10,trends_us,13.417687756726773
2020-11-11,trends_us,12.523175239611652
2020-11-12,trends_us,14.759456532399447
2020-11-13,trends_us,12.075918981054096
2020-11-14,trends_us,12.970431498169214
2020-11-15,trends_us,11.628662722496536
2020-11-16,trends_us,16.995737825187245
2020-11-17,trends_us,13.417687756726773
2020-11-18,trends_us,14.759456532399447
2020-11-19,trends_us,15.653969049514568
2020-11-20,trends_us,13.417687756726773
2020-11-21,trends_us,9.39238142970874
2020-11-22,trends_us,10.734150205381418
2020-11-23,trends_us,13.417687756726773
2020-11-24,trends_us,12.523175239611652
2020-11-25,trends_us,8.945125171151181
2020-11-26,trends_us,6.708843878363386
2020-11-27,trends_us,5.814331361248268
2020-11-28,trends_us,7.603356395478504
2020-11-29,trends_us,9.39238142970874
2020-11-30,trends_us,14.759456532399447
2020-12-01,trends_us,6.835680751173708
2020-12-02,trends_us,9.2018779342723
2020-12-03,trends_us,8.938967136150234
2020-12-04,trends_us,8.150234741784038
2020-12-05,trends_us,8.150234741784038
2020-12-06,trends_us,6.046948356807512
2020-12-07,trends_us,8.676056338028168
2020-12-08,trends_us,13.864944015284332
2020-12-09,trends_us,17.890250342302362
2020-12-10,trends_us,14.31220027384189
2020-12-11,trends_us,12.970431498169214
2020-12-12,trends_us,8.050612654036064
2020-12-13,trends_us,9.39238142970874
2020-12-14,trends_us,10.734150205381418
2020-12-15,trends_us,12.970431498169214
2020-12-16,trends_us,12.970431498169214
2020-12-17,trends_us,11.181406463938975
2020-12-18,trends_us,10.28689394682386
2020-12-19,trends_us,6.261587619805827
2020-12-20,trends_us,6.261587619805827
2020-12-21,trends_us,6.708843878363386
2020-12-22,trends_us,7.156100136920945
2020-12-23,trends_us,5.367075102690709
2020-12-24,trends_us,6.261587619805827
2020-12-25,trends_us,3.1307938099029133
2020-12-26,trends_us,5.367075102690709
2020-12-27,trends_us,4.025306327018032
2020-12-28,trends_us,4.025306327018032
2020-12-29,trends_us,4.919818844133149
2020-12-30,trends_us,4.025306327018032
2020-12-31,trends_us,5.367075102690709
2021-01-01,trends_us,3.3409090909090913
2021-01-02,trends_us,3.3409090909090913
2021-01-03,trends_us,5.196969696969696
2021-01-04,trends_us,4.825757575757576
2021-01-05,trends_us,5.568181818181818
2021-01-06,trends_us,10.393939393939393
2021-01-07,trends_us,16.333333333333336
2021-01-08,trends_us,15.206712790957008
2021-01-09,trends_us,10.28689394682386
2021-01-10,trends_us,4.919818844133149
2021-01-11,trends_us,8.050612654036064
2021-01-12,trends_us,8.945125171151181
2021-01-13,trends_us,6.708843878363386
2021-01-14,trends_us,8.050612654036064
2021-01-15,trends_us,8.497868912593622
2021-01-16,trends_us,5.814331361248268
2021-01-17,trends_us,6.708843878363386
2021-01-18,trends_us,8.497868912593622
2021-01-19,trends_us,11.628662722496536
2021-01-20,trends_us,9.8396376882663
2021-01-21,trends_us,10.734150205381418
2021-01-22,trends_us,10.28689394682386
2021-01-23,trends_us,8.945125171151181
2021-01-24,trends_us,7.156100136920945
2021-01-25,trends_us,9.39238142970874
2021-01-26,trends_us,11.628662722496536
2021-01-27,trends_us,9.8396376882663
2021-01-28,trends_us,11.628662722496536
2021-01-29,trends_us,9.874793202039385
2021-01-30,trends_us,6.583195468026256
2021-01-31,trends_us,7.817544618281179
2021-02-01,trends_us,7.4941176470588236
2021-02-02,trends_us,6.629411764705883
2021-02-03,trends_us,6.052941176470589
2021-02-04,trends_us,8.358823529411765
2021-02-05,trends_us,7.205882352941176
2021-02-06,trends_us,6.052941176470589
2021-02-07,trends_us,7.205882352941176
2021-02-08,trends_us,11.520592069045948
2021-02-09,trends_us,9.463343485287742
2021-02-10,trends_us,10.286242918791023
2021-02-11,trends_us,9.463343485287742
2021-02-12,trends_us,10.286242918791023
2021-02-13,trends_us,7.406094901529538
2021-02-14,trends_us,7.406094901529538
2021-02-15,trends_us,6.994645184777897
2021-02-16,trends_us,9.051893768536102
2021-02-17,trends_us,8.640444051784462
2021-02-18,trends_us,10.286242918791023
2021-02-19,trends_us,9.463343485287742
2021-02-20,trends_us,7.406094901529538
2021-02-21,trends_us,7.817544618281179
2021-02-22,trends_us,11.932041785797589
2021-02-23,trends_us,9.874793202039385
2021-02-24,trends_us,10.697692635542666
2021-02-25,trends_us,9.463343485287742
2021-02-26,trends_us,9.463343485287742
2021-02-27,trends_us,6.583195468026256
2021-02-28,trends_us,7.817544618281179
2021-03-01,trends_us,6.658536585365854
2021-03-02,trends_us,5.890243902439025
2021-03-03,trends_us,5.890243902439025
2021-03-04,trends_us,7.426829268292683
2021-03-05,trends_us,5.634146341463415
2021-03-06,trends_us,4.609756097560976
2021-03-07,trends_us,5.890243902439025
2021-03-08,trends_us,10.697692635542666
2021-03-09,trends_us,9.463343485287742
2021-03-10,trends_us,8.640444051784462
2021-03-11,trends_us,9.051893768536102
2021-03-12,trends_us,10.286242918791023
2021-03-13,trends_us,9.463343485287742
2021-03-14,trends_us,7.817544618281179
2021-03-15,trends_us,11.932041785797589
2021-03-16,trends_us,11.520592069045948
2021-03-17,trends_us,8.640444051784462
2021-03-18,trends_us,10.697692635542666
2021-03-19,trends_us,10.697692635542666
2021-03-20,trends_us,4.937396601019692
2021-03-21,trends_us,4.937396601019692
2021-03-22,trends_us,8.22899433503282
2021-03-23,trends_us,8.22899433503282
2021-03-24,trends_us,7.406094901529538
2021-03-25,trends_us,6.171745751274615
2021-03-26,trends_us,7.406094901529538
2021-03-27,trends_us,6.171745751274615
2021-03-28,trends_us,6.994645184777897
2021-03-29,trends_us,10.697692635542666
2021-03-30,trends_us,10.286242918791023
2021-03-31,trends_us,8.640444051784462
2021-04-01,trends_us,14.73943661971831
2021-04-02,trends_us,11.535211267605634
2021-04-03,trends_us,9.612676056338028
2021-04-04,trends_us,9.612676056338028
2021-04-05,trends_us,15.380281690140846
2021-04-06,trends_us,16.021126760563376
2021-04-07,trends_us,14.098591549295774
2021-04-08,trends_us,10.697692635542666
2021-04-09,trends_us,8.640444051784462
2021-04-10,trends_us,11.520592069045948
2021-04-11,trends_us,16.86943838681728
2021-04-12,trends_us,20.98393555433369
2021-04-13,trends_us,29.62437960611815
2021-04-14,trends_us,26.332781872105024
2021-04-15,trends_us,23.864083571595177
2021-04-16,trends_us,25.098432721850106
2021-04-17,trends_us,13.989290369555794
2021-04-18,trends_us,17.280888103568923
2021-04-19,trends_us,20.98393555433369
2021-04-20,trends_us,30.447279039621435
2021-04-21,trends_us,41.1449716751641
2021-04-22,trends_us,29.21292988936651
2021-04-23,trends_us,20.98393555433369
2021-04-24,trends_us,15.223639519810718
2021-04-25,trends_us,15.635089236562358
2021-04-26,trends_us,21.80683498783697
2021-04-27,trends_us,18.515237253823845
2021-04-28,trends_us,16.046538953314
2021-04-29,trends_us,17.280888103568923
2021-04-30,trends_us,17.692337820320564
2021-05-01,trends_us,5.321266968325792
2021-05-02,trends_us,5.76470588235294
2021-05-03,trends_us,9.312217194570136
2021-05-04,trends_us,7.095022624434388
2021-05-05,trends_us,7.095022624434388
2021-05-06,trends_us,6.873303167420814
2021-05-07,trends_us,7.538461538461538
2021-05-08,trends_us,8.22899433503282
2021-05-09,trends_us,6.583195468026256
2021-05-10,trends_us,10.697692635542666
2021-05-11,trends_us,12.343491502549227
2021-05-12,trends_us,11.109142352294306
2021-05-13,trends_us,10.286242918791023
2021-05-14,trends_us,7.817544618281179
2021-05-15,trends_us,5.760296034522974
2021-05-16,trends_us,6.583195468026256
2021-05-17,trends_us,8.640444051784462
2021-05-18,trends_us,10.697692635542666
2021-05-19,trends_us,9.874793202039385
2021-05-20,trends_us,12.754941219300871
2021-05-21,trends_us,10.286242918791023
2021-05-22,trends_us,7.406094901529538
2021-05-23,trends_us,7.817544618281179
2021-05-24,trends_us,11.109142352294306
2021-05-25,trends_us,9.874793202039385
2021-05-26,trends_us,9.874793202039385
2021-05-27,trends_us,10.286242918791023
2021-05-28,trends_us,5.760296034522974
2021-05-29,trends_us,5.348846317771333
2021-05-30,trends_us,4.525946884268051
2021-05-31,trends_us,4.937396601019692
2021-06-01,trends_us,5.457627118644068
2021-06-02,trends_us,4.271186440677966
2021-06-03,trends_us,4.508474576271187
2021-06-04,trends_us,3.7966101694915255
2021-06-05,trends_us,2.8474576271186445
2021-06-06,trends_us,4.033898305084747
2021-06-07,trends_us,3.0847457627118646
2021-06-08,trends_us,6.994645184777897
2021-06-09,trends_us,5.760296034522974
2021-06-10,trends_us,7.817544618281179
2021-06-11,trends_us,6.994645184777897
2021-06-12,trends_us,4.525946884268051
2021-06-13,trends_us,5.760296034522974
2021-06-14,trends_us,7.406094901529538
2021-06-15,trends_us,6.171745751274615
2021-06-16,trends_us,4.937396601019692
2021-06-17,trends_us,5.348846317771333
2021-06-18,trends_us,3.703047450764769
2021-06-19,trends_us,4.525946884268051
2021-06-20,trends_us,4.525946884268051
2021-06-21,trends_us,5.348846317771333
2021-06-22,trends_us,3.703047450764769
2021-06-23,trends_us,2.880148017261487
2021-06-24,trends_us,5.760296034522974
2021-06-25,trends_us,4.525946884268051
2021-06-26,trends_us,4.525946884268051
2021-06-27,trends_us,3.703047450764769
2021-06-28,trends_us,4.11449716751641
2021-06-29,trends_us,5.760296034522974
2021-06-30,trends_us,5.348846317771333
2021-07-01,trends_us,2.9302325581395348
2021-07-02,trends_us,3.6627906976744184
2021-07-03,trends_us,3.174418604651162
2021-07-04,trends_us,2.6860465116279064
2021-07-05,trends_us,3.174418604651162
2021-07-06,trends_us,2.9302325581395348
2021-07-07,trends_us,2.4418604651162785
2021-07-08,trends_us,4.11449716751641
2021-07-09,trends_us,2.468698300509846
2021-07-10,trends_us,3.703047450764769
2021-07-11,trends_us,2.468698300509846
2021-07-12,trends_us,2.880148017261487
2021-07-13,trends_us,4.11449716751641
2021-07-14,trends_us,4.11449716751641
2021-07-15,trends_us,3.703047450764769
2021-07-16,trends_us,5.348846317771333
2021-07-17,trends_us,2.880148017261487
2021-07-18,trends_us,2.468698300509846
2021-07-19,trends_us,2.880148017261487
2021-07-20,trends_us,3.703047450764769
2021-07-21,trends_us,5.760296034522974
2021-07-22,trends_us,4.937396601019692
2021-07-23,trends_us,4.525946884268051
2021-07-24,trends_us,3.291597734013128
2021-07-25,trends_us,5.348846317771333
2021-07-26,trends_us,4.525946884268051
2021-07-27,trends_us,4.937396601019692
2021-07-28,trends_us,6.994645184777897
2021-07-29,trends_us,5.760296034522974
2021-07-30,trends_us,5.348846317771333
2021-07-31,trends_us,5.760296034522974
2021-08-01,trends_us,3.121621621621621
2021-08-02,trends_us,2.8378378378378373
2021-08-03,trends_us,3.4054054054054053
2021-08-04,trends_us,2.8378378378378373
2021-08-05,trends_us,2.8378378378378373
2021-08-06,trends_us,3.121621621621621
2021-08-07,trends_us,2.8378378378378373
2021-08-08,trends_us,2.880148017261487
2021-08-09,trends_us,5.348846317771333
2021-08-10,trends_us,5.348846317771333
2021-08-11,trends_us,3.291597734013128
2021-08-12,trends_us,4.937396601019692
2021-08-13,trends_us,4.937396601019692
2021-08-14,trends_us,2.468698300509846
2021-08-15,trends_us,2.880148017261487
2021-08-16,trends_us,2.880148017261487
2021-08-17,trends_us,3.703047450764769
2021-08-18,trends_us,2.880148017261487
2021-08-19,trends_us,2.880148017261487
2021-08-20,trends_us,4.11449716751641
2021-08-21,trends_us,2.880148017261487
2021-08-22,trends_us,4.11449716751641
2021-08-23,trends_us,2.468698300509846
2021-08-24,trends_us,3.703047450764769
2021-08-25,trends_us,5.760296034522974
2021-08-26,trends_us,5.348846317771333
2021-08-27,trends_us,2.880148017261487
2021-08-28,trends_us,2.880148017261487
2021-08-29,trends_us,3.703047450764769
2021-08-30,trends_us,4.525946884268051
2021-08-31,trends_us,4.525946884268051
2021-09-01,trends_us,3.7108433734939763
2021-09-02,trends_us,5.397590361445784
2021-09-03,trends_us,3.7108433734939763
2021-09-04,trends_us,3.0361445783132535
2021-09-05,trends_us,3.3734939759036147
2021-09-06,trends_us,3.7108433734939763
2021-09-07,trends_us,5.060240963855422
2021-09-08,trends_us,4.937396601019692
2021-09-09,trends_us,6.171745751274615
2021-09-10,trends_us,2.468698300509846
2021-09-11,trends_us,6.171745751274615
2021-09-12,trends_us,4.525946884268051
2021-09-13,trends_us,6.171745751274615
2021-09-14,trends_us,5.760296034522974
2021-09-15,trends_us,5.348846317771333
2021-09-16,trends_us,8.22899433503282
2021-09-17,trends_us,4.937396601019692
2021-09-18,trends_us,4.937396601019692
2021-09-19,trends_us,3.703047450764769
2021-09-20,trends_us,8.22899433503282
2021-09-21,trends_us,7.817544618281179
2021-09-22,trends_us,5.348846317771333
2021-09-23,trends_us,8.640444051784462
2021-09-24,trends_us,7.817544618281179
2021-09-25,trends_us,5.760296034522974
2021-09-26,trends_us,4.318673004011309
2021-09-27,trends_us,7.711916078591623
2021-09-28,trends_us,8.637346008022618
2021-09-29,trends_us,7.3006138877334035
2021-09-30,trends_us,8.945822651166283
2021-10-01,trends_us,6.08695652173913
2021-10-02,trends_us,3.443935926773455
2021-10-03,trends_us,5.1258581235697935
2021-10-04,trends_us,3.6041189931350117
2021-10-05,trends_us,5.366132723112129
2021-10-06,trends_us,4.885583524027459
2021-10-07,trends_us,6.4874141876430205
2021-10-08,trends_us,6.786486149160628
2021-10-09,trends_us,3.907370813153089
2021-10-10,trends_us,4.935626290298639
2021-10-11,trends_us,7.711916078591623
2021-10-12,trends_us,6.889311696875184
2021-10-13,trends_us,5.449754028871413
2021-10-14,trends_us,6.375183958302409
2021-10-15,trends_us,6.992137244589738
2021-10-16,trends_us,4.113021908582199
2021-10-17,trends_us,5.038451838013193
2021-10-18,trends_us,6.992137244589738
2021-10-19,trends_us,6.683660601446073
2021-10-20,trends_us,6.580835053731518
2021-10-21,trends_us,8.842997103451728
2021-10-22,trends_us,6.169532862873298
2021-10-23,trends_us,5.449754028871413
2021-10-24,trends_us,3.598894170009424
2021-10-25,trends_us,5.655405124300524
2021-10-26,trends_us,6.889311696875184
2021-10-27,trends_us,7.197788340018848
2021-10-28,trends_us,6.169532862873298
2021-10-29,trends_us,5.861056219729633
2021-10-30,trends_us,4.113021908582199
2021-10-31,trends_us,2.2621620497202093
2021-11-01,trends_us,5.602910602910602
2021-11-02,trends_us,5.602910602910602
2021-11-03,trends_us,6.912681912681912
2021-11-04,trends_us,4.729729729729729
2021-11-05,trends_us,5.093555093555093
2021-11-06,trends_us,2.6195426195426195
2021-11-07,trends_us,4.438669438669438
2021-11-08,trends_us,8.945822651166283
2021-11-09,trends_us,6.992137244589738
2021-11-10,trends_us,8.226043817164397
2021-11-11,trends_us,9.459950389739058
2021-11-12,trends_us,7.094962792304293
2021-11-13,trends_us,4.627149647154974
2021-11-14,trends_us,5.449754028871413
2021-11-15,trends_us,6.786486149160628
2021-11-16,trends_us,8.842997103451728
2021-11-17,trends_us,10.282554771455498
2021-11-18,trends_us,8.945822651166283
2021-11-19,trends_us,9.974078128311833
2021-11-20,trends_us,7.403439435447958
2021-11-21,trends_us,8.431694912593509
2021-11-22,trends_us,6.889311696875184
2021-11-23,trends_us,6.478009506016964
2021-11-24,trends_us,7.197788340018848
2021-11-25,trends_us,3.804545265438534
2021-11-26,trends_us,2.879115336007539
2021-11-27,trends_us,3.804545265438534
2021-11-28,trends_us,4.832800742584084
2021-11-29,trends_us,9.357124842024502
2021-11-30,trends_us,7.403439435447958
2021-12-01,trends_us,4.415384615384616
2021-12-02,trends_us,4.199999999999999
2021-12-03,trends_us,3.7692307692307687
2021-12-04,trends_us,2.8
2021-12-05,trends_us,3.123076923076923
2021-12-06,trends_us,5.061538461538461
2021-12-07,trends_us,4.63076923076923
2021-12-08,trends_us,10.076903676026388
2021-12-09,trends_us,8.945822651166283
2021-12-10,trends_us,10.282554771455498
2021-12-11,trends_us,5.038451838013193
2021-12-12,trends_us,6.683660601446073
2021-12-13,trends_us,7.506264983162513
2021-12-14,trends_us,7.197788340018848
2021-12-15,trends_us,7.814741626306178
2021-12-16,trends_us,6.992137244589738
2021-12-17,trends_us,7.3006138877334035
2021-12-18,trends_us,3.1875919791512044
2021-12-19,trends_us,2.1593365020056545
2021-12-20,trends_us,4.010196360867644
2021-12-21,trends_us,2.879115336007539
2021-12-22,trends_us,2.9819408837220944
2021-12-23,trends_us,2.9819408837220944
2021-12-24,trends_us,4.421498551725864
2021-12-25,trends_us,2.3649875974347645
2021-12-26,trends_us,2.2621620497202093
2021-12-27,trends_us,2.5706386928638745
2021-12-28,trends_us,2.5706386928638745
2021-12-29,trends_us,2.7762897882929845
2021-12-30,trends_us,0.0
2021-12-31,trends_us,2.0565109542910998
2022-01-01,trends_us,3.4285714285714284
2022-01-02,trends_us,2.857142857142857
2022-01-03,trends_us,3.1428571428571423
2022-01-04,trends_us,6.095238095238095
2022-01-05,trends_us,3.619047619047619
2022-01-06,trends_us,4.19047619047619
2022-01-07,trends_us,4.666666666666666
2022-01-08,trends_us,2.9819408837220944
2022-01-09,trends_us,3.496068622294869
2022-01-10,trends_us,0.0
2022-01-11,trends_us,5.552579576585969
2022-01-12,trends_us,4.318673004011309
2022-01-13,trends_us,7.3006138877334035
2022-01-14,trends_us,5.3469284811568585
2022-01-15,trends_us,2.879115336007539
2022-01-16,trends_us,2.5706386928638745
2022-01-17,trends_us,3.496068622294869
2022-01-18,trends_us,5.449754028871413
2022-01-19,trends_us,4.113021908582199
2022-01-20,trends_us,5.449754028871413
2022-01-21,trends_us,5.655405124300524
2022-01-22,trends_us,5.449754028871413
2022-01-23,trends_us,4.215847456296754
2022-01-24,trends_us,9.123471146455262
2022-01-25,trends_us,7.168441615071992
2022-01-26,trends_us,5.865088594149812
2022-01-27,trends_us,4.398816445612359
2022-01-28,trends_us,5.865088594149812
2022-01-29,trends_us,4.235897317997086
2022-01-30,trends_us,5.865088594149812
2022-01-31,trends_us,5.376331211303994
2022-02-01,trends_us,7.35408560311284
2022-02-02,trends_us,6.046692607003892
2022-02-03,trends_us,7.680933852140078
2022-02-04,trends_us,6.700389105058366
2022-02-05,trends_us,0.0
2022-02-06,trends_us,5.556420233463036
2022-02-07,trends_us,8.661478599221791
2022-02-08,trends_us,8.3088755083789
2022-02-09,trends_us,9.286390274070536
2022-02-10,trends_us,15.96607450629671
2022-02-11,trends_us,16.291912761527254
2022-02-12,trends_us,9.61222852930108
2022-02-13,trends_us,5.865088594149812
2022-02-14,trends_us,7.168441615071992
2022-02-15,trends_us,9.449309401685808
2022-02-16,trends_us,6.516765104610903
2022-02-17,trends_us,7.983037253148355
2022-02-18,trends_us,8.471794635994172
2022-02-19,trends_us,8.3088755083789
2022-02-20,trends_us,4.8875738284581765
2022-02-21,trends_us,9.286390274070536
2022-02-22,trends_us,11.078500677838534
2022-02-23,trends_us,9.286390274070536
2022-02-24,trends_us,8.797632891224717
2022-02-25,trends_us,6.679684232226174
2022-02-26,trends_us,7.168441615071992
2022-02-27,trends_us,6.842603359841447
2022-02-28,trends_us,8.3088755083789
2022-03-01,trends_us,7.020172910662824
2022-03-02,trends_us,5.930835734870317
2022-03-03,trends_us,7.020172910662824
2022-03-04,trends_us,6.536023054755042
2022-03-05,trends_us,4.599423631123919
2022-03-06,trends_us,3.873198847262248
2022-03-07,trends_us,7.020172910662824
2022-03-08,trends_us,7.331360742687265
2022-03-09,trends_us,7.00552248745672
2022-03-10,trends_us,7.65719899791781
2022-03-11,trends_us,7.65719899791781
2022-03-12,trends_us,6.35384597699563
2022-03-13,trends_us,5.539250338919267
2022-03-14,trends_us,8.471794635994172
2022-03-15,trends_us,6.679684232226174
2022-03-16,trends_us,6.679684232226174
2022-03-17,trends_us,6.190926849380357
2022-03-18,trends_us,6.679684232226174
2022-03-19,trends_us,4.8875738284581765
2022-03-20,trends_us,5.213412083688722
2022-03-21,trends_us,7.168441615071992
2022-03-22,trends_us,6.679684232226174
2022-03-23,trends_us,7.65719899791781
2022-03-24,trends_us,7.65719899791781
2022-03-25,trends_us,9.123471146455262
2022-03-26,trends_us,6.190926849380357
2022-03-27,trends_us,8.471794635994172
2022-03-28,trends_us,11.241419805453804
2022-03-29,trends_us,9.938066784531626
2022-03-30,trends_us,7.00552248745672
2022-03-31,trends_us,10.91558155022326
2022-04-01,trends_us,7.138271604938271
2022-04-02,trends_us,5.2024691358024695
2022-04-03,trends_us,5.081481481481481
2022-04-04,trends_us,8.71111111111111
2022-04-05,trends_us,7.74320987654321
2022-04-06,trends_us,6.7753086419753075
2022-04-07,trends_us,8.348148148148146
2022-04-08,trends_us,10.263905039762172
2022-04-09,trends_us,5.70216946653454
2022-04-10,trends_us,6.028007721765085
2022-04-11,trends_us,10.263905039762172
2022-04-12,trends_us,9.449309401685808
2022-04-13,trends_us,10.100985912146898
2022-04-14,trends_us,9.938066784531626
2022-04-15,trends_us,7.65719899791781
2022-04-16,trends_us,7.983037253148355
2022-04-17,trends_us,6.35384597699563
2022-04-18,trends_us,10.426824167377443
2022-04-19,trends_us,10.752662422607989
2022-04-20,trends_us,11.56725806068435
2022-04-21,trends_us,13.848125847298167
2022-04-22,trends_us,10.91558155022326
2022-04-23,trends_us,6.028007721765085
2022-04-24,trends_us,6.190926849380357
2022-04-25,trends_us,13.033530209221803
2022-04-26,trends_us,14.66272148537453
2022-04-27,trends_us,13.033530209221803
2022-04-28,trends_us,16.128993633911982
2022-04-29,trends_us,13.359368464452348
2022-04-30,trends_us,6.516765104610903
2022-05-01,trends_us,4.012931034482759
2022-05-02,trends_us,8.870689655172413
2022-05-03,trends_us,8.448275862068964
2022-05-04,trends_us,7.814655172413794
2022-05-05,trends_us,8.342672413793103
2022-05-06,trends_us,7.814655172413794
2022-05-07,trends_us,3.696120689655173
2022-05-08,trends_us,5.213412083688722
2022-05-09,trends_us,14.01104497491344
2022-05-10,trends_us,14.173964102528712
2022-05-11,trends_us,15.477317123450892
2022-05-12,trends_us,11.730177188299624
2022-05-13,trends_us,10.91558155022326
2022-05-14,trends_us,4.398816445612359
2022-05-15,trends_us,4.8875738284581765
2022-05-16,trends_us,10.100985912146898
2022-05-17,trends_us,12.870611081606532
2022-05-18,trends_us,11.40433893306908
2022-05-19,trends_us,10.589743294992717
2022-05-20,trends_us,9.61222852930108
2022-05-21,trends_us,4.724654700842904
2022-05-22,trends_us,5.213412083688722
2022-05-23,trends_us,11.893096315914896
2022-05-24,trends_us,10.132757264164166
2022-05-25,trends_us,10.353034595993822
2022-05-26,trends_us,9.692202600504856
2022-05-27,trends_us,7.929983945867608
2022-05-28,trends_us,3.083882645615181
2022-05-29,trends_us,3.5244373092744925
2022-05-30,trends_us,4.18526930476346
2022-05-31,trends_us,8.37053860952692
2022-06-01,trends_us,5.126760563380282
2022-06-02,trends_us,3.68075117370892
2022-06-03,trends_us,4.338028169014084
2022-06-04,trends_us,1.84037558685446
2022-06-05,trends_us,2.4976525821596245
2022-06-06,trends_us,5.521126760563381
2022-06-07,trends_us,4.995305164319249
2022-06-08,trends_us,6.828597286719329
2022-06-09,trends_us,6.167765291230362
2022-06-10,trends_us,5.2866559639117385
2022-06-11,trends_us,2.6433279819558693
2022-06-12,trends_us,3.744714641104148
2022-06-13,trends_us,6.388042623060017
2022-06-14,trends_us,4.846101300252427
2022-06-15,trends_us,4.625823968422772
2022-06-16,trends_us,3.304159977444837
2022-06-17,trends_us,3.744714641104148
2022-06-18,trends_us,2.4230506501262137
2022-06-19,trends_us,2.2027733182965576
2022-06-20,trends_us,3.083882645615181
2022-06-21,trends_us,3.964991972933804
2022-06-22,trends_us,4.18526930476346
2022-06-23,trends_us,2.2027733182965576
2022-06-24,trends_us,3.5244373092744925
2022-06-25,trends_us,4.18526930476346
2022-06-26,trends_us,3.083882645615181
2022-06-27,trends_us,5.066378632082083
2022-06-28,trends_us,4.625823968422772
2022-06-29,trends_us,3.5244373092744925
2022-06-30,trends_us,4.405546636593115
2022-07-01,trends_us,2.661971830985916
2022-07-02,trends_us,2.514084507042254
2022-07-03,trends_us,3.549295774647888
2022-07-04,trends_us,2.21830985915493
2022-07-05,trends_us,3.6971830985915495
2022-07-06,trends_us,3.253521126760564
2022-07-07,trends_us,3.105633802816902
2022-07-08,trends_us,4.625823968422772
2022-07-09,trends_us,6.388042623060017
2022-07-10,trends_us,3.964991972933804
2022-07-11,trends_us,5.727210627571051
2022-07-12,trends_us,5.2866559639117385
2022-07-13,trends_us,2.4230506501262137
2022-07-14,trends_us,3.083882645615181
2022-07-15,trends_us,3.744714641104148
2022-07-16,trends_us,2.8636053137855253
2022-07-17,trends_us,3.083882645615181
2022-07-18,trends_us,3.964991972933804
2022-07-19,trends_us,3.964991972933804
2022-07-20,trends_us,4.405546636593115
2022-07-21,trends_us,5.506933295741394
2022-07-22,trends_us,4.625823968422772
2022-07-23,trends_us,5.727210627571051
2022-07-24,trends_us,5.727210627571051
2022-07-25,trends_us,5.506933295741394
2022-07-26,trends_us,4.405546636593115
2022-07-27,trends_us,4.18526930476346
2022-07-28,trends_us,3.083882645615181
2022-07-29,trends_us,3.5244373092744925
2022-07-30,trends_us,4.18526930476346
2022-07-31,trends_us,3.5244373092744925
2022-08-01,trends_us,4.409448818897636
2022-08-02,trends_us,4.6299212598425195
2022-08-03,trends_us,5.95275590551181
2022-08-04,trends_us,2.866141732283464
2022-08-05,trends_us,2.645669291338582
2022-08-06,trends_us,3.5275590551181097
2022-08-07,trends_us,3.968503937007873
2022-08-08,trends_us,3.304159977444837
2022-08-09,trends_us,3.744714641104148
2022-08-10,trends_us,3.744714641104148
2022-08-11,trends_us,5.2866559639117385
2022-08-12,trends_us,4.625823968422772
2022-08-13,trends_us,2.4230506501262137
2022-08-14,trends_us,3.5244373092744925
2022-08-15,trends_us,2.8636053137855253
2022-08-16,trends_us,2.4230506501262137
2022-08-17,trends_us,3.304159977444837
2022-08-18,trends_us,3.304159977444837
2022-08-19,trends_us,2.4230506501262137
2022-08-20,trends_us,3.5244373092744925
2022-08-21,trends_us,3.5244373092744925
2022-08-22,trends_us,22.027733182965576
2022-08-23,trends_us,12.335530582460724
2022-08-24,trends_us,9.471925268675198
2022-08-25,trends_us,6.388042623060017
2022-08-26,trends_us,6.608319954889674
2022-08-27,trends_us,4.846101300252427
2022-08-28,trends_us,4.18526930476346
2022-08-29,trends_us,5.2866559639117385
2022-08-30,trends_us,5.506933295741394
2022-08-31,trends_us,6.167765291230362
2022-09-01,trends_us,5.028735632183908
2022-09-02,trends_us,4.827586206896552
2022-09-03,trends_us,5.028735632183908
2022-09-04,trends_us,5.6321839080459775
2022-09-05,trends_us,3.218390804597701
2022-09-06,trends_us,4.827586206896552
2022-09-07,trends_us,6.436781609195402
2022-09-08,trends_us,5.727210627571051
2022-09-09,trends_us,6.828597286719329
2022-09-10,trends_us,2.8636053137855253
2022-09-11,trends_us,4.846101300252427
2022-09-12,trends_us,5.947487959400706
2022-09-13,trends_us,6.608319954889674
2022-09-14,trends_us,6.608319954889674
2022-09-15,trends_us,7.489429282208296
2022-09-16,trends_us,5.947487959400706
2022-09-17,trends_us,3.083882645615181
2022-09-18,trends_us,4.625823968422772
2022-09-19,trends_us,6.167765291230362
2022-09-20,trends_us,5.947487959400706
2022-09-21,trends_us,8.370538609526918
2022-09-22,trends_us,6.608319954889672
2022-09-23,trends_us,7.048874618548983
2022-09-24,trends_us,5.947487959400704
2022-09-25,trends_us,3.08388264561518
2022-09-26,trends_us,5.947487959400704
2022-09-27,trends_us,9.912479932334508
2022-09-28,trends_us,8.590815941356574
2022-09-29,trends_us,9.031370605015884
2022-09-30,trends_us,7.70970661403795
2022-10-01,trends_us,3.0973451327433628
2022-10-02,trends_us,5.110619469026548
2022-10-03,trends_us,5.420353982300885
2022-10-04,trends_us,4.800884955752212
2022-10-05,trends_us,6.039823008849558
2022-10-06,trends_us,5.575221238938053
2022-10-07,trends_us,4.95575221238938
2022-10-08,trends_us,3.744714641104147
2022-10-09,trends_us,5.947487959400704
2022-10-10,trends_us,6.16776529123036
2022-10-11,trends_us,6.16776529123036
2022-10-12,trends_us,7.489429282208294
2022-10-13,trends_us,9.912479932334508
2022-10-14,trends_us,7.489429282208294
2022-10-15,trends_us,6.16776529123036
2022-10-16,trends_us,4.185269304763459
2022-10-17,trends_us,8.370538609526918
2022-10-18,trends_us,9.031370605015884
2022-10-19,trends_us,9.692202600504851
2022-10-20,trends_us,9.031370605015884
2022-10-21,trends_us,7.048874618548983
2022-10-22,trends_us,3.08388264561518
2022-10-23,trends_us,2.8636053137855244
2022-10-24,trends_us,7.70970661403795
2022-10-25,trends_us,7.489429282208294
2022-10-26,trends_us,8.150261277697261
2022-10-27,trends_us,8.811093273186229
2022-10-28,trends_us,8.590815941356574
2022-10-29,trends_us,4.405546636593114
2022-10-30,trends_us,2.643327981955869
2022-10-31,trends_us,8.590815941356574
2022-11-01,trends_us,6.677824267782427
2022-11-02,trends_us,7.205020920502091
2022-11-03,trends_us,5.623430962343096
2022-11-04,trends_us,6.502092050209204
2022-11-05,trends_us,5.096234309623431
2022-11-06,trends_us,4.041841004184101
2022-11-07,trends_us,6.853556485355648
2022-11-08,trends_us,8.370538609526918
2022-11-09,trends_us,7.048874618548983
2022-11-10,trends_us,8.370538609526918
2022-11-11,trends_us,6.828597286719328
2022-11-12,trends_us,5.286655963911738
2022-11-13,trends_us,5.066378632082082
2022-11-14,trends_us,14.097749237097966
2022-11-15,trends_us,10.35303459599382
2022-11-16,trends_us,9.692202600504851
2022-11-17,trends_us,9.692202600504851
2022-11-18,trends_us,10.132757264164164
2022-11-19,trends_us,5.286655963911738
2022-11-20,trends_us,3.744714641104147
2022-11-21,trends_us,8.150261277697261
2022-11-22,trends_us,6.16776529123036
2022-11-23,trends_us,5.066378632082082
2022-11-24,trends_us,2.8636053137855244
2022-11-25,trends_us,3.304159977444836
2022-11-26,trends_us,3.08388264561518
2022-11-27,trends_us,5.066378632082082
2022-11-28,trends_us,8.811093273186229
2022-11-29,trends_us,10.79358925965313
2022-11-30,trends_us,9.031370605015884
2022-12-01,trends_us,5.697674418604651
2022-12-02,trends_us,5.5813953488372094
2022-12-03,trends_us,3.13953488372093
2022-12-04,trends_us,3.023255813953488
2022-12-05,trends_us,5.232558139534883
2022-12-06,trends_us,5.697674418604651
2022-12-07,trends_us,6.627906976744185
2022-12-08,trends_us,11.013866591482786
2022-12-09,trends_us,10.35303459599382
2022-12-10,trends_us,5.727210627571049
2022-12-11,trends_us,5.727210627571049
2022-12-12,trends_us,8.590815941356574
2022-12-13,trends_us,8.590815941356574
2022-12-14,trends_us,10.573311927823475
2022-12-15,trends_us,10.132757264164164
2022-12-16,trends_us,8.150261277697261
2022-12-17,trends_us,4.846101300252426
2022-12-18,trends_us,4.185269304763459
2022-12-19,trends_us,6.3880426230600165
2022-12-20,trends_us,5.506933295741393
2022-12-21,trends_us,3.304159977444836
2022-12-22,trends_us,2.423050650126213
2022-12-23,trends_us,0.0
2022-12-24,trends_us,1.7622186546372458
2022-12-25,trends_us,0.0
2022-12-26,trends_us,2.202773318296557
2022-12-27,trends_us,3.524437309274492
2022-12-28,trends_us,2.423050650126213
2022-12-29,trends_us,3.744714641104147
2022-12-30,trends_us,0.0
2022-12-31,trends_us,1.7622186546372458
2023-01-01,trends_us,4.930434782608697
2023-01-02,trends_us,9.860869565217394
2023-01-03,trends_us,8.217391304347828
2023-01-04,trends_us,12.052173913043479
2023-01-05,trends_us,11.504347826086958
2023-01-06,trends_us,9.313043478260871
2023-01-07,trends_us,7.121739130434784
2023-01-08,trends_us,3.744714641104147
2023-01-09,trends_us,5.286655963911738
2023-01-10,trends_us,6.828597286719328
2023-01-11,trends_us,6.608319954889672
2023-01-12,trends_us,7.048874618548983
2023-01-13,trends_us,7.269151950378639
2023-01-14,trends_us,4.62582396842277
2023-01-15,trends_us,4.185269304763459
2023-01-16,trends_us,5.286655963911738
2023-01-17,trends_us,7.269151950378639
2023-01-18,trends_us,5.727210627571049
2023-01-19,trends_us,8.379969443305557
2023-01-20,trends_us,7.332473262892362
2023-01-21,trends_us,6.284977082479168
2023-01-22,trends_us,7.332473262892362
2023-01-23,trends_us,9.427465623718753
2023-01-24,trends_us,10.474961804131944
2023-01-25,trends_us,9.427465623718753
2023-01-26,trends_us,13.61745034537153
2023-01-27,trends_us,38.7573586752882
2023-01-28,trends_us,104.74961804131948
2023-01-29,trends_us,39.80485485570139
2023-01-30,trends_us,39.80485485570139
2023-01-31,trends_us,30.377389231982644
2023-02-01,trends_us,13.881355932203393
2023-02-02,trends_us,11.211864406779661
2023-02-03,trends_us,10.14406779661017
2023-02-04,trends_us,5.338983050847457
2023-02-05,trends_us,5.872881355932204
2023-02-06,trends_us,8.542372881355933
2023-02-07,trends_us,8.008474576271189
2023-02-08,trends_us,15.71244270619792
2023-02-09,trends_us,13.61745034537153
2023-02-10,trends_us,14.664946525784725
2023-02-11,trends_us,8.379969443305557
2023-02-12,trends_us,8.379969443305557
2023-02-13,trends_us,12.569954164958336
2023-02-14,trends_us,12.569954164958336
2023-02-15,trends_us,12.569954164958336
2023-02-16,trends_us,16.759938886611113
2023-02-17,trends_us,12.569954164958336
2023-02-18,trends_us,6.284977082479168
2023-02-19,trends_us,6.284977082479168
2023-02-20,trends_us,7.332473262892362
2023-02-21,trends_us,11.52245798454514
2023-02-22,trends_us,11.52245798454514
2023-02-23,trends_us,11.52245798454514
2023-02-24,trends_us,9.427465623718753
2023-02-25,trends_us,8.379969443305557
2023-02-26,trends_us,6.284977082479168
2023-02-27,trends_us,12.569954164958336
2023-02-28,trends_us,11.52245798454514
2023-03-01,trends_us,6.890625
2023-03-02,trends_us,9.1875
2023-03-03,trends_us,9.1875
2023-03-04,trends_us,4.59375
2023-03-05,trends_us,3.8281249999999996
2023-03-06,trends_us,6.890625
2023-03-07,trends_us,8.421874999999998
2023-03-08,trends_us,11.52245798454514
2023-03-09,trends_us,12.569954164958336
2023-03-10,trends_us,12.569954164958336
2023-03-11,trends_us,6.284977082479168
2023-03-12,trends_us,6.284977082479168
2023-03-13,trends_us,8.379969443305557
2023-03-14,trends_us,10.474961804131944
2023-03-15,trends_us,10.474961804131944
2023-03-16,trends_us,10.474961804131944
2023-03-17,trends_us,8.379969443305557
2023-03-18,trends_us,4.189984721652778
2023-03-19,trends_us,6.284977082479168
2023-03-20,trends_us,9.427465623718753
2023-03-21,trends_us,11.52245798454514
2023-03-22,trends_us,9.427465623718753
2023-03-23,trends_us,10.474961804131944
2023-03-24,trends_us,9.427465623718753
2023-03-25,trends_us,7.332473262892362
2023-03-26,trends_us,5.237480902065973
2023-03-27,trends_us,10.474961804131944
2023-03-28,trends_us,9.427465623718753
2023-03-29,trends_us,11.52245798454514
2023-03-30,trends_us,10.474961804131944
2023-03-31,trends_us,10.474961804131944
2023-04-01,trends_us,3.818181818181818
2023-04-02,trends_us,3.818181818181818
2023-04-03,trends_us,8.590909090909092
2023-04-04,trends_us,8.590909090909092
2023-04-05,trends_us,6.681818181818182
2023-04-06,trends_us,5.7272727272727275
2023-04-07,trends_us,4.7727272727272725
2023-04-08,trends_us,4.189984721652778
2023-04-09,trends_us,5.237480902065973
2023-04-10,trends_us,6.284977082479168
2023-04-11,trends_us,11.52245798454514
2023-04-12,trends_us,8.379969443305557
2023-04-13,trends_us,9.427465623718753
2023-04-14,trends_us,9.427465623718753
2023-04-15,trends_us,5.237480902065973
2023-04-16,trends_us,7.332473262892362
2023-04-17,trends_us,10.474961804131944
2023-04-18,trends_us,9.427465623718753
2023-04-19,trends_us,9.427465623718753
2023-04-20,trends_us,10.474961804131944
2023-04-21,trends_us,8.379969443305557
2023-04-22,trends_us,6.284977082479168
2023-04-23,trends_us,6.284977082479168
2023-04-24,trends_us,11.52245798454514
2023-04-25,trends_us,12.569954164958336
2023-04-26,trends_us,10.474961804131944
2023-04-27,trends_us,11.52245798454514
2023-04-28,trends_us,9.427465623718753
2023-04-29,trends_us,5.237480902065973
2023-04-30,trends_us,6.284977082479168
2023-05-01,trends_us,6.562499999999998
2023-05-02,trends_us,7.218749999999999
2023-05-03,trends_us,7.875
2023-05-04,trends_us,8.53125
2023-05-05,trends_us,5.25
2023-05-06,trends_us,2.625
2023-05-07,trends_us,3.9375
2023-05-08,trends_us,11.52245798454514
2023-05-09,trends_us,11.52245798454514
2023-05-10,trends_us,12.569954164958336
2023-05-11,trends_us,11.52245798454514
2023-05-12,trends_us,10.474961804131944
2023-05-13,trends_us,6.284977082479168
2023-05-14,trends_us,4.189984721652778
2023-05-15,trends_us,10.474961804131944
2023-05-16,trends_us,11.52245798454514
2023-05-17,trends_us,9.427465623718753
2023-05-18,trends_us,10.474961804131944
2023-05-19,trends_us,9.90787083430964
2023-05-20,trends_us,4.095253278181318
2023-05-21,trends_us,2.7742038336066988
2023-05-22,trends_us,9.643660945394714
2023-05-23,trends_us,9.379451056479793
2023-05-24,trends_us,8.190506556362635
2023-05-25,trends_us,8.851031278649943
2023-05-26,trends_us,6.605247222873093
2023-05-27,trends_us,3.1705186669790844
2023-05-28,trends_us,2.6420988891492367
2023-05-29,trends_us,4.359463167096241
2023-05-30,trends_us,5.8126175561283215
2023-05-31,trends_us,7.529981834075325
2023-06-01,trends_us,4.339483394833948
2023-06-02,trends_us,2.944649446494465
2023-06-03,trends_us,2.2472324723247232
2023-06-04,trends_us,1.1623616236162362
2023-06-05,trends_us,4.029520295202952
2023-06-06,trends_us,2.944649446494465
2023-06-07,trends_us,3.33210332103321
2023-06-08,trends_us,3.434728555894008
2023-06-09,trends_us,4.227358222638779
2023-06-10,trends_us,2.245784055776852
2023-06-11,trends_us,3.3026236114365464
2023-06-12,trends_us,5.01998788938355
2023-06-13,trends_us,5.01998788938355
2023-06-14,trends_us,3.698938444808932
2023-06-15,trends_us,5.8126175561283215
2023-06-16,trends_us,4.755778000468626
2023-06-17,trends_us,3.1705186669790844
2023-06-18,trends_us,3.963148333723856
2023-06-19,trends_us,3.3026236114365464
2023-06-20,trends_us,3.698938444808932
2023-06-21,trends_us,3.434728555894008
2023-06-22,trends_us,3.8310433892663935
2023-06-23,trends_us,2.6420988891492367
2023-06-24,trends_us,2.1136791113193896
2023-06-25,trends_us,3.1705186669790844
2023-06-26,trends_us,4.359463167096241
2023-06-27,trends_us,3.8310433892663935
2023-06-28,trends_us,3.434728555894008
2023-06-29,trends_us,4.227358222638779
2023-06-30,trends_us,3.434728555894008
2023-07-01,trends_us,1.96875
2023-07-02,trends_us,1.640625
2023-07-03,trends_us,2.21484375
2023-07-04,trends_us,5.16796875
2023-07-05,trends_us,4.01953125
2023-07-06,trends_us,2.625
2023-07-07,trends_us,3.36328125
2023-07-08,trends_us,3.698938444808932
2023-07-09,trends_us,3.0384137225216223
2023-07-10,trends_us,2.9063087780641608
2023-07-11,trends_us,2.245784055776852
2023-07-12,trends_us,4.227358222638779
2023-07-13,trends_us,2.7742038336066988
2023-07-14,trends_us,2.1136791113193896
2023-07-15,trends_us,3.1705186669790844
2023-07-16,trends_us,5.2841977782984735
2023-07-17,trends_us,2.509993944691775
2023-07-18,trends_us,5.01998788938355
2023-07-19,trends_us,4.623673056011165
2023-07-20,trends_us,4.227358222638779
2023-07-21,trends_us,3.56683350035147
2023-07-22,trends_us,2.377889000234313
2023-07-23,trends_us,3.698938444808932
2023-07-24,trends_us,5.01998788938355
2023-07-25,trends_us,3.0384137225216223
2023-07-26,trends_us,6.208932389500707
2023-07-27,trends_us,3.8310433892663935
2023-07-28,trends_us,3.56683350035147
2023-07-29,trends_us,5.01998788938355
2023-07-30,trends_us,3.56683350035147
2023-07-31,trends_us,2.9063087780641608
2023-08-01,trends_us,5.817567567567567
2023-08-02,trends_us,4.256756756756757
2023-08-03,trends_us,0.0
2023-08-04,trends_us,2.8378378378378373
2023-08-05,trends_us,3.8310810810810807
2023-08-06,trends_us,0.0
2023-08-07,trends_us,4.256756756756757
2023-08-08,trends_us,4.095253278181318
2023-08-09,trends_us,2.377889000234313
2023-08-10,trends_us,3.0384137225216223
2023-08-11,trends_us,3.3026236114365464
2023-08-12,trends_us,3.698938444808932
2023-08-13,trends_us,3.963148333723856
2023-08-14,trends_us,4.491568111553703
2023-08-15,trends_us,2.9063087780641608
2023-08-16,trends_us,3.963148333723856
2023-08-17,trends_us,2.509993944691775
2023-08-18,trends_us,3.8310433892663935
2023-08-19,trends_us,4.491568111553703
2023-08-20,trends_us,4.359463167096241
2023-08-21,trends_us,2.377889000234313
2023-08-22,trends_us,3.0384137225216223
2023-08-23,trends_us,4.359463167096241
2023-08-24,trends_us,6.208932389500707
2023-08-25,trends_us,4.623673056011165
2023-08-26,trends_us,3.434728555894008
2023-08-27,trends_us,3.1705186669790844
2023-08-28,trends_us,3.698938444808932
2023-08-29,trends_us,4.491568111553703
2023-08-30,trends_us,4.755778000468626
2023-08-31,trends_us,6.737352167330554
2023-09-01,trends_us,1.9698492462311559
2023-09-02,trends_us,2.9547738693467336
2023-09-03,trends_us,2.9547738693467336
2023-09-04,trends_us,4.78391959798995
2023-09-05,trends_us,5.628140703517587
2023-09-06,trends_us,3.9396984924623117
2023-09-07,trends_us,5.768844221105527
2023-09-08,trends_us,4.887882944926089
2023-09-09,trends_us,4.359463167096241
2023-09-10,trends_us,3.0384137225216223
2023-09-11,trends_us,5.8126175561283215
2023-09-12,trends_us,6.869457111788016
2023-09-13,trends_us,8.058401611905174
2023-09-14,trends_us,7.001562056245478
2023-09-15,trends_us,5.680512611670859
2023-09-16,trends_us,2.079518386178195
2023-09-17,trends_us,3.2348063784994148
2023-09-18,trends_us,5.5453823631418535
2023-09-19,trends_us,7.971487147016415
2023-09-20,trends_us,5.314324764677609
2023-09-21,trends_us,6.4696127569988295
2023-09-22,trends_us,6.354083957766707
2023-09-23,trends_us,3.2348063784994148
2023-09-24,trends_us,4.043507973124268
2023-09-25,trends_us,6.123026359302464
2023-09-26,trends_us,6.354083957766707
2023-09-27,trends_us,9.011246340105512
2023-09-28,trends_us,6.238555158534585
2023-09-29,trends_us,6.354083957766707
2023-09-30,trends_us,3.2348063784994148
2023-10-01,trends_us,3.9655172413793105
2023-10-02,trends_us,5.344827586206897
2023-10-03,trends_us,7.241379310344828
2023-10-04,trends_us,6.379310344827587
2023-10-05,trends_us,5.431034482758621
2023-10-06,trends_us,3.9655172413793105
2023-10-07,trends_us,2.672413793103448
2023-10-08,trends_us,2.426104783874561
2023-10-09,trends_us,7.509371950087926
2023-10-10,trends_us,7.740429548552171
2023-10-11,trends_us,7.393843150855805
2023-10-12,trends_us,7.740429548552171
2023-10-13,trends_us,4.967738366981243
2023-10-14,trends_us,2.6571623823388046
2023-10-15,trends_us,5.660911162373975
2023-10-16,trends_us,6.123026359302464
2023-10-17,trends_us,6.8161991546951946
2023-10-18,trends_us,7.740429548552171
2023-10-19,trends_us,5.891968760838219
2023-10-20,trends_us,5.314324764677609
2023-10-21,trends_us,2.426104783874561
2023-10-22,trends_us,4.2745655715885125
2023-10-23,trends_us,7.1627855523915605
2023-10-24,trends_us,6.585141556230951
2023-10-25,trends_us,6.007497560070341
2023-10-26,trends_us,7.855958347784292
2023-10-27,trends_us,6.585141556230951
2023-10-28,trends_us,3.1192775792672927
2023-10-29,trends_us,3.0037487800351705
2023-10-30,trends_us,7.047256753159439
2023-10-31,trends_us,7.278314351623683
2023-11-01,trends_us,5.513846153846154
2023-11-02,trends_us,4.135384615384615
2023-11-03,trends_us,3.5323076923076924
2023-11-04,trends_us,2.8430769230769233
2023-11-05,trends_us,2.0676923076923077
2023-11-06,trends_us,4.6523076923076925
2023-11-07,trends_us,5.255384615384615
2023-11-08,trends_us,7.393843150855805
2023-11-09,trends_us,7.624900749320049
2023-11-10,trends_us,4.15903677235639
2023-11-11,trends_us,4.043507973124268
2023-11-12,trends_us,3.58139277619578
2023-11-13,trends_us,6.4696127569988295
2023-11-14,trends_us,7.393843150855805
2023-11-15,trends_us,8.31807354471278
2023-11-16,trends_us,6.8161991546951946
2023-11-17,trends_us,6.007497560070341
2023-11-18,trends_us,2.888219980803049
2023-11-19,trends_us,4.6211519692848775
2023-11-20,trends_us,6.123026359302464
2023-11-21,trends_us,4.967738366981243
2023-11-22,trends_us,4.390094370820634
2023-11-23,trends_us,4.967738366981243
2023-11-24,trends_us,1.8484607877139512
2023-11-25,trends_us,3.6969215754279023
2023-11-26,trends_us,3.4658639769636586
2023-11-27,trends_us,8.087015946248536
2023-11-28,trends_us,8.433602343944901
2023-11-29,trends_us,10.166534332426732
2023-11-30,trends_us,7.624900749320049
2023-12-01,trends_us,3.203389830508475
2023-12-02,trends_us,1.5423728813559323
2023-12-03,trends_us,2.3135593220338984
2023-12-04,trends_us,4.449152542372882
2023-12-05,trends_us,5.872881355932203
2023-12-06,trends_us,5.9322033898305095
2023-12-07,trends_us,4.686440677966101
2023-12-08,trends_us,7.624900749320049
2023-12-09,trends_us,5.198795965445488
2023-12-10,trends_us,7.047256753159439
2023-12-11,trends_us,9.242303938569757
2023-12-12,trends_us,8.549131143177025
2023-12-13,trends_us,9.126775139337632
2023-12-14,trends_us,8.549131143177025
2023-12-15,trends_us,6.4696127569988295
2023-12-16,trends_us,3.3503351777315364
2023-12-17,trends_us,3.4658639769636586
2023-12-18,trends_us,4.043507973124268
2023-12-19,trends_us,4.505623170052756
2023-12-20,trends_us,3.2348063784994148
2023-12-21,trends_us,3.927979173892146
2023-12-22,trends_us,3.6969215754279023
2023-12-23,trends_us,3.2348063784994148
2023-12-24,trends_us,0.0
2023-12-25,trends_us,0.0
2023-12-26,trends_us,0.0
2023-12-27,trends_us,0.0
2023-12-28,trends_us,0.0
2023-12-29,trends_us,2.3105759846424387
2023-12-30,trends_us,0.0
2023-12-31,trends_us,2.3105759846424387
2024-01-01,trends_us,2.9042553191489358
2024-01-02,trends_us,2.345744680851064
2024-01-03,trends_us,2.234042553191489
2024-01-04,trends_us,4.356382978723404
2024-01-05,trends_us,4.132978723404255
2024-01-06,trends_us,2.345744680851064
2024-01-07,trends_us,2.6808510638297873
2024-01-08,trends_us,4.967738366981243
2024-01-09,trends_us,4.2745655715885125
2024-01-10,trends_us,7.393843150855805
2024-01-11,trends_us,5.776439961606098
2024-01-12,trends_us,4.15903677235639
2024-01-13,trends_us,0.0
2024-01-14,trends_us,3.9279791738921466
2024-01-15,trends_us,3.2348063784994148
2024-01-16,trends_us,3.812450374660025
2024-01-17,trends_us,5.660911162373976
2024-01-18,trends_us,6.238555158534586
2024-01-19,trends_us,3.5813927761957807
2024-01-20,trends_us,2.772691181570927
2024-01-21,trends_us,2.310575984642439
2024-01-22,trends_us,6.354083957766708
2024-01-23,trends_us,4.736680768517
2024-01-24,trends_us,4.505623170052757
2024-01-25,trends_us,6.123026359302464
2024-01-26,trends_us,6.4696127569988295
2024-01-27,trends_us,3.9279791738921466
2024-01-28,trends_us,4.2745655715885125
2024-01-29,trends_us,4.390094370820634
2024-01-30,trends_us,5.083267166213366
2024-01-31,trends_us,6.585141556230952
2024-02-01,trends_us,4.926686217008798
2024-02-02,trends_us,3.7771260997067446
2024-02-03,trends_us,2.217008797653959
2024-02-04,trends_us,3.7771260997067446
2024-02-05,trends_us,4.187683284457478
2024-02-06,trends_us,4.762463343108505
2024-02-07,trends_us,4.351906158357771
2024-02-08,trends_us,6.931727953927318
2024-02-09,trends_us,6.816199154695195
2024-02-10,trends_us,4.967738366981244
2024-02-11,trends_us,4.621151969284878
2024-02-12,trends_us,6.585141556230952
2024-02-13,trends_us,4.967738366981244
2024-02-14,trends_us,6.931727953927318
2024-02-15,trends_us,6.700670355463074
2024-02-16,trends_us,5.776439961606098
2024-02-17,trends_us,3.350335177731537
2024-02-18,trends_us,4.159036772356391
2024-02-19,trends_us,4.390094370820634
2024-02-20,trends_us,7.04725675315944
2024-02-21,trends_us,6.700670355463074
2024-02-22,trends_us,5.89196876083822
2024-02-23,trends_us,6.931727953927318
2024-02-24,trends_us,3.812450374660025
2024-02-25,trends_us,4.852209567749123
2024-02-26,trends_us,7.04725675315944
2024-02-27,trends_us,7.04725675315944
2024-02-28,trends_us,6.816199154695195
2024-02-29,trends_us,7.62490074932005
2024-03-01,trends_us,3.4164456233421756
2024-03-02,trends_us,2.228116710875332
2024-03-03,trends_us,2.525198938992043
2024-03-04,trends_us,5.644562334217507
2024-03-05,trends_us,4.753315649867375
2024-03-06,trends_us,5.273209549071619
2024-03-07,trends_us,4.159151193633953
2024-03-08,trends_us,6.238555158534586
2024-03-09,trends_us,3.350335177731537
2024-03-10,trends_us,2.657162382338805
2024-03-11,trends_us,6.4696127569988295
2024-03-12,trends_us,5.776439961606098
2024-03-13,trends_us,6.700670355463074
2024-03-14,trends_us,6.585141556230952
2024-03-15,trends_us,7.04725675315944
2024-03-16,trends_us,3.350335177731537
2024-03-17,trends_us,4.159036772356391
2024-03-18,trends_us,9.357832737801878
2024-03-19,trends_us,6.123026359302464
2024-03-20,trends_us,8.780188741641268
2024-03-21,trends_us,6.700670355463074
2024-03-22,trends_us,6.354083957766708
2024-03-23,trends_us,2.657162382338805
2024-03-24,trends_us,5.776439961606098
2024-03-25,trends_us,7.971487147016416
2024-03-26,trends_us,5.660911162373976
2024-03-27,trends_us,5.89196876083822
2024-03-28,trends_us,6.007497560070342
2024-03-29,trends_us,5.660911162373976
2024-03-30,trends_us,2.541633583106683
2024-03-31,trends_us,4.043507973124268
2024-04-01,trends_us,4.391143911439114
2024-04-02,trends_us,5.424354243542435
2024-04-03,trends_us,5.682656826568265
2024-04-04,trends_us,6.199261992619927
2024-04-05,trends_us,5.424354243542435
2024-04-06,trends_us,3.874538745387454
2024-04-07,trends_us,4.003690036900369
2024-04-08,trends_us,6.123026359302464
2024-04-09,trends_us,7.04725675315944
2024-04-10,trends_us,7.278314351623684
2024-04-11,trends_us,6.238555158534586
2024-04-12,trends_us,8.664659942409147
2024-04-13,trends_us,4.621151969284878
2024-04-14,trends_us,5.1987959654454885
2024-04-15,trends_us,7.393843150855806
2024-04-16,trends_us,8.318073544712782
2024-04-17,trends_us,7.7404295485521715
2024-04-18,trends_us,8.087015946248536
2024-04-19,trends_us,8.087015946248536
2024-04-20,trends_us,3.812450374660025
2024-04-21,trends_us,4.043507973124268
2024-04-22,trends_us,9.357832737801878
2024-04-23,trends_us,7.393843150855806
2024-04-24,trends_us,10.397591930890975
2024-04-25,trends_us,8.780188741641268
2024-04-26,trends_us,7.855958347784293
2024-04-27,trends_us,5.776439961606098
2024-04-28,trends_us,4.852209567749123
2024-04-29,trends_us,8.549131143177025
2024-04-30,trends_us,8.664659942409147
2024-05-01,trends_us,6.666666666666666
2024-05-02,trends_us,6.984126984126983
2024-05-03,trends_us,4.761904761904762
2024-05-04,trends_us,3.3333333333333335
2024-05-05,trends_us,2.142857142857143
2024-05-06,trends_us,5.873015873015873
2024-05-07,trends_us,5.238095238095238
2024-05-08,trends_us,9.011246340105512
2024-05-09,trends_us,6.816199154695195
2024-05-10,trends_us,7.7404295485521715
2024-05-11,trends_us,2.772691181570927
2024-05-12,trends_us,3.465863976963659
2024-05-13,trends_us,7.750487792260744
2024-05-14,trends_us,8.57720649010189
2024-05-15,trends_us,6.717089419959311
2024-05-16,trends_us,9.713944699633466
2024-05-17,trends_us,6.923769094419598
2024-05-18,trends_us,3.720234140285157
2024-05-19,trends_us,3.926913814745444
2024-05-20,trends_us,8.680546327332033
2024-05-21,trends_us,8.88722600179232
2024-05-22,trends_us,6.407069908268882
2024-05-23,trends_us,8.163847141181318
2024-05-24,trends_us,4.960312187046876
2024-05-25,trends_us,4.546952838126304
2024-05-26,trends_us,0.0
2024-05-27,trends_us,3.5135544658248707
2024-05-28,trends_us,6.613749582729168
2024-05-29,trends_us,6.613749582729168
2024-05-30,trends_us,4.75363251258659
2024-05-31,trends_us,5.166991861507163
2024-06-01,trends_us,1.6655948553054665
2024-06-02,trends_us,1.3954983922829582
2024-06-03,trends_us,2.7009646302250805
2024-06-04,trends_us,1.9807073954983925
2024-06-05,trends_us,1.6655948553054665
2024-06-06,trends_us,2.2508038585209005
2024-06-07,trends_us,2.340836012861736
2024-06-08,trends_us,2.893515442444011
2024-06-09,trends_us,0.0
2024-06-10,trends_us,4.546952838126304
2024-06-11,trends_us,3.720234140285157
2024-06-12,trends_us,2.1701365818330083
2024-06-13,trends_us,2.790175605213868
2024-06-14,trends_us,2.1701365818330083
2024-06-15,trends_us,0.0
2024-06-16,trends_us,2.480156093523438
2024-06-17,trends_us,3.1001951169042976
2024-06-18,trends_us,2.9968552796741545
2024-06-19,trends_us,2.893515442444011
2024-06-20,trends_us,2.1701365818330083
2024-06-21,trends_us,2.9968552796741545
2024-06-22,trends_us,2.066796744602865
2024-06-23,trends_us,0.0
2024-06-24,trends_us,3.616894303055014
2024-06-25,trends_us,2.9968552796741545
2024-06-26,trends_us,2.9968552796741545
2024-06-27,trends_us,0.0
2024-06-28,trends_us,2.893515442444011
2024-06-29,trends_us,2.790175605213868
2024-06-30,trends_us,2.5834959307535814
2024-07-01,trends_us,4.857142857142858
2024-07-02,trends_us,3.285714285714286
2024-07-03,trends_us,0.0
2024-07-04,trends_us,2.8571428571428577
2024-07-05,trends_us,3.1428571428571432
2024-07-06,trends_us,3.8571428571428577
2024-07-07,trends_us,3.0
2024-07-08,trends_us,3.4102146285947272
2024-07-09,trends_us,2.790175605213868
2024-07-10,trends_us,2.790175605213868
2024-07-11,trends_us,3.823573977515301
2024-07-12,trends_us,0.0
2024-07-13,trends_us,0.0
2024-07-14,trends_us,0.0
2024-07-15,trends_us,0.0
2024-07-16,trends_us,3.5135544658248707
2024-07-17,trends_us,4.44361300089616
2024-07-18,trends_us,2.5834959307535814
2024-07-19,trends_us,3.720234140285157
2024-07-20,trends_us,0.0
2024-07-21,trends_us,3.5135544658248707
2024-07-22,trends_us,4.75363251258659
2024-07-23,trends_us,6.820429257189455
2024-07-24,trends_us,10.023964211323896
2024-07-25,trends_us,7.440468280570315
2024-07-26,trends_us,6.097050396578452
2024-07-27,trends_us,3.306874791364584
2024-07-28,trends_us,2.066796744602865
2024-07-29,trends_us,1.963456907372722
2024-07-30,trends_us,4.2369333264358735
2024-07-31,trends_us,3.926913814745444
2024-08-01,trends_us,2.310679611650485
2024-08-02,trends_us,2.7184466019417473
2024-08-03,trends_us,2.58252427184466
2024-08-04,trends_us,0.0
2024-08-05,trends_us,1.699029126213592
2024-08-06,trends_us,2.6504854368932036
2024-08-07,trends_us,2.03883495145631
2024-08-08,trends_us,0.0
2024-08-09,trends_us,3.203534954134441
2024-08-10,trends_us,2.6868357679837245
2024-08-11,trends_us,0.0
2024-08-12,trends_us,3.1001951169042976
2024-08-13,trends_us,3.5135544658248707
2024-08-14,trends_us,2.893515442444011
2024-08-15,trends_us,3.823573977515301
2024-08-16,trends_us,3.1001951169042976
2024-08-17,trends_us,0.0
2024-08-18,trends_us,2.9968552796741545
2024-08-19,trends_us,4.2369333264358735
2024-08-20,trends_us,3.5135544658248707
2024-08-21,trends_us,3.720234140285157
2024-08-22,trends_us,3.720234140285157
2024-08-23,trends_us,5.06365202427702
2024-08-24,trends_us,2.376816256293295
2024-08-25,trends_us,0.0
2024-08-26,trends_us,2.376816256293295
2024-08-27,trends_us,3.4102146285947272
2024-08-28,trends_us,3.823573977515301
2024-08-29,trends_us,3.5135544658248707
2024-08-30,trends_us,3.823573977515301
2024-08-31,trends_us,0.0
2024-09-01,trends_us,2.2702702702702697
2024-09-02,trends_us,2.675675675675675
2024-09-03,trends_us,2.7567567567567566
2024-09-04,trends_us,3.1621621621621623
2024-09-05,trends_us,3.81081081081081
2024-09-06,trends_us,3.324324324324324
2024-09-07,trends_us,3.0
2024-09-08,trends_us,2.273476419063152
2024-09-09,trends_us,5.787030884888022
2024-09-10,trends_us,5.612501382010446
2024-09-11,trends_us,5.612501382010446
2024-09-12,trends_us,7.516742922335419
2024-09-13,trends_us,4.40982251443678
2024-09-14,trends_us,2.5055809741118065
2024-09-15,trends_us,3.3073668858275846
2024-09-16,trends_us,5.211608426152558
2024-09-17,trends_us,4.109152797543363
2024-09-18,trends_us,4.910938709259141
2024-09-19,trends_us,6.5145105326906965
2024-09-20,trends_us,4.710492231330196
2024-09-21,trends_us,4.209376036507835
2024-09-22,trends_us,2.405357735147334
2024-09-23,trends_us,5.612501382010446
2024-09-24,trends_us,5.111385187188085
2024-09-25,trends_us,6.113617576832808
2024-09-26,trends_us,6.714957010619641
2024-09-27,trends_us,5.512278143045974
2024-09-28,trends_us,2.806250691005223
2024-09-29,trends_us,4.610268992365724
2024-09-30,trends_us,6.5145105326906965
2024-10-01,trends_us,4.99009900990099
2024-10-02,trends_us,3.5115511551155114
2024-10-03,trends_us,4.250825082508252
2024-10-04,trends_us,5.082508250825083
2024-10-05,trends_us,2.6798679867986803
2024-10-06,trends_us,2.495049504950495
2024-10-07,trends_us,4.99009900990099
2024-10-08,trends_us,5.31183166511703
2024-10-09,trends_us,5.913171098903863
2024-10-10,trends_us,4.40982251443678
2024-10-11,trends_us,6.4142872937262245
2024-10-12,trends_us,3.608036602721002
2024-10-13,trends_us,5.812947859939391
2024-10-14,trends_us,4.109152797543363
2024-10-15,trends_us,5.011161948223613
2024-10-16,trends_us,6.013394337868336
2024-10-17,trends_us,5.612501382010446
2024-10-18,trends_us,5.011161948223613
2024-10-19,trends_us,2.405357735147334
2024-10-20,trends_us,2.906473929969696
2024-10-21,trends_us,7.616966161299891
2024-10-22,trends_us,7.516742922335419
2024-10-23,trends_us,4.810715470294668
2024-10-24,trends_us,5.612501382010446
2024-10-25,trends_us,4.710492231330196
2024-10-26,trends_us,3.908706319614418
2024-10-27,trends_us,4.109152797543363
2024-10-28,trends_us,7.717189400264364
2024-10-29,trends_us,7.516742922335419
2024-10-30,trends_us,7.115849966477531
2024-10-31,trends_us,7.917635878193308
2024-11-01,trends_us,2.860869565217391
2024-11-02,trends_us,2.434782608695652
2024-11-03,trends_us,3.7739130434782604
2024-11-04,trends_us,4.930434782608695
2024-11-05,trends_us,3.469565217391304
2024-11-06,trends_us,5.356521739130435
2024-11-07,trends_us,5.173913043478261
2024-11-08,trends_us,6.815180249584113
2024-11-09,trends_us,4.309599275472307
2024-11-10,trends_us,2.806250691005223
2024-11-11,trends_us,8.41875207301567
2024-11-12,trends_us,6.815180249584113
2024-11-13,trends_us,8.518975311980142
2024-11-14,trends_us,6.815180249584113
2024-11-15,trends_us,7.015626727513058
2024-11-16,trends_us,2.5055809741118065
2024-11-17,trends_us,3.908706319614418
2024-11-18,trends_us,6.815180249584113
2024-11-19,trends_us,7.4165196833709475
2024-11-20,trends_us,5.712724620974918
2024-11-21,trends_us,7.717189400264364
2024-11-22,trends_us,6.113617576832808
2024-11-23,trends_us,4.810715470294668
2024-11-24,trends_us,3.908706319614418
2024-11-25,trends_us,5.111385187188085
2024-11-26,trends_us,4.510045753401252
2024-11-27,trends_us,3.006697168934168
2024-11-28,trends_us,4.40982251443678
2024-11-29,trends_us,2.605804213076279
2024-11-30,trends_us,2.706027452040751
2024-12-01,trends_us,1.5902004454342984
2024-12-02,trends_us,3.8819599109131397
2024-12-03,trends_us,3.7884187082405343
2024-12-04,trends_us,3.648106904231626
2024-12-05,trends_us,3.0868596881959913
2024-12-06,trends_us,3.133630289532294
2024-12-07,trends_us,1.8708240534521157
2024-12-08,trends_us,5.211608426152558
2024-12-09,trends_us,7.216073205442003
2024-12-10,trends_us,5.612501382010446
2024-12-11,trends_us,7.115849966477531
2024-12-12,trends_us,6.013394337868336
2024-12-13,trends_us,5.512278143045974
2024-12-14,trends_us,2.906473929969696
2024-12-15,trends_us,2.405357735147334
2024-12-16,trends_us,5.913171098903863
2024-12-17,trends_us,4.610268992365724
2024-12-18,trends_us,4.40982251443678
2024-12-19,trends_us,4.810715470294668
2024-12-20,trends_us,2.706027452040751
2024-12-21,trends_us,2.305134496182862
2024-12-22,trends_us,0.0
2024-12-23,trends_us,0.0
2024-12-24,trends_us,0.0
2024-12-25,trends_us,0.0
2024-12-26,trends_us,2.004464779289445
2024-12-27,trends_us,2.305134496182862
2024-12-28,trends_us,2.806250691005223
2024-12-29,trends_us,0.0
2024-12-30,trends_us,2.806250691005223
2024-12-31,trends_us,2.5055809741118065
2015-01-01,trends_nyc,0.0
2015-01-02,trends_nyc,0.0
2015-01-03,trends_nyc,0.0
2015-01-04,trends_nyc,0.0
2015-01-05,trends_nyc,34.3
2015-01-06,trends_nyc,29.4
2015-01-07,trends_nyc,34.3
2015-01-08,trends_nyc,0.0
2015-01-09,trends_nyc,20.0
2015-01-10,trends_nyc,0.0
2015-01-11,trends_nyc,0.0
2015-01-12,trends_nyc,19.0
2015-01-13,trends_nyc,19.0
2015-01-14,trends_nyc,27.0
2015-01-15,trends_nyc,21.0
2015-01-16,trends_nyc,0.0
2015-01-17,trends_nyc,0.0
2015-01-18,trends_nyc,0.0
2015-01-19,trends_nyc,0.0
2015-01-20,trends_nyc,29.0
2015-01-21,trends_nyc,20.0
2015-01-22,trends_nyc,22.0
2015-01-23,trends_nyc,0.0
2015-01-24,trends_nyc,0.0
2015-01-25,trends_nyc,0.0
2015-01-26,trends_nyc,0.0
2015-01-27,trends_nyc,0.0
2015-01-28,trends_nyc,0.0
2015-01-29,trends_nyc,0.0
2015-01-30,trends_nyc,19.0
2015-01-31,trends_nyc,0.0
2015-02-01,trends_nyc,0.0
2015-02-02,trends_nyc,0.0
2015-02-03,trends_nyc,0.0
2015-02-04,trends_nyc,0.0
2015-02-05,trends_nyc,0.0
2015-02-06,trends_nyc,0.0
2015-02-07,trends_nyc,0.0
2015-02-08,trends_nyc,0.0
2015-02-09,trends_nyc,0.0
2015-02-10,trends_nyc,0.0
2015-02-11,trends_nyc,19.0
2015-02-12,trends_nyc,0.0
2015-02-13,trends_nyc,0.0
2015-02-14,trends_nyc,0.0
2015-02-15,trends_nyc,0.0
2015-02-16,trends_nyc,0.0
2015-02-17,trends_nyc,0.0
2015-02-18,trends_nyc,25.0
2015-02-19,trends_nyc,22.0
2015-02-20,trends_nyc,0.0
2015-02-21,trends_nyc,0.0
2015-02-22,trends_nyc,0.0
2015-02-23,trends_nyc,0.0
2015-02-24,trends_nyc,0.0
2015-02-25,trends_nyc,21.0
2015-02-26,trends_nyc,0.0
2015-02-27,trends_nyc,0.0
2015-02-28,trends_nyc,0.0
2015-03-01,trends_nyc,0.0
2015-03-02,trends_nyc,0.0
2015-03-03,trends_nyc,0.0
2015-03-04,trends_nyc,0.0
2015-03-05,trends_nyc,0.0
2015-03-06,trends_nyc,0.0
2015-03-07,trends_nyc,0.0
2015-03-08,trends_nyc,33.0
2015-03-09,trends_nyc,0.0
2015-03-10,trends_nyc,0.0
2015-03-11,trends_nyc,0.0
2015-03-12,trends_nyc,0.0
2015-03-13,trends_nyc,0.0
2015-03-14,trends_nyc,0.0
2015-03-15,trends_nyc,0.0
2015-03-16,trends_nyc,0.0
2015-03-17,trends_nyc,0.0
2015-03-18,trends_nyc,0.0
2015-03-19,trends_nyc,19.0
2015-03-20,trends_nyc,0.0
2015-03-21,trends_nyc,0.0
2015-03-22,trends_nyc,0.0
2015-03-23,trends_nyc,22.0
2015-03-24,trends_nyc,0.0
2015-03-25,trends_nyc,0.0
2015-03-26,trends_nyc,0.0
2015-03-27,trends_nyc,0.0
2015-03-28,trends_nyc,0.0
2015-03-29,trends_nyc,0.0
2015-03-30,trends_nyc,0.0
2015-03-31,trends_nyc,19.0
2015-04-01,trends_nyc,96.6
2015-04-02,trends_nyc,0.0
2015-04-03,trends_nyc,0.0
2015-04-04,trends_nyc,0.0
2015-04-05,trends_nyc,0.0
2015-04-06,trends_nyc,0.0
2015-04-07,trends_nyc,64.4
2015-04-08,trends_nyc,0.0
2015-04-09,trends_nyc,19.0
2015-04-10,trends_nyc,0.0
2015-04-11,trends_nyc,28.0
2015-04-12,trends_nyc,0.0
2015-04-13,trends_nyc,24.0
2015-04-14,trends_nyc,28.0
2015-04-15,trends_nyc,29.0
2015-04-16,trends_nyc,35.0
2015-04-17,trends_nyc,20.0
2015-04-18,trends_nyc,0.0
2015-04-19,trends_nyc,0.0
2015-04-20,trends_nyc,22.0
2015-04-21,trends_nyc,25.0
2015-04-22,trends_nyc,33.0
2015-04-23,trends_nyc,31.0
2015-04-24,trends_nyc,23.0
2015-04-25,trends_nyc,0.0
2015-04-26,trends_nyc,26.0
2015-04-27,trends_nyc,38.0
2015-04-28,trends_nyc,100.0
2015-04-29,trends_nyc,67.0
2015-04-30,trends_nyc,51.0
2015-05-01,trends_nyc,30.300353356890458
2015-05-02,trends_nyc,23.4982332155477
2015-05-03,trends_nyc,23.4982332155477
2015-05-04,trends_nyc,23.4982332155477
2015-05-05,trends_nyc,29.68197879858657
2015-05-06,trends_nyc,21.64310954063604
2015-05-07,trends_nyc,22.879858657243815
2015-05-08,trends_nyc,30.0
2015-05-09,trends_nyc,0.0
2015-05-10,trends_nyc,27.0
2015-05-11,trends_nyc,36.0
2015-05-12,trends_nyc,33.0
2015-05-13,trends_nyc,23.0
2015-05-14,trends_nyc,35.0
2015-05-15,trends_nyc,0.0
2015-05-16,trends_nyc,0.0
2015-05-17,trends_nyc,26.0
2015-05-18,trends_nyc,43.0
2015-05-19,trends_nyc,36.0
2015-05-20,trends_nyc,34.0
2015-05-21,trends_nyc,20.0
2015-05-22,trends_nyc,26.0
2015-05-23,trends_nyc,0.0
2015-05-24,trends_nyc,0.0
2015-05-25,trends_nyc,0.0
2015-05-26,trends_nyc,37.0
2015-05-27,trends_nyc,0.0
2015-05-28,trends_nyc,0.0
2015-05-29,trends_nyc,29.0
2015-05-30,trends_nyc,0.0
2015-05-31,trends_nyc,0.0
2015-06-01,trends_nyc,0.0
2015-06-02,trends_nyc,0.0
2015-06-03,trends_nyc,23.279069767441857
2015-06-04,trends_nyc,24.33720930232558
2015-06-05,trends_nyc,0.0
2015-06-06,trends_nyc,0.0
2015-06-07,trends_nyc,43.383720930232556
2015-06-08,trends_nyc,61.0
2015-06-09,trends_nyc,50.0
2015-06-10,trends_nyc,36.0
2015-06-11,trends_nyc,0.0
2015-06-12,trends_nyc,20.0
2015-06-13,trends_nyc,0.0
2015-06-14,trends_nyc,0.0
2015-06-15,trends_nyc,0.0
2015-06-16,trends_nyc,0.0
2015-06-17,trends_nyc,0.0
2015-06-18,trends_nyc,20.0
2015-06-19,trends_nyc,32.0
2015-06-20,trends_nyc,0.0
2015-06-21,trends_nyc,0.0
2015-06-22,trends_nyc,0.0
2015-06-23,trends_nyc,0.0
2015-06-24,trends_nyc,0.0
2015-06-25,trends_nyc,0.0
2015-06-26,trends_nyc,0.0
2015-06-27,trends_nyc,0.0
2015-06-28,trends_nyc,0.0
2015-06-29,trends_nyc,0.0
2015-06-30,trends_nyc,0.0
2015-07-01,trends_nyc,0.0
2015-07-02,trends_nyc,0.0
2015-07-03,trends_nyc,0.0
2015-07-04,trends_nyc,0.0
2015-07-05,trends_nyc,0.0
2015-07-06,trends_nyc,0.0
2015-07-07,trends_nyc,0.0
2015-07-08,trends_nyc,0.0
2015-07-09,trends_nyc,0.0
2015-07-10,trends_nyc,0.0
2015-07-11,trends_nyc,0.0
2015-07-12,trends_nyc,0.0
2015-07-13,trends_nyc,0.0
2015-07-14,trends_nyc,0.0
2015-07-15,trends_nyc,0.0
2015-07-16,trends_nyc,0.0
2015-07-17,trends_nyc,0.0
2015-07-18,trends_nyc,0.0
2015-07-19,trends_nyc,0.0
2015-07-20,trends_nyc,0.0
2015-07-21,trends_nyc,19.57894736842105
2015-07-22,trends_nyc,0.0
2015-07-23,trends_nyc,44.05263157894737
2015-07-24,trends_nyc,40.99342105263158
2015-07-25,trends_nyc,0.0
2015-07-26,trends_nyc,0.0
2015-07-27,trends_nyc,22.026315789473685
2015-07-28,trends_nyc,0.0
2015-07-29,trends_nyc,30.592105263157897
2015-07-30,trends_nyc,18.35526315789474
2015-07-31,trends_nyc,0.0
2015-08-01,trends_nyc,0.0
2015-08-02,trends_nyc,0.0
2015-08-03,trends_nyc,0.0
2015-08-04,trends_nyc,0.0
2015-08-05,trends_nyc,0.0
2015-08-06,trends_nyc,0.0
2015-08-07,trends_nyc,0.0
2015-08-08,trends_nyc,31.81578947368421
2015-08-09,trends_nyc,0.0
2015-08-10,trends_nyc,0.0
2015-08-11,trends_nyc,0.0
2015-08-12,trends_nyc,0.0
2015-08-13,trends_nyc,0.0
2015-08-14,trends_nyc,0.0
2015-08-15,trends_nyc,0.0
2015-08-16,trends_nyc,0.0
2015-08-17,trends_nyc,0.0
2015-08-18,trends_nyc,0.0
2015-08-19,trends_nyc,0.0
2015-08-20,trends_nyc,0.0
2015-08-21,trends_nyc,0.0
2015-08-22,trends_nyc,0.0
2015-08-23,trends_nyc,0.0
2015-08-24,trends_nyc,0.0
2015-08-25,trends_nyc,0.0
2015-08-26,trends_nyc,0.0
2015-08-27,trends_nyc,0.0
2015-08-28,trends_nyc,0.0
2015-08-29,trends_nyc,0.0
2015-08-30,trends_nyc,0.0
2015-08-31,trends_nyc,26.921052631578952
2015-09-01,trends_nyc,0.0
2015-09-02,trends_nyc,0.0
2015-09-03,trends_nyc,0.0
2015-09-04,trends_nyc,0.0
2015-09-05,trends_nyc,0.0
2015-09-06,trends_nyc,0.0
2015-09-07,trends_nyc,0.0
2015-09-08,trends_nyc,0.0
2015-09-09,trends_nyc,0.0
2015-09-10,trends_nyc,0.0
2015-09-11,trends_nyc,0.0
2015-09-12,trends_nyc,0.0
2015-09-13,trends_nyc,0.0
2015-09-14,trends_nyc,0.0
2015-09-15,trends_nyc,17.743421052631582
2015-09-16,trends_nyc,18.967105263157897
2015-09-17,trends_nyc,20.80263157894737
2015-09-18,trends_nyc,0.0
2015-09-19,trends_nyc,0.0
2015-09-20,trends_nyc,0.0
2015-09-21,trends_nyc,0.0
2015-09-22,trends_nyc,0.0
2015-09-23,trends_nyc,0.0
2015-09-24,trends_nyc,22.63815789473685
2015-09-25,trends_nyc,0.0
2015-09-26,trends_nyc,0.0
2015-09-27,trends_nyc,0.0
2015-09-28,trends_nyc,17.743421052631582
2015-09-29,trends_nyc,0.0
2015-09-30,trends_nyc,25.697368421052637
2015-10-01,trends_nyc,0.0
2015-10-02,trends_nyc,0.0
2015-10-03,trends_nyc,0.0
2015-10-04,trends_nyc,0.0
2015-10-05,trends_nyc,0.0
2015-10-06,trends_nyc,0.0
2015-10-07,trends_nyc,119.00000000000001
2015-10-08,trends_nyc,0.0
2015-10-09,trends_nyc,18.967105263157897
2015-10-10,trends_nyc,0.0
2015-10-11,trends_nyc,0.0
2015-10-12,trends_nyc,0.0
2015-10-13,trends_nyc,18.35526315789474
2015-10-14,trends_nyc,0.0
2015-10-15,trends_nyc,25.08552631578948
2015-10-16,trends_nyc,21.414473684210527
2015-10-17,trends_nyc,0.0
2015-10-18,trends_nyc,0.0
2015-10-19,trends_nyc,0.0
2015-10-20,trends_nyc,27.53289473684211
2015-10-21,trends_nyc,22.63815789473685
2015-10-22,trends_nyc,22.63815789473685
2015-10-23,trends_nyc,0.0
2015-10-24,trends_nyc,0.0
2015-10-25,trends_nyc,0.0
2015-10-26,trends_nyc,0.0
2015-10-27,trends_nyc,49.5592105263158
2015-10-28,trends_nyc,60.20526315789475
2015-10-29,trends_nyc,31.30673684210527
2015-10-30,trends_nyc,30.704684210526324
2015-10-31,trends_nyc,0.0
2015-11-01,trends_nyc,0.0
2015-11-02,trends_nyc,36.69166666666668
2015-11-03,trends_nyc,0.0
2015-11-04,trends_nyc,32.725
2015-11-05,trends_nyc,49.58333333333334
2015-11-06,trends_nyc,0.0
2015-11-07,trends_nyc,0.0
2015-11-08,trends_nyc,22.878000000000004
2015-11-09,trends_nyc,30.10263157894737
2015-11-10,trends_nyc,25.88826315789474
2015-11-11,trends_nyc,33.71494736842106
2015-11-12,trends_nyc,21.07184210526316
2015-11-13,trends_nyc,0.0
2015-11-14,trends_nyc,0.0
2015-11-15,trends_nyc,0.0
2015-11-16,trends_nyc,18.66363157894737
2015-11-17,trends_nyc,26.49031578947369
2015-11-18,trends_nyc,19.26568421052632
2015-11-19,trends_nyc,24.0821052631579
2015-11-20,trends_nyc,19.26568421052632
2015-11-21,trends_nyc,0.0
2015-11-22,trends_nyc,0.0
2015-11-23,trends_nyc,0.0
2015-11-24,trends_nyc,28.89852631578948
2015-11-25,trends_nyc,22.275947368421058
2015-11-26,trends_nyc,0.0
2015-11-27,trends_nyc,0.0
2015-11-28,trends_nyc,0.0
2015-11-29,trends_nyc,0.0
2015-11-30,trends_nyc,0.0
2015-12-01,trends_nyc,39.47317073170732
2015-12-02,trends_nyc,24.38048780487805
2015-12-03,trends_nyc,29.604878048780492
2015-12-04,trends_nyc,0.0
2015-12-05,trends_nyc,0.0
2015-12-06,trends_nyc,0.0
2015-12-07,trends_nyc,25.541463414634148
2015-12-08,trends_nyc,30.10263157894737
2015-12-09,trends_nyc,26.49031578947369
2015-12-10,trends_nyc,31.30673684210527
2015-12-11,trends_nyc,23.480052631578957
2015-12-12,trends_nyc,0.0
2015-12-13,trends_nyc,0.0
2015-12-14,trends_nyc,22.275947368421058
2015-12-15,trends_nyc,0.0
2015-12-16,trends_nyc,34.91905263157896
2015-12-17,trends_nyc,0.0
2015-12-18,trends_nyc,24.0821052631579
2015-12-19,trends_nyc,0.0
2015-12-20,trends_nyc,0.0
2015-12-21,trends_nyc,33.112894736842115
2015-12-22,trends_nyc,21.67389473684211
2015-12-23,trends_nyc,0.0
2015-12-24,trends_nyc,0.0
2015-12-25,trends_nyc,0.0
2015-12-26,trends_nyc,0.0
2015-12-27,trends_nyc,0.0
2015-12-28,trends_nyc,0.0
2015-12-29,trends_nyc,0.0
2015-12-30,trends_nyc,0.0
2015-12-31,trends_nyc,0.0
2016-01-01,trends_nyc,0.0
2016-01-02,trends_nyc,0.0
2016-01-03,trends_nyc,0.0
2016-01-04,trends_nyc,26.9126213592233
2016-01-05,trends_nyc,23.92233009708738
2016-01-06,trends_nyc,0.0
2016-01-07,trends_nyc,26.165048543689316
2016-01-08,trends_nyc,18.061578947368425
2016-01-09,trends_nyc,0.0
2016-01-10,trends_nyc,0.0
2016-01-11,trends_nyc,0.0
2016-01-12,trends_nyc,0.0
2016-01-13,trends_nyc,0.0
2016-01-14,trends_nyc,0.0
2016-01-15,trends_nyc,19.26568421052632
2016-01-16,trends_nyc,0.0
2016-01-17,trends_nyc,0.0
2016-01-18,trends_nyc,18.061578947368425
2016-01-19,trends_nyc,0.0
2016-01-20,trends_nyc,0.0
2016-01-21,trends_nyc,0.0
2016-01-22,trends_nyc,0.0
2016-01-23,trends_nyc,0.0
2016-01-24,trends_nyc,0.0
2016-01-25,trends_nyc,17.45952631578948
2016-01-26,trends_nyc,0.0
2016-01-27,trends_nyc,0.0
2016-01-28,trends_nyc,0.0
2016-01-29,trends_nyc,0.0
2016-01-30,trends_nyc,0.0
2016-01-31,trends_nyc,0.0
2016-02-01,trends_nyc,0.0
2016-02-02,trends_nyc,0.0
2016-02-03,trends_nyc,84.0
2016-02-04,trends_nyc,0.0
2016-02-05,trends_nyc,0.0
2016-02-06,trends_nyc,0.0
2016-02-07,trends_nyc,0.0
2016-02-08,trends_nyc,0.0
2016-02-09,trends_nyc,0.0
2016-02-10,trends_nyc,19.867736842105263
2016-02-11,trends_nyc,18.061578947368425
2016-02-12,trends_nyc,19.26568421052632
2016-02-13,trends_nyc,0.0
2016-02-14,trends_nyc,0.0
2016-02-15,trends_nyc,0.0
2016-02-16,trends_nyc,0.0
2016-02-17,trends_nyc,0.0
2016-02-18,trends_nyc,0.0
2016-02-19,trends_nyc,25.88826315789474
2016-02-20,trends_nyc,0.0
2016-02-21,trends_nyc,0.0
2016-02-22,trends_nyc,0.0
2016-02-23,trends_nyc,0.0
2016-02-24,trends_nyc,0.0
2016-02-25,trends_nyc,25.524842296650725
2016-02-26,trends_nyc,0.0
2016-02-27,trends_nyc,0.0
2016-02-28,trends_nyc,0.0
2016-02-29,trends_nyc,16.634166889952155
2016-03-01,trends_nyc,33.0
2016-03-02,trends_nyc,0.0
2016-03-03,trends_nyc,0.0
2016-03-04,trends_nyc,44.00000000000001
2016-03-05,trends_nyc,0.0
2016-03-06,trends_nyc,0.0
2016-03-07,trends_nyc,0.0
2016-03-08,trends_nyc,17.781350813397133
2016-03-09,trends_nyc,17.49455483253589
2016-03-10,trends_nyc,16.634166889952155
2016-03-11,trends_nyc,28.679598086124408
2016-03-12,trends_nyc,0.0
2016-03-13,trends_nyc,0.0
2016-03-14,trends_nyc,0.0
2016-03-15,trends_nyc,0.0
2016-03-16,trends_nyc,0.0
2016-03-17,trends_nyc,22.943678468899527
2016-03-18,trends_nyc,18.35494277511962
2016-03-19,trends_nyc,0.0
2016-03-20,trends_nyc,0.0
2016-03-21,trends_nyc,25.23804631578948
2016-03-22,trends_nyc,21.22290258373206
2016-03-23,trends_nyc,0.0
2016-03-24,trends_nyc,19.215330717703356
2016-03-25,trends_nyc,0.0
2016-03-26,trends_nyc,0.0
2016-03-27,trends_nyc,0.0
2016-03-28,trends_nyc,16.347370909090913
2016-03-29,trends_nyc,24.95125033492824
2016-03-30,trends_nyc,0.0
2016-03-31,trends_nyc,0.0
2016-04-01,trends_nyc,0.0
2016-04-02,trends_nyc,0.0
2016-04-03,trends_nyc,0.0
2016-04-04,trends_nyc,84.0
2016-04-05,trends_nyc,0.0
2016-04-06,trends_nyc,0.0
2016-04-07,trends_nyc,0.0
2016-04-08,trends_nyc,0.0
2016-04-09,trends_nyc,0.0
2016-04-10,trends_nyc,0.0
2016-04-11,trends_nyc,18.06814679425838
2016-04-12,trends_nyc,0.0
2016-04-13,trends_nyc,23.23047444976077
2016-04-14,trends_nyc,28.392802105263165
2016-04-15,trends_nyc,0.0
2016-04-16,trends_nyc,0.0
2016-04-17,trends_nyc,0.0
2016-04-18,trends_nyc,0.0
2016-04-19,trends_nyc,20.36251464114833
2016-04-20,trends_nyc,20.93610660287082
2016-04-21,trends_nyc,0.0
2016-04-22,trends_nyc,20.36251464114833
2016-04-23,trends_nyc,0.0
2016-04-24,trends_nyc,0.0
2016-04-25,trends_nyc,0.0
2016-04-26,trends_nyc,0.0
2016-04-27,trends_nyc,0.0
2016-04-28,trends_nyc,19.5021266985646
2016-04-29,trends_nyc,0.0
2016-04-30,trends_nyc,0.0
2016-05-01,trends_nyc,0.0
2016-05-02,trends_nyc,0.0
2016-05-03,trends_nyc,32.964285714285715
2016-05-04,trends_nyc,27.392857142857142
2016-05-05,trends_nyc,30.642857142857142
2016-05-06,trends_nyc,0.0
2016-05-07,trends_nyc,0.0
2016-05-08,trends_nyc,0.0
2016-05-09,trends_nyc,0.0
2016-05-10,trends_nyc,15.773778947368424
2016-05-11,trends_nyc,0.0
2016-05-12,trends_nyc,22.65688248803828
2016-05-13,trends_nyc,0.0
2016-05-14,trends_nyc,0.0
2016-05-15,trends_nyc,0.0
2016-05-16,trends_nyc,20.36251464114833
2016-05-17,trends_nyc,0.0
2016-05-18,trends_nyc,0.0
2016-05-19,trends_nyc,21.22290258373206
2016-05-20,trends_nyc,0.0
2016-05-21,trends_nyc,0.0
2016-05-22,trends_nyc,0.0
2016-05-23,trends_nyc,0.0
2016-05-24,trends_nyc,19.215330717703356
2016-05-25,trends_nyc,17.781350813397133
2016-05-26,trends_nyc,21.22290258373206
2016-05-27,trends_nyc,0.0
2016-05-28,trends_nyc,0.0
2016-05-29,trends_nyc,0.0
2016-05-30,trends_nyc,0.0
2016-05-31,trends_nyc,0.0
2016-06-01,trends_nyc,0.0
2016-06-02,trends_nyc,0.0
2016-06-03,trends_nyc,0.0
2016-06-04,trends_nyc,0.0
2016-06-05,trends_nyc,0.0
2016-06-06,trends_nyc,56.0
2016-06-07,trends_nyc,0.0
2016-06-08,trends_nyc,19.5021266985646
2016-06-09,trends_nyc,0.0
2016-06-10,trends_nyc,0.0
2016-06-11,trends_nyc,0.0
2016-06-12,trends_nyc,0.0
2016-06-13,trends_nyc,0.0
2016-06-14,trends_nyc,0.0
2016-06-15,trends_nyc,0.0
2016-06-16,trends_nyc,16.634166889952155
2016-06-17,trends_nyc,0.0
2016-06-18,trends_nyc,0.0
2016-06-19,trends_nyc,0.0
2016-06-20,trends_nyc,0.0
2016-06-21,trends_nyc,0.0
2016-06-22,trends_nyc,0.0
2016-06-23,trends_nyc,0.0
2016-06-24,trends_nyc,0.0
2016-06-25,trends_nyc,0.0
2016-06-26,trends_nyc,0.0
2016-06-27,trends_nyc,0.0
2016-06-28,trends_nyc,0.0
2016-06-29,trends_nyc,0.0
2016-06-30,trends_nyc,0.0
2016-07-01,trends_nyc,0.0
2016-07-02,trends_nyc,0.0
2016-07-03,trends_nyc,0.0
2016-07-04,trends_nyc,0.0
2016-07-05,trends_nyc,0.0
2016-07-06,trends_nyc,35.7196261682243
2016-07-07,trends_nyc,146.28037383177568
2016-07-08,trends_nyc,175.18302270441595
2016-07-09,trends_nyc,89.34334157925213
2016-07-10,trends_nyc,56.0585672654131
2016-07-11,trends_nyc,52.554906811324784
2016-07-12,trends_nyc,28.02928363270655
2016-07-13,trends_nyc,31.53294408679487
2016-07-14,trends_nyc,22.773792951574077
2016-07-15,trends_nyc,0.0
2016-07-16,trends_nyc,0.0
2016-07-17,trends_nyc,28.02928363270655
2016-07-18,trends_nyc,0.0
2016-07-19,trends_nyc,21.021962724529917
2016-07-20,trends_nyc,19.270132497485758
2016-07-21,trends_nyc,19.270132497485758
2016-07-22,trends_nyc,0.0
2016-07-23,trends_nyc,0.0
2016-07-24,trends_nyc,0.0
2016-07-25,trends_nyc,21.021962724529917
2016-07-26,trends_nyc,0.0
2016-07-27,trends_nyc,0.0
2016-07-28,trends_nyc,0.0
2016-07-29,trends_nyc,0.0
2016-07-30,trends_nyc,0.0
2016-07-31,trends_nyc,0.0
2016-08-01,trends_nyc,0.0
2016-08-02,trends_nyc,0.0
2016-08-03,trends_nyc,49.0
2016-08-04,trends_nyc,0.0
2016-08-05,trends_nyc,0.0
2016-08-06,trends_nyc,0.0
2016-08-07,trends_nyc,0.0
2016-08-08,trends_nyc,0.0
2016-08-09,trends_nyc,0.0
2016-08-10,trends_nyc,0.0
2016-08-11,trends_nyc,0.0
2016-08-12,trends_nyc,0.0
2016-08-13,trends_nyc,0.0
2016-08-14,trends_nyc,0.0
2016-08-15,trends_nyc,0.0
2016-08-16,trends_nyc,0.0
2016-08-17,trends_nyc,0.0
2016-08-18,trends_nyc,0.0
2016-08-19,trends_nyc,0.0
2016-08-20,trends_nyc,0.0
2016-08-21,trends_nyc,0.0
2016-08-22,trends_nyc,0.0
2016-08-23,trends_nyc,0.0
2016-08-24,trends_nyc,0.0
2016-08-25,trends_nyc,0.0
2016-08-26,trends_nyc,0.0
2016-08-27,trends_nyc,0.0
2016-08-28,trends_nyc,0.0
2016-08-29,trends_nyc,0.0
2016-08-30,trends_nyc,0.0
2016-08-31,trends_nyc,0.0
2016-09-01,trends_nyc,0.0
2016-09-02,trends_nyc,0.0
2016-09-03,trends_nyc,0.0
2016-09-04,trends_nyc,0.0
2016-09-05,trends_nyc,0.0
2016-09-06,trends_nyc,0.0
2016-09-07,trends_nyc,0.0
2016-09-08,trends_nyc,0.0
2016-09-09,trends_nyc,17.518302270441595
2016-09-10,trends_nyc,0.0
2016-09-11,trends_nyc,0.0
2016-09-12,trends_nyc,0.0
2016-09-13,trends_nyc,0.0
2016-09-14,trends_nyc,0.0
2016-09-15,trends_nyc,0.0
2016-09-16,trends_nyc,0.0
2016-09-17,trends_nyc,0.0
2016-09-18,trends_nyc,0.0
2016-09-19,trends_nyc,0.0
2016-09-20,trends_nyc,0.0
2016-09-21,trends_nyc,35.03660454088319
2016-09-22,trends_nyc,33.28477431383903
2016-09-23,trends_nyc,22.773792951574077
2016-09-24,trends_nyc,0.0
2016-09-25,trends_nyc,22.773792951574077
2016-09-26,trends_nyc,19.270132497485758
2016-09-27,trends_nyc,29.78111385975071
2016-09-28,trends_nyc,22.773792951574077
2016-09-29,trends_nyc,29.78111385975071
2016-09-30,trends_nyc,0.0
2016-10-01,trends_nyc,0.0
2016-10-02,trends_nyc,0.0
2016-10-03,trends_nyc,0.0
2016-10-04,trends_nyc,21.162790697674417
2016-10-05,trends_nyc,27.51162790697675
2016-10-06,trends_nyc,19.046511627906977
2016-10-07,trends_nyc,23.279069767441865
2016-10-08,trends_nyc,0.0
2016-10-09,trends_nyc,26.277453405662392
2016-10-10,trends_nyc,0.0
2016-10-11,trends_nyc,17.518302270441595
2016-10-12,trends_nyc,0.0
2016-10-13,trends_nyc,22.773792951574077
2016-10-14,trends_nyc,0.0
2016-10-15,trends_nyc,0.0
2016-10-16,trends_nyc,0.0
2016-10-17,trends_nyc,0.0
2016-10-18,trends_nyc,17.518302270441595
2016-10-19,trends_nyc,0.0
2016-10-20,trends_nyc,0.0
2016-10-21,trends_nyc,0.0
2016-10-22,trends_nyc,0.0
2016-10-23,trends_nyc,0.0
2016-10-24,trends_nyc,19.378270165821814
2016-10-25,trends_nyc,17.302026933769476
2016-10-26,trends_nyc,21.454513397874152
2016-10-27,trends_nyc,0.0
2016-10-28,trends_nyc,0.0
2016-10-29,trends_nyc,0.0
2016-10-30,trends_nyc,0.0
2016-10-31,trends_nyc,0.0
2016-11-01,trends_nyc,53.413043478260875
2016-11-02,trends_nyc,0.0
2016-11-03,trends_nyc,0.0
2016-11-04,trends_nyc,0.0
2016-11-05,trends_nyc,0.0
2016-11-06,trends_nyc,0.0
2016-11-07,trends_nyc,37.58695652173913
2016-11-08,trends_nyc,0.0
2016-11-09,trends_nyc,0.0
2016-11-10,trends_nyc,29.06740524873272
2016-11-11,trends_nyc,0.0
2016-11-12,trends_nyc,0.0
2016-11-13,trends_nyc,0.0
2016-11-14,trends_nyc,15.91786477906792
2016-11-15,trends_nyc,15.91786477906792
2016-11-16,trends_nyc,19.378270165821814
2016-11-17,trends_nyc,17.648067472444865
2016-11-18,trends_nyc,17.648067472444865
2016-11-19,trends_nyc,0.0
2016-11-20,trends_nyc,0.0
2016-11-21,trends_nyc,20.41639178184798
2016-11-22,trends_nyc,0.0
2016-11-23,trends_nyc,0.0
2016-11-24,trends_nyc,0.0
2016-11-25,trends_nyc,0.0
2016-11-26,trends_nyc,0.0
2016-11-27,trends_nyc,0.0
2016-11-28,trends_nyc,0.0
2016-11-29,trends_nyc,21.454513397874152
2016-11-30,trends_nyc,28.37532417138194
2016-12-01,trends_nyc,15.342105263157896
2016-12-02,trends_nyc,18.81578947368421
2016-12-03,trends_nyc,0.0
2016-12-04,trends_nyc,0.0
2016-12-05,trends_nyc,14.473684210526315
2016-12-06,trends_nyc,28.36842105263158
2016-12-07,trends_nyc,0.0
2016-12-08,trends_nyc,26.29908093932961
2016-12-09,trends_nyc,0.0
2016-12-10,trends_nyc,0.0
2016-12-11,trends_nyc,0.0
2016-12-12,trends_nyc,23.87679716860188
2016-12-13,trends_nyc,0.0
2016-12-14,trends_nyc,0.0
2016-12-15,trends_nyc,18.340148549795646
2016-12-16,trends_nyc,0.0
2016-12-17,trends_nyc,0.0
2016-12-18,trends_nyc,17.648067472444865
2016-12-19,trends_nyc,0.0
2016-12-20,trends_nyc,21.80055393654954
2016-12-21,trends_nyc,0.0
2016-12-22,trends_nyc,0.0
2016-12-23,trends_nyc,0.0
2016-12-24,trends_nyc,0.0
2016-12-25,trends_nyc,0.0
2016-12-26,trends_nyc,0.0
2016-12-27,trends_nyc,0.0
2016-12-28,trends_nyc,0.0
2016-12-29,trends_nyc,0.0
2016-12-30,trends_nyc,0.0
2016-12-31,trends_nyc,0.0
2017-01-01,trends_nyc,0.0
2017-01-02,trends_nyc,0.0
2017-01-03,trends_nyc,62.99999999999999
2017-01-04,trends_nyc,0.0
2017-01-05,trends_nyc,0.0
2017-01-06,trends_nyc,0.0
2017-01-07,trends_nyc,0.0
2017-01-08,trends_nyc,0.0
2017-01-09,trends_nyc,16.955986395094087
2017-01-10,trends_nyc,0.0
2017-01-11,trends_nyc,0.0
2017-01-12,trends_nyc,23.184716091251097
2017-01-13,trends_nyc,15.91786477906792
2017-01-14,trends_nyc,0.0
2017-01-15,trends_nyc,0.0
2017-01-16,trends_nyc,0.0
2017-01-17,trends_nyc,0.0
2017-01-18,trends_nyc,20.41639178184798
2017-01-19,trends_nyc,0.0
2017-01-20,trends_nyc,0.0
2017-01-21,trends_nyc,0.0
2017-01-22,trends_nyc,25.606999861978824
2017-01-23,trends_nyc,15.22578370171714
2017-01-24,trends_nyc,0.0
2017-01-25,trends_nyc,0.0
2017-01-26,trends_nyc,0.0
2017-01-27,trends_nyc,0.0
2017-01-28,trends_nyc,0.0
2017-01-29,trends_nyc,0.0
2017-01-30,trends_nyc,0.0
2017-01-31,trends_nyc,0.0
2017-02-01,trends_nyc,0.0
2017-02-02,trends_nyc,0.0
2017-02-03,trends_nyc,0.0
2017-02-04,trends_nyc,0.0
2017-02-05,trends_nyc,0.0
2017-02-06,trends_nyc,0.0
2017-02-07,trends_nyc,0.0
2017-02-08,trends_nyc,0.0
2017-02-09,trends_nyc,0.0
2017-02-10,trends_nyc,0.0
2017-02-11,trends_nyc,0.0
2017-02-12,trends_nyc,0.0
2017-02-13,trends_nyc,0.0
2017-02-14,trends_nyc,0.0
2017-02-15,trends_nyc,0.0
2017-02-16,trends_nyc,16.955986395094087
2017-02-17,trends_nyc,0.0
2017-02-18,trends_nyc,19.032229627146425
2017-02-19,trends_nyc,0.0
2017-02-20,trends_nyc,0.0
2017-02-21,trends_nyc,0.0
2017-02-22,trends_nyc,0.0
2017-02-23,trends_nyc,0.0
2017-02-24,trends_nyc,0.0
2017-02-25,trends_nyc,0.0
2017-02-26,trends_nyc,0.0
2017-02-27,trends_nyc,25.304214390637863
2017-02-28,trends_nyc,0.0
2017-03-01,trends_nyc,34.846715328467155
2017-03-02,trends_nyc,0.0
2017-03-03,trends_nyc,42.15328467153285
2017-03-04,trends_nyc,0.0
2017-03-05,trends_nyc,0.0
2017-03-06,trends_nyc,0.0
2017-03-07,trends_nyc,0.0
2017-03-08,trends_nyc,0.0
2017-03-09,trends_nyc,0.0
2017-03-10,trends_nyc,0.0
2017-03-11,trends_nyc,0.0
2017-03-12,trends_nyc,0.0
2017-03-13,trends_nyc,18.27526594879401
2017-03-14,trends_nyc,0.0
2017-03-15,trends_nyc,18.27526594879401
2017-03-16,trends_nyc,0.0
2017-03-17,trends_nyc,26.710004079006637
2017-03-18,trends_nyc,0.0
2017-03-19,trends_nyc,0.0
2017-03-20,trends_nyc,21.93031913855281
2017-03-21,trends_nyc,0.0
2017-03-22,trends_nyc,15.46368657205647
2017-03-23,trends_nyc,0.0
2017-03-24,trends_nyc,0.0
2017-03-25,trends_nyc,0.0
2017-03-26,trends_nyc,0.0
2017-03-27,trends_nyc,15.744844509730225
2017-03-28,trends_nyc,14.901370696708964
2017-03-29,trends_nyc,0.0
2017-03-30,trends_nyc,0.0
2017-03-31,trends_nyc,0.0
2017-04-01,trends_nyc,0.0
2017-04-02,trends_nyc,0.0
2017-04-03,trends_nyc,21.471153846153847
2017-04-04,trends_nyc,0.0
2017-04-05,trends_nyc,37.019230769230774
2017-04-06,trends_nyc,18.509615384615387
2017-04-07,trends_nyc,0.0
2017-04-08,trends_nyc,0.0
2017-04-09,trends_nyc,0.0
2017-04-10,trends_nyc,14.339054821361454
2017-04-11,trends_nyc,0.0
2017-04-12,trends_nyc,0.0
2017-04-13,trends_nyc,0.0
2017-04-14,trends_nyc,0.0
2017-04-15,trends_nyc,0.0
2017-04-16,trends_nyc,0.0
2017-04-17,trends_nyc,0.0
2017-04-18,trends_nyc,15.46368657205647
2017-04-19,trends_nyc,0.0
2017-04-20,trends_nyc,0.0
2017-04-21,trends_nyc,25.585372328311617
2017-04-22,trends_nyc,0.0
2017-04-23,trends_nyc,0.0
2017-04-24,trends_nyc,26.991162016680384
2017-04-25,trends_nyc,17.712950073446503
2017-04-26,trends_nyc,15.182528634382717
2017-04-27,trends_nyc,16.588318322751487
2017-04-28,trends_nyc,0.0
2017-04-29,trends_nyc,0.0
2017-04-30,trends_nyc,0.0
2017-05-01,trends_nyc,0.0
2017-05-02,trends_nyc,15.532075471698114
2017-05-03,trends_nyc,22.822641509433964
2017-05-04,trends_nyc,29.479245283018876
2017-05-05,trends_nyc,16.166037735849056
2017-05-06,trends_nyc,0.0
2017-05-07,trends_nyc,0.0
2017-05-08,trends_nyc,17.712950073446503
2017-05-09,trends_nyc,17.150634198098995
2017-05-10,trends_nyc,0.0
2017-05-11,trends_nyc,0.0
2017-05-12,trends_nyc,0.0
2017-05-13,trends_nyc,0.0
2017-05-14,trends_nyc,0.0
2017-05-15,trends_nyc,25.86653026598537
2017-05-16,trends_nyc,15.46368657205647
2017-05-17,trends_nyc,0.0
2017-05-18,trends_nyc,17.994108011120257
2017-05-19,trends_nyc,0.0
2017-05-20,trends_nyc,0.0
2017-05-21,trends_nyc,0.0
2017-05-22,trends_nyc,17.150634198098995
2017-05-23,trends_nyc,0.0
2017-05-24,trends_nyc,16.86947626042524
2017-05-25,trends_nyc,0.0
2017-05-26,trends_nyc,0.0
2017-05-27,trends_nyc,0.0
2017-05-28,trends_nyc,0.0
2017-05-29,trends_nyc,0.0
2017-05-30,trends_nyc,0.0
2017-05-31,trends_nyc,0.0
2017-06-01,trends_nyc,0.0
2017-06-02,trends_nyc,56.0
2017-06-03,trends_nyc,0.0
2017-06-04,trends_nyc,0.0
2017-06-05,trends_nyc,0.0
2017-06-06,trends_nyc,0.0
2017-06-07,trends_nyc,0.0
2017-06-08,trends_nyc,0.0
2017-06-09,trends_nyc,0.0
2017-06-10,trends_nyc,0.0
2017-06-11,trends_nyc,0.0
2017-06-12,trends_nyc,0.0
2017-06-13,trends_nyc,0.0
2017-06-14,trends_nyc,0.0
2017-06-15,trends_nyc,0.0
2017-06-16,trends_nyc,0.0
2017-06-17,trends_nyc,0.0
2017-06-18,trends_nyc,0.0
2017-06-19,trends_nyc,15.2057009918833
2017-06-20,trends_nyc,0.0
2017-06-21,trends_nyc,23.703004487347496
2017-06-22,trends_nyc,0.0
2017-06-23,trends_nyc,0.0
2017-06-24,trends_nyc,0.0
2017-06-25,trends_nyc,0.0
2017-06-26,trends_nyc,0.0
2017-06-27,trends_nyc,16.547380491167118
2017-06-28,trends_nyc,0.0
2017-06-29,trends_nyc,0.0
2017-06-30,trends_nyc,0.0
2017-07-01,trends_nyc,0.0
2017-07-02,trends_nyc,0.0
2017-07-03,trends_nyc,0.0
2017-07-04,trends_nyc,0.0
2017-07-05,trends_nyc,0.0
2017-07-06,trends_nyc,0.0
2017-07-07,trends_nyc,0.0
2017-07-08,trends_nyc,0.0
2017-07-09,trends_nyc,0.0
2017-07-10,trends_nyc,0.0
2017-07-11,trends_nyc,0.0
2017-07-12,trends_nyc,0.0
2017-07-13,trends_nyc,0.0
2017-07-14,trends_nyc,0.0
2017-07-15,trends_nyc,0.0
2017-07-16,trends_nyc,0.0
2017-07-17,trends_nyc,0.0
2017-07-18,trends_nyc,0.0
2017-07-19,trends_nyc,0.0
2017-07-20,trends_nyc,0.0
2017-07-21,trends_nyc,0.0
2017-07-22,trends_nyc,0.0
2017-07-23,trends_nyc,0.0
2017-07-24,trends_nyc,0.0
2017-07-25,trends_nyc,0.0
2017-07-26,trends_nyc,0.0
2017-07-27,trends_nyc,0.0
2017-07-28,trends_nyc,35.330893481140606
2017-07-29,trends_nyc,44.72264997612735
2017-07-30,trends_nyc,24.150230987108767
2017-07-31,trends_nyc,0.0
2017-08-01,trends_nyc,18.397435897435894
2017-08-02,trends_nyc,16.6025641025641
2017-08-03,trends_nyc,0.0
2017-08-04,trends_nyc,0.0
2017-08-05,trends_nyc,0.0
2017-08-06,trends_nyc,0.0
2017-08-07,trends_nyc,0.0
2017-08-08,trends_nyc,0.0
2017-08-09,trends_nyc,0.0
2017-08-10,trends_nyc,0.0
2017-08-11,trends_nyc,0.0
2017-08-12,trends_nyc,0.0
2017-08-13,trends_nyc,0.0
2017-08-14,trends_nyc,0.0
2017-08-15,trends_nyc,0.0
2017-08-16,trends_nyc,0.0
2017-08-17,trends_nyc,0.0
2017-08-18,trends_nyc,0.0
2017-08-19,trends_nyc,0.0
2017-08-20,trends_nyc,0.0
2017-08-21,trends_nyc,0.0
2017-08-22,trends_nyc,0.0
2017-08-23,trends_nyc,0.0
2017-08-24,trends_nyc,0.0
2017-08-25,trends_nyc,0.0
2017-08-26,trends_nyc,0.0
2017-08-27,trends_nyc,0.0
2017-08-28,trends_nyc,0.0
2017-08-29,trends_nyc,0.0
2017-08-30,trends_nyc,0.0
2017-08-31,trends_nyc,0.0
2017-09-01,trends_nyc,0.0
2017-09-02,trends_nyc,0.0
2017-09-03,trends_nyc,0.0
2017-09-04,trends_nyc,0.0
2017-09-05,trends_nyc,0.0
2017-09-06,trends_nyc,0.0
2017-09-07,trends_nyc,0.0
2017-09-08,trends_nyc,16.547380491167118
2017-09-09,trends_nyc,0.0
2017-09-10,trends_nyc,0.0
2017-09-11,trends_nyc,0.0
2017-09-12,trends_nyc,0.0
2017-09-13,trends_nyc,0.0
2017-09-14,trends_nyc,0.0
2017-09-15,trends_nyc,0.0
2017-09-16,trends_nyc,0.0
2017-09-17,trends_nyc,0.0
2017-09-18,trends_nyc,0.0
2017-09-19,trends_nyc,23.25577798758622
2017-09-20,trends_nyc,0.0
2017-09-21,trends_nyc,0.0
2017-09-22,trends_nyc,0.0
2017-09-23,trends_nyc,0.0
2017-09-24,trends_nyc,0.0
2017-09-25,trends_nyc,18.783512989973488
2017-09-26,trends_nyc,17.88905999045094
2017-09-27,trends_nyc,19.23073948973476
2017-09-28,trends_nyc,0.0
2017-09-29,trends_nyc,0.0
2017-09-30,trends_nyc,0.0
2017-10-01,trends_nyc,0.0
2017-10-02,trends_nyc,0.0
2017-10-03,trends_nyc,0.0
2017-10-04,trends_nyc,0.0
2017-10-05,trends_nyc,0.0
2017-10-06,trends_nyc,0.0
2017-10-07,trends_nyc,0.0
2017-10-08,trends_nyc,0.0
2017-10-09,trends_nyc,25.491910486392587
2017-10-10,trends_nyc,0.0
2017-10-11,trends_nyc,18.783512989973488
2017-10-12,trends_nyc,16.100153991405847
2017-10-13,trends_nyc,0.0
2017-10-14,trends_nyc,0.0
2017-10-15,trends_nyc,0.0
2017-10-16,trends_nyc,25.491910486392587
2017-10-17,trends_nyc,20.864088445384628
2017-10-18,trends_nyc,26.22108412730771
2017-10-19,trends_nyc,17.198775610384626
2017-10-20,trends_nyc,0.0
2017-10-21,trends_nyc,0.0
2017-10-22,trends_nyc,0.0
2017-10-23,trends_nyc,0.0
2017-10-24,trends_nyc,20.864088445384628
2017-10-25,trends_nyc,0.0
2017-10-26,trends_nyc,0.0
2017-10-27,trends_nyc,25.657189845000016
2017-10-28,trends_nyc,0.0
2017-10-29,trends_nyc,0.0
2017-10-30,trends_nyc,18.60851131615386
2017-10-31,trends_nyc,15.507092763461548
2017-11-01,trends_nyc,0.0
2017-11-02,trends_nyc,45.641618497109825
2017-11-03,trends_nyc,0.0
2017-11-04,trends_nyc,0.0
2017-11-05,trends_nyc,0.0
2017-11-06,trends_nyc,38.358381502890175
2017-11-07,trends_nyc,0.0
2017-11-08,trends_nyc,22.555771292307707
2017-11-09,trends_nyc,20.01824702192309
2017-11-10,trends_nyc,0.0
2017-11-11,trends_nyc,0.0
2017-11-12,trends_nyc,0.0
2017-11-13,trends_nyc,18.890458457307705
2017-11-14,trends_nyc,16.07098704576924
2017-11-15,trends_nyc,26.7849784096154
2017-11-16,trends_nyc,0.0
2017-11-17,trends_nyc,17.480722751538472
2017-11-18,trends_nyc,0.0
2017-11-19,trends_nyc,0.0
2017-11-20,trends_nyc,0.0
2017-11-21,trends_nyc,17.76266989269232
2017-11-22,trends_nyc,18.890458457307705
2017-11-23,trends_nyc,0.0
2017-11-24,trends_nyc,0.0
2017-11-25,trends_nyc,0.0
2017-11-26,trends_nyc,0.0
2017-11-27,trends_nyc,0.0
2017-11-28,trends_nyc,21.146035586538478
2017-11-29,trends_nyc,18.890458457307705
2017-11-30,trends_nyc,18.60851131615386
2017-12-01,trends_nyc,25.48
2017-12-02,trends_nyc,0.0
2017-12-03,trends_nyc,0.0
2017-12-04,trends_nyc,35.035
2017-12-05,trends_nyc,30.485
2017-12-06,trends_nyc,0.0
2017-12-07,trends_nyc,0.0
2017-12-08,trends_nyc,20.864088445384628
2017-12-09,trends_nyc,0.0
2017-12-10,trends_nyc,0.0
2017-12-11,trends_nyc,21.709929868846167
2017-12-12,trends_nyc,25.657189845000016
2017-12-13,trends_nyc,14.379304198846164
2017-12-14,trends_nyc,18.60851131615386
2017-12-15,trends_nyc,19.4543527396154
2017-12-16,trends_nyc,0.0
2017-12-17,trends_nyc,0.0
2017-12-18,trends_nyc,23.401612715769247
2017-12-19,trends_nyc,21.42798272769232
2017-12-20,trends_nyc,0.0
2017-12-21,trends_nyc,0.0
2017-12-22,trends_nyc,0.0
2017-12-23,trends_nyc,0.0
2017-12-24,trends_nyc,0.0
2017-12-25,trends_nyc,0.0
2017-12-26,trends_nyc,0.0
2017-12-27,trends_nyc,0.0
2017-12-28,trends_nyc,0.0
2017-12-29,trends_nyc,0.0
2017-12-30,trends_nyc,19.736299880769245
2017-12-31,trends_nyc,0.0
2018-01-01,trends_nyc,0.0
2018-01-02,trends_nyc,0.0
2018-01-03,trends_nyc,0.0
2018-01-04,trends_nyc,0.0
2018-01-05,trends_nyc,70.0
2018-01-06,trends_nyc,0.0
2018-01-07,trends_nyc,0.0
2018-01-08,trends_nyc,0.0
2018-01-09,trends_nyc,15.225145622307702
2018-01-10,trends_nyc,0.0
2018-01-11,trends_nyc,23.683559856923093
2018-01-12,trends_nyc,0.0
2018-01-13,trends_nyc,0.0
2018-01-14,trends_nyc,0.0
2018-01-15,trends_nyc,0.0
2018-01-16,trends_nyc,18.04461703384617
2018-01-17,trends_nyc,22.837718433461557
2018-01-18,trends_nyc,0.0
2018-01-19,trends_nyc,0.0
2018-01-20,trends_nyc,0.0
2018-01-21,trends_nyc,0.0
2018-01-22,trends_nyc,0.0
2018-01-23,trends_nyc,0.0
2018-01-24,trends_nyc,0.0
2018-01-25,trends_nyc,0.0
2018-01-26,trends_nyc,0.0
2018-01-27,trends_nyc,0.0
2018-01-28,trends_nyc,0.0
2018-01-29,trends_nyc,0.0
2018-01-30,trends_nyc,0.0
2018-01-31,trends_nyc,0.0
2018-02-01,trends_nyc,70.0
2018-02-02,trends_nyc,0.0
2018-02-03,trends_nyc,0.0
2018-02-04,trends_nyc,0.0
2018-02-05,trends_nyc,0.0
2018-02-06,trends_nyc,0.0
2018-02-07,trends_nyc,0.0
2018-02-08,trends_nyc,14.379304198846164
2018-02-09,trends_nyc,0.0
2018-02-10,trends_nyc,0.0
2018-02-11,trends_nyc,0.0
2018-02-12,trends_nyc,18.04461703384617
2018-02-13,trends_nyc,28.194714115384635
2018-02-14,trends_nyc,18.09302473435882
2018-02-15,trends_nyc,0.0
2018-02-16,trends_nyc,0.0
2018-02-17,trends_nyc,0.0
2018-02-18,trends_nyc,0.0
2018-02-19,trends_nyc,0.0
2018-02-20,trends_nyc,0.0
2018-02-21,trends_nyc,16.188495814952628
2018-02-22,trends_nyc,0.0
2018-02-23,trends_nyc,0.0
2018-02-24,trends_nyc,0.0
2018-02-25,trends_nyc,0.0
2018-02-26,trends_nyc,0.0
2018-02-27,trends_nyc,0.0
2018-02-28,trends_nyc,0.0
2018-03-01,trends_nyc,27.360406091370557
2018-03-02,trends_nyc,0.0
2018-03-03,trends_nyc,0.0
2018-03-04,trends_nyc,27.751269035532992
2018-03-05,trends_nyc,21.888324873096444
2018-03-06,trends_nyc,0.0
2018-03-07,trends_nyc,0.0
2018-03-08,trends_nyc,0.0
2018-03-09,trends_nyc,0.0
2018-03-10,trends_nyc,0.0
2018-03-11,trends_nyc,0.0
2018-03-12,trends_nyc,0.0
2018-03-13,trends_nyc,0.0
2018-03-14,trends_nyc,16.505917301520327
2018-03-15,trends_nyc,0.0
2018-03-16,trends_nyc,25.39371892541589
2018-03-17,trends_nyc,0.0
2018-03-18,trends_nyc,0.0
2018-03-19,trends_nyc,0.0
2018-03-20,trends_nyc,0.0
2018-03-21,trends_nyc,0.0
2018-03-22,trends_nyc,0.0
2018-03-23,trends_nyc,0.0
2018-03-24,trends_nyc,0.0
2018-03-25,trends_nyc,0.0
2018-03-26,trends_nyc,0.0
2018-03-27,trends_nyc,31.74214865676986
2018-03-28,trends_nyc,19.99755365376501
2018-03-29,trends_nyc,0.0
2018-03-30,trends_nyc,0.0
2018-03-31,trends_nyc,0.0
2018-04-01,trends_nyc,0.0
2018-04-02,trends_nyc,0.0
2018-04-03,trends_nyc,90.99999999999999
2018-04-04,trends_nyc,0.0
2018-04-05,trends_nyc,0.0
2018-04-06,trends_nyc,0.0
2018-04-07,trends_nyc,0.0
2018-04-08,trends_nyc,0.0
2018-04-09,trends_nyc,0.0
2018-04-10,trends_nyc,21.267239600035804
2018-04-11,trends_nyc,21.267239600035804
2018-04-12,trends_nyc,0.0
2018-04-13,trends_nyc,0.0
2018-04-14,trends_nyc,0.0
2018-04-15,trends_nyc,0.0
2018-04-16,trends_nyc,27.61566933138978
2018-04-17,trends_nyc,0.0
2018-04-18,trends_nyc,0.0
2018-04-19,trends_nyc,0.0
2018-04-20,trends_nyc,0.0
2018-04-21,trends_nyc,0.0
2018-04-22,trends_nyc,0.0
2018-04-23,trends_nyc,20.94981811346811
2018-04-24,trends_nyc,17.77560324779112
2018-04-25,trends_nyc,22.5369255463066
2018-04-26,trends_nyc,0.0
2018-04-27,trends_nyc,22.854347032874298
2018-04-28,trends_nyc,0.0
2018-04-29,trends_nyc,0.0
2018-04-30,trends_nyc,19.99755365376501
2018-05-01,trends_nyc,37.456140350877185
2018-05-02,trends_nyc,36.22807017543859
2018-05-03,trends_nyc,0.0
2018-05-04,trends_nyc,0.0
2018-05-05,trends_nyc,0.0
2018-05-06,trends_nyc,0.0
2018-05-07,trends_nyc,31.315789473684205
2018-05-08,trends_nyc,26.345983385118984
2018-05-09,trends_nyc,0.0
2018-05-10,trends_nyc,16.823338788088027
2018-05-11,trends_nyc,0.0
2018-05-12,trends_nyc,0.0
2018-05-13,trends_nyc,0.0
2018-05-14,trends_nyc,17.140760274655722
2018-05-15,trends_nyc,25.39371892541589
2018-05-16,trends_nyc,0.0
2018-05-17,trends_nyc,16.505917301520327
2018-05-18,trends_nyc,0.0
2018-05-19,trends_nyc,0.0
2018-05-20,trends_nyc,0.0
2018-05-21,trends_nyc,16.823338788088027
2018-05-22,trends_nyc,0.0
2018-05-23,trends_nyc,0.0
2018-05-24,trends_nyc,27.933090817957478
2018-05-25,trends_nyc,21.267239600035804
2018-05-26,trends_nyc,0.0
2018-05-27,trends_nyc,20.94981811346811
2018-05-28,trends_nyc,25.39371892541589
2018-05-29,trends_nyc,0.0
2018-05-30,trends_nyc,0.0
2018-05-31,trends_nyc,0.0
2018-06-01,trends_nyc,14.130434782608695
2018-06-02,trends_nyc,0.0
2018-06-03,trends_nyc,0.0
2018-06-04,trends_nyc,14.782608695652174
2018-06-05,trends_nyc,12.391304347826088
2018-06-06,trends_nyc,14.130434782608695
2018-06-07,trends_nyc,14.565217391304346
2018-06-08,trends_nyc,0.0
2018-06-09,trends_nyc,20.63239662690041
2018-06-10,trends_nyc,0.0
2018-06-11,trends_nyc,0.0
2018-06-12,trends_nyc,20.63239662690041
2018-06-13,trends_nyc,0.0
2018-06-14,trends_nyc,0.0
2018-06-15,trends_nyc,0.0
2018-06-16,trends_nyc,0.0
2018-06-17,trends_nyc,0.0
2018-06-18,trends_nyc,0.0
2018-06-19,trends_nyc,0.0
2018-06-20,trends_nyc,0.0
2018-06-21,trends_nyc,0.0
2018-06-22,trends_nyc,0.0
2018-06-23,trends_nyc,0.0
2018-06-24,trends_nyc,0.0
2018-06-25,trends_nyc,0.0
2018-06-26,trends_nyc,15.82834103070668
2018-06-27,trends_nyc,0.0
2018-06-28,trends_nyc,0.0
2018-06-29,trends_nyc,0.0
2018-06-30,trends_nyc,0.0
2018-07-01,trends_nyc,0.0
2018-07-02,trends_nyc,0.0
2018-07-03,trends_nyc,0.0
2018-07-04,trends_nyc,0.0
2018-07-05,trends_nyc,0.0
2018-07-06,trends_nyc,0.0
2018-07-07,trends_nyc,0.0
2018-07-08,trends_nyc,0.0
2018-07-09,trends_nyc,0.0
2018-07-10,trends_nyc,0.0
2018-07-11,trends_nyc,0.0
2018-07-12,trends_nyc,0.0
2018-07-13,trends_nyc,0.0
2018-07-14,trends_nyc,0.0
2018-07-15,trends_nyc,0.0
2018-07-16,trends_nyc,0.0
2018-07-17,trends_nyc,0.0
2018-07-18,trends_nyc,0.0
2018-07-19,trends_nyc,20.794095079555834
2018-07-20,trends_nyc,0.0
2018-07-21,trends_nyc,0.0
2018-07-22,trends_nyc,0.0
2018-07-23,trends_nyc,0.0
2018-07-24,trends_nyc,0.0
2018-07-25,trends_nyc,0.0
2018-07-26,trends_nyc,0.0
2018-07-27,trends_nyc,0.0
2018-07-28,trends_nyc,0.0
2018-07-29,trends_nyc,0.0
2018-07-30,trends_nyc,0.0
2018-07-31,trends_nyc,16.759419914865898
2018-08-01,trends_nyc,0.0
2018-08-02,trends_nyc,0.0
2018-08-03,trends_nyc,0.0
2018-08-04,trends_nyc,35.0
2018-08-05,trends_nyc,0.0
2018-08-06,trends_nyc,0.0
2018-08-07,trends_nyc,0.0
2018-08-08,trends_nyc,0.0
2018-08-09,trends_nyc,0.0
2018-08-10,trends_nyc,0.0
2018-08-11,trends_nyc,0.0
2018-08-12,trends_nyc,0.0
2018-08-13,trends_nyc,0.0
2018-08-14,trends_nyc,0.0
2018-08-15,trends_nyc,16.138700658759753
2018-08-16,trends_nyc,0.0
2018-08-17,trends_nyc,0.0
2018-08-18,trends_nyc,0.0
2018-08-19,trends_nyc,0.0
2018-08-20,trends_nyc,0.0
2018-08-21,trends_nyc,0.0
2018-08-22,trends_nyc,20.794095079555834
2018-08-23,trends_nyc,0.0
2018-08-24,trends_nyc,0.0
2018-08-25,trends_nyc,0.0
2018-08-26,trends_nyc,0.0
2018-08-27,trends_nyc,0.0
2018-08-28,trends_nyc,0.0
2018-08-29,trends_nyc,0.0
2018-08-30,trends_nyc,0.0
2018-08-31,trends_nyc,0.0
2018-09-01,trends_nyc,0.0
2018-09-02,trends_nyc,0.0
2018-09-03,trends_nyc,0.0
2018-09-04,trends_nyc,21.07142857142857
2018-09-05,trends_nyc,20.357142857142858
2018-09-06,trends_nyc,28.57142857142857
2018-09-07,trends_nyc,0.0
2018-09-08,trends_nyc,0.0
2018-09-09,trends_nyc,31.03596280530721
2018-09-10,trends_nyc,0.0
2018-09-11,trends_nyc,0.0
2018-09-12,trends_nyc,0.0
2018-09-13,trends_nyc,0.0
2018-09-14,trends_nyc,0.0
2018-09-15,trends_nyc,0.0
2018-09-16,trends_nyc,0.0
2018-09-17,trends_nyc,0.0
2018-09-18,trends_nyc,0.0
2018-09-19,trends_nyc,0.0
2018-09-20,trends_nyc,0.0
2018-09-21,trends_nyc,0.0
2018-09-22,trends_nyc,0.0
2018-09-23,trends_nyc,0.0
2018-09-24,trends_nyc,0.0
2018-09-25,trends_nyc,0.0
2018-09-26,trends_nyc,0.0
2018-09-27,trends_nyc,0.0
2018-09-28,trends_nyc,16.449060286812824
2018-09-29,trends_nyc,0.0
2018-09-30,trends_nyc,0.0
2018-10-01,trends_nyc,0.0
2018-10-02,trends_nyc,0.0
2018-10-03,trends_nyc,0.0
2018-10-04,trends_nyc,0.0
2018-10-05,trends_nyc,0.0
2018-10-06,trends_nyc,0.0
2018-10-07,trends_nyc,0.0
2018-10-08,trends_nyc,18.000858427078185
2018-10-09,trends_nyc,0.0
2018-10-10,trends_nyc,0.0
2018-10-11,trends_nyc,0.0
2018-10-12,trends_nyc,0.0
2018-10-13,trends_nyc,0.0
2018-10-14,trends_nyc,20.794095079555834
2018-10-15,trends_nyc,15.207621774600536
2018-10-16,trends_nyc,22.03553359176812
2018-10-17,trends_nyc,0.0
2018-10-18,trends_nyc,19.863016195396614
2018-10-19,trends_nyc,0.0
2018-10-20,trends_nyc,0.0
2018-10-21,trends_nyc,0.0
2018-10-22,trends_nyc,16.449060286812824
2018-10-23,trends_nyc,0.0
2018-10-24,trends_nyc,0.0
2018-10-25,trends_nyc,0.0
2018-10-26,trends_nyc,0.0
2018-10-27,trends_nyc,0.0
2018-10-28,trends_nyc,0.0
2018-10-29,trends_nyc,28.242726152829565
2018-10-30,trends_nyc,0.0
2018-10-31,trends_nyc,0.0
2018-11-01,trends_nyc,0.0
2018-11-02,trends_nyc,0.0
2018-11-03,trends_nyc,0.0
2018-11-04,trends_nyc,0.0
2018-11-05,trends_nyc,0.0
2018-11-06,trends_nyc,0.0
2018-11-07,trends_nyc,0.0
2018-11-08,trends_nyc,16.138700658759753
2018-11-09,trends_nyc,0.0
2018-11-10,trends_nyc,0.0
2018-11-11,trends_nyc,0.0
2018-11-12,trends_nyc,24.20805098813963
2018-11-13,trends_nyc,0.0
2018-11-14,trends_nyc,18.311218055131256
2018-11-15,trends_nyc,0.0
2018-11-16,trends_nyc,0.0
2018-11-17,trends_nyc,0.0
2018-11-18,trends_nyc,0.0
2018-11-19,trends_nyc,0.0
2018-11-20,trends_nyc,0.0
2018-11-21,trends_nyc,0.0
2018-11-22,trends_nyc,0.0
2018-11-23,trends_nyc,0.0
2018-11-24,trends_nyc,0.0
2018-11-25,trends_nyc,0.0
2018-11-26,trends_nyc,0.0
2018-11-27,trends_nyc,17.38013917097204
2018-11-28,trends_nyc,0.0
2018-11-29,trends_nyc,0.0
2018-11-30,trends_nyc,0.0
2018-12-01,trends_nyc,0.0
2018-12-02,trends_nyc,0.0
2018-12-03,trends_nyc,14.57988165680473
2018-12-04,trends_nyc,16.630177514792898
2018-12-05,trends_nyc,15.946745562130175
2018-12-06,trends_nyc,14.807692307692305
2018-12-07,trends_nyc,15.035502958579881
2018-12-08,trends_nyc,0.0
2018-12-09,trends_nyc,0.0
2018-12-10,trends_nyc,0.0
2018-12-11,trends_nyc,27.622006896723423
2018-12-12,trends_nyc,17.38013917097204
2018-12-13,trends_nyc,22.656252847874267
2018-12-14,trends_nyc,15.207621774600536
2018-12-15,trends_nyc,0.0
2018-12-16,trends_nyc,0.0
2018-12-17,trends_nyc,0.0
2018-12-18,trends_nyc,0.0
2018-12-19,trends_nyc,0.0
2018-12-20,trends_nyc,20.794095079555834
2018-12-21,trends_nyc,0.0
2018-12-22,trends_nyc,0.0
2018-12-23,trends_nyc,0.0
2018-12-24,trends_nyc,0.0
2018-12-25,trends_nyc,0.0
2018-12-26,trends_nyc,0.0
2018-12-27,trends_nyc,0.0
2018-12-28,trends_nyc,0.0
2018-12-29,trends_nyc,0.0
2018-12-30,trends_nyc,0.0
2018-12-31,trends_nyc,0.0
2019-01-01,trends_nyc,0.0
2019-01-02,trends_nyc,0.0
2019-01-03,trends_nyc,0.0
2019-01-04,trends_nyc,0.0
2019-01-05,trends_nyc,0.0
2019-01-06,trends_nyc,0.0
2019-01-07,trends_nyc,56.0
2019-01-08,trends_nyc,0.0
2019-01-09,trends_nyc,0.0
2019-01-10,trends_nyc,14.58690251849439
2019-01-11,trends_nyc,25.75984912840499
2019-01-12,trends_nyc,0.0
2019-01-13,trends_nyc,0.0
2019-01-14,trends_nyc,0.0
2019-01-15,trends_nyc,0.0
2019-01-16,trends_nyc,14.58690251849439
2019-01-17,trends_nyc,17.690498799025114
2019-01-18,trends_nyc,0.0
2019-01-19,trends_nyc,0.0
2019-01-20,trends_nyc,0.0
2019-01-21,trends_nyc,0.0
2019-01-22,trends_nyc,0.0
2019-01-23,trends_nyc,15.207621774600536
2019-01-24,trends_nyc,0.0
2019-01-25,trends_nyc,0.0
2019-01-26,trends_nyc,0.0
2019-01-27,trends_nyc,0.0
2019-01-28,trends_nyc,0.0
2019-01-29,trends_nyc,0.0
2019-01-30,trends_nyc,0.0
2019-01-31,trends_nyc,0.0
2019-02-01,trends_nyc,0.0
2019-02-02,trends_nyc,0.0
2019-02-03,trends_nyc,31.778761061946906
2019-02-04,trends_nyc,0.0
2019-02-05,trends_nyc,0.0
2019-02-06,trends_nyc,0.0
2019-02-07,trends_nyc,31.221238938053098
2019-02-08,trends_nyc,0.0
2019-02-09,trends_nyc,0.0
2019-02-10,trends_nyc,0.0
2019-02-11,trends_nyc,0.0
2019-02-12,trends_nyc,0.0
2019-02-13,trends_nyc,0.0
2019-02-14,trends_nyc,0.0
2019-02-15,trends_nyc,0.0
2019-02-16,trends_nyc,0.0
2019-02-17,trends_nyc,0.0
2019-02-18,trends_nyc,0.0
2019-02-19,trends_nyc,0.0
2019-02-20,trends_nyc,0.0
2019-02-21,trends_nyc,15.90982541181714
2019-02-22,trends_nyc,28.544098532966043
2019-02-23,trends_nyc,0.0
2019-02-24,trends_nyc,0.0
2019-02-25,trends_nyc,0.0
2019-02-26,trends_nyc,0.0
2019-02-27,trends_nyc,0.0
2019-02-28,trends_nyc,0.0
2019-03-01,trends_nyc,40.17391304347826
2019-03-02,trends_nyc,0.0
2019-03-03,trends_nyc,0.0
2019-03-04,trends_nyc,36.82608695652174
2019-03-05,trends_nyc,0.0
2019-03-06,trends_nyc,0.0
2019-03-07,trends_nyc,0.0
2019-03-08,trends_nyc,15.441889370293106
2019-03-09,trends_nyc,0.0
2019-03-10,trends_nyc,0.0
2019-03-11,trends_nyc,0.0
2019-03-12,trends_nyc,14.038081245721004
2019-03-13,trends_nyc,14.506017287245038
2019-03-14,trends_nyc,0.0
2019-03-15,trends_nyc,16.377761453341172
2019-03-16,trends_nyc,0.0
2019-03-17,trends_nyc,21.992993951629572
2019-03-18,trends_nyc,16.377761453341172
2019-03-19,trends_nyc,0.0
2019-03-20,trends_nyc,20.12124978553344
2019-03-21,trends_nyc,0.0
2019-03-22,trends_nyc,0.0
2019-03-23,trends_nyc,0.0
2019-03-24,trends_nyc,0.0
2019-03-25,trends_nyc,15.441889370293106
2019-03-26,trends_nyc,0.0
2019-03-27,trends_nyc,0.0
2019-03-28,trends_nyc,0.0
2019-03-29,trends_nyc,13.102209162672938
2019-03-30,trends_nyc,0.0
2019-03-31,trends_nyc,0.0
2019-04-01,trends_nyc,0.0
2019-04-02,trends_nyc,0.0
2019-04-03,trends_nyc,0.0
2019-04-04,trends_nyc,77.00000000000001
2019-04-05,trends_nyc,0.0
2019-04-06,trends_nyc,0.0
2019-04-07,trends_nyc,0.0
2019-04-08,trends_nyc,20.589185827057477
2019-04-09,trends_nyc,0.0
2019-04-10,trends_nyc,15.441889370293106
2019-04-11,trends_nyc,0.0
2019-04-12,trends_nyc,0.0
2019-04-13,trends_nyc,0.0
2019-04-14,trends_nyc,0.0
2019-04-15,trends_nyc,15.90982541181714
2019-04-16,trends_nyc,0.0
2019-04-17,trends_nyc,20.12124978553344
2019-04-18,trends_nyc,21.057121868581508
2019-04-19,trends_nyc,0.0
2019-04-20,trends_nyc,0.0
2019-04-21,trends_nyc,22.46092999315361
2019-04-22,trends_nyc,16.845697494865206
2019-04-23,trends_nyc,0.0
2019-04-24,trends_nyc,0.0
2019-04-25,trends_nyc,22.46092999315361
2019-04-26,trends_nyc,0.0
2019-04-27,trends_nyc,0.0
2019-04-28,trends_nyc,0.0
2019-04-29,trends_nyc,0.0
2019-04-30,trends_nyc,14.973953328769072
2019-05-01,trends_nyc,11.35135135135135
2019-05-02,trends_nyc,16.216216216216218
2019-05-03,trends_nyc,22.2972972972973
2019-05-04,trends_nyc,19.45945945945946
2019-05-05,trends_nyc,0.0
2019-05-06,trends_nyc,20.675675675675674
2019-05-07,trends_nyc,15.0
2019-05-08,trends_nyc,19.65331374400941
2019-05-09,trends_nyc,20.12124978553344
2019-05-10,trends_nyc,0.0
2019-05-11,trends_nyc,0.0
2019-05-12,trends_nyc,21.992993951629572
2019-05-13,trends_nyc,0.0
2019-05-14,trends_nyc,0.0
2019-05-15,trends_nyc,0.0
2019-05-16,trends_nyc,17.781569577913274
2019-05-17,trends_nyc,0.0
2019-05-18,trends_nyc,0.0
2019-05-19,trends_nyc,0.0
2019-05-20,trends_nyc,46.79360415240336
2019-05-21,trends_nyc,21.992993951629572
2019-05-22,trends_nyc,0.0
2019-05-23,trends_nyc,0.0
2019-05-24,trends_nyc,0.0
2019-05-25,trends_nyc,0.0
2019-05-26,trends_nyc,0.0
2019-05-27,trends_nyc,0.0
2019-05-28,trends_nyc,0.0
2019-05-29,trends_nyc,15.90982541181714
2019-05-30,trends_nyc,25.736482283821843
2019-05-31,trends_nyc,15.90982541181714
2019-06-01,trends_nyc,0.0
2019-06-02,trends_nyc,15.958549222797927
2019-06-03,trends_nyc,13.16580310880829
2019-06-04,trends_nyc,0.0
2019-06-05,trends_nyc,21.94300518134715
2019-06-06,trends_nyc,0.0
2019-06-07,trends_nyc,25.932642487046632
2019-06-08,trends_nyc,0.0
2019-06-09,trends_nyc,0.0
2019-06-10,trends_nyc,21.057121868581508
2019-06-11,trends_nyc,18.249505619437308
2019-06-12,trends_nyc,0.0
2019-06-13,trends_nyc,0.0
2019-06-14,trends_nyc,16.845697494865206
2019-06-15,trends_nyc,19.185377702485376
2019-06-16,trends_nyc,0.0
2019-06-17,trends_nyc,36.499011238874616
2019-06-18,trends_nyc,19.65331374400941
2019-06-19,trends_nyc,0.0
2019-06-20,trends_nyc,0.0
2019-06-21,trends_nyc,0.0
2019-06-22,trends_nyc,0.0
2019-06-23,trends_nyc,0.0
2019-06-24,trends_nyc,0.0
2019-06-25,trends_nyc,0.0
2019-06-26,trends_nyc,0.0
2019-06-27,trends_nyc,0.0
2019-06-28,trends_nyc,0.0
2019-06-29,trends_nyc,0.0
2019-06-30,trends_nyc,0.0
2019-07-01,trends_nyc,0.0
2019-07-02,trends_nyc,0.0
2019-07-03,trends_nyc,0.0
2019-07-04,trends_nyc,0.0
2019-07-05,trends_nyc,0.0
2019-07-06,trends_nyc,0.0
2019-07-07,trends_nyc,0.0
2019-07-08,trends_nyc,0.0
2019-07-09,trends_nyc,0.0
2019-07-10,trends_nyc,0.0
2019-07-11,trends_nyc,0.0
2019-07-12,trends_nyc,0.0
2019-07-13,trends_nyc,0.0
2019-07-14,trends_nyc,0.0
2019-07-15,trends_nyc,0.0
2019-07-16,trends_nyc,0.0
2019-07-17,trends_nyc,0.0
2019-07-18,trends_nyc,0.0
2019-07-19,trends_nyc,0.0
2019-07-20,trends_nyc,0.0
2019-07-21,trends_nyc,0.0
2019-07-22,trends_nyc,0.0
2019-07-23,trends_nyc,16.845697494865206
2019-07-24,trends_nyc,0.0
2019-07-25,trends_nyc,0.0
2019-07-26,trends_nyc,0.0
2019-07-27,trends_nyc,0.0
2019-07-28,trends_nyc,0.0
2019-07-29,trends_nyc,0.0
2019-07-30,trends_nyc,0.0
2019-07-31,trends_nyc,0.0
2019-08-01,trends_nyc,0.0
2019-08-02,trends_nyc,0.0
2019-08-03,trends_nyc,0.0
2019-08-04,trends_nyc,0.0
2019-08-05,trends_nyc,0.0
2019-08-06,trends_nyc,0.0
2019-08-07,trends_nyc,0.0
2019-08-08,trends_nyc,0.0
2019-08-09,trends_nyc,0.0
2019-08-10,trends_nyc,0.0
2019-08-11,trends_nyc,0.0
2019-08-12,trends_nyc,0.0
2019-08-13,trends_nyc,0.0
2019-08-14,trends_nyc,0.0
2019-08-15,trends_nyc,0.0
2019-08-16,trends_nyc,19.185377702485376
2019-08-17,trends_nyc,0.0
2019-08-18,trends_nyc,0.0
2019-08-19,trends_nyc,13.570145204196972
2019-08-20,trends_nyc,0.0
2019-08-21,trends_nyc,0.0
2019-08-22,trends_nyc,0.0
2019-08-23,trends_nyc,0.0
2019-08-24,trends_nyc,0.0
2019-08-25,trends_nyc,0.0
2019-08-26,trends_nyc,0.0
2019-08-27,trends_nyc,0.0
2019-08-28,trends_nyc,0.0
2019-08-29,trends_nyc,0.0
2019-08-30,trends_nyc,0.0
2019-08-31,trends_nyc,0.0
2019-09-01,trends_nyc,0.0
2019-09-02,trends_nyc,0.0
2019-09-03,trends_nyc,0.0
2019-09-04,trends_nyc,0.0
2019-09-05,trends_nyc,0.0
2019-09-06,trends_nyc,0.0
2019-09-07,trends_nyc,0.0
2019-09-08,trends_nyc,0.0
2019-09-09,trends_nyc,0.0
2019-09-10,trends_nyc,0.0
2019-09-11,trends_nyc,0.0
2019-09-12,trends_nyc,0.0
2019-09-13,trends_nyc,0.0
2019-09-14,trends_nyc,0.0
2019-09-15,trends_nyc,0.0
2019-09-16,trends_nyc,0.0
2019-09-17,trends_nyc,0.0
2019-09-18,trends_nyc,0.0
2019-09-19,trends_nyc,0.0
2019-09-20,trends_nyc,17.31363353638924
2019-09-21,trends_nyc,0.0
2019-09-22,trends_nyc,0.0
2019-09-23,trends_nyc,0.0
2019-09-24,trends_nyc,0.0
2019-09-25,trends_nyc,0.0
2019-09-26,trends_nyc,0.0
2019-09-27,trends_nyc,0.0
2019-09-28,trends_nyc,0.0
2019-09-29,trends_nyc,0.0
2019-09-30,trends_nyc,0.0
2019-10-01,trends_nyc,0.0
2019-10-02,trends_nyc,0.0
2019-10-03,trends_nyc,0.0
2019-10-04,trends_nyc,0.0
2019-10-05,trends_nyc,0.0
2019-10-06,trends_nyc,0.0
2019-10-07,trends_nyc,0.0
2019-10-08,trends_nyc,0.0
2019-10-09,trends_nyc,0.0
2019-10-10,trends_nyc,16.597510423117654
2019-10-11,trends_nyc,0.0
2019-10-12,trends_nyc,0.0
2019-10-13,trends_nyc,0.0
2019-10-14,trends_nyc,0.0
2019-10-15,trends_nyc,0.0
2019-10-16,trends_nyc,0.0
2019-10-17,trends_nyc,0.0
2019-10-18,trends_nyc,15.767634901961774
2019-10-19,trends_nyc,0.0
2019-10-20,trends_nyc,0.0
2019-10-21,trends_nyc,0.0
2019-10-22,trends_nyc,20.193637681459816
2019-10-23,trends_nyc,0.0
2019-10-24,trends_nyc,15.491009728243146
2019-10-25,trends_nyc,0.0
2019-10-26,trends_nyc,27.66251737186276
2019-10-27,trends_nyc,0.0
2019-10-28,trends_nyc,0.0
2019-10-29,trends_nyc,0.0
2019-10-30,trends_nyc,17.980636291710795
2019-10-31,trends_nyc,0.0
2019-11-01,trends_nyc,0.0
2019-11-02,trends_nyc,0.0
2019-11-03,trends_nyc,0.0
2019-11-04,trends_nyc,0.0
2019-11-05,trends_nyc,42.0
2019-11-06,trends_nyc,42.0
2019-11-07,trends_nyc,0.0
2019-11-08,trends_nyc,18.53388663914805
2019-11-09,trends_nyc,0.0
2019-11-10,trends_nyc,16.874135596836283
2019-11-11,trends_nyc,0.0
2019-11-12,trends_nyc,25.72614115583237
2019-11-13,trends_nyc,18.257261465429423
2019-11-14,trends_nyc,16.874135596836283
2019-11-15,trends_nyc,17.980636291710795
2019-11-16,trends_nyc,0.0
2019-11-17,trends_nyc,0.0
2019-11-18,trends_nyc,20.193637681459816
2019-11-19,trends_nyc,17.15076077055491
2019-11-20,trends_nyc,0.0
2019-11-21,trends_nyc,19.64038733402256
2019-11-22,trends_nyc,0.0
2019-11-23,trends_nyc,0.0
2019-11-24,trends_nyc,0.0
2019-11-25,trends_nyc,22.95988941864609
2019-11-26,trends_nyc,0.0
2019-11-27,trends_nyc,0.0
2019-11-28,trends_nyc,22.95988941864609
2019-11-29,trends_nyc,0.0
2019-11-30,trends_nyc,0.0
2019-12-01,trends_nyc,0.0
2019-12-02,trends_nyc,0.0
2019-12-03,trends_nyc,19.49785407725322
2019-12-04,trends_nyc,0.0
2019-12-05,trends_nyc,28.090128755364805
2019-12-06,trends_nyc,29.412017167381975
2019-12-07,trends_nyc,0.0
2019-12-08,trends_nyc,0.0
2019-12-09,trends_nyc,14.384509033368635
2019-12-10,trends_nyc,17.15076077055491
2019-12-11,trends_nyc,12.724757991056867
2019-12-12,trends_nyc,13.554633512212751
2019-12-13,trends_nyc,23.23651459236472
2019-12-14,trends_nyc,16.044260075680402
2019-12-15,trends_nyc,0.0
2019-12-16,trends_nyc,22.683264244927464
2019-12-17,trends_nyc,19.087136986585303
2019-12-18,trends_nyc,21.300138376334324
2019-12-19,trends_nyc,0.0
2019-12-20,trends_nyc,0.0
2019-12-21,trends_nyc,0.0
2019-12-22,trends_nyc,0.0
2019-12-23,trends_nyc,0.0
2019-12-24,trends_nyc,0.0
2019-12-25,trends_nyc,0.0
2019-12-26,trends_nyc,0.0
2019-12-27,trends_nyc,0.0
2019-12-28,trends_nyc,0.0
2019-12-29,trends_nyc,0.0
2019-12-30,trends_nyc,0.0
2019-12-31,trends_nyc,0.0
2020-01-01,trends_nyc,0.0
2020-01-02,trends_nyc,0.0
2020-01-03,trends_nyc,0.0
2020-01-04,trends_nyc,0.0
2020-01-05,trends_nyc,0.0
2020-01-06,trends_nyc,56.0
2020-01-07,trends_nyc,0.0
2020-01-08,trends_nyc,0.0
2020-01-09,trends_nyc,0.0
2020-01-10,trends_nyc,11.894882469900988
2020-01-11,trends_nyc,0.0
2020-01-12,trends_nyc,0.0
2020-01-13,trends_nyc,12.724757991056867
2020-01-14,trends_nyc,11.61825729618236
2020-01-15,trends_nyc,19.087136986585303
2020-01-16,trends_nyc,12.724757991056867
2020-01-17,trends_nyc,0.0
2020-01-18,trends_nyc,0.0
2020-01-19,trends_nyc,0.0
2020-01-20,trends_nyc,0.0
2020-01-21,trends_nyc,0.0
2020-01-22,trends_nyc,0.0
2020-01-23,trends_nyc,0.0
2020-01-24,trends_nyc,15.214384554524518
2020-01-25,trends_nyc,0.0
2020-01-26,trends_nyc,0.0
2020-01-27,trends_nyc,0.0
2020-01-28,trends_nyc,18.257261465429423
2020-01-29,trends_nyc,0.0
2020-01-30,trends_nyc,18.53388663914805
2020-01-31,trends_nyc,0.0
2020-02-01,trends_nyc,0.0
2020-02-02,trends_nyc,0.0
2020-02-03,trends_nyc,0.0
2020-02-04,trends_nyc,70.0
2020-02-05,trends_nyc,0.0
2020-02-06,trends_nyc,0.0
2020-02-07,trends_nyc,0.0
2020-02-08,trends_nyc,0.0
2020-02-09,trends_nyc,0.0
2020-02-10,trends_nyc,14.54796936329328
2020-02-11,trends_nyc,0.0
2020-02-12,trends_nyc,0.0
2020-02-13,trends_nyc,18.1849617041166
2020-02-14,trends_nyc,0.0
2020-02-15,trends_nyc,0.0
2020-02-16,trends_nyc,0.0
2020-02-17,trends_nyc,0.0
2020-02-18,trends_nyc,14.54796936329328
2020-02-19,trends_nyc,14.54796936329328
2020-02-20,trends_nyc,0.0
2020-02-21,trends_nyc,10.91097702246996
2020-02-22,trends_nyc,0.0
2020-02-23,trends_nyc,0.0
2020-02-24,trends_nyc,14.54796936329328
2020-02-25,trends_nyc,0.0
2020-02-26,trends_nyc,18.1849617041166
2020-02-27,trends_nyc,18.1849617041166
2020-02-28,trends_nyc,0.0
2020-02-29,trends_nyc,14.54796936329328
2020-03-01,trends_nyc,0.0
2020-03-02,trends_nyc,0.0
2020-03-03,trends_nyc,0.0
2020-03-04,trends_nyc,0.0
2020-03-05,trends_nyc,28.636363636363637
2020-03-06,trends_nyc,34.36363636363636
2020-03-07,trends_nyc,0.0
2020-03-08,trends_nyc,0.0
2020-03-09,trends_nyc,0.0
2020-03-10,trends_nyc,0.0
2020-03-11,trends_nyc,18.1849617041166
2020-03-12,trends_nyc,0.0
2020-03-13,trends_nyc,0.0
2020-03-14,trends_nyc,0.0
2020-03-15,trends_nyc,0.0
2020-03-16,trends_nyc,0.0
2020-03-17,trends_nyc,0.0
2020-03-18,trends_nyc,0.0
2020-03-19,trends_nyc,0.0
2020-03-20,trends_nyc,0.0
2020-03-21,trends_nyc,0.0
2020-03-22,trends_nyc,0.0
2020-03-23,trends_nyc,0.0
2020-03-24,trends_nyc,0.0
2020-03-25,trends_nyc,0.0
2020-03-26,trends_nyc,0.0
2020-03-27,trends_nyc,18.1849617041166
2020-03-28,trends_nyc,0.0
2020-03-29,trends_nyc,0.0
2020-03-30,trends_nyc,0.0
2020-03-31,trends_nyc,14.54796936329328
2020-04-01,trends_nyc,0.0
2020-04-02,trends_nyc,0.0
2020-04-03,trends_nyc,0.0
2020-04-04,trends_nyc,0.0
2020-04-05,trends_nyc,0.0
2020-04-06,trends_nyc,0.0
2020-04-07,trends_nyc,0.0
2020-04-08,trends_nyc,0.0
2020-04-09,trends_nyc,0.0
2020-04-10,trends_nyc,0.0
2020-04-11,trends_nyc,0.0
2020-04-12,trends_nyc,0.0
2020-04-13,trends_nyc,0.0
2020-04-14,trends_nyc,0.0
2020-04-15,trends_nyc,0.0
2020-04-16,trends_nyc,0.0
2020-04-17,trends_nyc,0.0
2020-04-18,trends_nyc,0.0
2020-04-19,trends_nyc,0.0
2020-04-20,trends_nyc,0.0
2020-04-21,trends_nyc,0.0
2020-04-22,trends_nyc,0.0
2020-04-23,trends_nyc,0.0
2020-04-24,trends_nyc,0.0
2020-04-25,trends_nyc,0.0
2020-04-26,trends_nyc,0.0
2020-04-27,trends_nyc,14.54796936329328
2020-04-28,trends_nyc,0.0
2020-04-29,trends_nyc,0.0
2020-04-30,trends_nyc,0.0
2020-05-01,trends_nyc,25.666666666666664
2020-05-02,trends_nyc,0.0
2020-05-03,trends_nyc,34.22222222222222
2020-05-04,trends_nyc,51.33333333333333
2020-05-05,trends_nyc,59.88888888888889
2020-05-06,trends_nyc,51.33333333333333
2020-05-07,trends_nyc,85.55555555555556
2020-05-08,trends_nyc,14.54796936329328
2020-05-09,trends_nyc,0.0
2020-05-10,trends_nyc,0.0
2020-05-11,trends_nyc,14.54796936329328
2020-05-12,trends_nyc,18.1849617041166
2020-05-13,trends_nyc,18.1849617041166
2020-05-14,trends_nyc,0.0
2020-05-15,trends_nyc,14.54796936329328
2020-05-16,trends_nyc,21.82195404493992
2020-05-17,trends_nyc,0.0
2020-05-18,trends_nyc,14.54796936329328
2020-05-19,trends_nyc,0.0
2020-05-20,trends_nyc,14.54796936329328
2020-05-21,trends_nyc,14.54796936329328
2020-05-22,trends_nyc,14.54796936329328
2020-05-23,trends_nyc,0.0
2020-05-24,trends_nyc,18.1849617041166
2020-05-25,trends_nyc,0.0
2020-05-26,trends_nyc,32.73293106740988
2020-05-27,trends_nyc,167.30164767787272
2020-05-28,trends_nyc,170.93864001869605
2020-05-29,trends_nyc,254.5894638576324
2020-05-30,trends_nyc,258.2264561984557
2020-05-31,trends_nyc,330.9663030149221
2020-06-01,trends_nyc,118.89312977099236
2020-06-02,trends_nyc,133.58778625954199
2020-06-03,trends_nyc,109.54198473282442
2020-06-04,trends_nyc,89.50381679389312
2020-06-05,trends_nyc,93.5114503816794
2020-06-06,trends_nyc,88.16793893129773
2020-06-07,trends_nyc,66.79389312977099
2020-06-08,trends_nyc,149.11668597375612
2020-06-09,trends_nyc,134.56871661046284
2020-06-10,trends_nyc,130.93172426963952
2020-06-11,trends_nyc,94.56180086140633
2020-06-12,trends_nyc,101.83578554305296
2020-06-13,trends_nyc,72.7398468164664
2020-06-14,trends_nyc,80.01383149811303
2020-06-15,trends_nyc,65.46586213481976
2020-06-16,trends_nyc,65.46586213481976
2020-06-17,trends_nyc,58.19187745317312
2020-06-18,trends_nyc,69.10285447564308
2020-06-19,trends_nyc,47.28090043070316
2020-06-20,trends_nyc,43.64390808987984
2020-06-21,trends_nyc,32.73293106740988
2020-06-22,trends_nyc,32.73293106740988
2020-06-23,trends_nyc,47.28090043070316
2020-06-24,trends_nyc,43.64390808987984
2020-06-25,trends_nyc,40.00691574905652
2020-06-26,trends_nyc,43.64390808987984
2020-06-27,trends_nyc,36.3699234082332
2020-06-28,trends_nyc,40.00691574905652
2020-06-29,trends_nyc,21.82195404493992
2020-06-30,trends_nyc,29.09593872658656
2020-07-01,trends_nyc,17.72340425531915
2020-07-02,trends_nyc,17.72340425531915
2020-07-03,trends_nyc,10.127659574468085
2020-07-04,trends_nyc,15.191489361702125
2020-07-05,trends_nyc,20.25531914893617
2020-07-06,trends_nyc,15.191489361702125
2020-07-07,trends_nyc,22.78723404255319
2020-07-08,trends_nyc,18.1849617041166
2020-07-09,trends_nyc,18.1849617041166
2020-07-10,trends_nyc,0.0
2020-07-11,trends_nyc,18.1849617041166
2020-07-12,trends_nyc,18.1849617041166
2020-07-13,trends_nyc,18.1849617041166
2020-07-14,trends_nyc,14.54796936329328
2020-07-15,trends_nyc,29.09593872658656
2020-07-16,trends_nyc,18.1849617041166
2020-07-17,trends_nyc,18.1849617041166
2020-07-18,trends_nyc,0.0
2020-07-19,trends_nyc,18.1849617041166
2020-07-20,trends_nyc,21.82195404493992
2020-07-21,trends_nyc,14.54796936329328
2020-07-22,trends_nyc,14.54796936329328
2020-07-23,trends_nyc,21.82195404493992
2020-07-24,trends_nyc,0.0
2020-07-25,trends_nyc,0.0
2020-07-26,trends_nyc,32.73293106740988
2020-07-27,trends_nyc,14.54796936329328
2020-07-28,trends_nyc,18.1849617041166
2020-07-29,trends_nyc,18.1849617041166
2020-07-30,trends_nyc,18.1849617041166
2020-07-31,trends_nyc,0.0
2020-08-01,trends_nyc,0.0
2020-08-02,trends_nyc,21.840000000000003
2020-08-03,trends_nyc,18.200000000000003
2020-08-04,trends_nyc,0.0
2020-08-05,trends_nyc,21.840000000000003
2020-08-06,trends_nyc,14.560000000000002
2020-08-07,trends_nyc,14.560000000000002
2020-08-08,trends_nyc,0.0
2020-08-09,trends_nyc,0.0
2020-08-10,trends_nyc,0.0
2020-08-11,trends_nyc,0.0
2020-08-12,trends_nyc,18.1849617041166
2020-08-13,trends_nyc,0.0
2020-08-14,trends_nyc,0.0
2020-08-15,trends_nyc,0.0
2020-08-16,trends_nyc,0.0
2020-08-17,trends_nyc,0.0
2020-08-18,trends_nyc,14.54796936329328
2020-08-19,trends_nyc,0.0
2020-08-20,trends_nyc,0.0
2020-08-21,trends_nyc,0.0
2020-08-22,trends_nyc,0.0
2020-08-23,trends_nyc,0.0
2020-08-24,trends_nyc,18.1849617041166
2020-08-25,trends_nyc,21.82195404493992
2020-08-26,trends_nyc,29.09593872658656
2020-08-27,trends_nyc,32.73293106740988
2020-08-28,trends_nyc,21.82195404493992
2020-08-29,trends_nyc,21.82195404493992
2020-08-30,trends_nyc,29.09593872658656
2020-08-31,trends_nyc,25.45894638576324
2020-09-01,trends_nyc,19.310344827586206
2020-09-02,trends_nyc,15.448275862068966
2020-09-03,trends_nyc,15.448275862068966
2020-09-04,trends_nyc,23.17241379310345
2020-09-05,trends_nyc,0.0
2020-09-06,trends_nyc,19.310344827586206
2020-09-07,trends_nyc,19.310344827586206
2020-09-08,trends_nyc,14.54796936329328
2020-09-09,trends_nyc,18.1849617041166
2020-09-10,trends_nyc,18.1849617041166
2020-09-11,trends_nyc,18.1849617041166
2020-09-12,trends_nyc,0.0
2020-09-13,trends_nyc,18.1849617041166
2020-09-14,trends_nyc,18.1849617041166
2020-09-15,trends_nyc,18.1849617041166
2020-09-16,trends_nyc,14.54796936329328
2020-09-17,trends_nyc,14.54796936329328
2020-09-18,trends_nyc,14.54796936329328
2020-09-19,trends_nyc,0.0
2020-09-20,trends_nyc,0.0
2020-09-21,trends_nyc,32.73293106740988
2020-09-22,trends_nyc,0.0
2020-09-23,trends_nyc,14.54796936329328
2020-09-24,trends_nyc,29.09593872658656
2020-09-25,trends_nyc,32.73293106740988
2020-09-26,trends_nyc,0.0
2020-09-27,trends_nyc,0.0
2020-09-28,trends_nyc,21.82195404493992
2020-09-29,trends_nyc,32.73293106740988
2020-09-30,trends_nyc,18.1849617041166
2020-10-01,trends_nyc,24.658064516129034
2020-10-02,trends_nyc,0.0
2020-10-03,trends_nyc,33.464516129032255
2020-10-04,trends_nyc,0.0
2020-10-05,trends_nyc,32.877419354838715
2020-10-06,trends_nyc,0.0
2020-10-07,trends_nyc,0.0
2020-10-08,trends_nyc,0.0
2020-10-09,trends_nyc,0.0
2020-10-10,trends_nyc,0.0
2020-10-11,trends_nyc,0.0
2020-10-12,trends_nyc,0.0
2020-10-13,trends_nyc,0.0
2020-10-14,trends_nyc,17.788170387933636
2020-10-15,trends_nyc,0.0
2020-10-16,trends_nyc,0.0
2020-10-17,trends_nyc,0.0
2020-10-18,trends_nyc,0.0
2020-10-19,trends_nyc,19.46629966981417
2020-10-20,trends_nyc,17.452544531557532
2020-10-21,trends_nyc,15.774415249676998
2020-10-22,trends_nyc,13.76066011142036
2020-10-23,trends_nyc,19.13067381343806
2020-10-24,trends_nyc,0.0
2020-10-25,trends_nyc,0.0
2020-10-26,trends_nyc,22.48693237719913
2020-10-27,trends_nyc,28.52819779196904
2020-10-28,trends_nyc,19.13067381343806
2020-10-29,trends_nyc,20.473177238942487
2020-10-30,trends_nyc,0.0
2020-10-31,trends_nyc,0.0
2020-11-01,trends_nyc,0.0
2020-11-02,trends_nyc,37.5609756097561
2020-11-03,trends_nyc,0.0
2020-11-04,trends_nyc,32.4390243902439
2020-11-05,trends_nyc,0.0
2020-11-06,trends_nyc,0.0
2020-11-07,trends_nyc,0.0
2020-11-08,trends_nyc,0.0
2020-11-09,trends_nyc,0.0
2020-11-10,trends_nyc,0.0
2020-11-11,trends_nyc,14.096285967796469
2020-11-12,trends_nyc,0.0
2020-11-13,trends_nyc,0.0
2020-11-14,trends_nyc,0.0
2020-11-15,trends_nyc,0.0
2020-11-16,trends_nyc,0.0
2020-11-17,trends_nyc,0.0
2020-11-18,trends_nyc,0.0
2020-11-19,trends_nyc,0.0
2020-11-20,trends_nyc,0.0
2020-11-21,trends_nyc,0.0
2020-11-22,trends_nyc,0.0
2020-11-23,trends_nyc,0.0
2020-11-24,trends_nyc,0.0
2020-11-25,trends_nyc,0.0
2020-11-26,trends_nyc,0.0
2020-11-27,trends_nyc,0.0
2020-11-28,trends_nyc,0.0
2020-11-29,trends_nyc,0.0
2020-11-30,trends_nyc,0.0
2020-12-01,trends_nyc,0.0
2020-12-02,trends_nyc,19.565217391304348
2020-12-03,trends_nyc,0.0
2020-12-04,trends_nyc,24.652173913043477
2020-12-05,trends_nyc,18.782608695652176
2020-12-06,trends_nyc,0.0
2020-12-07,trends_nyc,0.0
2020-12-08,trends_nyc,17.788170387933636
2020-12-09,trends_nyc,22.15130652082302
2020-12-10,trends_nyc,26.178816797336296
2020-12-11,trends_nyc,0.0
2020-12-12,trends_nyc,0.0
2020-12-13,trends_nyc,0.0
2020-12-14,trends_nyc,0.0
2020-12-15,trends_nyc,0.0
2020-12-16,trends_nyc,0.0
2020-12-17,trends_nyc,0.0
2020-12-18,trends_nyc,0.0
2020-12-19,trends_nyc,0.0
2020-12-20,trends_nyc,0.0
2020-12-21,trends_nyc,0.0
2020-12-22,trends_nyc,0.0
2020-12-23,trends_nyc,0.0
2020-12-24,trends_nyc,0.0
2020-12-25,trends_nyc,0.0
2020-12-26,trends_nyc,0.0
2020-12-27,trends_nyc,0.0
2020-12-28,trends_nyc,0.0
2020-12-29,trends_nyc,0.0
2020-12-30,trends_nyc,0.0
2020-12-31,trends_nyc,0.0
2021-01-01,trends_nyc,0.0
2021-01-02,trends_nyc,0.0
2021-01-03,trends_nyc,0.0
2021-01-04,trends_nyc,27.115789473684217
2021-01-05,trends_nyc,0.0
2021-01-06,trends_nyc,28.884210526315794
2021-01-07,trends_nyc,0.0
2021-01-08,trends_nyc,0.0
2021-01-09,trends_nyc,0.0
2021-01-10,trends_nyc,0.0
2021-01-11,trends_nyc,15.774415249676998
2021-01-12,trends_nyc,0.0
2021-01-13,trends_nyc,0.0
2021-01-14,trends_nyc,0.0
2021-01-15,trends_nyc,0.0
2021-01-16,trends_nyc,0.0
2021-01-17,trends_nyc,0.0
2021-01-18,trends_nyc,18.45942210068585
2021-01-19,trends_nyc,0.0
2021-01-20,trends_nyc,0.0
2021-01-21,trends_nyc,0.0
2021-01-22,trends_nyc,0.0
2021-01-23,trends_nyc,0.0
2021-01-24,trends_nyc,0.0
2021-01-25,trends_nyc,0.0
2021-01-26,trends_nyc,18.123796244309744
2021-01-27,trends_nyc,13.76066011142036
2021-01-28,trends_nyc,16.110041106053107
2021-01-29,trends_nyc,0.0
2021-01-30,trends_nyc,0.0
2021-01-31,trends_nyc,0.0
2021-02-01,trends_nyc,0.0
2021-02-02,trends_nyc,0.0
2021-02-03,trends_nyc,0.0
2021-02-04,trends_nyc,0.0
2021-02-05,trends_nyc,0.0
2021-02-06,trends_nyc,0.0
2021-02-07,trends_nyc,0.0
2021-02-08,trends_nyc,0.0
2021-02-09,trends_nyc,0.0
2021-02-10,trends_nyc,0.0
2021-02-11,trends_nyc,0.0
2021-02-12,trends_nyc,0.0
2021-02-13,trends_nyc,0.0
2021-02-14,trends_nyc,0.0
2021-02-15,trends_nyc,0.0
2021-02-16,trends_nyc,0.0
2021-02-17,trends_nyc,0.0
2021-02-18,trends_nyc,0.0
2021-02-19,trends_nyc,0.0
2021-02-20,trends_nyc,0.0
2021-02-21,trends_nyc,0.0
2021-02-22,trends_nyc,0.0
2021-02-23,trends_nyc,0.0
2021-02-24,trends_nyc,0.0
2021-02-25,trends_nyc,0.0
2021-02-26,trends_nyc,20.340534684925583
2021-02-27,trends_nyc,0.0
2021-02-28,trends_nyc,0.0
2021-03-01,trends_nyc,0.0
2021-03-02,trends_nyc,0.0
2021-03-03,trends_nyc,0.0
2021-03-04,trends_nyc,0.0
2021-03-05,trends_nyc,0.0
2021-03-06,trends_nyc,0.0
2021-03-07,trends_nyc,0.0
2021-03-08,trends_nyc,0.0
2021-03-09,trends_nyc,16.83354594614531
2021-03-10,trends_nyc,0.0
2021-03-11,trends_nyc,0.0
2021-03-12,trends_nyc,0.0
2021-03-13,trends_nyc,0.0
2021-03-14,trends_nyc,0.0
2021-03-15,trends_nyc,0.0
2021-03-16,trends_nyc,0.0
2021-03-17,trends_nyc,0.0
2021-03-18,trends_nyc,0.0
2021-03-19,trends_nyc,0.0
2021-03-20,trends_nyc,0.0
2021-03-21,trends_nyc,0.0
2021-03-22,trends_nyc,0.0
2021-03-23,trends_nyc,0.0
2021-03-24,trends_nyc,0.0
2021-03-25,trends_nyc,0.0
2021-03-26,trends_nyc,0.0
2021-03-27,trends_nyc,0.0
2021-03-28,trends_nyc,0.0
2021-03-29,trends_nyc,0.0
2021-03-30,trends_nyc,0.0
2021-03-31,trends_nyc,0.0
2021-04-01,trends_nyc,0.0
2021-04-02,trends_nyc,0.0
2021-04-03,trends_nyc,0.0
2021-04-04,trends_nyc,0.0
2021-04-05,trends_nyc,0.0
2021-04-06,trends_nyc,91.0
2021-04-07,trends_nyc,0.0
2021-04-08,trends_nyc,0.0
2021-04-09,trends_nyc,0.0
2021-04-10,trends_nyc,0.0
2021-04-11,trends_nyc,0.0
2021-04-12,trends_nyc,35.06988738780273
2021-04-13,trends_nyc,25.60101779309599
2021-04-14,trends_nyc,18.937739189413477
2021-04-15,trends_nyc,18.587040315535447
2021-04-16,trends_nyc,19.2884380632915
2021-04-17,trends_nyc,21.392631306559664
2021-04-18,trends_nyc,0.0
2021-04-19,trends_nyc,15.4307504506332
2021-04-20,trends_nyc,24.54892117146191
2021-04-21,trends_nyc,27.0038132886081
2021-04-22,trends_nyc,14.729352702877144
2021-04-23,trends_nyc,0.0
2021-04-24,trends_nyc,0.0
2021-04-25,trends_nyc,0.0
2021-04-26,trends_nyc,17.534943693901365
2021-04-27,trends_nyc,23.1461256759498
2021-04-28,trends_nyc,13.677256081243064
2021-04-29,trends_nyc,0.0
2021-04-30,trends_nyc,0.0
2021-05-01,trends_nyc,0.0
2021-05-02,trends_nyc,0.0
2021-05-03,trends_nyc,0.0
2021-05-04,trends_nyc,0.0
2021-05-05,trends_nyc,0.0
2021-05-06,trends_nyc,0.0
2021-05-07,trends_nyc,0.0
2021-05-08,trends_nyc,0.0
2021-05-09,trends_nyc,0.0
2021-05-10,trends_nyc,0.0
2021-05-11,trends_nyc,0.0
2021-05-12,trends_nyc,0.0
2021-05-13,trends_nyc,0.0
2021-05-14,trends_nyc,0.0
2021-05-15,trends_nyc,0.0
2021-05-16,trends_nyc,0.0
2021-05-17,trends_nyc,15.781449324511229
2021-05-18,trends_nyc,0.0
2021-05-19,trends_nyc,14.027954955121093
2021-05-20,trends_nyc,0.0
2021-05-21,trends_nyc,0.0
2021-05-22,trends_nyc,0.0
2021-05-23,trends_nyc,0.0
2021-05-24,trends_nyc,0.0
2021-05-25,trends_nyc,0.0
2021-05-26,trends_nyc,0.0
2021-05-27,trends_nyc,16.83354594614531
2021-05-28,trends_nyc,0.0
2021-05-29,trends_nyc,0.0
2021-05-30,trends_nyc,0.0
2021-05-31,trends_nyc,0.0
2021-06-01,trends_nyc,0.0
2021-06-02,trends_nyc,0.0
2021-06-03,trends_nyc,0.0
2021-06-04,trends_nyc,0.0
2021-06-05,trends_nyc,0.0
2021-06-06,trends_nyc,0.0
2021-06-07,trends_nyc,0.0
2021-06-08,trends_nyc,0.0
2021-06-09,trends_nyc,0.0
2021-06-10,trends_nyc,0.0
2021-06-11,trends_nyc,0.0
2021-06-12,trends_nyc,0.0
2021-06-13,trends_nyc,0.0
2021-06-14,trends_nyc,0.0
2021-06-15,trends_nyc,0.0
2021-06-16,trends_nyc,0.0
2021-06-17,trends_nyc,0.0
2021-06-18,trends_nyc,0.0
2021-06-19,trends_nyc,0.0
2021-06-20,trends_nyc,0.0
2021-06-21,trends_nyc,0.0
2021-06-22,trends_nyc,0.0
2021-06-23,trends_nyc,0.0
2021-06-24,trends_nyc,0.0
2021-06-25,trends_nyc,0.0
2021-06-26,trends_nyc,0.0
2021-06-27,trends_nyc,0.0
2021-06-28,trends_nyc,0.0
2021-06-29,trends_nyc,0.0
2021-06-30,trends_nyc,0.0
2021-07-01,trends_nyc,0.0
2021-07-02,trends_nyc,0.0
2021-07-03,trends_nyc,0.0
2021-07-04,trends_nyc,0.0
2021-07-05,trends_nyc,0.0
2021-07-06,trends_nyc,0.0
2021-07-07,trends_nyc,0.0
2021-07-08,trends_nyc,0.0
2021-07-09,trends_nyc,0.0
2021-07-10,trends_nyc,0.0
2021-07-11,trends_nyc,0.0
2021-07-12,trends_nyc,0.0
2021-07-13,trends_nyc,0.0
2021-07-14,trends_nyc,0.0
2021-07-15,trends_nyc,0.0
2021-07-16,trends_nyc,0.0
2021-07-17,trends_nyc,0.0
2021-07-18,trends_nyc,0.0
2021-07-19,trends_nyc,0.0
2021-07-20,trends_nyc,0.0
2021-07-21,trends_nyc,0.0
2021-07-22,trends_nyc,0.0
2021-07-23,trends_nyc,0.0
2021-07-24,trends_nyc,0.0
2021-07-25,trends_nyc,0.0
2021-07-26,trends_nyc,0.0
2021-07-27,trends_nyc,0.0
2021-07-28,trends_nyc,0.0
2021-07-29,trends_nyc,0.0
2021-07-30,trends_nyc,0.0
2021-07-31,trends_nyc,0.0
2021-08-01,trends_nyc,0.0
2021-08-02,trends_nyc,0.0
2021-08-03,trends_nyc,0.0
2021-08-04,trends_nyc,0.0
2021-08-05,trends_nyc,0.0
2021-08-06,trends_nyc,0.0
2021-08-07,trends_nyc,0.0
2021-08-08,trends_nyc,0.0
2021-08-09,trends_nyc,0.0
2021-08-10,trends_nyc,0.0
2021-08-11,trends_nyc,0.0
2021-08-12,trends_nyc,0.0
2021-08-13,trends_nyc,0.0
2021-08-14,trends_nyc,0.0
2021-08-15,trends_nyc,0.0
2021-08-16,trends_nyc,0.0
2021-08-17,trends_nyc,0.0
2021-08-18,trends_nyc,0.0
2021-08-19,trends_nyc,0.0
2021-08-20,trends_nyc,0.0
2021-08-21,trends_nyc,0.0
2021-08-22,trends_nyc,0.0
2021-08-23,trends_nyc,0.0
2021-08-24,trends_nyc,0.0
2021-08-25,trends_nyc,0.0
2021-08-26,trends_nyc,0.0
2021-08-27,trends_nyc,0.0
2021-08-28,trends_nyc,0.0
2021-08-29,trends_nyc,0.0
2021-08-30,trends_nyc,0.0
2021-08-31,trends_nyc,0.0
2021-09-01,trends_nyc,0.0
2021-09-02,trends_nyc,0.0
2021-09-03,trends_nyc,0.0
2021-09-04,trends_nyc,0.0
2021-09-05,trends_nyc,0.0
2021-09-06,trends_nyc,0.0
2021-09-07,trends_nyc,0.0
2021-09-08,trends_nyc,0.0
2021-09-09,trends_nyc,0.0
2021-09-10,trends_nyc,0.0
2021-09-11,trends_nyc,0.0
2021-09-12,trends_nyc,0.0
2021-09-13,trends_nyc,0.0
2021-09-14,trends_nyc,0.0
2021-09-15,trends_nyc,0.0
2021-09-16,trends_nyc,0.0
2021-09-17,trends_nyc,0.0
2021-09-18,trends_nyc,0.0
2021-09-19,trends_nyc,0.0
2021-09-20,trends_nyc,0.0
2021-09-21,trends_nyc,0.0
2021-09-22,trends_nyc,0.0
2021-09-23,trends_nyc,0.0
2021-09-24,trends_nyc,0.0
2021-09-25,trends_nyc,0.0
2021-09-26,trends_nyc,0.0
2021-09-27,trends_nyc,0.0
2021-09-28,trends_nyc,0.0
2021-09-29,trends_nyc,0.0
2021-09-30,trends_nyc,0.0
2021-10-01,trends_nyc,0.0
2021-10-02,trends_nyc,0.0
2021-10-03,trends_nyc,0.0
2021-10-04,trends_nyc,0.0
2021-10-05,trends_nyc,27.999999999999996
2021-10-06,trends_nyc,0.0
2021-10-07,trends_nyc,0.0
2021-10-08,trends_nyc,0.0
2021-10-09,trends_nyc,0.0
2021-10-10,trends_nyc,0.0
2021-10-11,trends_nyc,0.0
2021-10-12,trends_nyc,0.0
2021-10-13,trends_nyc,0.0
2021-10-14,trends_nyc,0.0
2021-10-15,trends_nyc,0.0
2021-10-16,trends_nyc,0.0
2021-10-17,trends_nyc,0.0
2021-10-18,trends_nyc,0.0
2021-10-19,trends_nyc,0.0
2021-10-20,trends_nyc,0.0
2021-10-21,trends_nyc,0.0
2021-10-22,trends_nyc,0.0
2021-10-23,trends_nyc,0.0
2021-10-24,trends_nyc,0.0
2021-10-25,trends_nyc,0.0
2021-10-26,trends_nyc,0.0
2021-10-27,trends_nyc,0.0
2021-10-28,trends_nyc,0.0
2021-10-29,trends_nyc,0.0
2021-10-30,trends_nyc,0.0
2021-10-31,trends_nyc,0.0
2021-11-01,trends_nyc,0.0
2021-11-02,trends_nyc,0.0
2021-11-03,trends_nyc,0.0
2021-11-04,trends_nyc,0.0
2021-11-05,trends_nyc,0.0
2021-11-06,trends_nyc,0.0
2021-11-07,trends_nyc,0.0
2021-11-08,trends_nyc,0.0
2021-11-09,trends_nyc,0.0
2021-11-10,trends_nyc,0.0
2021-11-11,trends_nyc,0.0
2021-11-12,trends_nyc,0.0
2021-11-13,trends_nyc,0.0
2021-11-14,trends_nyc,0.0
2021-11-15,trends_nyc,0.0
2021-11-16,trends_nyc,0.0
2021-11-17,trends_nyc,0.0
2021-11-18,trends_nyc,0.0
2021-11-19,trends_nyc,0.0
2021-11-20,trends_nyc,0.0
2021-11-21,trends_nyc,0.0
2021-11-22,trends_nyc,0.0
2021-11-23,trends_nyc,0.0
2021-11-24,trends_nyc,0.0
2021-11-25,trends_nyc,0.0
2021-11-26,trends_nyc,0.0
2021-11-27,trends_nyc,0.0
2021-11-28,trends_nyc,0.0
2021-11-29,trends_nyc,0.0
2021-11-30,trends_nyc,0.0
2021-12-01,trends_nyc,0.0
2021-12-02,trends_nyc,0.0
2021-12-03,trends_nyc,0.0
2021-12-04,trends_nyc,0.0
2021-12-05,trends_nyc,0.0
2021-12-06,trends_nyc,17.75
2021-12-07,trends_nyc,17.25
2021-12-08,trends_nyc,0.0
2021-12-09,trends_nyc,0.0
2021-12-10,trends_nyc,0.0
2021-12-11,trends_nyc,0.0
2021-12-12,trends_nyc,0.0
2021-12-13,trends_nyc,0.0
2021-12-14,trends_nyc,0.0
2021-12-15,trends_nyc,0.0
2021-12-16,trends_nyc,0.0
2021-12-17,trends_nyc,0.0
2021-12-18,trends_nyc,0.0
2021-12-19,trends_nyc,0.0
2021-12-20,trends_nyc,0.0
2021-12-21,trends_nyc,0.0
2021-12-22,trends_nyc,0.0
2021-12-23,trends_nyc,0.0
2021-12-24,trends_nyc,0.0
2021-12-25,trends_nyc,0.0
2021-12-26,trends_nyc,0.0
2021-12-27,trends_nyc,0.0
2021-12-28,trends_nyc,0.0
2021-12-29,trends_nyc,0.0
2021-12-30,trends_nyc,0.0
2021-12-31,trends_nyc,0.0
2022-01-01,trends_nyc,0.0
2022-01-02,trends_nyc,0.0
2022-01-03,trends_nyc,0.0
2022-01-04,trends_nyc,0.0
2022-01-05,trends_nyc,0.0
2022-01-06,trends_nyc,0.0
2022-01-07,trends_nyc,0.0
2022-01-08,trends_nyc,0.0
2022-01-09,trends_nyc,0.0
2022-01-10,trends_nyc,0.0
2022-01-11,trends_nyc,0.0
2022-01-12,trends_nyc,0.0
2022-01-13,trends_nyc,86.0
2022-01-14,trends_nyc,0.0
2022-01-15,trends_nyc,0.0
2022-01-16,trends_nyc,0.0
2022-01-17,trends_nyc,0.0
2022-01-18,trends_nyc,0.0
2022-01-19,trends_nyc,0.0
2022-01-20,trends_nyc,0.0
2022-01-21,trends_nyc,0.0
2022-01-22,trends_nyc,100.0
2022-01-23,trends_nyc,0.0
2022-01-24,trends_nyc,0.0
2022-01-25,trends_nyc,0.0
2022-01-26,trends_nyc,0.0
2022-01-27,trends_nyc,0.0
2022-01-28,trends_nyc,0.0
2022-01-29,trends_nyc,0.0
2022-01-30,trends_nyc,0.0
2022-01-31,trends_nyc,0.0
2022-02-01,trends_nyc,0.0
2022-02-02,trends_nyc,0.0
2022-02-03,trends_nyc,0.0
2022-02-04,trends_nyc,0.0
2022-02-05,trends_nyc,0.0
2022-02-06,trends_nyc,0.0
2022-02-07,trends_nyc,0.0
2022-02-08,trends_nyc,0.0
2022-02-09,trends_nyc,0.0
2022-02-10,trends_nyc,0.0
2022-02-11,trends_nyc,0.0
2022-02-12,trends_nyc,0.0
2022-02-13,trends_nyc,0.0
2022-02-14,trends_nyc,0.0
2022-02-15,trends_nyc,0.0
2022-02-16,trends_nyc,0.0
2022-02-17,trends_nyc,0.0
2022-02-18,trends_nyc,58.68
2022-02-19,trends_nyc,0.0
2022-02-20,trends_nyc,0.0
2022-02-21,trends_nyc,0.0
2022-02-22,trends_nyc,0.0
2022-02-23,trends_nyc,0.0
2022-02-24,trends_nyc,0.0
2022-02-25,trends_nyc,0.0
2022-02-26,trends_nyc,0.0
2022-02-27,trends_nyc,0.0
2022-02-28,trends_nyc,0.0
2022-03-01,trends_nyc,0.0
2022-03-02,trends_nyc,0.0
2022-03-03,trends_nyc,0.0
2022-03-04,trends_nyc,0.0
2022-03-05,trends_nyc,0.0
2022-03-06,trends_nyc,0.0
2022-03-07,trends_nyc,0.0
2022-03-08,trends_nyc,0.0
2022-03-09,trends_nyc,0.0
2022-03-10,trends_nyc,0.0
2022-03-11,trends_nyc,0.0
2022-03-12,trends_nyc,0.0
2022-03-13,trends_nyc,0.0
2022-03-14,trends_nyc,0.0
2022-03-15,trends_nyc,0.0
2022-03-16,trends_nyc,0.0
2022-03-17,trends_nyc,0.0
2022-03-18,trends_nyc,0.0
2022-03-19,trends_nyc,0.0
2022-03-20,trends_nyc,0.0
2022-03-21,trends_nyc,63.02666666666666
2022-03-22,trends_nyc,66.28666666666666
2022-03-23,trends_nyc,0.0
2022-03-24,trends_nyc,0.0
2022-03-25,trends_nyc,0.0
2022-03-26,trends_nyc,0.0
2022-03-27,trends_nyc,0.0
2022-03-28,trends_nyc,48.9
2022-03-29,trends_nyc,0.0
2022-03-30,trends_nyc,0.0
2022-03-31,trends_nyc,0.0
2022-04-01,trends_nyc,0.0
2022-04-02,trends_nyc,0.0
2022-04-03,trends_nyc,0.0
2022-04-04,trends_nyc,0.0
2022-04-05,trends_nyc,0.0
2022-04-06,trends_nyc,49.00000000000001
2022-04-07,trends_nyc,0.0
2022-04-08,trends_nyc,0.0
2022-04-09,trends_nyc,0.0
2022-04-10,trends_nyc,0.0
2022-04-11,trends_nyc,0.0
2022-04-12,trends_nyc,69.54666666666667
2022-04-13,trends_nyc,0.0
2022-04-14,trends_nyc,58.68
2022-04-15,trends_nyc,58.68
2022-04-16,trends_nyc,0.0
2022-04-17,trends_nyc,0.0
2022-04-18,trends_nyc,0.0
2022-04-19,trends_nyc,0.0
2022-04-20,trends_nyc,0.0
2022-04-21,trends_nyc,0.0
2022-04-22,trends_nyc,0.0
2022-04-23,trends_nyc,0.0
2022-04-24,trends_nyc,0.0
2022-04-25,trends_nyc,0.0
2022-04-26,trends_nyc,0.0
2022-04-27,trends_nyc,0.0
2022-04-28,trends_nyc,48.9
2022-04-29,trends_nyc,0.0
2022-04-30,trends_nyc,0.0
2022-05-01,trends_nyc,0.0
2022-05-02,trends_nyc,0.0
2022-05-03,trends_nyc,16.0
2022-05-04,trends_nyc,0.0
2022-05-05,trends_nyc,21.56521739130435
2022-05-06,trends_nyc,18.434782608695652
2022-05-07,trends_nyc,0.0
2022-05-08,trends_nyc,0.0
2022-05-09,trends_nyc,51.07333333333333
2022-05-10,trends_nyc,108.66666666666669
2022-05-11,trends_nyc,0.0
2022-05-12,trends_nyc,0.0
2022-05-13,trends_nyc,0.0
2022-05-14,trends_nyc,0.0
2022-05-15,trends_nyc,0.0
2022-05-16,trends_nyc,0.0
2022-05-17,trends_nyc,59.766666666666666
2022-05-18,trends_nyc,64.11333333333333
2022-05-19,trends_nyc,65.2
2022-05-20,trends_nyc,0.0
2022-05-21,trends_nyc,73.89333333333333
2022-05-22,trends_nyc,0.0
2022-05-23,trends_nyc,0.0
2022-05-24,trends_nyc,0.0
2022-05-25,trends_nyc,0.0
2022-05-26,trends_nyc,66.28666666666666
2022-05-27,trends_nyc,0.0
2022-05-28,trends_nyc,0.0
2022-05-29,trends_nyc,0.0
2022-05-30,trends_nyc,0.0
2022-05-31,trends_nyc,0.0
2022-06-01,trends_nyc,0.0
2022-06-02,trends_nyc,0.0
2022-06-03,trends_nyc,0.0
2022-06-04,trends_nyc,0.0
2022-06-05,trends_nyc,0.0
2022-06-06,trends_nyc,0.0
2022-06-07,trends_nyc,35.0
2022-06-08,trends_nyc,0.0
2022-06-09,trends_nyc,0.0
2022-06-10,trends_nyc,0.0
2022-06-11,trends_nyc,0.0
2022-06-12,trends_nyc,0.0
2022-06-13,trends_nyc,0.0
2022-06-14,trends_nyc,0.0
2022-06-15,trends_nyc,0.0
2022-06-16,trends_nyc,0.0
2022-06-17,trends_nyc,0.0
2022-06-18,trends_nyc,0.0
2022-06-19,trends_nyc,0.0
2022-06-20,trends_nyc,0.0
2022-06-21,trends_nyc,0.0
2022-06-22,trends_nyc,0.0
2022-06-23,trends_nyc,0.0
2022-06-24,trends_nyc,0.0
2022-06-25,trends_nyc,64.11333333333333
2022-06-26,trends_nyc,0.0
2022-06-27,trends_nyc,0.0
2022-06-28,trends_nyc,0.0
2022-06-29,trends_nyc,0.0
2022-06-30,trends_nyc,0.0
2022-07-01,trends_nyc,0.0
2022-07-02,trends_nyc,0.0
2022-07-03,trends_nyc,0.0
2022-07-04,trends_nyc,0.0
2022-07-05,trends_nyc,0.0
2022-07-06,trends_nyc,0.0
2022-07-07,trends_nyc,0.0
2022-07-08,trends_nyc,0.0
2022-07-09,trends_nyc,0.0
2022-07-10,trends_nyc,0.0
2022-07-11,trends_nyc,0.0
2022-07-12,trends_nyc,0.0
2022-07-13,trends_nyc,0.0
2022-07-14,trends_nyc,0.0
2022-07-15,trends_nyc,0.0
2022-07-16,trends_nyc,0.0
2022-07-17,trends_nyc,0.0
2022-07-18,trends_nyc,0.0
2022-07-19,trends_nyc,0.0
2022-07-20,trends_nyc,0.0
2022-07-21,trends_nyc,0.0
2022-07-22,trends_nyc,0.0
2022-07-23,trends_nyc,0.0
2022-07-24,trends_nyc,0.0
2022-07-25,trends_nyc,0.0
2022-07-26,trends_nyc,0.0
2022-07-27,trends_nyc,0.0
2022-07-28,trends_nyc,0.0
2022-07-29,trends_nyc,0.0
2022-07-30,trends_nyc,0.0
2022-07-31,trends_nyc,0.0
2022-08-01,trends_nyc,0.0
2022-08-02,trends_nyc,0.0
2022-08-03,trends_nyc,0.0
2022-08-04,trends_nyc,0.0
2022-08-05,trends_nyc,0.0
2022-08-06,trends_nyc,0.0
2022-08-07,trends_nyc,0.0
2022-08-08,trends_nyc,0.0
2022-08-09,trends_nyc,0.0
2022-08-10,trends_nyc,0.0
2022-08-11,trends_nyc,0.0
2022-08-12,trends_nyc,0.0
2022-08-13,trends_nyc,0.0
2022-08-14,trends_nyc,0.0
2022-08-15,trends_nyc,0.0
2022-08-16,trends_nyc,0.0
2022-08-17,trends_nyc,0.0
2022-08-18,trends_nyc,0.0
2022-08-19,trends_nyc,0.0
2022-08-20,trends_nyc,0.0
2022-08-21,trends_nyc,0.0
2022-08-22,trends_nyc,0.0
2022-08-23,trends_nyc,0.0
2022-08-24,trends_nyc,0.0
2022-08-25,trends_nyc,0.0
2022-08-26,trends_nyc,0.0
2022-08-27,trends_nyc,0.0
2022-08-28,trends_nyc,0.0
2022-08-29,trends_nyc,0.0
2022-08-30,trends_nyc,0.0
2022-08-31,trends_nyc,0.0
2022-09-01,trends_nyc,0.0
2022-09-02,trends_nyc,0.0
2022-09-03,trends_nyc,0.0
2022-09-04,trends_nyc,0.0
2022-09-05,trends_nyc,0.0
2022-09-06,trends_nyc,0.0
2022-09-07,trends_nyc,0.0
2022-09-08,trends_nyc,0.0
2022-09-09,trends_nyc,0.0
2022-09-10,trends_nyc,0.0
2022-09-11,trends_nyc,0.0
2022-09-12,trends_nyc,0.0
2022-09-13,trends_nyc,0.0
2022-09-14,trends_nyc,0.0
2022-09-15,trends_nyc,0.0
2022-09-16,trends_nyc,0.0
2022-09-17,trends_nyc,0.0
2022-09-18,trends_nyc,0.0
2022-09-19,trends_nyc,0.0
2022-09-20,trends_nyc,0.0
2022-09-21,trends_nyc,0.0
2022-09-22,trends_nyc,0.0
2022-09-23,trends_nyc,0.0
2022-09-24,trends_nyc,0.0
2022-09-25,trends_nyc,0.0
2022-09-26,trends_nyc,0.0
2022-09-27,trends_nyc,0.0
2022-09-28,trends_nyc,0.0
2022-09-29,trends_nyc,0.0
2022-09-30,trends_nyc,0.0
2022-10-01,trends_nyc,0.0
2022-10-02,trends_nyc,0.0
2022-10-03,trends_nyc,0.0
2022-10-04,trends_nyc,0.0
2022-10-05,trends_nyc,0.0
2022-10-06,trends_nyc,0.0
2022-10-07,trends_nyc,0.0
2022-10-08,trends_nyc,0.0
2022-10-09,trends_nyc,0.0
2022-10-10,trends_nyc,0.0
2022-10-11,trends_nyc,0.0
2022-10-12,trends_nyc,0.0
2022-10-13,trends_nyc,100.0
2022-10-14,trends_nyc,0.0
2022-10-15,trends_nyc,0.0
2022-10-16,trends_nyc,0.0
2022-10-17,trends_nyc,0.0
2022-10-18,trends_nyc,0.0
2022-10-19,trends_nyc,0.0
2022-10-20,trends_nyc,0.0
2022-10-21,trends_nyc,0.0
2022-10-22,trends_nyc,0.0
2022-10-23,trends_nyc,0.0
2022-10-24,trends_nyc,0.0
2022-10-25,trends_nyc,0.0
2022-10-26,trends_nyc,0.0
2022-10-27,trends_nyc,0.0
2022-10-28,trends_nyc,0.0
2022-10-29,trends_nyc,0.0
2022-10-30,trends_nyc,0.0
2022-10-31,trends_nyc,0.0
2022-11-01,trends_nyc,0.0
2022-11-02,trends_nyc,0.0
2022-11-03,trends_nyc,0.0
2022-11-04,trends_nyc,0.0
2022-11-05,trends_nyc,0.0
2022-11-06,trends_nyc,0.0
2022-11-07,trends_nyc,0.0
2022-11-08,trends_nyc,0.0
2022-11-09,trends_nyc,0.0
2022-11-10,trends_nyc,0.0
2022-11-11,trends_nyc,0.0
2022-11-12,trends_nyc,0.0
2022-11-13,trends_nyc,0.0
2022-11-14,trends_nyc,0.0
2022-11-15,trends_nyc,0.0
2022-11-16,trends_nyc,0.0
2022-11-17,trends_nyc,0.0
2022-11-18,trends_nyc,81.0
2022-11-19,trends_nyc,0.0
2022-11-20,trends_nyc,0.0
2022-11-21,trends_nyc,0.0
2022-11-22,trends_nyc,0.0
2022-11-23,trends_nyc,87.0
2022-11-24,trends_nyc,0.0
2022-11-25,trends_nyc,0.0
2022-11-26,trends_nyc,0.0
2022-11-27,trends_nyc,0.0
2022-11-28,trends_nyc,0.0
2022-11-29,trends_nyc,0.0
2022-11-30,trends_nyc,73.0
2022-12-01,trends_nyc,0.0
2022-12-02,trends_nyc,0.0
2022-12-03,trends_nyc,0.0
2022-12-04,trends_nyc,0.0
2022-12-05,trends_nyc,42.0
2022-12-06,trends_nyc,0.0
2022-12-07,trends_nyc,0.0
2022-12-08,trends_nyc,0.0
2022-12-09,trends_nyc,75.0
2022-12-10,trends_nyc,0.0
2022-12-11,trends_nyc,0.0
2022-12-12,trends_nyc,0.0
2022-12-13,trends_nyc,0.0
2022-12-14,trends_nyc,0.0
2022-12-15,trends_nyc,0.0
2022-12-16,trends_nyc,0.0
2022-12-17,trends_nyc,0.0
2022-12-18,trends_nyc,0.0
2022-12-19,trends_nyc,0.0
2022-12-20,trends_nyc,0.0
2022-12-21,trends_nyc,0.0
2022-12-22,trends_nyc,0.0
2022-12-23,trends_nyc,0.0
2022-12-24,trends_nyc,0.0
2022-12-25,trends_nyc,0.0
2022-12-26,trends_nyc,0.0
2022-12-27,trends_nyc,0.0
2022-12-28,trends_nyc,0.0
2022-12-29,trends_nyc,0.0
2022-12-30,trends_nyc,0.0
2022-12-31,trends_nyc,0.0
2023-01-01,trends_nyc,0.0
2023-01-02,trends_nyc,0.0
2023-01-03,trends_nyc,0.0
2023-01-04,trends_nyc,0.0
2023-01-05,trends_nyc,0.0
2023-01-06,trends_nyc,0.0
2023-01-07,trends_nyc,0.0
2023-01-08,trends_nyc,0.0
2023-01-09,trends_nyc,98.0
2023-01-10,trends_nyc,0.0
2023-01-11,trends_nyc,0.0
2023-01-12,trends_nyc,0.0
2023-01-13,trends_nyc,0.0
2023-01-14,trends_nyc,0.0
2023-01-15,trends_nyc,0.0
2023-01-16,trends_nyc,0.0
2023-01-17,trends_nyc,0.0
2023-01-18,trends_nyc,0.0
2023-01-19,trends_nyc,0.0
2023-01-20,trends_nyc,0.0
2023-01-21,trends_nyc,0.0
2023-01-22,trends_nyc,0.0
2023-01-23,trends_nyc,0.0
2023-01-24,trends_nyc,0.0
2023-01-25,trends_nyc,0.0
2023-01-26,trends_nyc,81.4
2023-01-27,trends_nyc,151.94666666666666
2023-01-28,trends_nyc,542.6666666666666
2023-01-29,trends_nyc,200.78666666666663
2023-01-30,trends_nyc,173.65333333333334
2023-01-31,trends_nyc,168.22666666666666
2023-02-01,trends_nyc,20.655737704918035
2023-02-02,trends_nyc,20.655737704918035
2023-02-03,trends_nyc,28.688524590163933
2023-02-04,trends_nyc,0.0
2023-02-05,trends_nyc,0.0
2023-02-06,trends_nyc,0.0
2023-02-07,trends_nyc,0.0
2023-02-08,trends_nyc,70.54666666666667
2023-02-09,trends_nyc,130.24
2023-02-10,trends_nyc,86.82666666666667
2023-02-11,trends_nyc,0.0
2023-02-12,trends_nyc,0.0
2023-02-13,trends_nyc,97.68
2023-02-14,trends_nyc,75.97333333333333
2023-02-15,trends_nyc,0.0
2023-02-16,trends_nyc,119.38666666666668
2023-02-17,trends_nyc,92.25333333333332
2023-02-18,trends_nyc,0.0
2023-02-19,trends_nyc,0.0
2023-02-20,trends_nyc,0.0
2023-02-21,trends_nyc,0.0
2023-02-22,trends_nyc,0.0
2023-02-23,trends_nyc,0.0
2023-02-24,trends_nyc,0.0
2023-02-25,trends_nyc,0.0
2023-02-26,trends_nyc,0.0
2023-02-27,trends_nyc,0.0
2023-02-28,trends_nyc,81.4
2023-03-01,trends_nyc,0.0
2023-03-02,trends_nyc,23.592592592592595
2023-03-03,trends_nyc,0.0
2023-03-04,trends_nyc,0.0
2023-03-05,trends_nyc,0.0
2023-03-06,trends_nyc,25.40740740740741
2023-03-07,trends_nyc,0.0
2023-03-08,trends_nyc,0.0
2023-03-09,trends_nyc,75.97333333333333
2023-03-10,trends_nyc,103.10666666666668
2023-03-11,trends_nyc,0.0
2023-03-12,trends_nyc,0.0
2023-03-13,trends_nyc,0.0
2023-03-14,trends_nyc,0.0
2023-03-15,trends_nyc,0.0
2023-03-16,trends_nyc,0.0
2023-03-17,trends_nyc,0.0
2023-03-18,trends_nyc,0.0
2023-03-19,trends_nyc,0.0
2023-03-20,trends_nyc,0.0
2023-03-21,trends_nyc,0.0
2023-03-22,trends_nyc,0.0
2023-03-23,trends_nyc,0.0
2023-03-24,trends_nyc,0.0
2023-03-25,trends_nyc,0.0
2023-03-26,trends_nyc,0.0
2023-03-27,trends_nyc,0.0
2023-03-28,trends_nyc,0.0
2023-03-29,trends_nyc,0.0
2023-03-30,trends_nyc,0.0
2023-03-31,trends_nyc,0.0
2023-04-01,trends_nyc,0.0
2023-04-02,trends_nyc,0.0
2023-04-03,trends_nyc,42.0
2023-04-04,trends_nyc,0.0
2023-04-05,trends_nyc,0.0
2023-04-06,trends_nyc,0.0
2023-04-07,trends_nyc,0.0
2023-04-08,trends_nyc,0.0
2023-04-09,trends_nyc,0.0
2023-04-10,trends_nyc,0.0
2023-04-11,trends_nyc,0.0
2023-04-12,trends_nyc,108.53333333333332
2023-04-13,trends_nyc,0.0
2023-04-14,trends_nyc,0.0
2023-04-15,trends_nyc,0.0
2023-04-16,trends_nyc,0.0
2023-04-17,trends_nyc,0.0
2023-04-18,trends_nyc,0.0
2023-04-19,trends_nyc,0.0
2023-04-20,trends_nyc,0.0
2023-04-21,trends_nyc,92.25333333333332
2023-04-22,trends_nyc,92.25333333333332
2023-04-23,trends_nyc,0.0
2023-04-24,trends_nyc,0.0
2023-04-25,trends_nyc,0.0
2023-04-26,trends_nyc,0.0
2023-04-27,trends_nyc,0.0
2023-04-28,trends_nyc,0.0
2023-04-29,trends_nyc,0.0
2023-04-30,trends_nyc,0.0
2023-05-01,trends_nyc,22.272727272727273
2023-05-02,trends_nyc,0.0
2023-05-03,trends_nyc,0.0
2023-05-04,trends_nyc,26.72727272727273
2023-05-05,trends_nyc,0.0
2023-05-06,trends_nyc,0.0
2023-05-07,trends_nyc,0.0
2023-05-08,trends_nyc,86.82666666666667
2023-05-09,trends_nyc,0.0
2023-05-10,trends_nyc,0.0
2023-05-11,trends_nyc,81.4
2023-05-12,trends_nyc,0.0
2023-05-13,trends_nyc,0.0
2023-05-14,trends_nyc,0.0
2023-05-15,trends_nyc,0.0
2023-05-16,trends_nyc,0.0
2023-05-17,trends_nyc,0.0
2023-05-18,trends_nyc,0.0
2023-05-19,trends_nyc,0.0
2023-05-20,trends_nyc,0.0
2023-05-21,trends_nyc,0.0
2023-05-22,trends_nyc,0.0
2023-05-23,trends_nyc,98.8067582697201
2023-05-24,trends_nyc,0.0
2023-05-25,trends_nyc,0.0
2023-05-26,trends_nyc,0.0
2023-05-27,trends_nyc,0.0
2023-05-28,trends_nyc,0.0
2023-05-29,trends_nyc,0.0
2023-05-30,trends_nyc,0.0
2023-05-31,trends_nyc,0.0
2023-06-01,trends_nyc,0.0
2023-06-02,trends_nyc,0.0
2023-06-03,trends_nyc,0.0
2023-06-04,trends_nyc,0.0
2023-06-05,trends_nyc,27.999999999999996
2023-06-06,trends_nyc,0.0
2023-06-07,trends_nyc,0.0
2023-06-08,trends_nyc,63.28073282442749
2023-06-09,trends_nyc,0.0
2023-06-10,trends_nyc,0.0
2023-06-11,trends_nyc,0.0
2023-06-12,trends_nyc,0.0
2023-06-13,trends_nyc,0.0
2023-06-14,trends_nyc,0.0
2023-06-15,trends_nyc,0.0
2023-06-16,trends_nyc,0.0
2023-06-17,trends_nyc,0.0
2023-06-18,trends_nyc,0.0
2023-06-19,trends_nyc,0.0
2023-06-20,trends_nyc,0.0
2023-06-21,trends_nyc,0.0
2023-06-22,trends_nyc,0.0
2023-06-23,trends_nyc,0.0
2023-06-24,trends_nyc,0.0
2023-06-25,trends_nyc,0.0
2023-06-26,trends_nyc,0.0
2023-06-27,trends_nyc,0.0
2023-06-28,trends_nyc,0.0
2023-06-29,trends_nyc,71.05205089058525
2023-06-30,trends_nyc,0.0
2023-07-01,trends_nyc,0.0
2023-07-02,trends_nyc,0.0
2023-07-03,trends_nyc,0.0
2023-07-04,trends_nyc,0.0
2023-07-05,trends_nyc,0.0
2023-07-06,trends_nyc,0.0
2023-07-07,trends_nyc,0.0
2023-07-08,trends_nyc,0.0
2023-07-09,trends_nyc,0.0
2023-07-10,trends_nyc,0.0
2023-07-11,trends_nyc,0.0
2023-07-12,trends_nyc,95.47619338422392
2023-07-13,trends_nyc,0.0
2023-07-14,trends_nyc,0.0
2023-07-15,trends_nyc,0.0
2023-07-16,trends_nyc,0.0
2023-07-17,trends_nyc,0.0
2023-07-18,trends_nyc,0.0
2023-07-19,trends_nyc,0.0
2023-07-20,trends_nyc,0.0
2023-07-21,trends_nyc,0.0
2023-07-22,trends_nyc,0.0
2023-07-23,trends_nyc,0.0
2023-07-24,trends_nyc,0.0
2023-07-25,trends_nyc,0.0
2023-07-26,trends_nyc,0.0
2023-07-27,trends_nyc,0.0
2023-07-28,trends_nyc,0.0
2023-07-29,trends_nyc,0.0
2023-07-30,trends_nyc,0.0
2023-07-31,trends_nyc,0.0
2023-08-01,trends_nyc,0.0
2023-08-02,trends_nyc,0.0
2023-08-03,trends_nyc,0.0
2023-08-04,trends_nyc,9.268156424581006
2023-08-05,trends_nyc,0.0
2023-08-06,trends_nyc,0.0
2023-08-07,trends_nyc,11.731843575418994
2023-08-08,trends_nyc,0.0
2023-08-09,trends_nyc,0.0
2023-08-10,trends_nyc,0.0
2023-08-11,trends_nyc,0.0
2023-08-12,trends_nyc,0.0
2023-08-13,trends_nyc,0.0
2023-08-14,trends_nyc,0.0
2023-08-15,trends_nyc,0.0
2023-08-16,trends_nyc,0.0
2023-08-17,trends_nyc,0.0
2023-08-18,trends_nyc,0.0
2023-08-19,trends_nyc,0.0
2023-08-20,trends_nyc,0.0
2023-08-21,trends_nyc,0.0
2023-08-22,trends_nyc,0.0
2023-08-23,trends_nyc,0.0
2023-08-24,trends_nyc,0.0
2023-08-25,trends_nyc,0.0
2023-08-26,trends_nyc,0.0
2023-08-27,trends_nyc,0.0
2023-08-28,trends_nyc,0.0
2023-08-29,trends_nyc,0.0
2023-08-30,trends_nyc,0.0
2023-08-31,trends_nyc,0.0
2023-09-01,trends_nyc,0.0
2023-09-02,trends_nyc,0.0
2023-09-03,trends_nyc,0.0
2023-09-04,trends_nyc,0.0
2023-09-05,trends_nyc,0.0
2023-09-06,trends_nyc,0.0
2023-09-07,trends_nyc,0.0
2023-09-08,trends_nyc,0.0
2023-09-09,trends_nyc,0.0
2023-09-10,trends_nyc,0.0
2023-09-11,trends_nyc,0.0
2023-09-12,trends_nyc,0.0
2023-09-13,trends_nyc,0.0
2023-09-14,trends_nyc,0.0
2023-09-15,trends_nyc,0.0
2023-09-16,trends_nyc,0.0
2023-09-17,trends_nyc,0.0
2023-09-18,trends_nyc,0.0
2023-09-19,trends_nyc,0.0
2023-09-20,trends_nyc,0.0
2023-09-21,trends_nyc,0.0
2023-09-22,trends_nyc,0.0
2023-09-23,trends_nyc,0.0
2023-09-24,trends_nyc,0.0
2023-09-25,trends_nyc,0.0
2023-09-26,trends_nyc,0.0
2023-09-27,trends_nyc,0.0
2023-09-28,trends_nyc,0.0
2023-09-29,trends_nyc,0.0
2023-09-30,trends_nyc,0.0
2023-10-01,trends_nyc,0.0
2023-10-02,trends_nyc,0.0
2023-10-03,trends_nyc,0.0
2023-10-04,trends_nyc,0.0
2023-10-05,trends_nyc,0.0
2023-10-06,trends_nyc,0.0
2023-10-07,trends_nyc,0.0
2023-10-08,trends_nyc,0.0
2023-10-09,trends_nyc,0.0
2023-10-10,trends_nyc,0.0
2023-10-11,trends_nyc,0.0
2023-10-12,trends_nyc,0.0
2023-10-13,trends_nyc,0.0
2023-10-14,trends_nyc,0.0
2023-10-15,trends_nyc,0.0
2023-10-16,trends_nyc,0.0
2023-10-17,trends_nyc,0.0
2023-10-18,trends_nyc,0.0
2023-10-19,trends_nyc,0.0
2023-10-20,trends_nyc,0.0
2023-10-21,trends_nyc,0.0
2023-10-22,trends_nyc,0.0
2023-10-23,trends_nyc,0.0
2023-10-24,trends_nyc,84.37431043256998
2023-10-25,trends_nyc,0.0
2023-10-26,trends_nyc,0.0
2023-10-27,trends_nyc,0.0
2023-10-28,trends_nyc,0.0
2023-10-29,trends_nyc,0.0
2023-10-30,trends_nyc,0.0
2023-10-31,trends_nyc,0.0
2023-11-01,trends_nyc,0.0
2023-11-02,trends_nyc,0.0
2023-11-03,trends_nyc,0.0
2023-11-04,trends_nyc,0.0
2023-11-05,trends_nyc,0.0
2023-11-06,trends_nyc,0.0
2023-11-07,trends_nyc,0.0
2023-11-08,trends_nyc,0.0
2023-11-09,trends_nyc,0.0
2023-11-10,trends_nyc,0.0
2023-11-11,trends_nyc,0.0
2023-11-12,trends_nyc,0.0
2023-11-13,trends_nyc,0.0
2023-11-14,trends_nyc,0.0
2023-11-15,trends_nyc,0.0
2023-11-16,trends_nyc,88.81506361323156
2023-11-17,trends_nyc,0.0
2023-11-18,trends_nyc,0.0
2023-11-19,trends_nyc,0.0
2023-11-20,trends_nyc,0.0
2023-11-21,trends_nyc,0.0
2023-11-22,trends_nyc,0.0
2023-11-23,trends_nyc,0.0
2023-11-24,trends_nyc,0.0
2023-11-25,trends_nyc,0.0
2023-11-26,trends_nyc,0.0
2023-11-27,trends_nyc,0.0
2023-11-28,trends_nyc,0.0
2023-11-29,trends_nyc,0.0
2023-11-30,trends_nyc,0.0
2023-12-01,trends_nyc,0.0
2023-12-02,trends_nyc,0.0
2023-12-03,trends_nyc,0.0
2023-12-04,trends_nyc,0.0
2023-12-05,trends_nyc,0.0
2023-12-06,trends_nyc,27.999999999999996
2023-12-07,trends_nyc,0.0
2023-12-08,trends_nyc,0.0
2023-12-09,trends_nyc,0.0
2023-12-10,trends_nyc,0.0
2023-12-11,trends_nyc,0.0
2023-12-12,trends_nyc,0.0
2023-12-13,trends_nyc,0.0
2023-12-14,trends_nyc,0.0
2023-12-15,trends_nyc,0.0
2023-12-16,trends_nyc,0.0
2023-12-17,trends_nyc,0.0
2023-12-18,trends_nyc,0.0
2023-12-19,trends_nyc,0.0
2023-12-20,trends_nyc,0.0
2023-12-21,trends_nyc,0.0
2023-12-22,trends_nyc,0.0
2023-12-23,trends_nyc,0.0
2023-12-24,trends_nyc,0.0
2023-12-25,trends_nyc,0.0
2023-12-26,trends_nyc,0.0
2023-12-27,trends_nyc,0.0
2023-12-28,trends_nyc,0.0
2023-12-29,trends_nyc,0.0
2023-12-30,trends_nyc,0.0
2023-12-31,trends_nyc,0.0
2024-01-01,trends_nyc,0.0
2024-01-02,trends_nyc,0.0
2024-01-03,trends_nyc,28.0
2024-01-04,trends_nyc,0.0
2024-01-05,trends_nyc,0.0
2024-01-06,trends_nyc,0.0
2024-01-07,trends_nyc,0.0
2024-01-08,trends_nyc,0.0
2024-01-09,trends_nyc,0.0
2024-01-10,trends_nyc,0.0
2024-01-11,trends_nyc,0.0
2024-01-12,trends_nyc,0.0
2024-01-13,trends_nyc,0.0
2024-01-14,trends_nyc,0.0
2024-01-15,trends_nyc,0.0
2024-01-16,trends_nyc,0.0
2024-01-17,trends_nyc,0.0
2024-01-18,trends_nyc,0.0
2024-01-19,trends_nyc,0.0
2024-01-20,trends_nyc,0.0
2024-01-21,trends_nyc,0.0
2024-01-22,trends_nyc,76.76975884851862
2024-01-23,trends_nyc,0.0
2024-01-24,trends_nyc,0.0
2024-01-25,trends_nyc,0.0
2024-01-26,trends_nyc,0.0
2024-01-27,trends_nyc,0.0
2024-01-28,trends_nyc,0.0
2024-01-29,trends_nyc,0.0
2024-01-30,trends_nyc,0.0
2024-01-31,trends_nyc,0.0
2024-02-01,trends_nyc,0.0
2024-02-02,trends_nyc,0.0
2024-02-03,trends_nyc,0.0
2024-02-04,trends_nyc,0.0
2024-02-05,trends_nyc,0.0
2024-02-06,trends_nyc,0.0
2024-02-07,trends_nyc,0.0
2024-02-08,trends_nyc,0.0
2024-02-09,trends_nyc,0.0
2024-02-10,trends_nyc,0.0
2024-02-11,trends_nyc,0.0
2024-02-12,trends_nyc,0.0
2024-02-13,trends_nyc,0.0
2024-02-14,trends_nyc,0.0
2024-02-15,trends_nyc,0.0
2024-02-16,trends_nyc,0.0
2024-02-17,trends_nyc,0.0
2024-02-18,trends_nyc,0.0
2024-02-19,trends_nyc,0.0
2024-02-20,trends_nyc,0.0
2024-02-21,trends_nyc,0.0
2024-02-22,trends_nyc,0.0
2024-02-23,trends_nyc,0.0
2024-02-24,trends_nyc,0.0
2024-02-25,trends_nyc,0.0
2024-02-26,trends_nyc,0.0
2024-02-27,trends_nyc,0.0
2024-02-28,trends_nyc,0.0
2024-02-29,trends_nyc,0.0
2024-03-01,trends_nyc,0.0
2024-03-02,trends_nyc,0.0
2024-03-03,trends_nyc,0.0
2024-03-04,trends_nyc,0.0
2024-03-05,trends_nyc,0.0
2024-03-06,trends_nyc,0.0
2024-03-07,trends_nyc,0.0
2024-03-08,trends_nyc,0.0
2024-03-09,trends_nyc,0.0
2024-03-10,trends_nyc,0.0
2024-03-11,trends_nyc,0.0
2024-03-12,trends_nyc,0.0
2024-03-13,trends_nyc,0.0
2024-03-14,trends_nyc,0.0
2024-03-15,trends_nyc,0.0
2024-03-16,trends_nyc,0.0
2024-03-17,trends_nyc,0.0
2024-03-18,trends_nyc,0.0
2024-03-19,trends_nyc,0.0
2024-03-20,trends_nyc,0.0
2024-03-21,trends_nyc,0.0
2024-03-22,trends_nyc,0.0
2024-03-23,trends_nyc,0.0
2024-03-24,trends_nyc,0.0
2024-03-25,trends_nyc,0.0
2024-03-26,trends_nyc,0.0
2024-03-27,trends_nyc,0.0
2024-03-28,trends_nyc,0.0
2024-03-29,trends_nyc,0.0
2024-03-30,trends_nyc,0.0
2024-03-31,trends_nyc,0.0
2024-04-01,trends_nyc,0.0
2024-04-02,trends_nyc,0.0
2024-04-03,trends_nyc,0.0
2024-04-04,trends_nyc,0.0
2024-04-05,trends_nyc,0.0
2024-04-06,trends_nyc,0.0
2024-04-07,trends_nyc,0.0
2024-04-08,trends_nyc,0.0
2024-04-09,trends_nyc,0.0
2024-04-10,trends_nyc,0.0
2024-04-11,trends_nyc,0.0
2024-04-12,trends_nyc,0.0
2024-04-13,trends_nyc,0.0
2024-04-14,trends_nyc,0.0
2024-04-15,trends_nyc,0.0
2024-04-16,trends_nyc,0.0
2024-04-17,trends_nyc,0.0
2024-04-18,trends_nyc,0.0
2024-04-19,trends_nyc,0.0
2024-04-20,trends_nyc,0.0
2024-04-21,trends_nyc,0.0
2024-04-22,trends_nyc,0.0
2024-04-23,trends_nyc,0.0
2024-04-24,trends_nyc,0.0
2024-04-25,trends_nyc,0.0
2024-04-26,trends_nyc,0.0
2024-04-27,trends_nyc,0.0
2024-04-28,trends_nyc,0.0
2024-04-29,trends_nyc,0.0
2024-04-30,trends_nyc,0.0
2024-05-01,trends_nyc,0.0
2024-05-02,trends_nyc,0.0
2024-05-03,trends_nyc,0.0
2024-05-04,trends_nyc,0.0
2024-05-05,trends_nyc,0.0
2024-05-06,trends_nyc,42.0
2024-05-07,trends_nyc,0.0
2024-05-08,trends_nyc,0.0
2024-05-09,trends_nyc,0.0
2024-05-10,trends_nyc,0.0
2024-05-11,trends_nyc,0.0
2024-05-12,trends_nyc,0.0
2024-05-13,trends_nyc,153.04975846993344
2024-05-14,trends_nyc,0.0
2024-05-15,trends_nyc,0.0
2024-05-16,trends_nyc,0.0
2024-05-17,trends_nyc,0.0
2024-05-18,trends_nyc,0.0
2024-05-19,trends_nyc,0.0
2024-05-20,trends_nyc,0.0
2024-05-21,trends_nyc,0.0
2024-05-22,trends_nyc,0.0
2024-05-23,trends_nyc,0.0
2024-05-24,trends_nyc,0.0
2024-05-25,trends_nyc,0.0
2024-05-26,trends_nyc,0.0
2024-05-27,trends_nyc,0.0
2024-05-28,trends_nyc,0.0
2024-05-29,trends_nyc,0.0
2024-05-30,trends_nyc,0.0
2024-05-31,trends_nyc,0.0
2024-06-01,trends_nyc,0.0
2024-06-02,trends_nyc,0.0
2024-06-03,trends_nyc,0.0
2024-06-04,trends_nyc,0.0
2024-06-05,trends_nyc,0.0
2024-06-06,trends_nyc,0.0
2024-06-07,trends_nyc,0.0
2024-06-08,trends_nyc,0.0
2024-06-09,trends_nyc,0.0
2024-06-10,trends_nyc,0.0
2024-06-11,trends_nyc,0.0
2024-06-12,trends_nyc,0.0
2024-06-13,trends_nyc,0.0
2024-06-14,trends_nyc,0.0
2024-06-15,trends_nyc,0.0
2024-06-16,trends_nyc,0.0
2024-06-17,trends_nyc,0.0
2024-06-18,trends_nyc,0.0
2024-06-19,trends_nyc,0.0
2024-06-20,trends_nyc,0.0
2024-06-21,trends_nyc,0.0
2024-06-22,trends_nyc,0.0
2024-06-23,trends_nyc,0.0
2024-06-24,trends_nyc,0.0
2024-06-25,trends_nyc,0.0
2024-06-26,trends_nyc,0.0
2024-06-27,trends_nyc,0.0
2024-06-28,trends_nyc,0.0
2024-06-29,trends_nyc,0.0
2024-06-30,trends_nyc,0.0
2024-07-01,trends_nyc,0.0
2024-07-02,trends_nyc,0.0
2024-07-03,trends_nyc,0.0
2024-07-04,trends_nyc,0.0
2024-07-05,trends_nyc,0.0
2024-07-06,trends_nyc,0.0
2024-07-07,trends_nyc,0.0
2024-07-08,trends_nyc,0.0
2024-07-09,trends_nyc,0.0
2024-07-10,trends_nyc,0.0
2024-07-11,trends_nyc,0.0
2024-07-12,trends_nyc,0.0
2024-07-13,trends_nyc,0.0
2024-07-14,trends_nyc,0.0
2024-07-15,trends_nyc,0.0
2024-07-16,trends_nyc,0.0
2024-07-17,trends_nyc,0.0
2024-07-18,trends_nyc,0.0
2024-07-19,trends_nyc,0.0
2024-07-20,trends_nyc,0.0
2024-07-21,trends_nyc,0.0
2024-07-22,trends_nyc,0.0
2024-07-23,trends_nyc,0.0
2024-07-24,trends_nyc,0.0
2024-07-25,trends_nyc,0.0
2024-07-26,trends_nyc,0.0
2024-07-27,trends_nyc,0.0
2024-07-28,trends_nyc,0.0
2024-07-29,trends_nyc,0.0
2024-07-30,trends_nyc,0.0
2024-07-31,trends_nyc,0.0
2024-08-01,trends_nyc,0.0
2024-08-02,trends_nyc,0.0
2024-08-03,trends_nyc,0.0
2024-08-04,trends_nyc,0.0
2024-08-05,trends_nyc,0.0
2024-08-06,trends_nyc,0.0
2024-08-07,trends_nyc,0.0
2024-08-08,trends_nyc,0.0
2024-08-09,trends_nyc,0.0
2024-08-10,trends_nyc,0.0
2024-08-11,trends_nyc,0.0
2024-08-12,trends_nyc,0.0
2024-08-13,trends_nyc,0.0
2024-08-14,trends_nyc,0.0
2024-08-15,trends_nyc,0.0
2024-08-16,trends_nyc,0.0
2024-08-17,trends_nyc,0.0
2024-08-18,trends_nyc,0.0
2024-08-19,trends_nyc,0.0
2024-08-20,trends_nyc,0.0
2024-08-21,trends_nyc,0.0
2024-08-22,trends_nyc,0.0
2024-08-23,trends_nyc,0.0
2024-08-24,trends_nyc,0.0
2024-08-25,trends_nyc,0.0
2024-08-26,trends_nyc,0.0
2024-08-27,trends_nyc,0.0
2024-08-28,trends_nyc,0.0
2024-08-29,trends_nyc,0.0
2024-08-30,trends_nyc,0.0
2024-08-31,trends_nyc,0.0
2024-09-01,trends_nyc,0.0
2024-09-02,trends_nyc,0.0
2024-09-03,trends_nyc,0.0
2024-09-04,trends_nyc,0.0
2024-09-05,trends_nyc,0.0
2024-09-06,trends_nyc,0.0
2024-09-07,trends_nyc,0.0
2024-09-08,trends_nyc,0.0
2024-09-09,trends_nyc,0.0
2024-09-10,trends_nyc,0.0
2024-09-11,trends_nyc,0.0
2024-09-12,trends_nyc,0.0
2024-09-13,trends_nyc,0.0
2024-09-14,trends_nyc,0.0
2024-09-15,trends_nyc,0.0
2024-09-16,trends_nyc,0.0
2024-09-17,trends_nyc,0.0
2024-09-18,trends_nyc,0.0
2024-09-19,trends_nyc,0.0
2024-09-20,trends_nyc,0.0
2024-09-21,trends_nyc,0.0
2024-09-22,trends_nyc,0.0
2024-09-23,trends_nyc,0.0
2024-09-24,trends_nyc,0.0
2024-09-25,trends_nyc,0.0
2024-09-26,trends_nyc,0.0
2024-09-27,trends_nyc,0.0
2024-09-28,trends_nyc,0.0
2024-09-29,trends_nyc,0.0
2024-09-30,trends_nyc,0.0
2024-10-01,trends_nyc,0.0
2024-10-02,trends_nyc,0.0
2024-10-03,trends_nyc,0.0
2024-10-04,trends_nyc,0.0
2024-10-05,trends_nyc,0.0
2024-10-06,trends_nyc,0.0
2024-10-07,trends_nyc,0.0
2024-10-08,trends_nyc,0.0
2024-10-09,trends_nyc,0.0
2024-10-10,trends_nyc,0.0
2024-10-11,trends_nyc,0.0
2024-10-12,trends_nyc,0.0
2024-10-13,trends_nyc,0.0
2024-10-14,trends_nyc,97.0
2024-10-15,trends_nyc,0.0
2024-10-16,trends_nyc,0.0
2024-10-17,trends_nyc,0.0
2024-10-18,trends_nyc,0.0
2024-10-19,trends_nyc,0.0
2024-10-20,trends_nyc,0.0
2024-10-21,trends_nyc,0.0
2024-10-22,trends_nyc,0.0
2024-10-23,trends_nyc,0.0
2024-10-24,trends_nyc,0.0
2024-10-25,trends_nyc,0.0
2024-10-26,trends_nyc,0.0
2024-10-27,trends_nyc,0.0
2024-10-28,trends_nyc,0.0
2024-10-29,trends_nyc,0.0
2024-10-30,trends_nyc,0.0
2024-10-31,trends_nyc,0.0
2024-11-01,trends_nyc,0.0
2024-11-02,trends_nyc,0.0
2024-11-03,trends_nyc,0.0
2024-11-04,trends_nyc,0.0
2024-11-05,trends_nyc,0.0
2024-11-06,trends_nyc,0.0
2024-11-07,trends_nyc,0.0
2024-11-08,trends_nyc,0.0
2024-11-09,trends_nyc,0.0
2024-11-10,trends_nyc,0.0
2024-11-11,trends_nyc,0.0
2024-11-12,trends_nyc,0.0
2024-11-13,trends_nyc,0.0
2024-11-14,trends_nyc,0.0
2024-11-15,trends_nyc,0.0
2024-11-16,trends_nyc,0.0
2024-11-17,trends_nyc,0.0
2024-11-18,trends_nyc,0.0
2024-11-19,trends_nyc,0.0
2024-11-20,trends_nyc,0.0
2024-11-21,trends_nyc,0.0
2024-11-22,trends_nyc,0.0
2024-11-23,trends_nyc,0.0
2024-11-24,trends_nyc,0.0
2024-11-25,trends_nyc,0.0
2024-11-26,trends_nyc,0.0
2024-11-27,trends_nyc,0.0
2024-11-28,trends_nyc,0.0
2024-11-29,trends_nyc,0.0
2024-11-30,trends_nyc,0.0
2024-12-01,trends_nyc,0.0
2024-12-02,trends_nyc,0.0
2024-12-03,trends_nyc,0.0
2024-12-04,trends_nyc,0.0
2024-12-05,trends_nyc,0.0
2024-12-06,trends_nyc,0.0
2024-12-07,trends_nyc,0.0
2024-12-08,trends_nyc,0.0
2024-12-09,trends_nyc,0.0
2024-12-10,trends_nyc,0.0
2024-12-11,trends_nyc,0.0
2024-12-12,trends_nyc,0.0
2024-12-13,trends_nyc,0.0
2024-12-14,trends_nyc,0.0
2024-12-15,trends_nyc,0.0
2024-12-16,trends_nyc,0.0
2024-12-17,trends_nyc,0.0
2024-12-18,trends_nyc,0.0
2024-12-19,trends_nyc,100.0
2024-12-20,trends_nyc,0.0
2024-12-21,trends_nyc,0.0
2024-12-22,trends_nyc,0.0
2024-12-23,trends_nyc,0.0
2024-12-24,trends_nyc,0.0
2024-12-25,trends_nyc,0.0
2024-12-26,trends_nyc,0.0
2024-12-27,trends_nyc,0.0
2024-12-28,trends_nyc,0.0
2024-12-29,trends_nyc,0.0
2024-12-30,trends_nyc,0.0
2024-12-31,trends_nyc,0.0
2020-04-25,trends_victims,0.0
2020-04-26,trends_victims,0.0
2020-04-27,trends_victims,0.0
2020-04-28,trends_victims,0.0
2020-04-29,trends_victims,0.0
2020-04-30,trends_victims,0.0
2020-05-01,trends_victims,0.0
2020-05-02,trends_victims,0.0
2020-05-03,trends_victims,0.0
2020-05-04,trends_victims,0.0
2020-05-05,trends_victims,0.0
2020-05-06,trends_victims,0.0
2020-05-07,trends_victims,0.0
2020-05-08,trends_victims,1.0
2020-05-09,trends_victims,5.0
2020-05-10,trends_victims,3.0
2020-05-11,trends_victims,2.0
2020-05-12,trends_victims,4.0
2020-05-13,trends_victims,12.0
2020-05-14,trends_victims,12.0
2020-05-15,trends_victims,6.0
2020-05-16,trends_victims,5.0
2020-05-17,trends_victims,2.0
2020-05-18,trends_victims,2.0
2020-05-19,trends_victims,2.0
2020-05-20,trends_victims,1.0
2020-05-21,trends_victims,1.0
2020-05-22,trends_victims,2.0
2020-05-23,trends_victims,2.0
2020-05-24,trends_victims,1.0
2020-05-25,trends_victims,1.0
2020-05-26,trends_victims,9.0
2020-05-27,trends_victims,71.0
2020-05-28,trends_victims,106.0
2020-05-29,trends_victims,135.0
2020-05-30,trends_victims,130.0
2020-05-31,trends_victims,127.0
2020-06-01,trends_victims,108.0
2020-06-02,trends_victims,91.0
2020-06-03,trends_victims,84.0
2020-06-04,trends_victims,115.0
2020-06-05,trends_victims,148.0
2020-06-06,trends_victims,119.0
2020-06-07,trends_victims,66.0
2020-06-08,trends_victims,51.0
2020-06-09,trends_victims,56.0
2020-06-10,trends_victims,42.0
2020-06-11,trends_victims,33.0
2020-06-12,trends_victims,34.0
2020-06-13,trends_victims,42.0
2020-06-14,trends_victims,122.0
2020-06-15,trends_victims,87.0
2020-06-16,trends_victims,57.0
2020-06-17,trends_victims,63.0
2020-06-18,trends_victims,75.0
2020-06-19,trends_victims,43.0
2020-06-20,trends_victims,31.0
2020-06-21,trends_victims,25.0
2020-06-22,trends_victims,30.0
2020-06-23,trends_victims,72.0
2020-06-24,trends_victims,121.0
2020-06-25,trends_victims,119.0
2020-06-26,trends_victims,88.0
2020-06-27,trends_victims,65.0
2020-06-28,trends_victims,51.0
2020-06-29,trends_victims,33.0
2020-06-30,trends_victims,35.0
2020-07-01,trends_victims,32.0
2020-07-02,trends_victims,24.0
2020-07-03,trends_victims,31.0
2020-07-04,trends_victims,35.0
2020-07-05,trends_victims,20.0
2020-07-06,trends_victims,14.0
2020-07-07,trends_victims,12.0
2020-07-08,trends_victims,10.0
2020-07-09,trends_victims,10.0
2020-07-10,trends_victims,9.0
2020-07-11,trends_victims,8.0
2020-07-12,trends_victims,4.0
2020-07-13,trends_victims,3.0
2020-07-14,trends_victims,4.0
2020-07-15,trends_victims,5.0
2020-07-16,trends_victims,4.0
2020-07-17,trends_victims,3.0
2020-07-18,trends_victims,3.0
2020-07-19,trends_victims,2.0
2020-07-20,trends_victims,2.0
2020-07-21,trends_victims,2.0
2020-07-22,trends_victims,2.0
2020-07-23,trends_victims,2.0
2020-07-24,trends_victims,2.0
2020-07-25,trends_victims,2.0
2020-07-26,trends_victims,3.0
2020-07-27,trends_victims,2.0
2020-07-28,trends_victims,3.0
2020-07-29,trends_victims,3.0
2020-07-30,trends_victims,3.0
2020-07-31,trends_victims,3.0
2020-08-01,trends_victims,2.0
2020-08-02,trends_victims,2.0
2020-08-03,trends_victims,3.0
2020-08-04,trends_victims,7.0
2020-08-05,trends_victims,8.0
2020-08-06,trends_victims,4.0
2020-08-07,trends_victims,3.0
2020-08-08,trends_victims,3.0
2020-08-09,trends_victims,2.0
2020-08-10,trends_victims,2.0
2020-08-11,trends_victims,3.0
2020-08-12,trends_victims,2.0
2020-08-13,trends_victims,3.0
2020-08-14,trends_victims,4.0
2020-08-15,trends_victims,4.0
2020-08-16,trends_victims,3.0
2020-08-17,trends_victims,2.0
2020-08-18,trends_victims,2.0
2020-08-19,trends_victims,2.0
2020-08-20,trends_victims,2.0
2020-08-21,trends_victims,2.0
2020-08-22,trends_victims,2.0
2020-08-23,trends_victims,2.0
2020-08-24,trends_victims,4.0
2020-08-25,trends_victims,4.0
2020-08-26,trends_victims,4.0
2020-08-27,trends_victims,5.0
2020-08-28,trends_victims,5.0
2020-08-29,trends_victims,3.0
2020-08-30,trends_victims,3.0
2020-08-31,trends_victims,2.0
2020-09-01,trends_victims,2.0
2020-09-02,trends_victims,16.0
2020-09-03,trends_victims,104.0
2020-09-04,trends_victims,77.0
2020-09-05,trends_victims,63.0
2020-09-06,trends_victims,51.0
2020-09-07,trends_victims,38.0
2020-09-08,trends_victims,63.0
2020-09-09,trends_victims,58.0
2020-09-10,trends_victims,15.0
2020-09-11,trends_victims,8.0
2020-09-12,trends_victims,6.0
2020-09-13,trends_victims,6.0
2020-09-14,trends_victims,7.0
2020-09-15,trends_victims,12.0
2020-09-16,trends_victims,10.0
2020-09-17,trends_victims,7.0
2020-09-18,trends_victims,4.0
2020-09-19,trends_victims,5.0
2020-09-20,trends_victims,4.0
2020-09-21,trends_victims,4.0
2020-09-22,trends_victims,2.0
2020-02-12,trends_victims,0.0
2020-02-13,trends_victims,0.0
2020-02-14,trends_victims,0.0
2020-02-15,trends_victims,0.0
2020-02-16,trends_victims,0.0
2020-02-17,trends_victims,0.0
2020-02-18,trends_victims,0.0
2020-02-19,trends_victims,0.0
2020-02-20,trends_victims,0.0
2020-02-21,trends_victims,0.0
2020-02-22,trends_victims,0.0
2020-02-23,trends_victims,0.0
2020-02-24,trends_victims,0.0
2020-02-25,trends_victims,0.0
2020-02-26,trends_victims,0.0
2020-02-27,trends_victims,0.0
2020-02-28,trends_victims,0.0
2020-02-29,trends_victims,0.0
2020-03-01,trends_victims,0.0
2020-03-02,trends_victims,0.0
2020-03-03,trends_victims,0.0
2020-03-04,trends_victims,0.0
2020-03-05,trends_victims,0.0
2020-03-06,trends_victims,0.0
2020-03-07,trends_victims,0.0
2020-03-08,trends_victims,0.0
2020-03-09,trends_victims,0.0
2020-03-10,trends_victims,0.0
2020-03-11,trends_victims,0.0
2020-03-12,trends_victims,0.0
2020-03-13,trends_victims,0.0
2020-03-14,trends_victims,0.0
2020-03-15,trends_victims,0.0
2020-03-16,trends_victims,0.0
2020-03-17,trends_victims,0.0
2020-03-18,trends_victims,0.0
2020-03-19,trends_victims,0.0
2020-03-20,trends_victims,0.0
2020-03-21,trends_victims,0.0
2020-03-22,trends_victims,0.0
2020-03-23,trends_victims,0.0
2020-03-24,trends_victims,0.0
2020-03-25,trends_victims,0.0
2020-03-26,trends_victims,0.0
2020-03-27,trends_victims,0.0
2020-03-28,trends_victims,0.0
2020-03-29,trends_victims,0.0
2020-03-30,trends_victims,0.0
2020-03-31,trends_victims,0.0
2020-04-01,trends_victims,0.0
2020-04-02,trends_victims,0.0
2020-04-03,trends_victims,0.0
2020-04-04,trends_victims,0.0
2020-04-05,trends_victims,0.0
2020-04-06,trends_victims,0.0
2020-04-07,trends_victims,0.0
2020-04-08,trends_victims,0.0
2020-04-09,trends_victims,0.0
2020-04-10,trends_victims,0.0
2020-04-11,trends_victims,0.0
2020-04-12,trends_victims,0.0
2020-04-13,trends_victims,0.0
2020-04-14,trends_victims,0.0
2020-04-15,trends_victims,0.0
2020-04-16,trends_victims,0.0
2020-04-17,trends_victims,0.0
2020-04-18,trends_victims,0.0
2020-04-19,trends_victims,0.0
2020-04-20,trends_victims,0.0
2020-04-21,trends_victims,0.0
2020-04-22,trends_victims,0.0
2020-04-23,trends_victims,0.0
2020-04-24,trends_victims,0.0
2020-09-23,trends_victims,2.0
2020-09-24,trends_victims,2.0
2020-09-25,trends_victims,4.0
2020-09-26,trends_victims,2.0
2020-09-27,trends_victims,3.0
2020-09-28,trends_victims,1.0
2020-09-29,trends_victims,1.0
2020-09-30,trends_victims,1.0
2020-10-01,trends_victims,2.0
2020-10-02,trends_victims,1.0
2020-10-03,trends_victims,1.0
2020-10-04,trends_victims,0.0
2020-10-05,trends_victims,0.0
2020-10-06,trends_victims,0.0
2020-10-07,trends_victims,0.0
2020-10-08,trends_victims,1.0
2020-10-09,trends_victims,0.0
2020-10-10,trends_victims,0.0
2018-02-16,trends_victims,0.0
2018-02-17,trends_victims,0.0
2018-02-18,trends_victims,0.0
2018-02-19,trends_victims,0.0
2018-02-20,trends_victims,0.0
2018-02-21,trends_victims,0.0
2018-02-22,trends_victims,0.0
2018-02-23,trends_victims,0.0
2018-02-24,trends_victims,0.0
2018-02-25,trends_victims,0.0
2018-02-26,trends_victims,0.0
2018-02-27,trends_victims,0.0
2018-02-28,trends_victims,0.0
2018-03-01,trends_victims,0.0
2018-03-02,trends_victims,0.0
2018-03-03,trends_victims,0.0
2018-03-04,trends_victims,0.0
2018-03-05,trends_victims,0.0
2018-03-06,trends_victims,0.0
2018-03-07,trends_victims,0.0
2018-03-08,trends_victims,0.0
2018-03-09,trends_victims,0.0
2018-03-10,trends_victims,0.0
2018-03-11,trends_victims,0.0
2018-03-12,trends_victims,0.0
2018-03-13,trends_victims,0.0
2018-03-14,trends_victims,0.0
2018-03-15,trends_victims,0.0
2018-03-16,trends_victims,0.0
2018-03-17,trends_victims,0.0
2018-03-18,trends_victims,0.0
2018-03-19,trends_victims,0.0
2018-03-20,trends_victims,1.0
2018-03-21,trends_victims,23.0
2018-03-22,trends_victims,54.0
2018-03-23,trends_victims,100.0
2018-03-24,trends_victims,68.0
2018-03-25,trends_victims,57.0
2018-03-26,trends_victims,64.0
2018-03-27,trends_victims,43.0
2018-03-28,trends_victims,65.0
2018-03-29,trends_victims,85.0
2018-03-30,trends_victims,100.0
2018-03-31,trends_victims,86.0
2018-04-01,trends_victims,74.0
2018-04-02,trends_victims,35.0
2018-04-03,trends_victims,23.0
2018-04-04,trends_victims,19.0
2018-04-05,trends_victims,15.0
2018-04-06,trends_victims,10.0
2018-04-07,trends_victims,7.0
2018-04-08,trends_victims,6.0
2018-04-09,trends_victims,5.0
2018-04-10,trends_victims,7.0
2018-04-11,trends_victims,5.0
2018-04-12,trends_victims,3.0
2018-04-13,trends_victims,3.0
2018-04-14,trends_victims,2.0
2018-04-15,trends_victims,2.0
2018-04-16,trends_victims,2.0
2018-04-17,trends_victims,4.0
2018-04-18,trends_victims,3.0
2018-04-19,trends_victims,4.0
2018-04-20,trends_victims,4.0
2018-04-21,trends_victims,3.0
2018-04-22,trends_victims,2.0
2018-04-23,trends_victims,2.0
2018-04-24,trends_victims,2.0
2018-04-25,trends_victims,2.0
2018-04-26,trends_victims,2.0
2018-04-27,trends_victims,1.0
2018-04-28,trends_victims,1.0
2018-04-29,trends_victims,1.0
2018-04-30,trends_victims,1.0
2018-05-01,trends_victims,1.0
2018-05-02,trends_victims,4.0
2018-05-03,trends_victims,2.0
2018-05-04,trends_victims,1.0
2018-05-05,trends_victims,1.0
2018-05-06,trends_victims,1.0
2018-05-07,trends_victims,1.0
2018-05-08,trends_victims,1.0
2018-05-09,trends_victims,0.0
2018-05-10,trends_victims,1.0
2018-05-11,trends_victims,1.0
2018-05-12,trends_victims,1.0
2018-05-13,trends_victims,1.0
2018-05-14,trends_victims,1.0
2018-05-15,trends_victims,1.0
2018-05-16,trends_victims,1.0
2018-05-17,trends_victims,1.0
2018-05-18,trends_victims,0.0
2018-05-19,trends_victims,1.0
2018-05-20,trends_victims,0.0
2018-05-21,trends_victims,0.0
2018-05-22,trends_victims,1.0
2018-05-23,trends_victims,1.0
2018-05-24,trends_victims,1.0
2018-05-25,trends_victims,1.0
2018-05-26,trends_victims,0.0
2018-05-27,trends_victims,1.0
2018-05-28,trends_victims,0.0
2018-05-29,trends_victims,0.0
2018-05-30,trends_victims,0.0
2018-05-31,trends_victims,1.0
2018-06-01,trends_victims,0.0
2018-06-02,trends_victims,1.0
2018-06-03,trends_victims,0.0
2018-06-04,trends_victims,0.0
2018-06-05,trends_victims,0.0
2018-06-06,trends_victims,1.0
2018-06-07,trends_victims,2.0
2018-06-08,trends_victims,1.0
2018-06-09,trends_victims,1.0
2018-06-10,trends_victims,0.0
2018-06-11,trends_victims,2.0
2018-06-12,trends_victims,1.0
2018-06-13,trends_victims,0.0
2018-06-14,trends_victims,0.0
2018-06-15,trends_victims,0.0
2018-06-16,trends_victims,0.0
2018-06-17,trends_victims,0.0
2018-06-18,trends_victims,1.0
2018-06-19,trends_victims,1.0
2018-06-20,trends_victims,1.0
2018-06-21,trends_victims,1.0
2018-06-22,trends_victims,0.0
2018-06-23,trends_victims,1.0
2018-06-24,trends_victims,0.0
2018-06-25,trends_victims,0.0
2018-06-26,trends_victims,0.0
2018-06-27,trends_victims,0.0
2018-06-28,trends_victims,0.0
2018-06-29,trends_victims,0.0
2018-06-30,trends_victims,0.0
2018-07-01,trends_victims,0.0
2018-07-02,trends_victims,0.0
2018-07-03,trends_victims,0.0
2018-07-04,trends_victims,0.0
2018-07-05,trends_victims,0.0
2018-07-06,trends_victims,0.0
2018-07-07,trends_victims,0.0
2018-07-08,trends_victims,0.0
2018-07-09,trends_victims,0.0
2018-07-10,trends_victims,0.0
2018-07-11,trends_victims,0.0
2018-07-12,trends_victims,0.0
2018-07-13,trends_victims,0.0
2018-07-14,trends_victims,0.0
2018-07-15,trends_victims,0.0
2018-07-16,trends_victims,0.0
2018-09-05,trends_victims,2.0
2018-09-06,trends_victims,1.0
2018-09-07,trends_victims,1.0
2018-09-08,trends_victims,0.0
2018-09-09,trends_victims,0.0
2018-09-10,trends_victims,1.0
2018-09-11,trends_victims,1.0
2018-09-12,trends_victims,0.0
2018-09-13,trends_victims,1.0
2018-09-14,trends_victims,1.0
2018-09-15,trends_victims,1.0
2018-09-16,trends_victims,0.0
2018-09-17,trends_victims,2.0
2018-09-18,trends_victims,2.0
2018-09-19,trends_victims,2.0
2018-09-20,trends_victims,2.0
2018-09-21,trends_victims,1.0
2018-09-22,trends_victims,1.0
2018-09-23,trends_victims,1.0
2018-09-24,trends_victims,2.0
2018-09-25,trends_victims,2.0
2018-09-26,trends_victims,2.0
2018-09-27,trends_victims,2.0
2018-09-28,trends_victims,1.0
2018-09-29,trends_victims,1.0
2018-09-30,trends_victims,1.0
2018-10-01,trends_victims,1.0
2018-10-02,trends_victims,3.0
2018-10-03,trends_victims,6.0
2018-10-04,trends_victims,16.0
2018-10-05,trends_victims,100.0
2018-10-06,trends_victims,30.0
2018-10-07,trends_victims,6.0
2018-10-08,trends_victims,3.0
2018-10-09,trends_victims,3.0
2018-10-10,trends_victims,1.0
2018-10-11,trends_victims,1.0
2018-10-12,trends_victims,2.0
2018-10-13,trends_victims,1.0
2018-10-14,trends_victims,1.0
2018-10-15,trends_victims,1.0
2018-10-16,trends_victims,1.0
2018-10-17,trends_victims,1.0
2018-10-18,trends_victims,1.0
2018-10-19,trends_victims,0.0
2018-10-20,trends_victims,0.0
2018-10-21,trends_victims,0.0
2018-10-22,trends_victims,0.0
2018-10-23,trends_victims,0.0
2018-10-24,trends_victims,0.0
2018-10-25,trends_victims,0.0
2018-10-26,trends_victims,0.0
2018-10-27,trends_victims,0.0
2018-10-28,trends_victims,0.0
2018-10-29,trends_victims,0.0
2018-10-30,trends_victims,0.0
2018-10-31,trends_victims,0.0
2018-11-01,trends_victims,0.0
2018-11-02,trends_victims,0.0
2018-11-03,trends_victims,0.0
2018-11-04,trends_victims,0.0
2018-11-05,trends_victims,0.0
2018-11-06,trends_victims,0.0
2018-11-07,trends_victims,0.0
2018-11-08,trends_victims,0.0
2018-11-09,trends_victims,0.0
2018-11-10,trends_victims,0.0
2018-11-11,trends_victims,0.0
2018-11-12,trends_victims,0.0
2018-11-13,trends_victims,0.0
2018-11-14,trends_victims,0.0
2018-11-15,trends_victims,0.0
2018-11-16,trends_victims,0.0
2018-11-17,trends_victims,0.0
2018-11-18,trends_victims,0.0
2018-11-19,trends_victims,0.0
2018-11-20,trends_victims,0.0
2018-11-21,trends_victims,0.0
2018-11-22,trends_victims,0.0
2018-11-23,trends_victims,0.0
2018-11-24,trends_victims,0.0
2018-11-25,trends_victims,0.0
2018-11-26,trends_victims,0.0
2018-11-27,trends_victims,1.0
2018-11-28,trends_victims,0.0
2018-11-29,trends_victims,0.0
2018-11-30,trends_victims,0.0
2018-12-01,trends_victims,0.0
2018-12-02,trends_victims,0.0
2018-12-03,trends_victims,0.0
2018-12-04,trends_victims,0.0
2018-12-05,trends_victims,0.0
2018-12-06,trends_victims,0.0
2018-12-07,trends_victims,0.0
2018-12-08,trends_victims,0.0
2018-12-09,trends_victims,0.0
2018-12-10,trends_victims,0.0
2018-12-11,trends_victims,0.0
2018-12-12,trends_victims,0.0
2018-12-13,trends_victims,0.0
2018-12-14,trends_victims,0.0
2018-12-15,trends_victims,0.0
2018-12-16,trends_victims,0.0
2018-12-17,trends_victims,0.0
2018-12-18,trends_victims,0.0
2018-12-19,trends_victims,0.0
2018-12-20,trends_victims,0.0
2018-12-21,trends_victims,0.0
2018-12-22,trends_victims,0.0
2018-12-23,trends_victims,0.0
2018-12-24,trends_victims,0.0
2018-12-25,trends_victims,0.0
2018-12-26,trends_victims,0.0
2018-12-27,trends_victims,0.0
2018-12-28,trends_victims,0.0
2018-12-29,trends_victims,0.0
2018-12-30,trends_victims,0.0
2018-12-31,trends_victims,0.0
2019-01-01,trends_victims,0.0
2019-01-02,trends_victims,0.0
2019-01-03,trends_victims,0.0
2019-01-04,trends_victims,0.0
2019-01-05,trends_victims,0.0
2019-01-06,trends_victims,0.0
2019-01-07,trends_victims,0.0
2019-01-08,trends_victims,0.0
2019-01-09,trends_victims,0.0
2019-01-10,trends_victims,0.0
2019-01-11,trends_victims,0.0
2019-01-12,trends_victims,0.0
2019-01-13,trends_victims,0.0
2019-01-14,trends_victims,0.0
2019-01-15,trends_victims,1.0
2019-01-16,trends_victims,0.0
2019-01-17,trends_victims,4.0
2019-01-18,trends_victims,10.0
2019-01-19,trends_victims,16.0
2019-01-20,trends_victims,2.0
2019-01-21,trends_victims,1.0
2019-01-22,trends_victims,1.0
2019-01-23,trends_victims,0.0
2019-01-24,trends_victims,0.0
2019-01-25,trends_victims,0.0
2019-01-26,trends_victims,0.0
2019-01-27,trends_victims,0.0
2019-01-28,trends_victims,0.0
2019-01-29,trends_victims,0.0
2019-01-30,trends_victims,0.0
2019-01-31,trends_victims,0.0
2019-02-01,trends_victims,0.0
2019-02-02,trends_victims,0.0
2020-10-11,trends_victims,0.0
2020-10-12,trends_victims,0.0
2020-10-13,trends_victims,0.0
2020-10-14,trends_victims,0.0
2020-10-15,trends_victims,0.0
2020-10-16,trends_victims,0.0
2020-10-17,trends_victims,0.0
2020-10-18,trends_victims,0.0
2020-10-19,trends_victims,0.0
2020-10-20,trends_victims,0.0
2020-10-21,trends_victims,0.0
2020-10-22,trends_victims,1.0
2016-06-05,trends_victims,0.0
2016-06-06,trends_victims,0.0
2016-06-07,trends_victims,0.0
2016-06-08,trends_victims,0.0
2016-06-09,trends_victims,0.0
2016-06-10,trends_victims,0.0
2016-06-11,trends_victims,0.0
2016-06-12,trends_victims,0.0
2016-06-13,trends_victims,0.0
2016-06-14,trends_victims,0.0
2016-06-15,trends_victims,0.0
2016-06-16,trends_victims,0.0
2016-06-17,trends_victims,0.0
2016-06-18,trends_victims,0.0
2016-06-19,trends_victims,0.0
2016-06-20,trends_victims,0.0
2016-06-21,trends_victims,0.0
2016-06-22,trends_victims,0.0
2016-06-23,trends_victims,0.0
2016-06-24,trends_victims,0.0
2016-06-25,trends_victims,0.0
2016-06-26,trends_victims,0.0
2016-06-27,trends_victims,0.0
2016-06-28,trends_victims,0.0
2016-06-29,trends_victims,0.0
2016-06-30,trends_victims,0.0
2016-07-01,trends_victims,0.0
2016-07-02,trends_victims,0.0
2016-07-03,trends_victims,0.0
2016-07-04,trends_victims,0.0
2016-07-05,trends_victims,0.0
2016-07-06,trends_victims,81.0
2016-07-07,trends_victims,198.0
2016-07-08,trends_victims,156.0
2016-07-09,trends_victims,85.0
2016-07-10,trends_victims,39.0
2016-07-11,trends_victims,24.0
2016-07-12,trends_victims,19.0
2016-07-13,trends_victims,16.0
2016-07-14,trends_victims,13.0
2016-07-15,trends_victims,11.0
2016-07-16,trends_victims,9.0
2016-07-17,trends_victims,10.0
2016-07-18,trends_victims,6.0
2016-07-19,trends_victims,3.0
2016-07-20,trends_victims,3.0
2016-07-21,trends_victims,3.0
2016-07-22,trends_victims,2.0
2016-07-23,trends_victims,1.0
2016-07-24,trends_victims,2.0
2016-07-25,trends_victims,1.0
2016-07-26,trends_victims,2.0
2016-07-27,trends_victims,1.0
2016-07-28,trends_victims,1.0
2016-07-29,trends_victims,1.0
2016-07-30,trends_victims,0.0
2016-07-31,trends_victims,0.0
2016-08-01,trends_victims,0.0
2016-08-02,trends_victims,1.0
2016-08-03,trends_victims,0.0
2016-08-04,trends_victims,0.0
2016-08-05,trends_victims,0.0
2016-08-06,trends_victims,0.0
2016-08-07,trends_victims,0.0
2016-08-08,trends_victims,0.0
2016-08-09,trends_victims,0.0
2016-08-10,trends_victims,0.0
2016-08-11,trends_victims,0.0
2016-08-12,trends_victims,0.0
2016-08-13,trends_victims,0.0
2016-08-14,trends_victims,0.0
2016-08-15,trends_victims,0.0
2016-08-16,trends_victims,0.0
2016-08-17,trends_victims,0.0
2016-08-18,trends_victims,0.0
2016-08-19,trends_victims,0.0
2016-08-20,trends_victims,0.0
2016-08-21,trends_victims,0.0
2016-08-22,trends_victims,0.0
2016-08-23,trends_victims,0.0
2016-08-24,trends_victims,0.0
2016-08-25,trends_victims,0.0
2016-08-26,trends_victims,0.0
2016-08-27,trends_victims,0.0
2016-08-28,trends_victims,0.0
2016-08-29,trends_victims,0.0
2016-08-30,trends_victims,0.0
2016-08-31,trends_victims,0.0
2016-09-01,trends_victims,0.0
2016-09-02,trends_victims,0.0
2016-09-03,trends_victims,0.0
2016-09-04,trends_victims,0.0
2016-09-05,trends_victims,0.0
2016-09-06,trends_victims,0.0
2016-09-07,trends_victims,0.0
2016-09-08,trends_victims,0.0
2016-09-09,trends_victims,0.0
2016-09-10,trends_victims,0.0
2016-09-11,trends_victims,0.0
2016-09-12,trends_victims,0.0
2016-09-13,trends_victims,0.0
2016-09-14,trends_victims,0.0
2016-09-15,trends_victims,0.0
2016-09-16,trends_victims,0.0
2016-09-17,trends_victims,0.0
2016-09-18,trends_victims,0.0
2016-09-19,trends_victims,0.0
2016-09-20,trends_victims,0.0
2016-09-21,trends_victims,71.0
2016-09-22,trends_victims,97.0
2016-09-23,trends_victims,101.0
2016-09-24,trends_victims,80.0
2016-09-25,trends_victims,56.0
2016-09-26,trends_victims,18.0
2016-09-27,trends_victims,10.0
2016-09-28,trends_victims,8.0
2016-09-29,trends_victims,5.0
2016-09-30,trends_victims,3.0
2016-10-01,trends_victims,2.0
2016-10-02,trends_victims,1.0
2016-10-03,trends_victims,2.0
2016-10-04,trends_victims,1.0
2016-10-05,trends_victims,5.0
2016-10-06,trends_victims,2.0
2016-10-07,trends_victims,1.0
2016-10-08,trends_victims,0.0
2016-10-09,trends_victims,0.0
2016-10-10,trends_victims,0.0
2016-10-11,trends_victims,0.0
2016-10-12,trends_victims,0.0
2016-10-13,trends_victims,1.0
2016-10-14,trends_victims,1.0
2016-10-15,trends_victims,1.0
2016-10-16,trends_victims,1.0
2016-10-17,trends_victims,0.0
2016-10-18,trends_victims,0.0
2016-10-19,trends_victims,0.0
2016-10-20,trends_victims,0.0
2016-10-21,trends_victims,0.0
2016-10-22,trends_victims,0.0
2016-10-23,trends_victims,0.0
2016-10-24,trends_victims,0.0
2016-10-25,trends_victims,0.0
2016-10-26,trends_victims,0.0
2016-10-27,trends_victims,0.0
2016-10-28,trends_victims,0.0
2016-10-29,trends_victims,0.0
2016-10-30,trends_victims,0.0
2016-10-31,trends_victims,0.0
2016-11-01,trends_victims,1.0
2016-11-02,trends_victims,0.0
2016-11-03,trends_victims,0.0
2019-09-12,trends_victims,0.0
2019-09-13,trends_victims,0.0
2019-09-14,trends_victims,0.0
2019-09-15,trends_victims,0.0
2019-09-16,trends_victims,0.0
2019-09-17,trends_victims,0.0
2019-09-18,trends_victims,0.0
2019-09-19,trends_victims,0.0
2019-09-20,trends_victims,0.0
2019-09-21,trends_victims,0.0
2019-09-22,trends_victims,0.0
2019-09-23,trends_victims,0.0
2019-09-24,trends_victims,0.0
2019-09-25,trends_victims,0.0
2019-09-26,trends_victims,0.0
2019-09-27,trends_victims,0.0
2019-09-28,trends_victims,0.0
2019-09-29,trends_victims,0.0
2019-09-30,trends_victims,0.0
2019-10-01,trends_victims,0.0
2019-10-02,trends_victims,0.0
2019-10-03,trends_victims,0.0
2019-10-04,trends_victims,0.0
2019-10-05,trends_victims,0.0
2019-10-06,trends_victims,0.0
2019-10-07,trends_victims,0.0
2019-10-08,trends_victims,0.0
2019-10-09,trends_victims,0.0
2019-10-10,trends_victims,0.0
2019-10-11,trends_victims,0.0
2019-10-12,trends_victims,2.0
2019-10-13,trends_victims,100.0
2019-10-14,trends_victims,77.0
2019-10-15,trends_victims,42.0
2019-10-16,trends_victims,16.0
2019-10-17,trends_victims,8.0
2019-10-18,trends_victims,8.0
2019-10-19,trends_victims,10.0
2019-10-20,trends_victims,10.0
2019-10-21,trends_victims,8.0
2019-10-22,trends_victims,6.0
2019-10-23,trends_victims,4.0
2019-10-24,trends_victims,5.0
2019-10-25,trends_victims,4.0
2019-10-26,trends_victims,3.0
2019-10-27,trends_victims,2.0
2019-10-28,trends_victims,3.0
2019-10-29,trends_victims,2.0
2019-10-30,trends_victims,1.0
2019-10-31,trends_victims,2.0
2019-11-01,trends_victims,1.0
2019-11-02,trends_victims,2.0
2019-11-03,trends_victims,1.0
2019-11-04,trends_victims,1.0
2019-11-05,trends_victims,1.0
2019-11-06,trends_victims,1.0
2019-11-07,trends_victims,1.0
2019-11-08,trends_victims,1.0
2019-11-09,trends_victims,0.0
2019-11-10,trends_victims,15.0
2019-11-11,trends_victims,5.0
2019-11-12,trends_victims,1.0
2019-11-13,trends_victims,1.0
2019-11-14,trends_victims,1.0
2019-11-15,trends_victims,0.0
2019-11-16,trends_victims,0.0
2019-11-17,trends_victims,0.0
2019-11-18,trends_victims,0.0
2019-11-19,trends_victims,1.0
2019-11-20,trends_victims,0.0
2019-11-21,trends_victims,1.0
2019-11-22,trends_victims,1.0
2019-11-23,trends_victims,0.0
2019-11-24,trends_victims,0.0
2019-11-25,trends_victims,0.0
2019-11-26,trends_victims,0.0
2019-11-27,trends_victims,1.0
2019-11-28,trends_victims,0.0
2019-11-29,trends_victims,1.0
2019-11-30,trends_victims,0.0
2019-12-01,trends_victims,0.0
2019-12-02,trends_victims,0.0
2019-12-03,trends_victims,0.0
2019-12-04,trends_victims,1.0
2019-12-05,trends_victims,0.0
2019-12-06,trends_victims,0.0
2019-12-07,trends_victims,0.0
2019-12-08,trends_victims,0.0
2019-12-09,trends_victims,1.0
2019-12-10,trends_victims,0.0
2019-12-11,trends_victims,0.0
2019-12-12,trends_victims,0.0
2019-12-13,trends_victims,0.0
2019-12-14,trends_victims,0.0
2019-12-15,trends_victims,0.0
2019-12-16,trends_victims,0.0
2019-12-17,trends_victims,0.0
2019-12-18,trends_victims,0.0
2019-12-19,trends_victims,0.0
2019-12-20,trends_victims,2.0
2019-12-21,trends_victims,2.0
2019-12-22,trends_victims,0.0
2019-12-23,trends_victims,1.0
2019-12-24,trends_victims,0.0
2019-12-25,trends_victims,0.0
2019-12-26,trends_victims,0.0
2019-12-27,trends_victims,0.0
2019-12-28,trends_victims,0.0
2019-12-29,trends_victims,0.0
2019-12-30,trends_victims,0.0
2019-12-31,trends_victims,0.0
2020-01-01,trends_victims,0.0
2020-01-02,trends_victims,0.0
2020-01-03,trends_victims,0.0
2020-01-04,trends_victims,0.0
2020-01-05,trends_victims,0.0
2020-01-06,trends_victims,0.0
2020-01-07,trends_victims,0.0
2020-01-08,trends_victims,0.0
2020-01-09,trends_victims,5.0
2020-01-10,trends_victims,8.0
2020-01-11,trends_victims,2.0
2020-01-12,trends_victims,0.0
2020-01-13,trends_victims,0.0
2020-01-14,trends_victims,0.0
2020-01-15,trends_victims,0.0
2020-01-16,trends_victims,0.0
2020-01-17,trends_victims,0.0
2020-01-18,trends_victims,1.0
2020-01-19,trends_victims,0.0
2020-01-20,trends_victims,0.0
2020-01-21,trends_victims,0.0
2020-01-22,trends_victims,0.0
2020-01-23,trends_victims,0.0
2020-01-24,trends_victims,0.0
2020-01-25,trends_victims,0.0
2020-01-26,trends_victims,0.0
2020-01-27,trends_victims,0.0
2020-01-28,trends_victims,0.0
2020-01-29,trends_victims,0.0
2020-01-30,trends_victims,0.0
2020-01-31,trends_victims,0.0
2020-02-01,trends_victims,0.0
2020-02-02,trends_victims,0.0
2020-02-03,trends_victims,0.0
2020-02-04,trends_victims,0.0
2020-02-05,trends_victims,0.0
2020-02-06,trends_victims,0.0
2020-02-07,trends_victims,0.0
2020-02-08,trends_victims,0.0
2020-02-09,trends_victims,0.0
2020-10-23,trends_victims,0.0
2020-10-24,trends_victims,0.0
2020-10-25,trends_victims,0.0
2020-10-26,trends_victims,0.0
2020-10-27,trends_victims,55.0
2020-10-28,trends_victims,100.0
2020-10-29,trends_victims,45.0
2020-10-30,trends_victims,23.0
2020-10-31,trends_victims,11.0
2020-11-01,trends_victims,5.0
2020-11-02,trends_victims,4.0
2020-11-03,trends_victims,3.0
2020-11-04,trends_victims,3.0
2020-11-05,trends_victims,11.0
2020-11-06,trends_victims,3.0
2020-11-07,trends_victims,1.0
2020-11-08,trends_victims,1.0
2020-11-09,trends_victims,1.0
2020-11-10,trends_victims,1.0
2020-11-11,trends_victims,1.0
2020-11-12,trends_victims,1.0
2020-11-13,trends_victims,0.0
2020-11-14,trends_victims,0.0
2020-11-15,trends_victims,0.0
2020-11-16,trends_victims,0.0
2020-11-17,trends_victims,0.0
2020-11-18,trends_victims,0.0
2020-11-19,trends_victims,0.0
2020-11-20,trends_victims,0.0
2020-11-21,trends_victims,0.0
2020-11-22,trends_victims,0.0
2020-11-23,trends_victims,0.0
2020-11-24,trends_victims,0.0
2020-11-25,trends_victims,0.0
2020-11-26,trends_victims,0.0
2020-11-27,trends_victims,0.0
2020-11-28,trends_victims,0.0
2020-11-29,trends_victims,0.0
2020-11-30,trends_victims,0.0
2020-12-01,trends_victims,0.0
2020-12-02,trends_victims,0.0
2020-12-03,trends_victims,0.0
2020-12-04,trends_victims,0.0
2020-12-05,trends_victims,0.0
2020-12-06,trends_victims,0.0
2020-12-07,trends_victims,0.0
2020-12-08,trends_victims,0.0
2020-12-09,trends_victims,1.0
2020-12-10,trends_victims,0.0
2020-12-11,trends_victims,0.0
2020-12-12,trends_victims,0.0
2020-12-13,trends_victims,0.0
2020-12-14,trends_victims,0.0
2020-12-15,trends_victims,0.0
2020-12-16,trends_victims,0.0
2020-12-17,trends_victims,1.0
2020-12-18,trends_victims,1.0
2020-12-19,trends_victims,1.0
2020-12-20,trends_victims,0.0
2020-12-21,trends_victims,0.0
2020-12-22,trends_victims,0.0
2020-12-23,trends_victims,0.0
2020-12-24,trends_victims,0.0
2020-12-25,trends_victims,0.0
2020-12-26,trends_victims,0.0
2020-12-27,trends_victims,0.0
2020-12-28,trends_victims,0.0
2020-12-29,trends_victims,0.0
2020-12-30,trends_victims,0.0
2020-12-31,trends_victims,0.0
2021-01-01,trends_victims,0.0
2021-01-02,trends_victims,0.0
2021-01-03,trends_victims,0.0
2021-01-04,trends_victims,0.0
2021-01-05,trends_victims,0.0
2021-01-06,trends_victims,0.0
2021-01-07,trends_victims,0.0
2021-01-08,trends_victims,0.0
2021-01-09,trends_victims,0.0
2021-01-10,trends_victims,0.0
2021-01-11,trends_victims,0.0
2021-01-12,trends_victims,0.0
2021-01-13,trends_victims,0.0
2021-01-14,trends_victims,0.0
2021-01-15,trends_victims,0.0
2021-01-16,trends_victims,0.0
2021-01-17,trends_victims,0.0
2021-01-18,trends_victims,0.0
2021-01-19,trends_victims,0.0
2021-01-20,trends_victims,0.0
2021-01-21,trends_victims,0.0
2021-01-22,trends_victims,0.0
2021-01-23,trends_victims,0.0
2021-01-24,trends_victims,0.0
2021-01-25,trends_victims,0.0
2021-01-26,trends_victims,0.0
2021-01-27,trends_victims,0.0
2021-01-28,trends_victims,0.0
2021-01-29,trends_victims,0.0
2021-01-30,trends_victims,0.0
2021-01-31,trends_victims,0.0
2021-02-01,trends_victims,0.0
2021-02-02,trends_victims,0.0
2021-02-03,trends_victims,0.0
2021-02-04,trends_victims,0.0
2021-02-05,trends_victims,0.0
2021-02-06,trends_victims,0.0
2021-02-07,trends_victims,0.0
2021-02-08,trends_victims,0.0
2021-02-09,trends_victims,0.0
2021-02-10,trends_victims,0.0
2021-02-11,trends_victims,0.0
2021-02-12,trends_victims,0.0
2021-02-13,trends_victims,0.0
2021-02-14,trends_victims,0.0
2021-02-15,trends_victims,0.0
2021-02-16,trends_victims,0.0
2021-02-17,trends_victims,0.0
2021-02-18,trends_victims,0.0
2021-02-19,trends_victims,0.0
2021-02-20,trends_victims,0.0
2021-02-21,trends_victims,0.0
2021-02-22,trends_victims,0.0
2021-02-23,trends_victims,0.0
2015-03-20,trends_victims,0.0
2015-03-21,trends_victims,0.0
2015-03-22,trends_victims,0.0
2015-03-23,trends_victims,0.0
2015-03-24,trends_victims,0.0
2015-03-25,trends_victims,0.0
2015-03-26,trends_victims,0.0
2015-03-27,trends_victims,0.0
2015-03-28,trends_victims,0.0
2015-03-29,trends_victims,0.0
2015-03-30,trends_victims,0.0
2015-03-31,trends_victims,0.0
2015-04-01,trends_victims,0.0
2015-04-02,trends_victims,0.0
2015-04-03,trends_victims,0.0
2015-04-04,trends_victims,0.0
2015-04-05,trends_victims,0.0
2015-04-06,trends_victims,0.0
2015-04-07,trends_victims,5.0
2015-04-08,trends_victims,100.0
2015-04-09,trends_victims,77.0
2015-04-10,trends_victims,53.0
2015-04-11,trends_victims,34.0
2015-04-12,trends_victims,24.0
2015-04-13,trends_victims,17.0
2015-04-14,trends_victims,11.0
2015-04-15,trends_victims,7.0
2015-04-16,trends_victims,5.0
2015-04-17,trends_victims,4.0
2015-04-18,trends_victims,3.0
2015-04-19,trends_victims,3.0
2015-04-20,trends_victims,5.0
2015-04-21,trends_victims,5.0
2015-04-22,trends_victims,6.0
2015-04-23,trends_victims,5.0
2015-04-24,trends_victims,4.0
2015-04-25,trends_victims,5.0
2015-04-26,trends_victims,22.0
2015-04-27,trends_victims,39.0
2015-04-28,trends_victims,104.0
2015-04-29,trends_victims,43.0
2015-04-30,trends_victims,29.0
2015-05-01,trends_victims,46.0
2015-05-02,trends_victims,26.0
2015-05-03,trends_victims,9.0
2015-05-04,trends_victims,5.0
2015-05-05,trends_victims,4.0
2015-05-06,trends_victims,4.0
2015-05-07,trends_victims,3.0
2015-05-08,trends_victims,3.0
2015-05-09,trends_victims,2.0
2015-05-10,trends_victims,2.0
2015-05-11,trends_victims,2.0
2015-05-12,trends_victims,2.0
2015-05-13,trends_victims,2.0
2015-05-14,trends_victims,2.0
2015-05-15,trends_victims,2.0
2015-05-16,trends_victims,1.0
2015-05-17,trends_victims,1.0
2015-05-18,trends_victims,1.0
2015-05-19,trends_victims,1.0
2015-05-20,trends_victims,2.0
2015-05-21,trends_victims,2.0
2015-05-22,trends_victims,2.0
2015-05-23,trends_victims,1.0
2015-05-24,trends_victims,1.0
2015-05-25,trends_victims,1.0
2015-05-26,trends_victims,1.0
2015-05-27,trends_victims,1.0
2015-05-28,trends_victims,1.0
2015-05-29,trends_victims,1.0
2015-05-30,trends_victims,0.0
2015-05-31,trends_victims,0.0
2015-06-01,trends_victims,1.0
2015-06-02,trends_victims,1.0
2015-06-03,trends_victims,0.0
2015-06-04,trends_victims,0.0
2015-06-05,trends_victims,1.0
2015-06-06,trends_victims,0.0
2015-06-07,trends_victims,1.0
2015-06-08,trends_victims,5.0
2015-06-09,trends_victims,2.0
2015-06-10,trends_victims,1.0
2015-06-11,trends_victims,1.0
2015-06-12,trends_victims,0.0
2015-06-13,trends_victims,1.0
2015-06-14,trends_victims,1.0
2015-06-15,trends_victims,1.0
2015-06-16,trends_victims,0.0
2015-06-17,trends_victims,1.0
2015-06-18,trends_victims,5.0
2015-06-19,trends_victims,4.0
2015-06-20,trends_victims,3.0
2015-06-21,trends_victims,1.0
2015-06-22,trends_victims,1.0
2015-06-23,trends_victims,2.0
2015-06-24,trends_victims,2.0
2015-06-25,trends_victims,2.0
2015-06-26,trends_victims,1.0
2015-06-27,trends_victims,1.0
2015-06-28,trends_victims,1.0
2015-06-29,trends_victims,1.0
2015-06-30,trends_victims,0.0
2015-07-01,trends_victims,1.0
2015-07-02,trends_victims,0.0
2015-07-03,trends_victims,0.0
2015-07-04,trends_victims,0.0
2015-07-05,trends_victims,1.0
2015-07-06,trends_victims,0.0
2015-07-07,trends_victims,0.0
2015-07-08,trends_victims,1.0
2015-07-09,trends_victims,1.0
2015-07-10,trends_victims,1.0
2015-07-11,trends_victims,0.0
2015-07-12,trends_victims,0.0
2015-07-13,trends_victims,0.0
2015-07-14,trends_victims,0.0
2015-07-15,trends_victims,1.0
2015-07-16,trends_victims,0.0
2015-07-17,trends_victims,0.0
2015-07-18,trends_victims,0.0
2015-07-19,trends_victims,1.0
2015-07-20,trends_victims,1.0
2015-07-21,trends_victims,1.0
2015-07-22,trends_victims,1.0
2015-07-23,trends_victims,1.0
2015-07-24,trends_victims,0.0
2015-07-25,trends_victims,0.0
2015-07-26,trends_victims,1.0
2015-07-27,trends_victims,1.0
2015-07-28,trends_victims,1.0
2015-07-29,trends_victims,1.0
2015-07-30,trends_victims,1.0
2015-07-31,trends_victims,1.0
2015-08-01,trends_victims,0.0
2015-08-02,trends_victims,1.0
2015-08-03,trends_victims,0.0
2015-08-04,trends_victims,0.0
2015-08-05,trends_victims,0.0
2015-08-06,trends_victims,0.0
2015-08-07,trends_victims,0.0
2015-08-08,trends_victims,0.0
2015-08-09,trends_victims,0.0
2015-08-10,trends_victims,0.0
2015-08-11,trends_victims,0.0
2015-08-12,trends_victims,0.0
2015-08-13,trends_victims,0.0
2015-08-14,trends_victims,0.0
2015-08-15,trends_victims,0.0
2015-08-16,trends_victims,0.0
2015-08-17,trends_victims,0.0
2015-03-05,trends_victims,0.0
2015-03-06,trends_victims,0.0
2015-03-07,trends_victims,1.0
2015-03-08,trends_victims,1.0
2015-03-09,trends_victims,1.0
2015-03-10,trends_victims,0.0
2015-03-11,trends_victims,1.0
2015-03-12,trends_victims,0.0
2015-03-13,trends_victims,1.0
2015-03-14,trends_victims,1.0
2015-03-15,trends_victims,1.0
2015-03-16,trends_victims,1.0
2015-03-17,trends_victims,0.0
2015-03-18,trends_victims,0.0
2015-03-19,trends_victims,1.0
2016-11-04,trends_victims,0.0
2016-11-05,trends_victims,0.0
2016-11-06,trends_victims,0.0
2016-11-07,trends_victims,0.0
2016-11-08,trends_victims,0.0
2016-11-09,trends_victims,0.0
2016-11-10,trends_victims,0.0
2016-11-11,trends_victims,0.0
2016-11-12,trends_victims,0.0
2016-11-13,trends_victims,0.0
2016-11-14,trends_victims,0.0
2016-11-15,trends_victims,0.0
2016-11-16,trends_victims,0.0
2016-11-17,trends_victims,0.0
2016-11-18,trends_victims,0.0
2016-11-19,trends_victims,0.0
2016-11-20,trends_victims,0.0
2016-11-21,trends_victims,0.0
2016-11-22,trends_victims,0.0
2016-11-23,trends_victims,0.0
2016-11-24,trends_victims,0.0
2016-11-25,trends_victims,0.0
2016-11-26,trends_victims,0.0
2016-11-27,trends_victims,0.0
2016-11-28,trends_victims,0.0
2016-11-29,trends_victims,0.0
2016-11-30,trends_victims,24.0
2016-12-01,trends_victims,7.0
2016-12-02,trends_victims,1.0
2016-12-03,trends_victims,0.0
2016-12-04,trends_victims,0.0
2016-12-05,trends_victims,1.0
2016-12-06,trends_victims,0.0
2016-12-07,trends_victims,0.0
2016-12-08,trends_victims,0.0
2016-12-09,trends_victims,0.0
2016-12-10,trends_victims,0.0
2016-12-11,trends_victims,0.0
2016-12-12,trends_victims,0.0
2016-12-13,trends_victims,0.0
2016-12-14,trends_victims,0.0
2016-12-15,trends_victims,0.0
2016-12-16,trends_victims,0.0
2016-12-17,trends_victims,0.0
2016-12-18,trends_victims,0.0
2016-12-19,trends_victims,0.0
2016-12-20,trends_victims,0.0
2016-12-21,trends_victims,0.0
2016-12-22,trends_victims,0.0
2016-12-23,trends_victims,0.0
2016-12-24,trends_victims,0.0
2016-12-25,trends_victims,0.0
2016-12-26,trends_victims,0.0
2016-12-27,trends_victims,0.0
2016-12-28,trends_victims,0.0
2016-12-29,trends_victims,0.0
2016-12-30,trends_victims,0.0
2016-12-31,trends_victims,0.0
2017-01-01,trends_victims,0.0
2017-01-02,trends_victims,0.0
2017-01-03,trends_victims,0.0
2017-01-04,trends_victims,0.0
2017-01-05,trends_victims,0.0
2017-01-06,trends_victims,0.0
2017-01-07,trends_victims,0.0
2017-01-08,trends_victims,0.0
2017-01-09,trends_victims,0.0
2017-01-10,trends_victims,0.0
2017-01-11,trends_victims,0.0
2017-01-12,trends_victims,0.0
2017-01-13,trends_victims,0.0
2017-01-14,trends_victims,0.0
2017-01-15,trends_victims,0.0
2017-01-16,trends_victims,0.0
2017-01-17,trends_victims,0.0
2017-01-18,trends_victims,0.0
2021-03-12,trends_victims,0.0
2021-03-13,trends_victims,0.0
2021-03-14,trends_victims,0.0
2021-03-15,trends_victims,0.0
2021-03-16,trends_victims,0.0
2021-03-17,trends_victims,0.0
2021-03-18,trends_victims,0.0
2021-03-19,trends_victims,0.0
2021-03-20,trends_victims,0.0
2021-03-21,trends_victims,0.0
2021-03-22,trends_victims,0.0
2021-03-23,trends_victims,0.0
2021-03-24,trends_victims,0.0
2021-03-25,trends_victims,0.0
2021-03-26,trends_victims,0.0
2021-03-27,trends_victims,0.0
2021-03-28,trends_victims,0.0
2021-03-29,trends_victims,0.0
2021-03-30,trends_victims,0.0
2021-03-31,trends_victims,0.0
2021-04-01,trends_victims,0.0
2021-04-02,trends_victims,0.0
2021-04-03,trends_victims,0.0
2021-04-04,trends_victims,0.0
2021-04-05,trends_victims,0.0
2021-04-06,trends_victims,0.0
2021-04-07,trends_victims,0.0
2021-04-08,trends_victims,0.0
2021-04-09,trends_victims,0.0
2021-04-10,trends_victims,0.0
2021-04-11,trends_victims,0.0
2021-04-12,trends_victims,73.0
2021-04-13,trends_victims,100.0
2021-04-14,trends_victims,68.0
2021-04-15,trends_victims,30.0
2021-04-16,trends_victims,13.0
2021-04-17,trends_victims,9.0
2021-04-18,trends_victims,5.0
2021-04-19,trends_victims,4.0
2021-04-20,trends_victims,4.0
2021-04-21,trends_victims,4.0
2021-04-22,trends_victims,6.0
2021-04-23,trends_victims,4.0
2021-04-24,trends_victims,1.0
2021-04-25,trends_victims,1.0
2021-04-26,trends_victims,1.0
2021-04-27,trends_victims,1.0
2021-04-28,trends_victims,1.0
2021-04-29,trends_victims,0.0
2021-04-30,trends_victims,0.0
2021-05-01,trends_victims,0.0
2021-05-02,trends_victims,0.0
2021-05-03,trends_victims,0.0
2021-05-04,trends_victims,0.0
2021-05-05,trends_victims,0.0
2021-05-06,trends_victims,0.0
2021-05-07,trends_victims,0.0
2021-05-08,trends_victims,0.0
2021-05-09,trends_victims,0.0
2021-05-10,trends_victims,0.0
2021-05-11,trends_victims,0.0
2021-05-12,trends_victims,0.0
2021-05-13,trends_victims,0.0
2021-05-14,trends_victims,0.0
2021-05-15,trends_victims,0.0
2021-05-16,trends_victims,0.0
2021-05-17,trends_victims,0.0
2021-05-18,trends_victims,0.0
2021-05-19,trends_victims,0.0
2021-05-20,trends_victims,0.0
2021-05-21,trends_victims,0.0
2021-05-22,trends_victims,0.0
2021-05-23,trends_victims,0.0
2021-05-24,trends_victims,0.0
2021-05-25,trends_victims,0.0
2021-05-26,trends_victims,0.0
2021-05-27,trends_victims,0.0
2021-05-28,trends_victims,0.0
2021-05-29,trends_victims,0.0
2021-05-30,trends_victims,0.0
2021-05-31,trends_victims,0.0
2021-06-01,trends_victims,0.0
2021-06-02,trends_victims,0.0
2021-06-03,trends_victims,0.0
2021-06-04,trends_victims,0.0
2021-06-05,trends_victims,0.0
2021-06-06,trends_victims,0.0
2021-06-07,trends_victims,0.0
2021-06-08,trends_victims,0.0
2021-06-09,trends_victims,0.0
2021-06-10,trends_victims,0.0
2021-06-11,trends_victims,0.0
2021-06-12,trends_victims,0.0
2021-06-13,trends_victims,0.0
2021-06-14,trends_victims,0.0
2021-06-15,trends_victims,0.0
2021-06-16,trends_victims,0.0
2021-06-17,trends_victims,0.0
2021-06-18,trends_victims,0.0
2021-06-19,trends_victims,0.0
2021-06-20,trends_victims,0.0
2021-06-21,trends_victims,0.0
2021-06-22,trends_victims,0.0
2021-06-23,trends_victims,0.0
2021-06-24,trends_victims,0.0
2021-06-25,trends_victims,0.0
2021-06-26,trends_victims,0.0
2021-06-27,trends_victims,0.0
2021-06-28,trends_victims,0.0
2021-06-29,trends_victims,0.0
2021-06-30,trends_victims,0.0
2021-07-01,trends_victims,0.0
2021-07-02,trends_victims,0.0
2021-07-03,trends_victims,0.0
2021-07-04,trends_victims,0.0
2021-07-05,trends_victims,0.0
2021-07-06,trends_victims,0.0
2021-07-07,trends_victims,0.0
2021-07-08,trends_victims,0.0
2021-07-09,trends_victims,0.0
2021-07-10,trends_victims,0.0
2021-07-11,trends_victims,0.0
2021-07-12,trends_victims,0.0
2021-07-13,trends_victims,0.0
2021-07-14,trends_victims,0.0
2021-07-15,trends_victims,0.0
2021-07-16,trends_victims,0.0
2021-07-17,trends_victims,0.0
2021-07-18,trends_victims,0.0
2021-07-19,trends_victims,0.0
2021-07-20,trends_victims,0.0
2021-07-21,trends_victims,0.0
2021-07-22,trends_victims,0.0
2021-07-23,trends_victims,0.0
2021-07-24,trends_victims,0.0
2021-07-25,trends_victims,0.0
2021-07-26,trends_victims,0.0
2021-07-27,trends_victims,0.0
2021-07-28,trends_victims,0.0
2021-07-29,trends_victims,0.0
2021-07-30,trends_victims,0.0
2021-07-31,trends_victims,0.0
2021-08-01,trends_victims,0.0
2021-08-02,trends_victims,0.0
2021-08-03,trends_victims,0.0
2021-08-04,trends_victims,0.0
2021-08-05,trends_victims,0.0
2021-08-06,trends_victims,0.0
2021-08-07,trends_victims,0.0
2021-08-08,trends_victims,0.0
2021-08-09,trends_victims,0.0
2022-12-28,trends_victims,0.0
2022-12-29,trends_victims,0.0
2022-12-30,trends_victims,0.0
2022-12-31,trends_victims,0.0
2023-01-01,trends_victims,0.0
2023-01-02,trends_victims,0.0
2023-01-03,trends_victims,0.0
2023-01-04,trends_victims,0.0
2023-01-05,trends_victims,0.0
2023-01-06,trends_victims,0.0
2023-01-07,trends_victims,0.0
2023-01-08,trends_victims,0.0
2023-01-09,trends_victims,0.0
2023-01-10,trends_victims,0.0
2023-01-11,trends_victims,0.0
2023-01-12,trends_victims,0.0
2023-01-13,trends_victims,0.0
2023-01-14,trends_victims,0.0
2023-01-15,trends_victims,0.0
2023-01-16,trends_victims,0.0
2023-01-17,trends_victims,0.0
2023-01-18,trends_victims,0.0
2023-01-19,trends_victims,0.0
2023-01-20,trends_victims,0.0
2023-01-21,trends_victims,3.0
2023-01-22,trends_victims,1.0
2023-01-23,trends_victims,1.0
2023-01-24,trends_victims,2.0
2023-01-25,trends_victims,1.0
2023-01-26,trends_victims,9.0
2023-01-27,trends_victims,30.0
2023-01-28,trends_victims,100.0
2023-01-29,trends_victims,26.0
2023-01-30,trends_victims,16.0
2023-01-31,trends_victims,11.0
2023-02-01,trends_victims,9.0
2023-02-02,trends_victims,5.0
2023-02-03,trends_victims,2.0
2023-02-04,trends_victims,2.0
2023-02-05,trends_victims,1.0
2023-02-06,trends_victims,1.0
2023-02-07,trends_victims,1.0
2023-02-08,trends_victims,2.0
2023-02-09,trends_victims,1.0
2023-02-10,trends_victims,1.0
2023-02-11,trends_victims,1.0
2023-02-12,trends_victims,0.0
2023-02-13,trends_victims,0.0
2023-02-14,trends_victims,0.0
2023-02-15,trends_victims,0.0
2023-02-16,trends_victims,0.0
2023-02-17,trends_victims,1.0
2023-02-18,trends_victims,0.0
2023-02-19,trends_victims,0.0
2023-02-20,trends_victims,0.0
2023-02-21,trends_victims,0.0
2023-02-22,trends_victims,0.0
2023-02-23,trends_victims,0.0
2023-02-24,trends_victims,0.0
2023-02-25,trends_victims,0.0
2023-02-26,trends_victims,0.0
2023-02-27,trends_victims,0.0
2023-02-28,trends_victims,0.0
2023-03-01,trends_victims,0.0
2023-03-02,trends_victims,0.0
2023-03-03,trends_victims,0.0
2023-03-04,trends_victims,0.0
2023-03-05,trends_victims,0.0
2023-03-06,trends_victims,0.0
2023-03-07,trends_victims,0.0
2023-03-08,trends_victims,0.0
2023-03-09,trends_victims,0.0
2023-03-10,trends_victims,0.0
2023-03-11,trends_victims,0.0
2023-03-12,trends_victims,0.0
2023-03-13,trends_victims,0.0
2023-03-14,trends_victims,0.0
2023-03-15,trends_victims,0.0
2023-03-16,trends_victims,0.0
2023-03-17,trends_victims,0.0
2023-03-18,trends_victims,0.0
2023-03-19,trends_victims,0.0
2023-03-20,trends_victims,0.0
2023-03-21,trends_victims,0.0
2023-03-22,trends_victims,0.0
2023-03-23,trends_victims,0.0
2023-03-24,trends_victims,0.0
2023-03-25,trends_victims,0.0
2023-03-26,trends_victims,0.0
2023-03-27,trends_victims,0.0
2023-03-28,trends_victims,0.0
2023-03-29,trends_victims,0.0
2023-03-30,trends_victims,0.0
2023-03-31,trends_victims,0.0
2023-04-01,trends_victims,0.0
2023-04-02,trends_victims,0.0
2023-04-03,trends_victims,0.0
2023-04-04,trends_victims,0.0
2023-04-05,trends_victims,0.0
2023-04-06,trends_victims,0.0
2023-04-07,trends_victims,0.0
2023-04-08,trends_victims,0.0
2023-04-09,trends_victims,0.0
2023-04-10,trends_victims,0.0
2023-04-11,trends_victims,0.0
2023-04-12,trends_victims,0.0
2023-04-13,trends_victims,0.0
2023-04-14,trends_victims,0.0
2023-04-15,trends_victims,0.0
2023-04-16,trends_victims,0.0
2023-04-17,trends_victims,0.0
2023-04-18,trends_victims,0.0
2023-04-19,trends_victims,0.0
2023-04-20,trends_victims,0.0
2023-04-21,trends_victims,0.0
2023-04-22,trends_victims,0.0
2023-04-23,trends_victims,0.0
2023-04-24,trends_victims,0.0
2023-04-25,trends_victims,0.0
2023-04-26,trends_victims,0.0
2023-04-27,trends_victims,0.0
2023-04-28,trends_victims,0.0
2023-04-29,trends_victims,0.0
2023-04-30,trends_victims,0.0
2023-05-01,trends_victims,0.0
2023-05-02,trends_victims,0.0
2023-05-03,trends_victims,26.0
2023-05-04,trends_victims,83.0
2023-05-05,trends_victims,100.0
2023-05-06,trends_victims,72.0
2023-05-07,trends_victims,80.0
2023-05-08,trends_victims,52.0
2023-05-09,trends_victims,34.0
2023-05-10,trends_victims,16.0
2023-05-11,trends_victims,21.0
2023-05-12,trends_victims,56.0
2023-05-13,trends_victims,36.0
2023-05-14,trends_victims,27.0
2023-05-15,trends_victims,22.0
2023-05-16,trends_victims,15.0
2023-05-17,trends_victims,13.0
2023-05-18,trends_victims,9.0
2023-05-19,trends_victims,21.0
2023-05-20,trends_victims,22.0
2023-05-21,trends_victims,15.0
2023-05-22,trends_victims,10.0
2023-05-23,trends_victims,6.0
2023-05-24,trends_victims,5.0
2023-05-25,trends_victims,3.0
2023-05-26,trends_victims,3.0
2023-05-27,trends_victims,2.0
2023-05-28,trends_victims,2.0
2023-05-29,trends_victims,1.0
2023-05-30,trends_victims,2.0
2023-05-31,trends_victims,1.0
2023-06-01,trends_victims,1.0
2023-06-02,trends_victims,2.0
2023-06-03,trends_victims,1.0
2023-06-04,trends_victims,1.0
2023-06-05,trends_victims,1.0
2023-06-06,trends_victims,1.0
2023-06-07,trends_victims,1.0
2023-06-08,trends_victims,1.0
2023-06-09,trends_victims,1.0
2023-06-10,trends_victims,1.0
2023-06-11,trends_victims,2.0
2023-06-12,trends_victims,2.0
2023-06-13,trends_victims,2.0
2023-06-14,trends_victims,5.0
2023-06-15,trends_victims,9.0
2023-06-16,trends_victims,3.0
2023-06-17,trends_victims,2.0
2023-06-18,trends_victims,1.0
2023-06-19,trends_victims,1.0
2023-06-20,trends_victims,1.0
2023-06-21,trends_victims,1.0
2023-06-22,trends_victims,1.0
2023-06-23,trends_victims,1.0
2023-06-24,trends_victims,1.0
2023-06-25,trends_victims,1.0
2023-06-26,trends_victims,0.0
2023-06-27,trends_victims,1.0
2023-06-28,trends_victims,3.0
2023-06-29,trends_victims,2.0
2023-06-30,trends_victims,1.0
2023-07-01,trends_victims,1.0
2023-07-02,trends_victims,0.0
2023-07-03,trends_victims,0.0
2023-07-04,trends_victims,0.0
2023-07-05,trends_victims,0.0
2023-07-06,trends_victims,0.0
2023-07-07,trends_victims,0.0
2023-07-08,trends_victims,0.0
2023-07-09,trends_victims,0.0
2023-07-10,trends_victims,0.0
2023-07-11,trends_victims,0.0
2023-07-12,trends_victims,0.0
2023-07-13,trends_victims,0.0
2023-07-14,trends_victims,0.0
2023-07-15,trends_victims,1.0
2023-07-16,trends_victims,0.0
2023-07-17,trends_victims,1.0
2023-07-18,trends_victims,0.0
2023-07-19,trends_victims,0.0
2023-07-20,trends_victims,0.0
2023-07-21,trends_victims,0.0
2023-07-22,trends_victims,0.0
2023-07-23,trends_victims,0.0
2023-07-24,trends_victims,0.0
2023-07-25,trends_victims,0.0
2023-07-26,trends_victims,0.0
2023-07-27,trends_victims,0.0
2023-07-28,trends_victims,0.0
2023-07-29,trends_victims,0.0
2023-07-30,trends_victims,0.0
2023-07-31,trends_victims,0.0
2023-08-01,trends_victims,0.0
2023-08-02,trends_victims,0.0
2023-08-03,trends_victims,0.0
2023-08-04,trends_victims,0.0
2023-08-05,trends_victims,0.0
2023-08-06,trends_victims,0.0
2023-08-07,trends_victims,0.0
2023-08-08,trends_victims,0.0
2023-08-09,trends_victims,0.0
2023-08-10,trends_victims,0.0
2023-08-11,trends_victims,0.0
2023-08-12,trends_victims,0.0
2023-08-13,trends_victims,0.0
2023-08-14,trends_victims,0.0
2023-08-15,trends_victims,0.0
2023-08-16,trends_victims,0.0
2023-08-17,trends_victims,0.0
2023-08-18,trends_victims,0.0
2023-08-19,trends_victims,0.0
2023-08-20,trends_victims,0.0
2023-08-21,trends_victims,0.0
2023-08-22,trends_victims,0.0
2023-08-23,trends_victims,0.0
2023-08-24,trends_victims,0.0
2023-08-25,trends_victims,0.0
2023-08-26,trends_victims,0.0
2023-08-27,trends_victims,0.0
2023-08-28,trends_victims,0.0
2023-08-29,trends_victims,0.0
