id,dimension,severity,title,votes,fix,claim,corrected_claim
D1,design_logic,blocking,"The ratified primary estimator's omitted category is day −14, not day −1; day −1 is deleted from the sample entirely",3/3 survived refutation,"Keep the day −1 rows in the estimation sample and make −1 the omitted level explicitly — e.g. `C(rel_day, Treatment(reference=-1))`, or build integer-coded event-time dummies and drop the −1 column by name. Then assert in code that the set of estimated rel_days equals the window minus {−1}. Better still for a design with this much window truncation: use a pre-period average (−14..−2) as the baseline rather than any single day, and say which in the caption.","`event_study.fit_event_study` removes the reference-day rows from the data (`d = stack[stack[""rel_day""] != EVENT_REFERENCE_DAY]`, scripts/event_study.py:59) and then fits `C(rel_day)`. Formulaic drops the *lowest remaining* level as the base, which is rel_day = −14. So `EVENT_REFERENCE_DAY = -1` (scripts/config.py:122) is inert: day −1 is not the baseline, it is discarded, and every event-time coefficient — including the H1 test statistic — is measured against a single day two weeks before the episode.","The claim is correct as stated, with two refinements.

(1) Citation nit: `EVENT_REFERENCE_DAY = -1` is at scripts/config.py:123, not :122.

(2) Scope correction on impact: the finding implies the whole H1 result is compromised. Verified, it is narrower. Because `placebo_starts` draws preserve episode spacing and the same `fit_event_study` runs on each draw, the omitted level is -14 in 39/39 placebo draws I ran (27 coefficients every time), so the randomization-inference p-value — the ratified primary inference — is still a valid test of the sharp null. What is actually broken is: (a) the reported `first_week_effect` point estimate, which is the mean day-0..7 level minus the level on the single day -14 rather than relative to the pre-period or to day -1; (b) its sampling variance, which absorbs all of day -14's noise plus any 14-day drift or within-window seasonality not soaked up by the ep_cd and dow fixed effects; (c) the identification asymmetry — 17 of 30 episodes reach day -14 versus 25 at day 0, so baseline and treated days come from different episode sets; (d) Figure 2's stated reference period (PAPER_PLAN.md:204-207) and the scripts/17_stacked_event_study.py:13-15 docstring, both of which assert day -1 and are wrong.

Note also that data/processed/panel_cd_day.parquet does not exist in the repo, so neither this audit nor the original could run the estimator on real outcomes; both reproductions are on a synthetic panel with the real frozen episode dates. The omitted-category behaviour is a property of the formula and the row filter, not of the outcome values, so it carries over — but the 17/25 episode counts are a property of `build_stack` truncation on the real episode spacing (gaps of 7, 8, 9, 7 and 14 days between consecutive discovery episodes), and those are real.

The proposed fix is correct. `C(rel_day, Treatment(reference=EVENT_REFERENCE_DAY))` on the un-filtered stack, plus an assertion that the estimated rel_day set equals the window minus {-1}, is the minimal correct change; a pre-period average baseline is the better design given how much of the pre-window is truncated away."
D2,design_logic,blocking,"Randomization inference — the ratified primary p-value — builds its null from placebo designs with roughly half the real number of episodes, inflating the null SD ~1.5×",3/3 survived refutation,"Draw placebo start sets of exactly the same cardinality as the real set. Either (a) circular-shift the whole episode date vector with wrap-around — what scripts/04_robustness.py:72-82 already does correctly for the continuous measure, preserving both count and spacing — or (b) keep the anchor-plus-gaps walk but wrap dates modulo the window and reject any draw that does not yield len(real_starts) episodes. Then re-derive every RI p-value and re-run the calibration.","`placebo_starts` (scripts/event_study.py:100-122) draws one uniform anchor in [lo+pre, hi−post] and then walks forward through a permutation of the real gaps, breaking as soon as a date passes `latest` (:118-121). Because the real episodes span nearly the whole window, the gaps sum to nearly the whole window, so a mid-range anchor loses about half the episodes. The null distribution is generated by a smaller design than the observed one, and a smaller design has a wider sampling distribution, so the reported p-value is systematically too large.","Confirmed as stated, with two numeric refinements and one addition. Refinements: the all-70-episode placebo mean is 37.1, not 37.6 (depends on assumed panel bounds); and in my reproduction the absolute SDs are 0.001155 (30 episodes) versus 0.001835 (shipped placebo draws, mean 16.6 episodes), a 1.59x inflation rather than the claimed 0.000972/0.001502 and 1.55x — different absolute scale from a different seed, same ratio and same conclusion. Addition: the null-calibration gate meant to catch exactly this failure cannot. scripts/18_null_calibration.py:127-131 tests the rejection rate against a symmetric binomial interval that, at the 12 sims actually run, is (-0.0733, 0.1733); the committed outputs/tables/null_calibration.csv therefore records empirical_rejection_rate = 0.0 and median_p = 0.7142 — textbook under-rejection — and still prints VERDICT: CALIBRATED. The fix must therefore cover both files: draw placebo sets of exactly len(real_starts) (circular shift with wrap-around, as scripts/04_robustness.py:72-76 already does for the continuous measure), and make script 18's verdict test the whole p-value distribution for uniformity (e.g. KS or a two-sided check on median p) rather than only the tail rate against an interval that admits zero."
D3,design_logic,blocking,"Flipping FREEZE_ACTIVE alone pools the discovery episodes into the confirmatory sample — and with the sample dates unchanged, silently runs on discovery data while reporting 70 episodes",3/3 survived refutation,"Add a CONFIRMATION_EPISODES = ""extension"" config switch consumed by 17 and 07 so the confirmatory run is extension-only by default, with any pooled run reported separately and labelled. Couple the sample window to the freeze (derive ANALYSIS_START/END from FREEZE_ACTIVE, or assert every episode passed in yields a non-empty window). Write the realised episode count (stack[""episode""].nunique()) to the results table beside the requested one and fail loudly when they differ.","scripts/17_stacked_event_study.py:86-87 restricts to `period == ""discovery""` only while the freeze holds; once `FREEZE_ACTIVE = False` the estimator uses all 70 episodes, so the confirmatory H1 test is computed on a sample in which 30 of 70 episodes are the ones the test statistic was selected on (GATE_C_MEMO.md §1 chooses joint lags 0-7 over days 3-5 by comparing their discovery p-values: 0.041/0.006 versus 0.407/0.293). CONFIRMATION_PLAN.md:4-5 defines the confirmation package as the extension plus independent outcomes, not the pooled decade. Compounding this, GATE_C_MEMO.md §6.6 item C records that ANALYSIS_START/END are still discovery-scoped, and nothing in the code couples the two switches.","Confirmed with three refinements. Flipping FREEZE_ACTIVE alone (scripts/config.py:137) removes the `period == ""discovery""` filter at scripts/17_stacked_event_study.py:86-87 but leaves ANALYSIS_START/END at 2017-01-01..2020-12-31 (config.py:34-35), so build_stack is handed 70 starts and only 31 realise a window (episode ids 19..49, n_obs 36049 versus 35636 under the freeze); the other 39 are dropped silently at scripts/event_study.py:29-30, while line 126 writes n_episodes = 70 into event_study_results.csv and the banner prints ""episodes in scope: 70 (all)"". REFINEMENT 1: the 31st episode is id 49 (2021-01-06, extension), truncated to 2020-12-24..2020-12-31, so it contributes 8 pre-period days (rel_day -13..-6) and ZERO day-0..7 observations — the estimate is discovery-only in substance, not merely discovery-dominated. REFINEMENT 2: GATE_C_MEMO.md:290 item C covers PANEL_BUFFER_START/END as well, and scripts/01_build_panel.py:44,79 builds the panel only over 2016-12-01..2021-01-31, so widening ANALYSIS_START/END alone would still admit no extension data without rebuilding the panel; the ""silently discovery-only mislabelled as 70 episodes"" branch is therefore the near-certain outcome and the ""pooled decade"" branch requires two further edits. REFINEMENT 3: the randomization-inference episode-count mismatch is real but is NOT caused by the flip — with seed 20260908 and 2000 draws, placebo_starts yields mean 15.51 episodes from the 70-gap vector against 31 observed, but the same simulation under the ACTIVE freeze yields mean 16.21 against 30 observed, so this is a pre-existing defect in scripts/event_study.py:100-122 and should be reported separately rather than as a compounding consequence. The selection evidence is exact: GATE_C_MEMO.md:26-27 chooses joint lags 0-7 (p = 0.041 / 0.006) over days 3-5 (p = 0.407 / 0.293) on discovery data, while CONFIRMATION_PLAN.md:4-5 and GATE_C_MEMO.md:279 define the confirmatory sample as the 40 extension episodes. The proposed fix (an explicit CONFIRMATION_EPISODES switch, coupling the sample window to the freeze, and writing the realised stack[""episode""].nunique() beside the requested count with a loud failure on mismatch) is correct as stated."
D4,design_logic,moderate,All three ratified validation gates are constructed so that they cannot fail,3/3 survived refutation,"(a) Replace the verdict rule with a one-sided test in which a rejection rate below nominal fails, clamp lo at 0, require enough RI draws that p < alpha is attainable (>= 200) and enough sims for an informative interval (>= 500), and add a KS test of p-value uniformity. Re-run after fixing placebo_starts. (b) Validate the crosswalk against something external — precinct population or the published B-HEARD precinct call counts — not against a discovery regression it cannot affect. (c) Re-derive divergence days on a fixed CAI-S component set and report how many survive in 2017-2020; if none, drop the test from the display-item list and say why.","Gate C ratified three checks as preconditions on the confirmatory run; none can return a failure. (a) Synthetic-null calibration: `calibrated = lo <= rej <= hi` with `lo = alpha − 1.96·sqrt(alpha(1−alpha)/n_sims)` (scripts/18_null_calibration.py:129-131) — at the n_sims actually run, lo is negative, so zero rejections passes. (b) B-HEARD discovery-invariance: exposure is identically 0 on every discovery day by construction (asserted at scripts/16_bheard_exposure.py:212-215), so adding it to a 2017-2020 model adds a column of zeros and cannot move any estimate however wrong the crosswalk is. (c) CAI-S divergence-day falsification: its sample contains zero discovery-window days, and its membership is a GDELT-availability artifact rather than genuine supply/demand divergence.","Two of the three gates are vacuous exactly as described; the third has a meaningless stored verdict but for the opposite reason given, and the ""cannot fail by construction"" framing is wrong for it.

CONFIRMED (b) — B-HEARD discovery-invariance validates nothing about the crosswalk. data/reference/bheard_cd_exposure.csv has 74 rows (30 CDs x 2 bounds), min effective_from 2021-06-01, zero rows before 2021 (2021:8, 2022:21, 2023:35, 2024:10). Exposure is identically 0 over 2017-2020 by construction (scripts/16_bheard_exposure.py:22 docstring, assert at :211-215). GATE_C_MEMO.md:120-121 states the check verbatim as ""adding the control must leave the 2017-2020 discovery results numerically unchanged. If they move, the crosswalk is wrong."" A constant-zero regressor cannot move any 2017-2020 estimate however wrong the precinct->CD call-volume weights are. Correction: it is not the only check in the codebase — scripts/16 also asserts the IBO operational-count brackets (:230-235, validates adoption DATES) and a step-table/crosswalk round-trip (:252-256, internal consistency). Neither validates the weights against anything external, so PAPER_PLAN.md:269 (RECORD 12.3, ""linkage quality evaluation"") remains unmet.

CONFIRMED (c) — divergence-day sample is a GDELT-availability artifact. Re-derived from data/processed/cai_daily.parquet with the rule at scripts/12_build_cai.py:147-149: exactly 18 days, {2015:11, 2016:3, 2021:1, 2023:3}, zero in 2017-2020. 17 of 18 (94.4%) have only gdelt_tv available, against a 38.7% single-component base rate (1384/3572) in the eligible sample; gdelt_news spans only 2017-01-01 to 2022-12-31. GATE_C_MEMO.md:307 cites the 18-day sample as evidence the two-tier design ""is doing real work.""

PARTLY WRONG (a) — the stored calibration verdict is meaningless, but not because the test is conservative by construction, and not because the rule cannot fail. Facts reproduce: n_sims_completed=12, ri_draws_per_sim=25, ar1_rho=0.6, empirical_rejection_rate=0.0, acceptable_range_lo=-0.0733, hi=0.1733, median_p=0.7142, VERDICT=CALIBRATED; 12 p-values mean 0.630, 11 of 12 above 0.37, min 0.0833. data/processed/ has no panel_cd_day.parquet, so the calibration branch (scripts/18_null_calibration.py:68-81) never ran and rho=0.6, sigma=0.03, mu=0.10 are assumed defaults — the run does not satisfy GATE_C_MEMO.md:257-259. The script does not misrepresent this; it branches and prints ""real panel not built yet.""
Two corrections. (1) The arithmetic is inverted. p = k/n with the observed statistic EXCLUDED (scripts/event_study.py:141), so at 25 draws both k=0 (p=0.0) and k=1 (p=0.04) reject; rejection does not require beating all 25 draws, and nominal P(reject) under exchangeability is 2/26 = 7.7%, i.e. anti-conservative rather than the claimed 3.8% conservative ceiling. The effective denominators are not even 25 — the stored p-values are 1/2, 3/4, 5/6, 3/8, 1/12, 22/23, 17/24 and k/25, and at n=2 the null rejection probability is 1/3. The RI test is under-powered and erratically sized, not conservative by construction.
(2) The rule can fail. VERDICT flips to NOT CALIBRATED whenever rej > 0.1733 (3+ of 12 sims), and lo turns positive at n >= 73 completed sims; at the documented default --sims 200, lo = +0.0198 and a 0.0 rejection rate would FAIL. The genuine defect is that se is computed from len(pvals) (scripts/18_null_calibration.py:129) with no minimum-sims floor, so a 12-sim run widens its own acceptance band into passing.
Net effect on the decision: unchanged for (b) and (c) — both gates should be replaced before the confirmatory run. For (a) the fix is different from the one proposed: the rule does not need to become one-sided against under-rejection (that direction is not the failure mode present); it needs a minimum-sims precondition, per-sim minimum valid-draw counts (the variable denominators, traceable to placebo_starts returning short sequences at scripts/event_study.py:107-120), and a uniformity test of the p-values, then a re-run at the documented defaults."
D5,design_logic,moderate,"The frozen episode list applies a fixed level threshold to an index whose location and scale drift by a factor of three, so ""an attention episode"" means something different in every year",3/3 survived refutation,"Define episodes on a within-period standardized index (rolling 365-day z, or year-demeaned and year-scaled), or equivalently on a within-year quantile, so ""episode"" has constant meaning across 2015-2024; then report episodes per year as a design diagnostic and require it to be roughly flat. Drop 2015-01..2015-06 as DATA_AUDIT.md §3 already recommends but the frozen list has not implemented. Publish the per-year before/after counts alongside the episode diff (DATA_AUDIT.md §6 step 4).","Episodes are runs of days with `cai_d > 1.0` (scripts/config.py:96; scripts/13_extension_episodes.py:23). CAI-D is a mean of separately standardized components (scripts/12_build_cai.py:74-84) standardized on 2017-2019 only (:39), so it is neither unit-variance nor mean-zero outside that window. The fixed 1.0 cut therefore corresponds to wildly different attention percentiles across the sample. This is the project's known error class applied to the object the pre-registration actually froze — and the fix DATA_AUDIT.md §1 proposes does not remove it, because it addresses scale and not level.","The frozen episode rule applies a fixed level cut (`cai_d > 1.0`, scripts/config.py:96, scripts/13_extension_episodes.py:23) to an index that is neither unit-variance nor mean-zero anywhere — including inside its own anchor window. Because scripts/12_build_cai.py:74-84 averages separately-standardized components rather than standardizing the composite, CAI-D has mean -0.0062 and SD 0.6505 on 2017-2019, so the cut is 1.55 reference-window SD, not 1. Across years the same cut is 0.80 / 1.05 / 1.50 / 1.62 / 1.54 / 0.05 / 1.63 / 2.31 / 1.94 / 3.60 within-year SD (2015-2024), producing 81/35/28/19/24/139/19/16/16/1 high days. Within-year SD ranges 0.436 to 1.377, a factor of 3.2.

The consequence is that episodes are not comparable objects. It shows up in episode LENGTH and intensity, not in episode count: 2015 and 2022 both yield 12 episodes, but 2015's cover 81 high days (mean 6.75 days, mean peak 1.78) while 2022's cover 16 (mean 1.33 days, 9 of 12 single-day, mean peak 1.28). Across all 70 episodes, 34 are single high days with median peak 1.13. scripts/17_stacked_event_study.py:85-111 enters every episode start as one identically-weighted event with no intensity weighting, so a 1.02 blip and the 43-day, peak-3.93 Freddie Gray window count the same.

The defect is not confined to the frozen extension list: in 2020 the cut sits at 0.05 within-year SD and flags 139 of 366 days, so the already-examined discovery sample is affected too (compounding the 128-day episode 45 that DATA_AUDIT.md §4 flags).

Rebuilding as DATA_AUDIT.md §1 recommends does not fix cross-year meaning drift: the three always-on components, restandardized after averaging with the threshold re-derived on 2017-19, still give 2 high days in 2024 against 59-84 in 2017-2019. (The corresponding 2015 figure is implementation-sensitive — 109 if days missing wiki_ext are tolerated, 32 if the component set is held strictly fixed — so the late-sample collapse, not the 2015 excess, is the robust part.)

Separately confirmed: wiki_ext begins 2015-07-01, and 8 of the 40 extension episodes start before it. Episode 6 (2015-04-01..2015-05-29, 43 high days, peak 3.93), the Freddie Gray / Walter Scott window CONFIRMATION_PLAN.md:23 names as a target event, is built from trends_us, trends_nyc and trends_victims only — i.e. from Google Trends alone.

NOT supported: the assertion that episode density is lowest in 2022-24 and therefore correlated with B-HEARD exposure. 2022 has 12 episodes, tied with 2015 for the most; only 2023 (5), 2021 (4) and 2024 (1) are low, and the series is non-monotone.

Fix: define episodes on a within-period standardized index (rolling 365-day z, or year-demeaned and year-scaled) or a within-year quantile; report episodes-per-year AND high-days-per-episode as design diagnostics; drop 2015-01..06 as DATA_AUDIT.md §3 already recommends; publish per-year before/after counts with the episode diff (DATA_AUDIT.md §6 step 4). Note that this correction, unlike a pure rescaling, changes the discovery-period event set as well, so any re-run must be reported against the existing 2017-2020 results rather than silently replacing them."
D6,design_logic,moderate,"The estimator ratified as primary has no control group, no calendar controls, non-clustered CIs, and discards all dose variation — while the only design with a control group has a contaminated control set",3/3 survived refutation,"Add calendar controls to the stacked design (episode×district FE plus day-of-week plus at minimum month-of-year, or a within-window linear trend) and report a dose-weighted version where each episode enters with its peak CAI-D. Cluster the event-time path by date or by episode rather than `hetero`, and state which in the Figure 2 caption. Make the treated and control sets disjoint by construction — drop districts in both, or define the control as bottom-quartile Herfindahl among non-top-quartile-Black districts — and write realised group sizes to the results table. Report the DID and heterogeneity estimates as co-primary, since they are the only estimates with a comparison group.","The stacked event study fits `y ~ C(rel_day) | ep_cd + dow` with `vcov=""hetero""` (scripts/event_study.py:57-68; scripts/17_stacked_event_study.py:111). There is no month, year or calendar FE and no untreated comparison unit — treatment is citywide, so all 59 districts are treated simultaneously. Identification is a raw before/after contrast inside 29-day windows, so anything citywide moving on a 29-day scale (season, weather, holidays, COVID waves, protest activity) is in the estimate. Treatment is also reduced to a binary threshold crossing, discarding the intensity variation the secondary distributed-lag model (scripts/03_main_model.py, which does carry month_year FE) actually uses. Meanwhile the exposure DID — the one design with cross-sectional identification — assigns three districts to both arms.","The primary stacked event study fits `y ~ C(rel_day) | ep_cd + dow` (scripts/event_study.py:57,66; scripts/17_stacked_event_study.py:111) with no untreated comparison unit, and reduces a highly skewed treatment to a binary episode indicator. Episode 45 (Floyd/Brooks, 2020-05-26..2020-10-01, peak CAI-D 5.36) contains 113 of the 210 discovery high days (53.8%) and its 129 calendar days are 8.8% of discovery days but 55.9% of CAI-D variance (2020 overall: 25.1% of days, 62.6% of variance) — yet in the stack it contributes 25 district-days per district, the same order as a single-day episode. The FE structure already absorbs episode-level calendar variation (ep_cd is episode x district) and day-of-week; what is missing is a within-window trend or seasonal control, so 29-day-scale citywide movement that is systematically aligned with episode starts remains in the point estimate, and 18_null_calibration.py cannot detect it because its synthetic panels contain only district FE + dow FE + AR(1) district noise, no citywide or seasonal component.

The inference critique as originally stated is wrong. The reported p-value for H1 is episode-level randomization inference over 2000 placebo draws (17_stacked_event_study.py:26-34, 121-127; event_study.py:96-127; GATE_C_MEMO §6.3), adopted precisely because clustered SEs proved anti-conservative on this data; it is more conservative than the proposed date-clustering, not less. The `vcov=""hetero""` SEs appear only in event_study_path.csv, which no script in the repository reads: the figure actually coded as Figure 2 (08_figures.py:93-109) uses irf_main.csv with `se_date_cluster` and says so in its title. If event_study_path.csv is later used for a coefficient plot, its hetero SEs must be replaced with date- or episode-clustered ones — but that is a forward-looking hygiene item, not a defect in a produced result.

The concrete, code-confirmed defect is in the DID. With the quartiles as coded (07_did_exposure.py:45-48,55), districts 111, 314 and 414 fall in both the top-quartile-%Black treated set and the bottom-quartile-Herfindahl primary control set; line :86 resolves them to treated, so the primary DID is 15 treated vs 12 control, while line :94 writes n_control_cds = len(ctrl_cds) = 15. The results table therefore overstates the primary control group by 3 of 15. Fix: make the sets disjoint by construction and write realised group sizes. The q2_black sensitivity arm has no overlap and is sound."
D7,design_logic,moderate,"The ""clean control window"" rule deletes the event windows of exactly the closest-spaced, highest-attention episodes, and the guard meant to catch this cannot fire",3/3 survived refutation,"Stop deleting overlapping days; assign each district-day to its nearest episode, or fit one model with episode-specific event-time dummies that permits shared control days. Exclude pre-window days falling inside any episode's high-attention span rather than only those before the next episode's start, and report how many that removes. Enforce a per-episode inclusion rule (an episode enters only if it has day −1 and at least k of days 0..7), report contributing episodes per rel_day in the results table, and apply the same rule inside the RI draws.","`build_stack` truncates each window at the next episode's start and then drops any district-day claimed by more than one window (scripts/event_study.py:24-40). When two episodes are less than 28 days apart — which is when attention is most sustained — the overlap is removed from both, so the earlier episode loses its post-window and the later one loses its pre-window. The rule truncates only on the next episode's start, never excluding pre-window days that fall inside a preceding episode's high-attention span, so ""clean control"" days are routinely days when attention was still elevated. `MIN_FIRST_WEEK_DAYS = 6` (scripts/event_study.py:75, :92-95), which the docstring says exists to keep the statistic's composition constant across draws, counts globally identified coefficients rather than per-episode coverage, so it never binds.","build_stack (scripts/event_study.py:24-40) truncates each window at the next episode's start and drops any district-day claimed by two windows, so episodes spaced less than pre+post (28) days apart lose window days at both ends. This is real and heavily unbalances the panel: on the 30 frozen discovery episodes only 9 have a complete -14..+14 window, 5 contribute none of days 0..7, mean first-week coverage is 6.3 of 8 days, and episodes per rel_day run from 17 (at -14) to 25 (at day 0), so each day-0..7 coefficient averaged by first_week_effect is identified from a different episode subset than the -14 base. MIN_FIRST_WEEK_DAYS = 6 counts globally identified coefficients, not per-episode coverage, and in 1,940 placebo draws it never once fell below 8 — the guard cannot fire, so the comment at scripts/event_study.py:71-75 describes a protection that does not exist. Two parts of the original claim do not survive checking. First, contamination of control days is marginal, not routine: after truncation and dedup only 8 of 277 surviving pre-window district-days (2.9%), in 4 of 30 episodes, fall inside an episode's high-attention span, and Floyd keeps just one (2020-05-16), because the dedup already removes 2020-05-12..15. Second, the selection runs opposite to the direction claimed: coverage correlates POSITIVELY with intensity (corr(days 0..7, peak_cai_d) = +0.138; mean peak 1.687 for full-week episodes vs 1.359 for partial), and every high-intensity episode — Floyd 5.36, Clark 2.62, Wallace 2.55 — retains a complete first week, so the surviving sample is if anything tilted toward high-attention episodes, not away. Separately and more seriously, fit_event_study drops rel_day == -1 rows from the estimation sample instead of omitting -1 as a reference level, making rel_day = -14 the de facto base and contradicting scripts/17_stacked_event_study.py:52-54; and placebo_starts truncates its date chain at `latest`, producing placebo stacks averaging 16.05 episodes against the observed 30 — a far bigger observed/placebo mismatch than window truncation causes."
E1,episodes,blocking,Randomization-inference null is built from placebo designs with half as many episodes as the real one,3/3 survived refutation,"Constrain placebo draws to designs with the same number of events as the real one: draw the anchor from [earliest, latest - sum(gaps)] so all N starts always fit (or wrap circularly within the analysis window), and reject any draw yielding n != len(real_starts). Additionally exclude placebo starts falling within +/-14 days of a real episode start, since nothing currently prevents a ""null"" draw from landing on a real attention spike. Then extend 18_null_calibration.py's acceptance criterion to test uniformity (KS), not just the rejection rate, and re-run with the default 200 sims rather than the 12 recorded.","`placebo_starts` (scripts/event_study.py:100-122) draws a uniform anchor in [lo+pre+1, hi-post-1] and then walks forward through the permuted real gaps, breaking as soon as a start would exceed `latest` (lines 118-120). The real 30 discovery starts span 1,324 days inside a ~1,430-day admissible interval, so all 30 fit only if the anchor lands in the first ~7% of the interval. The null distribution the primary p-value is read off is therefore generated by a *different estimator* (fewer events, noisier statistic) than the observed statistic.","The claim is correct as stated, with two factual refinements. (1) Magnitude: the finding's own sqrt(30/16) = 1.37 inflation figure understates the damage. Measured directly on script 18's synthetic generator, the current null has SD 0.002109 against 0.001197 for a null constrained to all 30 episodes — a ratio of 1.76 — because short placebo designs lose fixed-effect precision on top of the 1/sqrt(n) term. In p-value terms, a statistic at the true 95th percentile of the correct null is reported as p = 0.223, and one at the true 99th percentile as p = 0.134; the primary p-value is inflated roughly 4.5x at alpha = 0.05. (2) Status: data/processed/panel_cd_day.parquet does not exist and outputs/tables/event_study_results.csv has never been written, so script 17 has not been run and no confirmatory p has been reported yet. The finding is therefore a precondition blocker on the confirmatory run, not an invalidation of a published number — which is if anything better news, since it can be fixed before the freeze is lifted. Everything else reproduces exactly: mean 16.21 / median 16 placebo episodes vs 30 real, 92.0% of draws short, 3.0% silently discarded by the len(ps) < 2 guard, only 7.4% of anchors admit all 30, KS-vs-uniform p = 0.2127 on the 12 recorded calibration p-values, and 48.8% of placebo starts landing within +/-14 days of a real episode start. The proposed fix (anchor in [earliest, latest - sum(gaps)] so n is always 30, reject n != len(real_starts), exclude placebo starts near real episodes, and add a uniformity test to 18_null_calibration.py's acceptance criterion with the default 200 sims rather than the 12 x 25 draws recorded) is the right remedy."
E2,episodes,blocking,"The 14-day attribution lookback is shorter than the death-to-attention lag, so the largest non-2020 episode is attributed to the wrong deaths",3/3 survived refutation,"Widen the attribution lookback to at least 60 days and rank candidates by post-episode Wikipedia pageviews rather than by date proximity, so video-release-driven spikes attach to the right death. Separately audit the registry for known omissions (Prude) before the labels are used in print, and state explicitly that non-police killings such as Neely cannot be captured by an MPV-derived registry.","scripts/13_extension_episodes.py:40 searches for candidate events in [start - 14 days, end]. Attention to police killings is frequently triggered by video release, indictment or verdict weeks after the death, so the window systematically excludes the actual cause of the spike for exactly the high-attention episodes that matter most.","The attribution mechanism is broken, but the 14-day lookback is not the binding cause and two pieces of the offered evidence do not reproduce.

CONFIRMED: scripts/13_extension_episodes.py:40 windows candidates to [start-14d, end] and :41 ranks them by tweet_volume with .fillna(0). Episode 65 (2023-01-26 to 2023-02-09, peak cai_d 4.0756 on 2023-01-28) is labelled ""David Lawrence Couch III; Bradley S. Havermale"", both of whom died on 2023-02-09, the episode's end date. Tyre Nichols is in data/reference/victim_registry.csv at 2023-01-07, five days before the window opens on 2023-01-12, and has no row in wikipedia_article_resolution.csv. The episode is a genuine attention event — all four components spike together on 2023-01-27/28 (gdelt_tv 5.20, trends_nyc 3.25, trends_us 2.81, trends_victims 2.92) — so only the label is wrong. Daniel Prude is absent from the registry (no Rochester NY entry in 2020-03/04) and Jordan Neely is absent; episode 67 (2023-05-04 to 2023-05-11, immediately after Neely's 2023-05-03 death) is labelled ""Robert Joseph Layton; Justin Roberts"". docs/CONFIRMATION_PLAN.md:23-25 is cited correctly.

CORRECTED (1): episode 65's peak of 4.08 is NOT ""the largest peak in the entire sample outside 2020"". 2016-07-08 = 5.1456, 2016-07-07 = 4.5485 and 2016-07-09 = 4.2993 all exceed it. It is the second-largest non-2020 episode peak, behind episode 15 (Sterling/Castile).

CORRECTED (2): ""cai_d peaks at 2.44 on 2020-09-04"" is wrong as stated. The value is right (2.4375) but it is not a local peak — 2020-08-27 = 2.7209 and 2020-09-03 = 2.6018 are higher — and it lies inside episode 45 (2020-05-26 to 2020-10-01), so Prude's absence from the registry changes no episode label. That example does not support the lookback claim; it supports only the separate registry-omission point.

CORRECTED (3), and this is the substantive correction: the proposed fix does not work, because the lookback is not the binding constraint. Re-running episode 65's attribution at 60 and 120 days returns the identical top-2 (['David Lawrence Couch III', 'Bradley S. Havermale'], max p = 0.0). Nichols enters the window at 60 days and still cannot be selected. The actual defect is the ranking key: tweet_volume is inherited from the retired Twitter measure and has effectively zero coverage for recent deaths. Registry rows matched to a tweet_volume by death year: 2015 10/1097, 2016 42/1063, 2017 16/1075, 2018 14/1113, 2019 29/1085, 2020 33/1118, 2021 0/1101, 2022 0/1135, 2023 0/1173, 2024 1/1188. From 2021-01-06 onward every candidate in every episode scores p = 0. Because victim_registry.csv is strictly date-descending (verified is_monotonic_decreasing == True) and pandas' sort_values is stable, the tie at zero resolves to file order, so candidate_events silently changes meaning from ""the two most prominent victims near the episode"" to ""the two most recent deaths at or before the episode end"". 31 of 40 extension episodes and 8 of 30 discovery episodes have no prominence signal at all. Episode 52 (2021-04-06 to 2021-04-28, peak 3.12, Wright + Chauvin verdict) settles the causal question: Daunte Wright died 2021-04-11 and IS inside the existing 14-day window, yet he is not surfaced because he has no tweet_volume; the label is ""Oscar Herrera; Dalton James Gerrit Kooiman"", two 2021-04-28 deaths. Widening the window without replacing the ranking key would change nothing for any episode after 2020.

ADDITIONAL DEFECT, same error class, found while verifying: ranking joins on lowercased name strings, so a name collision transfers a famous victim's prominence to an unrelated person. The registry contains four Michael Browns (2014-08-09 Ferguson MO; 2016-01-31 Fort Worth TX; 2017-06-15 Newton NH; 2024-06-05 Milford CT) and the prominence table has a single ""Michael Brown"" with tweet_volume 10037. Episode 22 (2017-06-17 to 2017-06-23, DISCOVERY period, peak 2.33) is therefore labelled ""Michael Brown; Charleena Lyles"": the New Hampshire Michael Brown inherits Ferguson's volume and outranks Charleena Lyles, the Seattle case that actually drove the spike. This contaminates the discovery-period labels too, not just the extension.

CORRECTED FIX: replace the ranking key before touching the window. Rank candidates by post-episode Wikipedia pageviews (already available in data/reference/wikipedia_pageviews_victims.csv, 45 articles) or another measure defined over the whole 2015-2024 range, join on a stable victim id rather than a name string, and only then widen the lookback (60+ days) so video-release- and verdict-driven spikes can attach to the right death. Independently, audit the registry for omissions (Prude) and state that an MPV-derived registry structurally cannot capture non-police killings such as Neely."
E3,episodes,serious,"The 129-day mega-episode discards 114 of its own days and hides at least eight separate attention events, including the two most on-hypothesis ones",3/3 survived refutation,"Adopt a rule that can resolve multiple events inside a sustained high period (peak/prominence detection, or hysteresis with a separate exit threshold), and cap episode length so no ""event"" exceeds the event window it is analysed with. Report how many above-threshold days enter the estimation sample under the chosen rule — that number should not be 43%.","Episode 45 runs 2020-05-26 to 2020-10-01 (129 calendar days inclusive; docs/DATA_AUDIT.md:137 says 128). Under EVENT_WINDOW_PRE/POST = 14 (scripts/config.py:120-121) the design uses only 2020-05-12..2020-06-09 of it. The remaining 114 days are in no window at all: not treated, not control, simply absent. Within those discarded days sit distinct attention shocks that the merge rule refuses to call events.","Episode 45 (data/reference/confirmation_episodes.csv:46) runs 2020-05-26 to 2020-10-01: 129 days inclusive (docs/DATA_AUDIT.md:137 reports 128, the date difference), 113 of them above the cai_d > 1.0 threshold (scripts/config.py:96). Because scripts/event_study.py:15-40 anchors each event window on the episode START and never on its length, EVENT_WINDOW_PRE/POST = 14 (scripts/config.py:120-121) means the design uses only 2020-05-12..2020-06-09 — 15 of the episode's own 129 days. Of the remaining 114: 112 are in no window at all, and 2 (2020-09-30 and 2020-10-01, both above threshold) enter as rel_day -14/-13 CONTROL days for episode 46, i.e. above-threshold days serving as the baseline for a later event. Inside the discarded stretch, find_peaks on cai_d (height > 1.0, prominence >= 0.5, min separation 7d) resolves 8 distinct local peaks — 2020-05-31 (5.36), 06-24 (4.12), 07-26 (1.84), 08-05 (1.93), 08-12 (1.47), 08-27 (2.72), 09-03 (2.60), 09-24 (2.17). cai_d reaches 1.91 on 2020-08-24 (Jacob Blake) and 2.05/2.44 on 2020-09-02 / 09-04 (release of the Daniel Prude body-camera footage); those values exceed the peak of 54 of the 70 frozen episodes and 22 of the 30 discovery episodes, not 20 of 70 as originally stated. Across the discovery window, 210 days clear the threshold; 90 (42.9%) reach a surviving post window, 98 (46.7%) fall in no window at all, and 15 more are dropped as duplicates. Episode 45 holds 53.8% of above-threshold days (113/210) and 68.2% of summed above-threshold cai_d, and enters the stacked design as a single 14-day event. Daniel Prude is absent from data/reference/victim_registry.csv — there is no Rochester, NY 2020 record at all, and the registry does carry Physical Restraint deaths, so this is a real gap; separately, scripts/13_extension_episodes.py:40 matches victims by DEATH date in [start-14, end], so even a repaired registry could not attach Prude (died 2020-03-30) to the September attention spike. Jacob Blake's absence is NOT a defect: he survived, and the registry is a killed-by-police list. The proposed fix (multi-event resolution inside sustained high periods, an episode-length cap tied to the analysis window, and a reported share of above-threshold days entering the estimation sample) is the right remedy."
E4,episodes,moderate,"Nine of 30 discovery episodes never contribute the reference day, and five contribute only post-treatment days whose effect the fixed effect absorbs",3/3 survived refutation,"Truncate the pre-window at the previous episode's end (lo = max(s-pre, prev_end+1)) instead of letting it collide and be deleted, and drop any episode that cannot retain rel_day -1 and at least one post day rather than stacking a degenerate window. Report per-rel_day episode counts alongside the event-time path so unbalanced composition is visible.","`build_stack` truncates each window at the next episode's start (scripts/event_study.py:25-27) but does not truncate the *pre* window at the previous episode's end, then drops all copies of any district-day claimed twice (lines 38-39). When two episodes are within 14 days, the second episode's entire pre-window is destroyed. The result is that many stacked episodes have no day -1, and five have no pre-period at all — for those, the `ep_cd` fixed effect absorbs exactly the level shift the design is trying to measure, so their contribution to the day 0..7 statistic is a within-post contrast (or, when the surviving window is exactly days 0..7, algebraically zero net of noise).","All factual and numeric content of the finding reproduces exactly against scripts/event_study.py and data/reference/confirmation_episodes.csv: 118 of 722 claimed calendar days (16.3%) are claimed by more than one window and every copy is deleted by the keep=False dedup (event_study.py:38-39), because the window's lower bound is never truncated at the previous episode (only hi is truncated, event_study.py:25-27); 21 of 30 episodes retain rel_day -1; episodes 2, 7, 10, 13, 29 have no surviving pre days and episodes 1, 6, 9, 12, 28 no surviving post days; episode 13 survives as exactly rel_days 0..7 and episode 29 (2020-10-21, Walter Wallace Jr.) as 0..14 with no pre period; only 9 of 30 keep the full -14..+14 window; 33 of 189 first-week cells (17.5%) come from no-pre episodes; and days 0..7 are identified off 22-25 different episodes while day -1 rests on 21. The FE-absorption mechanism is confirmed by simulation on the real stack geometry: an effect placed only in the five no-pre episodes (equal-weight truth 0.167) is recovered as +0.023, and tau=5.0 in episode 13 alone is recovered as -0.014 against noise sd 0.051 — the ep_cd fixed effect does absorb exactly the level shift. The one clause to correct is the stated consequence: the five post-only episodes do NOT mechanically dilute the estimate toward zero — with a homogeneous effect the estimator remains unbiased with them included (truth 1.0 -> +1.008 with, +1.007 without). What actually breaks is that the estimand silently becomes the average over the 25 episodes that retain a pre-period rather than the 30 frozen episodes (effect only in the 25 pre-having episodes, equal-weight truth over 30 = 0.833, is recovered as +0.964), so attenuation follows only if the response is larger in the dropped five — which is a live risk precisely because Walter Wallace Jr. is one of them. Two verified additions: the panel filter total_calls>=5 never binds (0 of 7,552 CD-days below 5 on the available EMS page; all 59 districts present every day), so this is pure window arithmetic and not a data artifact; and separately, placebo_starts breaks its loop once a drawn start exceeds `latest`, so randomization draws average 15.8 episodes against the observed stack's 30, meaning the null is not composition-matched to the observed statistic either."
E5,episodes,moderate,"candidate_events labelling is entirely derived from the retired Twitter measure, and 39 of 70 labels are file-order artifacts",3/3 survived refutation,"Rebuild prominence from a source that spans 2015-2024 and is keyed on identity, not name — per-victim Wikipedia pageviews in the 0-14 days after the episode peak, joined on the resolved article title rather than lowercase name. Retract the ""labels are correct"" line in docs/DATA_AUDIT.md:159-165 and re-run the check as ""is the named person the highest-attention victim in the window"", not ""is the date in range"". Where no candidate clears a prominence floor, write an empty label rather than a file-order default.","scripts/13_extension_episodes.py:35 builds the prominence map from `tweet_volume` in data/reference/wikipedia_article_resolution.csv — the retired Twitter series (scripts/config.py:19-25 declares it ""never a treatment in a reported result""). Only 150 names have any volume, so for most episodes every candidate ties at 0 and `sort_values(""p"", ascending=False)` (line 41) is a stable sort that returns the registry's own file order. The registry is sorted by date descending, so the ""candidate events"" for those episodes are simply the two most recent deaths in the window, chosen from a pool of ~50.","candidate_events labelling in scripts/13_extension_episodes.py:34-41 ranks candidates by `tweet_volume`, i.e. the retired Twitter per-victim measure (built at scripts/09_fetch_public_data.py:146-148,182 from TWEETS_PER_VICTIM_CSV, declared legacy-only at scripts/config.py:20-25). Only the top-150 names by tweet volume carry any value (WIKI_TOP_N = 150, scripts/09_fetch_public_data.py:83), so 150 of 13,241 registry rows (1.13%) are rankable. In 39 of 70 episodes every candidate ties at 0.0, and the stable `sort_values(""p"", ascending=False)` at line 41 returns the registry's own date-descending file order: I asserted for all 39 that the label equals the first two rows of the window, and that the first name is the latest death in the window. Candidate pool median 48, max 400 (episode 45). Coverage of tweet_volume ends at death year 2020, so every episode starting 2021 or later is a file-order artifact — 2021 4/4, 2022 12/12, 2023 5/5, 2024 1/1, i.e. 22 of the 39 (the original claim said 2022 on; it is one year worse). The remaining 17 are 2015-2019. Separately, the prominence map is keyed on lowercase name (line 35), so all four ""Michael Brown"" registry rows (2014-08-09 Ferguson MO, 2016-01-31 Fort Worth TX, 2017-06-15 Newton NH, 2024-06-05 Milford CT) inherit Ferguson's 10,037 tweets; episode 22 (discovery, 2017-06-17) is therefore labelled with the Newton NH Michael Brown and demotes Charleena Lyles (Seattle, mental-health crisis, 4,986) to second. The same logic is duplicated at scripts/12_build_cai.py:136-143 and writes the committed table outputs/tables/cai_top_days.csv. docs/DATA_AUDIT.md:159-163 (""0 of 140 labels are out of window ... No relabelling is needed"") and outputs/tables/data_audit.csv line 32 rest on scripts/20_data_audit.py:171-185, which tests only whether the named person's death date falls in a 21-day-pre window — looser even than the 14-day window the generator uses — and so cannot detect either failure mode. Two evidentiary corrections to the original finding: the prominence input is the per-victim file 211118_tweet_count_name_date.csv, not the daily 220126_final_daily_tweet_count.csv, and neither Twitter raw file is present in the working tree or git index, so the ""file ends 2022-01-26"" reasoning is unverifiable — the 2020 coverage cutoff is established empirically instead. No estimate changes: downstream consumers (scripts/07, 08, 17, 18) read only start/end dates from this file."
S1,estimator,blocking,"placebo_starts builds a null from half-size, calendar-skewed designs; the ratified primary p-value has near-zero size",3/3 survived refutation,"Replace the anchor-and-walk with a draw that preserves BOTH the episode count and every gap: circularly shift the whole vector of real start dates by a uniform offset, wrapping inside [lo+pre+1, hi-post-1]. (Rejection-sampling anchors until all 30 fit also works but wastes ~92% of draws and still tilts early.) Separately, use the (1+#{|b_perm|>=|b_obs|})/(1+B) form of the p-value at event_study.py:143 and 04_robustness.py:82, and record how many draws were discarded rather than shrinking the denominator silently.","event_study.py:100-122 draws ONE uniform anchor and then walks forward with permuted gaps, breaking when the walk runs past the window end. The real 30 discovery episodes span sum(gaps)=1324 days inside an eligible window of only 1431 days, so the walk almost always truncates. The placebo designs are therefore systematically smaller and later than the observed design, are not exchangeable with it, and produce a null distribution that is far too wide.","placebo_starts (scripts/event_study.py:115-121) draws one uniform anchor and walks forward through permuted gaps, breaking at the first gap that overshoots the window end. The 30 discovery episodes span sum(gaps)=1324 days inside an eligible window of 1430 days, so only 7.8% of anchors admit all 30; draws average 16.1 episodes and 19,497 stack rows against the observed 30 and 35,636 (55%), and are calendar-skewed late (41.9% of placebo starts fall in 2020 vs 20.0% of real starts). Placebo assignments are therefore not exchangeable with the observed assignment and the null is far too wide: on 18_null_calibration.py's own generator the placebo statistics have SD 0.00234 against the observed statistic's sampling SD of 0.00114 — a ratio of 2.05, worse than the 1.64 originally reported. Running randomization_p end to end on 26 pure-noise panels gives 0/26 rejections at both alpha=0.05 and alpha=0.10, median p = 0.758, min p = 0.244; P(all 26 uniform p-values exceed 0.244) = 0.0007. The size at nominal 5% is effectively zero. CORRECTION TO THE ORIGINAL FINDING: the test is not powerless — a citywide days-0..7 shock of -0.005 (0.17 SD) is rejected 69% of the time at alpha=0.05 (median p = 0.038). The distortion is one-directional and conservative, so a rejection remains trustworthy; what is destroyed is the evidential content of a NON-rejection, which is the modal outcome and which GATE_C_MEMO.md:139-141/:252-259 designates the primary confirmatory p-value. ESCALATION: the synthetic-null calibration that Gate C makes a hard precondition has ALREADY RUN and already recorded the symptom — outputs/tables/null_calibration.csv carries empirical_rejection_rate = 0.0 and median_p = 0.7142 — yet stamps VERDICT: CALIBRATED, because 18_null_calibration.py:129-131 sets the acceptance band to alpha +/- 1.96*sqrt(alpha(1-alpha)/n), which at n=12 sims is [-0.0733, 0.1733] and so contains zero. The band widens as evidence thins, and it tests only whether the point estimate sits near alpha rather than whether the p-values are uniform. Both defects must be fixed together: replacing the draw mechanism alone would leave a guard that cannot detect a recurrence, and fixing the guard alone would merely convert a false PASS into a block. Fix the draw with a circular shift of the whole start vector inside [lo+pre+1, hi-post-1] (verified: 30 episodes every draw, mean stack 35,778 rows, ratio 1.004 to observed); replace the calibration verdict with a uniformity test (e.g. KS on the p-values) at a sim count that can actually resolve 5%; use the (1+#{|b_perm|>=|b_obs|})/(1+B) p-value at event_study.py:143 and 04_robustness.py:82; and record discarded draws rather than shrinking the denominator silently, as outputs/tables/null_calibration_pvalues.csv shows it currently does (denominators 23, 24, 25 against draws=25)."
S2,estimator,blocking,"The omitted event-time category is day -14, not day -1, and the 1,239 day -1 observations are deleted from the fit",3/3 survived refutation,"Keep the rel_day==-1 rows in the sample and set the reference explicitly, e.g. pf.feols(f""{outcome} ~ i(rel_day, ref={EVENT_REFERENCE_DAY}) | {fe}"") or C(rel_day, Treatment(reference=-1)), then assert that the returned coefficient set omits exactly EVENT_REFERENCE_DAY. Consider a pooled pre-period baseline (mean of -14..-2) instead of any single day, which cuts the base-cell variance contribution by ~13x.","event_study.py:59 removes rows with rel_day == EVENT_REFERENCE_DAY from the estimation sample instead of making that level the omitted base. formulaic's C() then takes the smallest surviving level, -14, as the reference. Every reported coefficient and the H1 statistic are normalized to day -14, and the day -1 data is thrown away.","Confirmed as stated, with two refinements. (1) The cited observation counts (1,239 at rel_day=-1, 1,003 at -14, 1,475 at day 0) are exact for a fully balanced 59-district design grid and reproduce precisely, but they cannot come from the real EMS panel, which is not present in this repo (data/processed/panel_cd_day.parquet is absent and data/processed/ems_pages ends 2016-06-10). They are pre-filter counts; 17_stacked_event_study.py:82's total_calls>=5 filter would reduce them on real data. The defect itself is unaffected: the omitted level is -14, 27 coefficients are returned for -13..-2 and 0..+14, and the rel_day==-1 rows are deleted from the estimation sample, all determined by the episode dates and window logic alone. (2) The -14 base cell is the sparsest, tied with +14 at 1,003 obs from 17 of 30 episodes. Two additions: the deleted -1 rows also stop contributing to the ep_cd and dow fixed effects, not just the event-time dummies; and event_study_path.csv omits both -1 and -14, so the base day is absent rather than plotted at zero. The docstring contradiction extends to docs/REWORK_PLAN.md:204 as well as config.py:123 and 17_stacked_event_study.py:13-15. The existing null calibration (outputs/tables/null_calibration.csv) is not invalidated by this, since rejection rates under the null do not depend on the choice of base day."
S3,estimator,blocking,"first_week_effect is a single linear contrast, not the pre-registered joint test, and has exactly zero power against the deferral pattern the project itself predicts",3/3 survived refutation,"Pre-specify one of two things and implement it: (a) a joint Wald/F on the eight day-0..7 coefficients (matching 03_main_model.py's eigenvalue-truncated wald(), which already handles the near-singular V), with the mean reported as the directional summary; or (b) keep the mean but state in CONFIRMATION_PLAN/GATE_C that H1 is a test of the AVERAGE first-week level, not a joint test, and add the dip-vs-rebound contrast as a named secondary. Separately, either wire counts=True into 17 with a real log(total_calls) offset/regressor or delete the claim from the docstring.",config.H1_TEST = 'two_sided_joint_lags_0_7' and GATE_C_MEMO.md §6.1 ratify a 'two-sided joint test' of lags 0-7. event_study.py:78-97 implements the unweighted MEAN of the eight day-0..7 coefficients. A mean is one 1-df contrast: it is the most powerful statistic against a flat sustained shift and has literally no power against any mean-zero rearrangement within the week.,"Substantively correct as written; three precision fixes. (1) ""Exactly zero power"" should be ""power equal to size"": under randomization inference a mean-zero-within-week effect yields a statistic distributed as under the null, so rejection stays at alpha — my run gives p_RI=0.737 for a strong deferral effect against p_RI=0.633 for the pure null, i.e. practically zero power, not literally zero. (2) The Uvalde-shaped first_week_effect reproduces as about -0.0031 (my RNG stream), not -0.00252; the arithmetic mean of the injected path is -0.002625, so the attenuation versus the -0.008 peak is roughly 2.5-3x rather than strictly ""less than a third"". (3) The genuine joint Wald is the `wald()` function at 03_main_model.py:136-159 (166-170 is the test_sets dict), and the same 8-df test also exists as `joint07` at 03c_cai_discovery_robustness.py:51-64 — which is where GATE_C_MEMO §1's and §6.0's quoted ""joint lags 0-7"" p-values (0.041 / 0.006) actually come from, so the ratified phrase ""joint test"" provably refers to an 8-df Wald and not to a mean. One addition strengthening the counts half: 17 passes H1_OUTCOMES = (""edp_share"",""mh_narrow_share""), so even if counts=True were wired in, the dormant fepois path would be handed SHARE outcomes — it lacks a count outcome as well as an offset."
S4,estimator,blocking,"18_null_calibration's PASS verdict cannot fail, and the committed artifact was produced at 12 sims / 25 draws with no real panel",3/3 survived refutation,"Refuse to emit a verdict below a minimum n_sims (200) and n_draws (>=500). Build the interval around the OBSERVED rate (Clopper-Pearson on rej) and fail when it excludes alpha in EITHER direction — under-rejection is a failure, not a pass. Add an explicit uniformity test on the p-values (KS vs U(0,1)) as a second, independently reported criterion. Refuse to run at all when panel_cd_day.parquet is absent, rather than silently falling back to assumed parameters and stamping a verdict.","The gate that Gate C §6.3 makes a precondition for the confirmatory run is not capable of blocking it. The acceptance band at 18:129-131 is alpha ± 1.96*sqrt(alpha(1-alpha)/n_sims) — centred on alpha and computed from ALPHA's variance rather than the estimate's — so at small n_sims it accepts a rejection rate of zero, and the script has no minimum-n guard. The second failure mode the docstring names ('p-values piled at 0 or 1 rather than uniform') is never tested: median_p is written to the CSV at 18:141 and never enters the verdict at 18:131.","Substantially confirmed, with three corrections.

CONFIRMED (reproduced exactly). Replicating 18_null_calibration.py's code path with its hardcoded seed 18:58 (rng = default_rng(18_20260908)) at 12 sims / 25 draws returns values identical to outputs/tables/null_calibration.csv down to the last digit of mean_null_effect (1.0273375635871986e-05), median_p 0.7142, rej 0.0, band [-0.0733, 0.1733], VERDICT CALIBRATED. data/processed/panel_cd_day.parquet does not exist, so the calibration branch at 18:69-81 never fired and the run used the assumed rho=0.6/sigma=0.03/mu=0.10 at 18:67 while documented defaults are 200/200 (18:51-52, docstring 18:30). The band at 18:129-131 has no minimum-n guard, and median_p (written 18:141) never enters `calibrated` at 18:131, so the docstring's second failure mode (18:27, non-uniform p-values) is never tested. Gate C §6.3 (docs/GATE_C_MEMO.md:252-259) does make this a precondition in those words. Independently strengthened: a 40-sim run at a different seed gives rej=0.000, median_p=0.68, minimum p across 40 sims = 0.12 — the under-rejection is a real property of the estimator, not sampling noise — and the verdict was still CALIBRATED. Exact threshold: `lo` stays <= 0 for all n_sims <= 72, so a rejection rate of zero cannot produce a FAIL below n_sims = 73.

CORRECTION 1 — the artifact is NOT committed. .gitignore:50 ignores outputs/tables/*.csv; `git ls-files outputs/` returns only two .gitkeep files. null_calibration.csv is an untracked working-tree file, which weakens ""anyone reading null_calibration.csv would conclude the precondition is closed"" to a local rather than a repo-published claim.

CORRECTION 2 — ""cannot fail"" is literally too strong. At n=12 the upper edge is 0.1733, so 3/12 = 0.25 would emit NOT CALIBRATED. Accurate: it cannot fail in the UNDER-rejection direction below n_sims=73, and at n=12 tolerates up to 2/12 = 16.7% over-rejection.

CORRECTION 3 — the diagnosis mislocates the bug, and the proposed fix follows from that mislocation. Centring on alpha and using the null variance alpha(1-alpha) is the standard, correct construction for testing H0: rate = alpha; it is not the defect, and Clopper-Pearson on the observed rate is not an improvement for this purpose. The defect is (a) the normal approximation is void at n=12, where expected rejections = 0.6, and (b) the absence of a minimum-n guard. No choice of interval rescues n=12: even an exact binomial test cannot flag it, since P(0 rejections in 12 | true rate 0.05) = 0.540. Similarly, ""fail in EITHER direction — under-rejection is a failure, not a pass"" is already the code's intent (18:131 is two-sided; 18:156 prints an ""UNDER"" direction); it failed to fire because of n, not because under-rejection was exempted. The surviving parts of the fix are: a minimum n_sims (>=200) and n_draws floor, refusing to emit a verdict or to run at all when panel_cd_day.parquet is absent, and adding an explicit uniformity test (KS vs U(0,1)) as a second reported criterion."
S5,estimator,moderate,build_stack's de-duplication deletes 28% of window district-days and removes the entire first week of 5 of the 30 episodes,3/3 survived refutation,"Resolve collisions by assignment rather than deletion: give each district-day to exactly one event (nearest start, or first claim), so no episode loses its whole treated week. Then emit the per-rel_day episode count and per-episode first-week-day count next to event_study_path.csv, and assert that every episode contributes at least min_days of the 0..7 window before it enters the statistic.","The truncation rule at event_study.py:27 fixes forward overlap only; the NEXT episode's pre-window still collides with the current episode's post-window, and the fix at event_study.py:38-39 deletes the collision from BOTH events. With clustered episodes this removes the treated week of the earlier event, so the H1 statistic is computed on an unequally weighted subset of episodes and each rel_day coefficient is estimated on a different set of episodes.","CONFIRMED AS STATED on all factual content. `build_stack` truncates windows forward only (event_study.py:27) while the next episode's pre-window still opens inside the current episode's post-window, and `duplicated(..., keep=False)` at event_study.py:38-39 deletes the collision from BOTH episodes. On the real 30 discovery episodes with pre=post=14 this drops 13,924 of 49,560 window district-days (28.1%; 40.1% at post=28, 43.8% at post=60). Episodes 1, 6, 9, 12 and 28 contribute ZERO day-0..7 observations; episode 2 contributes 2 days, 18 contributes 4, 7 contributes 7. Per-rel_day episode composition runs 17 (at -14) to 25 (at day 0), so no two coefficients on the exported path average over the same events. Dropped days carry 24% higher CAI-D than kept days (0.408 vs 0.330, n=236 vs 604, Welch t=1.38, p=0.17). MIN_FIRST_WEEK_DAYS=6 does not catch this because it counts pooled identified coefficients, not per-episode contribution.

Two corrections to the interpretation:

(1) The bias direction is the OPPOSITE of what the finding claims. The 5 episodes losing their whole treated week are the LOW-intensity ones (mean peak_cai_d 1.33 vs 1.65 for the other 25). All five highest-intensity episodes keep a full 8-day first week, including George Floyd (2020-05-26, peak 5.36). The statistic rests on 25 of 30 episodes, but it retains the strongest spikes and discards weak, tightly-spaced ones — so the composition problem is real but the effect is likely to inflate the apparent first-week response, not attenuate it.

(2) The placebo drop-rate argument does not hold. `placebo_starts` permutes the same gap multiset, and pairwise overlap length is a function of gap alone (29-g for g<=14, else 14), so deletion is near permutation-invariant: over 200 draws the placebo drop rate is mean 0.251 / median 0.272 against 0.281 observed. The genuine observed-vs-placebo mismatch is elsewhere and larger — `placebo_starts` breaks the chain at event_study.py:119-120 when a draw exceeds `latest`, so placebo stacks carry a median of 16 episodes and ~26,100 raw rows against the observed 30 and 49,560. That is a separate defect and should be filed separately.

One addition that strengthens the finding: the base cell is rel_day -14, not -1. event_study.py:59 DELETES rel_day == -1 from the estimation sample instead of setting it as the omitted category, so `C(rel_day)` falls back to the minimum surviving level. The docstring at 17_stacked_event_study.py:13-15 (""Day EVENT_REFERENCE_DAY (-1) is the omitted category, so every coefficient reads as the change relative to the day before attention rose"") is therefore false, and the reference cell every coefficient is differenced against is built from only 17 of the 30 episodes.

The proposed fix (assign each district-day to exactly one event, then export per-rel_day episode counts and assert a per-episode first-week minimum) is correct and should be adopted, with the reference-day bug fixed at the same time."
S6,estimator,moderate,"Both the null generator and the reported SEs ignore citywide day shocks — REWORK_PLAN I1, relearned in the new code",3/3 survived refutation,"Use vcov={'CRV1': 'date_id'} (or cluster by episode, whichever is more conservative) in fit_event_study and at 17:111, and report which was used in the output. Add a citywide AR(1) component to synthetic_panel() and calibrate its variance from the real panel's day-level residual variance (var of the cross-district daily mean after CD and dow FE) rather than from a per-district AR(1) — which means 18 genuinely cannot run before the panel exists. Stop reporting null_sd as a standard error.","Treatment is citywide: on a given calendar date all 59 districts share the same rel_day, so the DAY is the unit of assignment and the effective sample is ~1,461 days, not 35,636 district-days. REWORK_PLAN.md:17 (defect I1) says exactly this and mandates date clustering as primary inference. The new estimator does neither: event_study.py:66 and 17_stacked_event_study.py:111 use vcov='hetero', and 18's synthetic panel (18:95-109) draws independent per-district AR(1) with no common day component at all.","The vcov half is correct. Treatment is assigned at the date level -- build_stack (event_study.py:33) sets rel_day from the calendar date and dedups overlapping windows (:38-39), so all 59 districts on a date share one rel_day; the stack is 35,636 rows over 583 dates and 30 episodes. event_study.py:65-66 and 17_stacked_event_study.py:111 nonetheless fit with vcov='hetero', against REWORK_PLAN.md:17 (I1), which mandates date clustering as primary, and against 03_main_model.py:84, which already does it.

Simulated on 18's own fallback DGP (59x1461, rho=0.6, sigma=0.03, the 30 discovery starts): with no citywide component the hetero SE is already right -- true sampling SD of the day+3 coefficient 0.001226 vs mean SE 0.001211, ratio 1.01 (a second run: 0.001139 vs 0.001210, ratio 0.94). So the finding's claimed 1.11x penalty from within-district AR(1) alone is Monte Carlo noise, not a real effect: episodes are weeks apart, so a daily AR(1) barely correlates the cells that identify a rel_day coefficient. Add a citywide AR(1) day shock of sd 0.010 and the true sampling SD rises to 0.00373 / 0.00336 while the hetero SE moves only to 0.00127 -- a 2.6-2.9x understatement across two runs, close to the claimed 3.14x. The first-week statistic's SD rises 2.95x (0.00106 -> 0.00313). CRV1 on date_id (583 clusters) restores correct coverage (ratio 1.03 with the shock, 0.98 without); CRV1 on episode (30 clusters) is slightly conservative (0.95 / 0.89). So the fix -- vcov={'CRV1':'date_id'} in fit_event_study and at 17:111, with the choice reported in the output -- is right, and must be made before event_study_path.csv feeds PAPER_PLAN's main-text Figure 2 (section 4, line 204 -- NOT section 6.2, which is a STROBE row on call-code validation). Reporting null_sd (17:125) as a dispersion measure is separately wrong.

The 18 half is refuted. 18 does not calibrate a variance; it calibrates a randomization-inference p-value (18:115, verdict at 18:143), and RI is scale-free because the observed and placebo statistics come from the same synthetic panel and inherit the same citywide component. Measured at 120 sims x 100 draws per condition, adding the missing day shock changes nothing: rejection rate 0.000 vs 0.000 at alpha=0.05, 0.00833 vs 0.00833 at alpha=0.10, median p 0.655 vs 0.679. The absence of a common day component in synthetic_panel() therefore does not invalidate 18's verdict, and 18 does not need the real panel for this reason.

Consequently the defect does not block the confirmatory run -- the primary p-value is RI and is unaffected -- it corrupts only the reported standard errors and the main-text figure's error bars. Two further corrections: the effective unit count for this estimator is 583 dates / 30 episodes, not the ~1,461 quoted from I1 (which describes the distributed-lag model); and since panel_cd_day.parquet does not exist and outputs/tables holds no event_study_path.csv, 17 has never run, so this is a latent code defect rather than a wrong number already in an output."
S7,estimator,moderate,"07_did_exposure still contains the exact I4 double-counting defect that build_stack was written to eliminate, and its docstring denies it",3/3 survived refutation,"Route 07 through event_study.build_stack (after that function's collision rule is fixed per finding 4) instead of its own loop, or at minimum apply the same duplicated(['communitydistrict','incident_date']) resolution and assert zero duplicates before fitting. Correct the docstring. For did_event_path, either restrict to episodes present at every rel_day in -7..+7 or report the contributing-episode count per rel_day alongside the mean.","07_did_exposure.py:69-78 stacks +/-7-day windows with next-start truncation but performs no de-duplication. Truncation removes forward overlap only, so the pre-window of episode i+1 still overlaps the post-window of episode i, and the same district-day enters the regression twice — once as treated and once as control.","07_did_exposure.py:70-78 stacks +/-7-day episode windows with forward-only truncation (line 73) and never de-duplicates, so the pre-window of episode i+1 overlaps the post-window of episode i. Replaying it on the 30 discovery starts: 418 window-days per district after dropping rel_day 0, of which 52 rows (26 dates x 2) are duplicates — 12.4% of the sample, 3,068 CD-day rows in `win`. In 26 of 26 cases the duplicated date is post=1 under one episode and post=0 under the other (2017-04-26..05-01, 2017-10-02, 2017-12-01..06, 2018-04-25..05-01, 2020-10-15..20). The docstring at 07_did_exposure.py:12-13 (""no overlap"") is false. event_study.py:38-39 drops such rows; 07 does not.

Corrections to the original write-up: (a) the quoted sentence is event_study.py:19-20, not REWORK_PLAN — REWORK_PLAN.md:20 and 205-206 prescribe next-start truncation ALONE as the fix, so 07 faithfully implements a plan whose rule is itself incomplete, and the plan needs amending too; (b) the did_event_path composition concern is minor, not systemic — all 30 episodes contribute at every rel_day -7..+6 and only rel_day +7 falls to 28 episodes, so only the figure's last point is composition-shifted; (c) the fitted sample is 27 CDs for the primary control (15 treated union 15 even-distribution, 3 CDs in both and coded treated at line 86), not 59, so ~1,404 rows are affected there though the 12.4% share is unchanged; (d) no published result currently carries this: panel_cd_day.parquet is absent and did_exposure_results.csv has never been written, so it is a latent defect in Gate-C-ratified code and the attenuation consequence is a prediction rather than a measurement."
L1,literature,blocking,"Randomization inference draws placebo designs with about half the real number of episodes, inflating the null SD 2x and roughly doubling the primary p-value",3/3 survived refutation,"Make every draw carry exactly len(real_starts) episodes: wrap the gap chain circularly within the window (modulo the window length), or reject-and-redraw anchors that would truncate. Then also block the draw on season - draw placebo chains that reproduce the real episodes' month distribution (or add calendar-month fixed effects to the stacked regression) so the null is exchangeable with respect to season. Re-run 18_null_calibration.py after the fix and require the rejection rate to sit inside the band from BOTH sides, reporting the null SD alongside the rejection rate.","scripts/event_study.py:100-122 `placebo_starts` picks an anchor uniformly on the whole admissible range and then walks forward through a permutation of the real gaps, breaking (line 120-121) as soon as a date exceeds `latest`. Because the real episode chain spans almost the whole window, nearly every anchor truncates the chain. The placebo designs therefore have fewer events than the real design, their first-week statistics are much noisier, and the null distribution used at line 143 is far too wide. This violates the basic requirement of placebo/randomization inference (Canay-Romano-Shaikh; MacKinnon & Webb; Ferman & Pinto) that the placebo assignments be drawn from the same distribution as the real assignment.","CONFIRMED with two quantitative corrections. `scripts/event_study.py:115-121` (`placebo_starts`) draws an anchor uniformly on the full admissible range and walks forward through a permutation of the real gaps, breaking as soon as a date exceeds `latest`. Because the permuted gaps always sum to the real chain's span (1,324 days) while the admissible anchor range is 1,430 days, the full chain survives only for anchors in the first 106 days. Reproduced with the project's own function: 30 discovery episodes over 2017-01-01..2020-12-31, 2,000 draws -> placebo episode count mean 16.21, median 16, 5th-95th [2, 30]; 92.0% of draws carry fewer than 30 episodes and 15.0% carry <=5. Full 70-episode list over 2015-2024: median 37 vs 70 real, 94.7% short. The observed statistic (`event_study.py:128`) is built from ALL real starts, so observed and null come from different designs. Nothing screens the short draws out: `event_study.py:136` requires only len(ps)>=2, and MIN_FIRST_WEEK_DAYS does not bind because short chains have longer gaps and therefore LESS window truncation.

CORRECTION 1 (magnitude). On a synthetic null panel built exactly as `scripts/18_null_calibration.py:97-110` does it (59 CDs, rho=0.6, sigma=0.03), the placebo SD as coded is 0.00205 against 0.00112 when every draw is forced to carry all 30 episodes -- a factor of 1.83x, not the claimed 2.0x. Dispersion by placebo count reproduces: <=5 eps SD 0.00367, 6-10 0.00228, 11-20 0.00162, 21-30 0.00120. Because the coded null is a heavy-tailed mixture over episode counts rather than a single normal, a statistic sitting at the correct null's two-sided 5% threshold (0.00220) reports p ~= 0.22 under the coded null, not the claimed ~0.33. The conclusion is unchanged: a genuinely p=0.05 result is reported as a clear null, a ~4x inflation.

CORRECTION 2 (seasonality). The month mismatch is real (May 23.3% and February 0% of real discovery starts) but its consequence is overstated. `fit_event_study` uses `ep_cd + dow` fixed effects (`event_study.py:38`, :62-66), so seasonal LEVEL differences are absorbed within each +/-14-day window; only within-28-day seasonal shape can contaminate the estimate. Also, the placebo months are not the uniform ~8%/month claimed -- the forward walk tilts them monotonically (Jan 6.6% to Nov 9.8%), a second unremarked calendar artefact of the same construction.

ADDITIONAL CORROBORATION not in the original finding: the committed `outputs/tables/null_calibration.csv` already records `median_p = 0.7142` (should be ~0.5 under a calibrated randomization test on no-effect data) -- direct in-repo evidence of the conservatism. That run has `n_sims_completed = 12`, which makes `acceptable_range_lo = -0.0733` (`18_null_calibration.py:128-130`), so its `rejection_rate = 0.0` could not possibly have failed; it was stamped `VERDICT,CALIBRATED`."
L2,literature,blocking,"trends_victims is a within-window rank normalisation: every victim, from Walter Scott to George Floyd, peaks at exactly 100, so the component carries no information about relative event magnitude",3/3 survived refutation,"Drop trends_victims from CAI-D (which DATA_AUDIT §2 already recommends) and fix the docstring. If a victim-name component is wanted, re-fetch each victim window against a benchmark term with stable, high volume that exceeds every victim name in every window (Hölzl et al. §4.2(2); DiGrazia 2015), and divide by the benchmark column so the units are genuinely common - or use the Wu et al. relative-frequency approach the project already cites in RELATED_WORK §1D.","scripts/11c_trends_anchor_and_victims.py:88-98 fetches one Google Trends payload per victim over event-30d..event+120d with the pair [victim name, ""police brutality""], then at line 95 takes `ratio = df[name].astype(float)` - the raw victim column, never divided by the topic column - and sums it across victims (line 97-98). Each payload is normalised 0-100 within its own window, so whichever term is the window maximum gets 100. The docstring at :8-11 claims the values are ""expressed in topic units and therefore comparable across victims""; the code does no such transformation. Hölzl et al. (2025) §4.2(2) state the condition explicitly: to put separately-retrieved Trends datasets on a common scale the shared benchmark term must be MORE popular than every term of interest in every window, so the maximum is always assigned to the benchmark. ""Police brutality"" is not - it is dwarfed by the victim name in every major window.","Confirmed as stated, with three small corrections and two additions.

CORRECTIONS. (a) Line numbers are off by one: the victim payload is fetched at scripts/11c_trends_anchor_and_victims.py:90, `ratio = df[name].astype(float)` is at :96 (not :95), the summation at :97-98, and the docstring comparability claim at :8-10 (not :8-11). (b) The topic column is not entirely unused in the victim loop — it is read at :91 as an inclusion filter (`df[TOPIC].max() == 0` -> skip the window). It is never used as a divisor, which is what the claim requires, and this filter is in fact the availability-endogeneity mechanism DATA_AUDIT §2 documents. (c) ""Police brutality ... is dwarfed by the victim name in every major window"" is directly verifiable only for the four non-overlapping windows; elsewhere the summed series cannot be decomposed into per-victim curves. This does not weaken the finding: Trends columns are 0-100 by construction, so with no division there is no common scale regardless of which term takes the window maximum.

STRENGTHENED. The finding's core mechanism can be proven directly rather than inferred. Four of the 18 curated windows overlap no other window, so on those dates the summed component equals that one victim's raw column: Stephon Clark (2018) 100.0, Laquan McDonald (2018) 100.0, Atatiana Jefferson (2019) 100.0, Daunte Wright (2021) 100.0. Four unrelated cases spanning four years, each peaking at exactly 100.0. And every peak above 100 sits on a multi-window day: Floyd 135 at k=4, Brooks 148 at k=4, Sterling/Castile 198 at k=2 — 99.0 per window, i.e. two names retrieved in near-identical windows each reaching ~100 and simply adding.

ADDED. Two further defects surfaced while verifying, both arguing for the same fix. First, scripts/12_build_cai.py:5 states CAI-D is ""wiki_ext, trends_us, trends_nyc"" while :36 sets D_COMPONENTS to include trends_victims — a third doc-vs-code contradiction, this one in the index build script itself, meaning a reader of that docstring would not know the component is in the index at all. Second, the per-component standardisation at :71-75 computes trends_victims' mean and SD over STD_WINDOW 2017-2019 from only 431 of 1,095 days, and those days are selected by the treatment-caused availability filter at 11c:91 — so the component's location and scale, not just its level, are set by an endogenously-selected subsample. This compounds the level-by-window-overlap problem rather than washing it out."
L3,literature,blocking,"trends_nyc is Google's low-volume zero-censoring, at a censoring rate that rises from 55% to 98% of days, and its ""anchoring"" silently skips 42% of weeks",3/3 survived refutation,"Either drop trends_nyc from CAI-D and state in the Methods that no local-attention component was obtainable, or rebuild it with the Stephens-Davidowitz/DiGrazia benchmark-term method (fetch ""police brutality + <stable high-volume benchmark>"" and the benchmark alone, and difference) so the series clears the reporting floor. Whichever is chosen, report the per-year censoring rate in the validation battery, and make 11b/11c raise rather than silently substitute scale=1.0 when an overlap or period mean is zero.","The NYC DMA series for the keyword ""police brutality"" is below Google's undisclosed privacy/low-volume reporting floor on most days, so it is returned as 0 (Hölzl et al. 2025 §4.2(1); Behnen et al. 2020; Mavragani & Ochoa 2019 all identify low-volume terms and small geographies as where Trends sample instability and zero-censoring bite hardest). After log1p and standardisation on 2017-2019 (scripts/12_build_cai.py:74-78) every censored day takes the identical constant -0.554, so in the later years the component is a near-constant that contributes no variance but shifts the CAI-D level. Separately, the anchoring loop at 11c:74-77 only rescales a period when the raw daily mean is strictly positive (`if m and m > 0`), so all-zero periods are silently left un-anchored.","trends_nyc (""police brutality"", US-NY-501) is dominated by low-volume zero-censoring: it is exactly 0 on 2899 of 3653 days (79.4%), rising from 55-78% in 2015-2020 to 92.1%/92.1%/89.0%/98.4% in 2021-2024 (data/reference/cai_trends_anchored.csv). The censoring is a reporting floor, not rounding: the raw stitched NYC series has no nonzero value below 10.91 on the 0-100 chunk scale, while trends_us has 733 nonzero values below 5 (min 1.762); in 2024 only 6 days are nonzero and all sit at their 180-day chunk's maximum. After log1p and standardisation on 2017-2019 (scripts/12_build_cai.py:74-78) every censored day takes the identical constant -0.554082, and 98.6% of the reference-window variance of log1p(trends_nyc) is the binary zero/nonzero split rather than variation in magnitude (p0=0.7626, mean_nonzero=3.088, sd_nonzero=0.322). The reference SD (1.3234) is therefore essentially a function of the censoring rate, so standardised trends_nyc is not comparable between the 76.3%-censored discovery window and the 89-98%-censored confirmation window: its mean drifts from +0.025 (2017) to -0.501 (2024) with no attention content. docs/DATA_AUDIT.md:37-47 records trends_nyc availability as 1.00 in every year, so the project currently treats this component as fully present — the same exists-vs-means-the-same-thing error as wiki_ext and the component-count problem.

CORRECTIONS to the prior audit's supporting evidence. (a) The anchoring step is MONTHLY, not weekly: a 2015-2024 timeframe request returns monthly granularity, so `wk` at scripts/11c:73 holds ~120 points while the mask at :74 is 7 days wide, meaning only days 1-7 of each month are ever anchored (verified: all 178 rescaled trends_nyc days and all 834 rescaled trends_us days have day-of-month <= 7; 80%+ of days are never anchored at all). The `if m and m > 0` skip therefore drops 49 of 120 monthly anchor periods (40.8%), concentrated in the confirmation years — {2015:5, 2016:1, 2017:4, 2018:3, 2019:4, 2020:1, 2021:8, 2022:8, 2023:5, 2024:10} — not ""222 of 523 weeks"" with 38/33/32/46. (b) The 11b chunk-stitch no-op fired on 3 of 29 overlaps (2021-07-28..2021-09-25, 2022-07-23..2022-09-20, 2024-07-12..2024-09-09), not across a ~30-chunk chain; the other 26 overlaps were scaled by a positive ratio. (c) The component is not variance-free in the later years (standardised SD 0.632/0.838/1.014/0.415 for 2021-2024 vs ~1.0 in reference), and including it does not systematically shift the CAI-D level: mean cai_d with minus without trends_nyc is -0.136 (2021), -0.062 (2022), +0.027 (2023), +0.035 (2024), and corr(cai_d, cai_d ex-nyc) = 0.949. (d) Additional latent bug in the same line 11b:53: the guard covers only new_m == 0; if prev_m == 0 and new_m > 0 the scale evaluates to 0.0 and permanently zeroes the rest of the series (it did not fire in the current fetch).

The fix stands: drop trends_nyc or rebuild it with a benchmark-term difference so it clears the floor; report the per-year zero rate in the validation battery alongside the availability table; and make 11b/11c raise rather than silently substitute 1.0 (and never 0.0). The anchoring granularity bug at 11c:73-77 must be fixed independently of this finding."
L4,literature,moderate,"The Google Trends ""weekly anchor"" is actually a MONTHLY series; only days 1-7 of each month were ever rescaled, leaving a 26% scale break inside every month",3/3 survived refutation,"Do not request >5-year windows for a weekly anchor. Fetch two overlapping <=5-year weekly series (e.g. 2015-01..2019-12 and 2019-01..2024-12) and splice them on the shared year, or implement the Caporin & Poli (2017) three-step procedure that Hölzl et al. §4.2(3) recommend (daily share within period -> weight by the period RSI -> renormalise). Assert that the returned index spacing is 7 days before using it, and add a day-of-month balance test (mean CAI-D and each component by day-of-month) to the validation battery in 12_build_cai.py. Because this changes CAI-D, the episode list must be regenerated under the DATA_AUDIT §6 procedure while outcomes are still blind.","scripts/11c_trends_anchor_and_victims.py:61 requests a single Trends payload over ""2015-01-01 2024-12-31"". Google returns MONTHLY granularity for windows over 5 years (daily <= ~9 months, weekly <= 5 years) - documented in Hölzl, Keusch & Sajons (2025) SSR 126:103099 §1.2.2(3) and their Table 5 / §4.2(3). The code treats the returned index as weekly: line 74 builds the mask as `(index >= wstart) & (index < wstart + 7 days)`. With a monthly index, that mask covers only the first seven days of each month. Days 8-31 of every month are never rescaled and remain on the raw chain-stitched scale from 11b, whose 0-100 normalisation is a *daily*-window normalisation. The anchored series is therefore a mixture of two incompatible normalisations with a hard discontinuity at day 7->8 of every month, and the QC diagnostic that was printed (line 80-81, corr(stitched, anchored)) cannot detect it.","The mechanism, the code citations and every quoted number are correct. Three corrections:

(a) MISLABELLED, and the correction strengthens the finding. The table given as ""Mean raw trends_us on days 1-7 vs days 8+ ... ratio 0.768/0.750/..."" is not the raw series — it is the ANCHORED series (data/reference/cai_trends_anchored.csv). The d8+ column is common to both because those days are untouched, which is what disguised the slip. The genuinely RAW series (cai_trends_daily.csv) has d1-7/d8+ ratios of 0.98, 1.02, 1.02, 1.05, 0.97, 1.69, 0.99, 1.06, 0.98, 1.02 for 2015-2024 — i.e. no day-of-month gap at all outside 2020. So the ~26% level break is entirely MANUFACTURED by the anchoring step at :70-79; it is not a pre-existing feature that anchoring failed to fix. The 120 month scale factors applied to d1-7 have median 0.744, range 0.337 to 3.642, and 85% are below 1.

(b) SCOPE. ""834 days"" is trends_us alone. For trends_nyc only 178 days change in value, because 2899 of its 3653 raw days are exactly 0 and scaling leaves a zero at zero; its changed days are likewise confined to d1-7 (dom 1:22, 2:19, 3:26, 4:28, 5:29, 6:29, 7:25, and zero on d8-31). The structural defect — only days 1-7 rescaled — holds for both geos.

(c) MAGNITUDE IS PERIOD-DEPENDENT, and it is smallest where outcomes have already been seen. The quoted cai_d gap of -0.1019 SD is the full-decade figure. Split by window: discovery 2017-2020 gap = -0.0151 SD (2017-2019: -0.0616), and day-of-month dummies explain only R^2 = 0.007 of cai_d_lag0 there, not jointly significant (F p ~ 1.0). The FROZEN confirmation window (2015-16 + 2021-24) is where it bites: gap = -0.1598 SD. What is large and stable in every subperiod is the hard step at the day 7 -> 8 boundary: +0.181 SD (full decade), +0.174 (2017-2020), +0.211 (2017-2019), +0.186 (extension). So the practical consequence is not so much a threat to the already-examined discovery estimates as (i) a construct-validity defect — the anchoring step that the design doc credits with removing chain-stitch drift is inoperative on 77% of days, and the anchored series is a mixture of a monthly-window and a daily-window 0-100 normalisation — and (ii) a contamination of the treatment that is at its worst precisely in the confirmation sample, which is still blind and therefore still cheap to fix.

One further point the audit did not make: the ""genuine day-of-month cycle in EMS mental-health calls"" that the confounding story rests on is asserted from literature, not demonstrated in this repo — no built district-day panel exists under data/processed/ to test it against (only ems_pages/ raw shards). The confounding channel is plausible but unverified here; the construct-validity defect stands on its own.

Also note two internal contradictions in the same block: the docstring at :3-5 says ""one un-stitched WEEKLY series ... rescaled so its weekly SUMS match the anchor"", while the comment at :71 and the code at :75-77 match the anchor to the daily MEAN, not the sum."
L5,literature,moderate,"The cai_d > 1.0 episode rule selects the top 22% of days in 2015 and the top 0.3% in 2024, because the two dominant components drift mechanically in opposite directions",2/3 survived refutation,"Detrend or within-year standardise each component before averaging (Algan et al.'s per-region zero-mean/unit-SD normalisation, cited by Hölzl et al. §4.2(4), is the analogue), or convert wiki_ext to a mean-per-article rather than a sum and express trends_us as a ratio to a stable benchmark term. Then define episodes by an equal within-year rate rather than a fixed level. Publish the diff against confirmation_episodes.csv per DATA_AUDIT §6 while outcomes are still blind.","config.py:96 fixes EPISODE_Z_THRESHOLD = 1.0 on a standardised index whose within-year mean and SD move enormously across the panel. DATA_AUDIT §1 attributes this to component COUNT (SD 0.693-1.034 by count). The by-year picture is worse and has a different cause: wiki_ext is a SUM over a growing article set so its standardised mean rises monotonically, while trends_us is a relative search index whose denominator (total Google search volume) grows over the decade so its standardised mean falls monotonically. CAI-D's time profile is the partial cancellation of two opposed measurement drifts, and the fixed threshold slices it at a different percentile every year.","The fixed rule `cai_d > 1.0` (scripts/config.py:96, applied at scripts/13_extension_episodes.py:23) does select a wildly different percentile of days in each year — 77.8th in 2015, 94.8th in 2018, 62.0th in 2020, 99.7th in 2024 — and this is decision-relevant because that day set becomes the frozen event list for the primary stacked event study (scripts/17_stacked_event_study.py:85). But the cause is not ""two dominant components drifting in opposite directions"". CAI-D is an unweighted mean of four components (12_build_cai.py:36, :82), three of them Google Trends series that all drift the same direction; annual mean cai_d correlates 0.79/0.89 with trends_us/trends_nyc and only 0.31 with wiki_ext, so the year profile is the trends bloc, not a cancellation. Neither component drifts monotonically: both peak in 2020 (wiki_ext +1.810, trends_us +0.855), so the year profile mixes real signal with whatever mechanical drift exists, and the drift mechanism for trends_us is asserted rather than demonstrated. Two distinct problems are in play, and DATA_AUDIT §1's component-count problem is the larger one for the pre-2017 years the claim emphasises: wiki_ext does not exist before 2015-07-01, and 66 of 2015's 81 high days fall in that wiki-absent half (mean cai_d +0.654 there vs -0.197 in the wiki-present half, 15 high days). The residual, genuinely new contribution is that composition alone does not explain everything: a fixed 2-component trends-only index, available on all 3,653 days, still runs from +0.648 (124 high days) in 2015 to -0.975 (2 high days) in 2024 — so DATA_AUDIT §1's ""hold the component set fixed"" remedy would not by itself equalise the by-year selection rate. Four supporting figures are wrong and should not be repeated: the pooled high-day rate is 10.35% (378/3653), not 6.2% (that is the audit's three-component-day rate), so an equal within-year rate is 37.8 days, not 23; 2015 contributes 12 episodes, not 8; and the post-2021 ""starvation"" does not hold at the episode level, where 2022 contributes 12 episodes — tied for the most in the panel — because near-threshold single days each become their own event."
L6,literature,moderate,"Eight of the 40 extension episodes are artifacts of the Wikipedia coverage hole, and the episode labels that would have caught it are generated from the retired Twitter file",3/3 survived refutation,"Drop 2015-01-01..2015-06-30 from the analysis sample as DATA_AUDIT §3 already recommends, and state the resulting extension N (32 episodes, not 40). Replace the tweet_volume ranking in 13_extension_episodes.py:34-41 and 12_build_cai.py:137-142 with a source that exists over the whole decade - peak Wikipedia pageviews per victim, or peak GDELT coverage - and re-run the peak-alignment validation. For multi-week episodes, define rel_day 0 from the underlying killing/publicity date rather than from the threshold-crossing date.","wiki_ext cannot begin before 2015-07-01 because the Wikimedia pageviews API begins there (11_fetch_awareness_components.py:7, :54; 21_refetch_wikipedia.py:49). For the first half of 2015 CAI-D is therefore the mean of only the Trends components - which are precisely the components whose standardised mean is highest in 2015 - so the index is mechanically elevated and generates episodes with no corresponding event. Separately, the attribution that would expose this is broken: 13_extension_episodes.py:34-41 ranks candidate victims by `tweet_volume` from wikipedia_article_resolution.csv, a field derived from the retired Twitter series and equal to 0 for every victim outside its top ~150, so most extension episodes are labelled with arbitrary names. The same code is duplicated in 12_build_cai.py:137-142, which is the ""peak-alignment"" check that AWARENESS_INDEX_DESIGN §4 relies on to validate the index.","Both halves of the finding hold, with one magnitude correction and one scope enlargement.

(a) The 2015 coverage hole. wiki_ext cannot begin before 2015-07-01 (11_fetch_awareness_components.py:7,:54; 21_refetch_wikipedia.py:49) and CAI-D is an NaN-skipping mean of available components (12_build_cai.py:82). 2015 H1 mean cai_d = +0.654 on 2.65 components vs H2 = -0.197 on 3.26; 66 of 2015's 81 high days are in H1; 8 of the 40 extension episodes start before 2015-07-01 with wiki_ext NaN. The upward direction is confirmed directly: in 2015 H2, where wiki_ext exists, its standardised mean is -1.704, and deleting it from that window moves mean cai_d -0.197 -> +0.506 and high days 15 -> 52. CORRECTION: imputing wiki_ext at that -1.704 level into H1 kills six of the eight episodes outright (ep1-5, ep8: zero high days, peaks 0.36-0.64), not eight. Episodes 6 and 7 survive as real events (Freddie Gray/Baltimore; June 2015) but with peaks inflated (3.93 -> 2.52; 2.32 -> 1.32) and start dates pulled early — ep6's first high day moves 2015-04-01 -> 2015-04-07, and since 17_stacked_event_study.py aligns rel_day 0 on `ep[""start""]`, rel_day 0 for the longest 2015 episode still precedes Walter Scott's killing (registry 2015-04-04) and Freddie Gray's arrest (2015-04-12). So: six pure artifacts (15% of the extension sample) plus two real episodes with a mis-set event-time origin.

(b) The attribution defect, which is larger than stated. 13_extension_episodes.py:34-41 and its verbatim duplicate at 12_build_cai.py:137-142 rank candidate victims by `tweet_volume`, sourced from the retired Twitter panel (09_fetch_public_data.py:147-148, WIKI_TOP_N=150 at :83). The file holds 150 rows covering 147 of 13,144 registry victims (1.1%), with ZERO victims killed in 2021, 2022 or 2023 and one in 2024. Replaying the ranking: the prominence vector is entirely zero for 31 of 40 extension episodes and 8 of 30 discovery episodes (median 48 candidates per window), so the two printed names are just the first two registry rows in the window. Every 2021-2024 episode is affected — ep52 (Daunte Wright / Chauvin verdict) and ep65 (Tyre Nichols) are labelled with unrelated names because neither victim is in the file. DATA_AUDIT.md:159-163's ""0 of 140 labels are out of window"" certification cannot detect this, and AWARENESS_INDEX_DESIGN.md:42's peak-alignment validation runs on the same broken map.

The proposed fix is right, with one caveat: ""drop 2015-01-01..2015-06-30"" restates DATA_AUDIT.md:79-85, which already recommends it; the new contributions are the measured direction of the bias and the whole-decade scope of the attribution failure. Replacing tweet_volume with peak per-victim Wikipedia pageviews requires re-fetching that file too, since wikipedia_pageviews_victims.csv is itself built only for the same 150 Twitter-selected victims over 2017-2020 (09_fetch_public_data.py:191)."
L7,literature,moderate,"Wikipedia agent=user changed meaning in April 2020, non-retroactively, splitting the sample at the largest treatment episode; redirect accounting adds a second within-series break",2/3 survived refutation,"Refetch wiki_ext under agent=all-agents for the whole decade as a robustness series and report the correlation with the agent=user series and the ratio by period; or standardise wiki_ext separately within the pre-/post-April-2020 regimes. State the April 2020 break in the Methods with the WMF citation. Run 21_refetch_wikipedia.py to completion (the resolution file still shows the pre-fix state: Killing_of_Willie_McCoy 1 day, Killing_of_Eric_Garner 456 days) and, per Finding 5, convert wiki_ext from a sum to a per-article mean so article accumulation does not masquerade as attention.","scripts/11_fetch_awareness_components.py:54 and scripts/21_refetch_wikipedia.py:88-89 request /all-access/user/. The Wikimedia Foundation documents that before April 2020 pageview classification had only ""user"" and ""spider"", that between 5% and 8% of 2019 English-Wikipedia desktop pageviews tagged ""user"" were actually bot spam, and that the new ""automated"" class introduced in April 2020 was NOT applied retroactively. The agent=user series therefore measures a systematically different quantity before and after April 2020 - and the standardisation window (2017-2019, 12_build_cai.py:39) lies entirely before the change while the largest episode (Floyd, 2020-05-26 to 2020-10-01) lies entirely after it. Wikimedia also counts hits on a redirect title separately from its target, so a page move creates two disjoint series with a step at the move date.","The agent=user measurement break is real and correctly located, but its size is roughly an order of magnitude smaller than claimed where it matters most. The code does request /all-access/user/ (11_fetch_awareness_components.py:54, 21_refetch_wikipedia.py:88-89); the Wikimedia ""automated"" agent class was introduced in late April 2020 and was not applied retroactively (empirically: agent=automated is exactly 0 through 2019 and Jan-Mar 2020, first nonzero 2020-04-29 on every victim article tested); and the standardisation window (12_build_cai.py:39, 2017-2019) lies entirely before the break while the largest episode (2020-05-26..2020-10-01) lies entirely after it. However, the deflation is NOT 5-8% on these pages - that is WMF's aggregate 2019 English-Wikipedia desktop figure. Measured on the actual wiki_ext constituent titles, automated/(user+automated) is 0.4-0.5% during the Floyd episode, rising to 1.7-4.9% in late 2020 and 1.8-5.7% in 2021, so the break is largest in the extension window (2021-2024), not at Floyd. With SD of log1p(wiki_ext) = 0.6352 in the standardisation window, that is a z-shift of -0.008 SD at Floyd (-0.08 at 5%, -0.13 at 8%) against an episode mean wiki_ext z of 3.71; correcting for it moves CAI-D by 0.002-0.039 SD and flips 1-6 of 1,708 post-break days across the 1-SD episode threshold. It is therefore a Methods footnote, not a defect that changes any decision. The proposed fix is also wrong in direction: agent=all-agents adds spider traffic (~10% of user on these pages and unstable over time), so the correct robustness series is user+automated after April 2020 matched against user before. The rename/redirect half of the claim reproduces numerically in full but is already the documented DATA_AUDIT sec.3 defect that 21_refetch_wikipedia.py was written to fix."
O1,outcome,moderate,"The disposition filter deletes cancelled EDP dispatches: EDP-specific, 40x differential across families, 6x unstable in time, 40x across districts",3/3 survived refutation,Retain disposition 87/CANCEL rows in the extract and make cancellation a reported outcome (edp_cancelled count and cancel rate) rather than a silent exclusion; run the primary specification with and without them as a pre-registered sensitivity. Correct or drop DUP and NOTSNT from the documented filter list. Report the EDP cancel rate by district-year in the QC table.,"00_local_ems_extract.py:66 and 00b_download_ems_extract.py:73 drop dispositions {CANCEL, NOTSNT, DUP, 87}. The official dictionary (data/raw/EMS_incident_dispatch_data_description (1).xlsx, sheet 'Incident Dispositions') gives 87 = 'cancelled' and CANCEL = 'cancelled'. The pipeline therefore removes cancelled 911 calls -- the closest observable proxy for a caller who summoned help then thought better of summoning police, which is the study's own mechanism. The filter's bite is not constant: it is concentrated on EDP, moves 6x over time, and varies 40x across districts in a way aligned with the treated group in the DID and heterogeneity analyses.","CONFIRMED CORE, REFUTED CONSEQUENCES.

Every raw number in the finding reproduces against data/processed/ems_pages/*.parquet (14,500,000 rows). Verified: scripts/00_local_ems_extract.py:66 EXCLUDED_DISP_SQL = ""('CANCEL','NOTSNT','DUP','87')"" and scripts/00b_download_ems_extract.py:73 excl_disp = {""CANCEL"",""NOTSNT"",""DUP"",""87""}; the dictionary sheet 'Incident Dispositions' in data/raw/EMS_incident_dispatch_data_description (1).xlsx gives 87='cancelled', CANCEL='cancelled', DUP='duplicate incident', NOTSNT='unit not sent'. 2015 drop shares: EDP 10.390%, suicide_jump 10.090%, od_poison_drug 4.360%, asthma 2.119%, altmen 1.481% (injury 5.40% and cardiac 1.93% under my grouping vs the claim's 5.94/2.24 -- family-definition drift only). 2015 CANCEL rates: EDP 5.100% vs altmen 0.095%, cardiac 0.107%, asthma 0.147%, other 0.475%. Monthly EDP CANCEL: 0.76% (2012-02), 5.81% (2013-01), 8.58% (2015-06), 1.67% (2015-12), 0.85% (2016-05) -- exact. District range 2013-2016 over the 59 VALID_CDS: 0.24% (CD 503) to 11.73% (CD 203), Bronx 201-206 = 10.19-11.73%. Daily citywide 2013-2016: mean 3.60%, sd 3.87pp, max 26.90%; mean within-month sd 3.19pp vs sd of monthly means 1.76pp. DUP = 0 rows, NOTSNT = 173 rows. So the defect is real: the pipeline silently deletes cancelled EDP dispatches, its bite is EDP-specific and unstable in time and space, and the documented filter list (00_local_ems_extract.py:19-21) names a code (DUP) that never occurs.

Corrections that change what the finding is worth:

(1) The DID/heterogeneity alignment -- consequence (2), the finding's strongest confounding argument -- is FALSE. 07_did_exposure.py:45,48 defines treated as q_black==3 (top quartile pct_black_acs). Over 2013-2014 (chosen to stay outside every analysis and confirmation window), the 15 treated CDs average 2.98% EDP CANCEL versus 2.25% for the even-distribution control set (07_did_exposure.py:46,52) -- a 0.7pp gap, not a 40x one. Only CD 203 of the six high-cancel Bronx districts is in the treated group; 201, 202, 204, 205 and 206 are not top-quartile %Black. Quartile means are non-monotonic (Q1 1.55%, Q2 2.15%, Q3 6.16%, Q4 2.91%), and Spearman rho of cancel rate with pct_black is +0.39 against -0.82 with the borough-coded CD id. The spatial gradient tracks borough dispatch practice, not racial composition, which also weakens the reading of CANCEL as a caller-withdrawal proxy.

(2) The headline magnitude comparison is a category error. 0.22pp is an SD of an omitted outcome component; -0.00051 (docs/GATE2_PRELIMINARY_RESULTS.md:65) is a regression coefficient. Outcome variance uncorrelated with the regressor inflates SEs, it does not bias the estimate. Bias requires the cancel rate to covary with cai_d lags within CD x month_year (03_main_model.py:76), which the finding asserts but never shows.

(3) No evidence touches the estimation window. data/processed/ems_pages/page_014000000.parquet holds a full 500,000 rows, so the SODA paging loop in 00b terminated before exhausting the source; the extract spans 2005-01-01..2016-06-10 only. panel_cd_day.parquet and ems_cd_day_calltype.parquet do not exist on disk. There are zero EMS rows for ANALYSIS_START..ANALYSIS_END (2017-2020) or for the 2021-2024 confirmation window, so ""straddles both confirmation windows"" is unsupported for 2021-2024 and unknown for 2017-2020. The CANCEL surge is a bounded 2013-2015 regime that had already collapsed to 0.85-1.31% per month by spring 2016.

(4) Two descriptive overstatements. CANCEL is not ""an almost exclusively EDP code"": EDP is 33-45% of CANCEL rows by year. The correct statement is that EDP's CANCEL rate is 30-50x that of other call families. And code 87 -- not CANCEL -- is the larger filter by volume (547,637 rows vs 71,219), running a flat 5.3% of EDP calls every year 2005-2016 against 3.7% for other calls, so roughly half of EDP's 10.39% deletion is 87 and is stable, not the unstable CANCEL component. ""DUP occurs zero times in 21 years"" should read 11.4 years.

(5) One point the finding understates rather than overstates: the sign. Deleting cancelled EDP calls when attention rises pushes edp_share DOWN, the same direction as the hypothesis. The exposure is therefore a spurious-confirmation risk, not only an erasure of the mechanism.

Net: the fix as proposed (retain 87/CANCEL, report cancellation as an outcome, run a pre-registered with/without sensitivity, correct DUP and NOTSNT in the documented filter list, add EDP cancel rate by district-year to the QC table) is still worth doing, but it should be justified as measurement hygiene and construct-validity insurance, not as a demonstrated confound of the DID or heterogeneity results -- and it cannot be evaluated at all until the truncated EMS download is completed past 2016-06-10."
O2,outcome,moderate,Two hard breaks sit inside the 2015-2016 confirmation window: geocoding completeness triples on 2016-01-01 and INJALS is retired on the peak day of confirmation episode 12,3/3 survived refutation,"Before opening the confirmation sample, add a break table to the QC output: per call code, first and last date observed and month-over-month step size; per year, the missing-communitydistrict rate. Then either add month_year FE to the event study or exclude episodes whose window crosses 2016-01-01, and exclude INJALS-era injury results from episodes 1-12.","The 2015-2016 half of the confirmation sample straddles two discontinuities neither the panel builder nor the event study can see. (a) The rate of incidents with a NULL communitydistrict -- rows silently excluded by config.VALID_CDS at 01_build_panel.py:55 -- collapses from 2.9% to 0.9% at the start of 2016, mechanically inflating every district's denominator by roughly 2%. (b) INJALS, a member of the injury family at config.py:68, has its very last record on 2015-12-16 and zero thereafter; 2015-12-16 is the peak_date of confirmation episode 12 (2015-12-01..2015-12-18).","Two real, currently-unchecked discontinuities sit in the 2015-2016 confirmation window, but their effect on the H1 results is ~3 orders of magnitude smaller than the finding states, and neither can reach the reported test statistic.

(a) Geocoding completeness. The rate of EMS rows with a NULL communitydistrict falls from 3.12% (2015-11-01..12-18) to 0.63% (from 2016-01-14), with a two-stage transition; the best single break date by SSR is 2015-12-31. Annual rates reproduce exactly: 2.087% (2014), 2.969% (2015), 0.774% (2016 H1). Missingness is call-type differential (2015: injury 4.79%, suicide_jump 9.75%, edp 2.87%, altmen 1.42%). These rows are dropped at scripts/00b_download_ems_extract.py:88 -- pandas groupby drops NaN keys -- not at 01_build_panel.py:55, so they never enter even the pct_calls_in_dropped_pseudo_districts QC metric. IMPACT: the proportional denominator change cancels in a share; only the differential bites. Share-among-geocoded exceeds share-among-all by 0.036pp in 2015 and 0.014pp in 2016 post-break, so the induced step in mh_narrow_share is 0.00022, not 0.0018 -- about 0.4x the reported effect (0.0005-0.0007), not 3x.

(b) INJALS retirement. Confirmed: 10,371 records, 2013-12-09 12:09:37 to 2015-12-16 11:41:03, 292 in 2015-12, zero thereafter; 2015-12-16 is episode 12's peak_date. INJALS was 2.4-2.7% of the injury family (0.47pp of 19.2pp of all calls), not 1.5%, and the retirement is partly a within-family recode (INJMAJ rises 2.93% -> 3.07% of all valid-CD calls across the boundary) with the geocoding change pushing injury share the other way.

REACHABILITY (the part that changes the decision): the H1 statistic is the mean of rel_day 0..7 coefficients (scripts/event_study.py:79-97). For episode 12 that is 2015-12-01..12-08. EVENT_WINDOW_POST=14 ends the primary window at rel_day +14 = 2015-12-15, when INJALS is still present. INJALS retires at rel_day +15, the geocoding transition falls at rel_day +30..+44 -- both outside the primary window and outside the 0..7 statistic even under the 28/60 sensitivities, where they leak in only through the episode-12 ep_cd fixed effect (order 3e-6 on mh_narrow_share). Only episode 12 straddles either break; episodes 1-11 sit wholly inside the INJALS era and their episode-level levels are absorbed by ep_cd FE.

APPROPRIATE FIX: add the break table to QC (per call code first/last date and month-over-month step; per-year missing-communitydistrict rate) -- it is genuinely absent from 20_data_audit.py and cheap. Flag episode 12's long-window (28/60) injury-channel results as sensitive to the INJALS retirement. Do not add month_year FE or drop episodes on account of the geocoding break; the measured artifact is 0.00022 on mh_narrow_share and cannot reach the first-week statistic."
O3,outcome,moderate,"EDPM is born on the exact day B-HEARD launches, and T-EDP is born inside the largest discovery episode",2/3 survived refutation,"Verify against FDNY documentation what EDPM denotes and whether it is the B-HEARD routing code; if so, report the outcome with and without EDPM for 2021+ and state the choice in the pre-registration. Report T-EDP separately rather than silently inside the family (it is ~0.2% of the family, so exclusion is cheap). Replace the config.py:57-59 comment with the actual annual family totals.","config.py:60 folds EDPM and T-EDP into the edp family. Their birth dates are not neutral. EDPM's first record is 2021-06-03; config.py:109 sets BHEARD_LAUNCH = 2021-06-01. The code the pipeline uses to keep the EDP family whole across the B-HEARD transition was created by that transition -- outcome definition and confound share a birthday. T-EDP's first record is 2020-06-05, eleven days after George Floyd's killing and inside episode 45's window: a call-type code whose existence is plausibly caused by the treatment, the same failure mode already documented for trends_victims in DATA_AUDIT.md §2.","The EDP family definition in scripts/config.py:53-60 rests on two false comments and omits two live codes; the alleged contamination mechanisms do not hold.

CONFIRMED. Every number reproduces exactly against SODA 76xm-jjuj: EDPC 2018-07-06T16:42:55 (484,960), EDPM 2021-06-03T15:16:58 (125,308), T-EDP 2020-06-05T02:37:24 (3,487), EDPW 2018-10-28T18:19:25 (226); the 2021-05/06 split (EDP 7,874→5,479, EDPC 4,828→4,963, EDPM 0→1,638); T-EDP 2020 monthly 7/23/21/16/24/28/23; annual family totals 108,384 (2016) through 141,910 (2024), a 47% range that matches ""~125k"" only in 2017-2018. The config.py:57-59 parenthetical ""family total stable ~125k/yr"" is therefore false, and it is the stated justification for the grouping. Additionally, config.py:53-54 claims the codes come from the official dictionary sheet ""Call Type Descriptions"", but that sheet (data/raw/EMS_incident_dispatch_data_description (1).xlsx, 271 codes) contains only ""EDP"" = PSYCHIATRIC PATIENT — EDPC, EDPM, EDPW and T-EDP are all undocumented, and edp is the only group in CALL_TYPE_GROUPS with undocumented members.

REFUTED. EDPM is not the B-HEARD routing code. In June 2021 it appears citywide (top precincts 103 n=47, 42 n=46, 25 n=44, 73 n=44, 75 n=43); the three pilot precincts 25/28/32 hold 113 of 1,638 EDPM calls (6.9%), an 18.8% within-family share against 13.5% citywide, and their family total is flat May→June (624→601) against a citywide -4.8%. The confound is not pre-absorbed into the outcome and the B-HEARD control does not double-count. T-EDP is likewise not treatment-caused: it is one of twenty ""T-"" codes born together in mid-2020 (T-DFBR 06-02, T-TEXT 06-02, T-ARST 06-03, T-SICK 06-04, T-EDP 06-05, T-TRMA 06-05, T-INJ 06-08, T-CARD 07-12, T-ASTH 11-02, ...), an FDNY-wide telehealth/triage rollout that also hits the placebo groups. It is numerically inert in discovery: 68 of 48,884 family calls in episode 45's window (0.14%), and all T- codes together are 512 of 473,606 calls there (0.11%). The title's ""exact day"" is also off by two days, and BHEARD_LAUNCH is a first-of-month convention (adoption_earliest 2021-06-01 / latest 2021-06-30).

MISSED, AND MORE CONSEQUENTIAL. EDPE (from 2024-04-10; 2,030 in 2024) and EDPT (from 2023-03-01; 2,525 in 2023, 4,045 in 2024) exist in the data and are absent from config.py:60. Unmapped codes fall to ""other"" (01_build_panel.py:52), entering total_calls but no numerator, so the EDP-family share is understated by ~4.3% relative in 2024 and growing — the exact time-trending undercount config.py:59 says the family exists to prevent, sitting inside the 2021-2024 confirmation sample. The same applies to the T- codes against the cardiac, asthma, injury and altmen groups.

URGENCY. 01_build_panel.py:43 restricts the panel to 2016-12-01..2021-01-31, so no EDPM, EDPE or EDPT record is in any current estimate, and no estimation script reads bheard_cd_exposure.csv. This is a pre-registration blocker for the confirmation rebuild, not a defect in a produced result.

FIX. Replace the config.py:57-59 parenthetical with the actual annual totals and with the EDPC evidence that does hold (July 2018 onward). Correct config.py:53-54 to say four of the five edp codes are undocumented in the shipped dictionary. Decide and pre-register the treatment of EDPE and EDPT (and of the T- codes across all groups) before the confirmation panel is rebuilt. Reporting the outcome with and without EDPM for 2021+ remains a cheap sensitivity, but no longer as a B-HEARD contamination fix; T-EDP can stay in the family, since excluding it on treatment-endogeneity grounds is not warranted."
O4,outcome,moderate,"00b silently discards every row with a missing community district, so the QC metric for excluded call volume understates it roughly eightfold",3/3 survived refutation,Pass dropna=False at 00b_download_ems_extract.py:88 (or fill communitydistrict with a sentinel before grouping) so missing-district rows survive into the extract and are counted at 01_build_panel.py:64; add a QC row 'pct_calls_with_missing_district' broken out by call-type group and year. Delete 00_local_ems_extract.py or bring its MH_GROUPS_SQL into line with config.CALL_TYPE_GROUPS so only one definition of the outcome exists.,"00b_download_ems_extract.py:88 aggregates with groupby([""incident_date"",""communitydistrict"",""final_call_type""]), and pandas drops NaN group keys by default (verified on the installed pandas 3.0.5). Rows with no community district never reach the extract. 01_build_panel.py:64 then computes share_dropped from that extract, so qc_panel.csv's 'pct_calls_in_dropped_pseudo_districts' can only see the park/airport pseudo-codes, never the far larger missing-district population. The duckdb version at 00_local_ems_extract.py:108-111 keeps NULL as a group, so the two supposedly identical scripts produce different extracts and different QC numbers. Their mental-health maps also disagree: 00_local_ems_extract.py:55-63 maps only 'EDP' (no EDPC/EDPM/EDPW/T-EDP), includes JUMPDC/OD/ODC/POISON, and omits DRUGFC, whereas 00b:95-98 uses the full family.","00b_download_ems_extract.py:88 groups on [""incident_date"",""communitydistrict"",""final_call_type""] after coercing communitydistrict with pd.to_numeric(errors=""coerce"") at :83, and pandas 3.0.5 drops NaN group keys by default (verified: 4-row frame with 2 NaN CDs yields 2 groups, 4 with dropna=False). Rows with no community district therefore never enter ems_cd_day_calltype.parquet, so 01_build_panel.py:64 cannot see them and no output in the repo accounts for them. Over the window 01 actually uses (PANEL_BUFFER 2016-12-01..2021-01-31, 01:44), the SODA data with 00b's filters gives 5,996,539 kept calls: 16,016 pseudo-district (0.267%) and 54,608 missing-CD (0.911%). qc_panel.csv's pct_calls_in_dropped_pseudo_districts would read 0.270% while total exclusion by the district filter is 1.178% — a 4.4x gap, not 8x (the 8x figure comes from 2005-2016 rates that this metric never covers). The metric is not itself mislabelled: 01:7/:12/:110/:137 all scope it explicitly to pseudo-districts; the defect is that missing-CD exclusion is reported nowhere, and it is composition-changing (2015: injury 4.792%, od_poison_drug 3.477%, edp 2.870%, altmen 1.419%, suicide_jump 9.753%). No estimate is affected — 01:55/66 restricts to VALID_CDS regardless — so this is a reporting/documentation defect. The 00 vs 00b extract divergence is real (00:108-111 SQL GROUP BY keeps NULL; 00:57 maps only 'EDP' and 00:59-60 include JUMPDC/OD/ODC/POISON while omitting DRUGFC, against the full family at 00b:95-98), and EDPC's July-2018 onset is real (EDP/EDPC: 2018-06 10,962/0, 2018-07 10,093/742, 2018-08 8,758/2,282), but it has no analytic consumer: ems_citywide_day_trends.parquet is written by both scripts and read by no script in scripts/. Which script ran IS knowable: data/reference/data_sources.csv logs S1b (SODA API, 2026-07-17T13:58:29, sha256 0f768940... for ems_cd_day_calltype.parquet), and 00 could not have run because data/raw holds no EMS_Incident_Dispatch_Data*.csv. Fix: dropna=False (or a sentinel) at 00b:88 plus a pct_calls_with_missing_district QC row broken out by call-type group and year; reconcile or delete 00_local_ems_extract.py's MH_GROUPS_SQL."
X1,spec_vs_code,blocking,"The Google Trends ""weekly anchor"" is actually monthly: only days 1-7 of each month are rescaled",3/3 survived refutation,"Fetch weekly anchors in <=5-year timeframes (or explicitly request weekly and assert `pd.infer_freq(wk.index) == 'W-SUN'`), or key the rescale mask off the actual gap to the next anchor timestamp instead of a hard-coded 7 days. Re-derive cai_daily.parquet, awareness_lags.parquet and the episode list afterwards, and add a regression test that the anchored/stitched ratio has no day-of-month structure.","scripts/11c_trends_anchor_and_victims.py:61 requests a single 10-year window (""2015-01-01 2024-12-31""). Google Trends returns MONTHLY granularity for windows longer than ~5 years, not weekly. The rescaling loop at 11c:73-77 assumes each returned timestamp starts a week and applies `mask = (index >= wstart) & (index < wstart + 7 days)`. With monthly timestamps this rescales only days 1-7 of every month and leaves days 8-31 on the raw chain-stitched scale from 11b. Two of the three CAI-D components (trends_us, trends_nyc) therefore carry two different scales inside every single month.","The finding is correct as stated, with two minor corrections. (1) ""Two of the three CAI-D components"" should be two of FOUR: D_COMPONENTS in scripts/12_build_cai.py is [""wiki_ext"", ""trends_us"", ""trends_nyc"", ""trends_victims""], and cai_daily.parquet's n_d_components is 3 on 2,087 days, 4 on 1,503, 2 on 63. (2) The ""two different scales inside every single month"" is literally true for trends_us (all 120 of 120 months rescaled on days 1-7 only) but for trends_nyc applies to 71 of 120 months — the other 49 months have zero NYC early-week search volume so multiplication leaves them at zero (no month with nonzero early-week mean escaped rescaling in either series). Correspondingly, trends_nyc's own standardized day-of-month gap is small and opposite-signed (-0.0078 on days 1-7 vs -0.0459 on days 8-31, i.e. +0.038 SD), so essentially the entire -0.102 SD discontinuity in cai_d is driven by trends_us. Also the treatment constant is at scripts/config.py:81 (PRIMARY_AWARENESS = ""cai_d""), not config.py:82."
X2,spec_vs_code,blocking,CAI-D's victim article basket is selected by the retired Twitter data and contains zero victims killed after 2020,3/3 survived refutation,"Re-derive the article candidate list from data/reference/victim_registry.csv (Mapping Police Violence, 13,241 killings 2013-2024) using a public prominence criterion applied uniformly over 2015-2024 — e.g. all registry victims with an en.wikipedia article, or top-N per year by article existence. Re-fetch pageviews on that list before any extension-sample estimate, and correct the four documents that assert the index is Twitter-free and reconstructible from scripts/09-10.","scripts/09_fetch_public_data.py:146-148 builds the Wikipedia article list as `top_names = pv_victims.groupby('name')['tweet_count'].sum().sort_values(ascending=False).head(WIKI_TOP_N)` where `pv_victims = pd.read_csv(TWEETS_PER_VICTIM_CSV)` — the legacy per-victim Twitter file, which per docs/DATA_PROVENANCE.md §S2 spans 2017-2020 only. That list (wikipedia_article_resolution.csv) is what 11_fetch_awareness_components.py:49-50 sums into `wiki_ext`, what 12_build_cai.py:52 splits into cai_d_black/cai_d_nonblack, and what 12:138-140 and 13_extension_episodes.py:34-35 use to name episodes. So the only victim-anchored component of the ""publicly re-fetchable"" index is defined by a non-public, non-re-fetchable, 2017-2020-only dataset.","CONFIRMED with three line-citation/wording corrections and one strengthening fact.

WHAT REPRODUCED EXACTLY:
- scripts/09_fetch_public_data.py:146-148 verbatim as quoted; `WIKI_TOP_N = 150` at 09:83; `TWEETS_PER_VICTIM_CSV = DATA_RAW / ""211118_tweet_count_name_date.csv""` at scripts/config.py:25, commented ""legacy/bridge only"".
- The file is absent from data/raw/ (only .gitkeep, an xlsx, a json, an xlsx) and is explicitly gitignored (.gitignore:39). So scripts/09 cannot run at all, and the design doc's §5 claim (docs/AWARENESS_INDEX_DESIGN.md:49-52, ""the awareness index can be reconstructed end-to-end from public sources by running scripts/09-10"") is false as written.
- docs/DATA_PROVENANCE.md:24 titles S2 ""Twitter per-victim daily tweet counts (2017–2020)"".
- data/reference/wikipedia_article_resolution.csv: 150 rows, 45 with a non-null `article`. Confirmed.
- Killing-year distribution of the 45 reproduces the claim EXACTLY (2014:3, 2015:4, 2016:8, 2017:4, 2018:2, 2019:8, 2020:15, unmatched:1 = Emantic Fitzgerald Bradford Jr.), zero for 2021-2024.
- Daunte Wright / Tyre Nichols / Jordan Neely / Sonya Massey: all in_top150=False. Keith Lamont Scott: in top-150, article=NaN. Confirmed.
- docs/CONFIRMATION_PLAN.md:22-24 (W1) names exactly ""Scott/Gray 2015, Sterling/Castile/Dallas 2016, K. Scott 2016, Wright + Chauvin verdict 2021, Nichols 2023, Neely 2023 (NYC), Massey 2024 -> ~30 episodes total.""
- wiki_ext is a CAI-D component (scripts/12_build_cai.py:36 `D_COMPONENTS = [""wiki_ext"", ""trends_us"", ""trends_nyc"", ""trends_victims""]`), and data/reference/cai_components_daily.csv shows wiki_ext spanning 2015-07-01..2024-12-31 (3,472 days) — i.e. used far outside the basket's selection window.
- scripts/21_refetch_wikipedia.py:97 and :102 confirmed (`res = pd.read_csv(... wikipedia_article_resolution.csv)`; `names = res[""name""].tolist()`), so the planned re-fetch inherits the same basket.
- docs/GATE_C_MEMO.md:194 (""The Twitter series is removed from every substantive model"") and :200 (""What Twitter is still for. One thing only: `03b_bridge_legacy.py`"") confirmed verbatim, as is README.md:19-24.

CORRECTION 1 (line number). The wiki_ext sum is at scripts/11_fetch_awareness_components.py:47-48, not 49-50.

CORRECTION 2 (chain step). scripts/12_build_cai.py:52 reads `wikipedia_pageviews_victims.csv`, not `wikipedia_article_resolution.csv`. The substance holds — that file is written by 09:190 from the same top-150 Twitter basket — but there is a sharper defect there than the claim states: it spans only 2017-01-01..2020-12-31 (45 victims, 25,211 rows), so cai_d_black/cai_d_nonblack do not merely lean pre-2021, they do not exist outside the discovery window at all (12:156 prints a warning about exactly this; GATE_C_MEMO.md:289 open item B).

CORRECTION 3 (join fragility, does not change the conclusion). The year counts are join-order dependent because ""Michael Brown"" appears 4x in victim_registry.csv (2014-08-09 Ferguson MO; 2016-01-31 Fort Worth TX; 2017-06-15 Newton NH; 2024-06-05 Milford CT) and ALL FOUR carry wiki_article = Killing_of_Michael_Brown. A first-match join gives the claim's 2014:3 / 2024:0; a last-match join gives 2014:2 / 2024:1. The substantive conclusion is unaffected — the lone ""2024"" is a name-collision artifact, not a post-2020 victim with an article of their own.

CORRECTION 4 (overstatement). ""structurally incapable of registering the extension period's own attention events"" is too strong. Measured from cai_components_daily.csv: wiki_ext's 2021-2024 median is 5,824; it hits 173,175 on 2021-04-20 (Chauvin verdict) and 71,056 on 2021-04-14 (Wright week), and 36,603 in the Nichols window (2023-01) — spillover onto pre-2021 victims' articles does register. But Neely (max 8,396 = 1.4x median) and Massey (max 7,400 = 1.3x median) barely move. The accurate statement: over 2021-2024 wiki_ext registers post-2020 events only as indirect spillover onto pre-2021 victims' articles, and is sharply attenuated for events with no pre-2021 anchor — so it measures a different construct at each end of the window, and episode DETECTION (13_extension_episodes.py) will systematically miss Neely and Massey while over-weighting Floyd-anchored 2021.

STRENGTHENING FACT the finding missed, which bears on its own PROPOSED FIX. The registry's `wiki_article` column cannot serve as the independent basket: scripts/10_build_victim_registry.py:49-52 back-fills it FROM wikipedia_article_resolution.csv (`res = pd.read_csv(... wikipedia_article_resolution.csv)`; `reg[""wiki_article""] = reg[""name""]...map(art)`). It has 47 non-null rows with the same Twitter-selected year profile, and it inherits the Michael Brown collision. Meanwhile the registry holds 4,597 post-2020 killings with no article coverage at all. docs/AWARENESS_INDEX_DESIGN.md:16 (""Registry fields: name, date, race, means, state/city, wikipedia article"") therefore describes a field that is circular, not an independent source. The fix must resolve articles de novo (and match on name+date, not name alone)."
X3,spec_vs_code,blocking,"The ratified ""precondition"" null calibration is vacuous as run, was not calibrated to the real panel, and its own stated failure mode is never tested",3/3 survived refutation,"Re-run with at least the default 200 sims x 200 draws after panel_cd_day.parquet exists so rho/sigma/mu come from the real panel, add a Kolmogorov-Smirnov uniformity test on the p-values to the VERDICT (not just the rejection rate), and record the fitted rho in the memo. Do not treat the current null_calibration.csv as discharging GATE_C §6.3.","docs/GATE_C_MEMO.md §3 and §6.3 make the synthetic-null calibration ""a precondition, not a robustness column"", and 18_null_calibration.py's docstring (lines 3-5, 23-27) says the confirmatory run should not happen if it fails, naming two failure modes: over-rejection, and ""p-values piled at 0 or 1 rather than uniform"". The committed run used --sims 12 --draws 25 against defaults of 200/200, ar1_rho stayed at the 0.6 fallback (18:53,67,83) meaning panel_cd_day.parquet was absent so the AR(1) was NOT estimated from the real data, and the VERDICT logic at 18:127-131 tests only the rejection rate — uniformity is never tested despite being a documented failure mode.","Confirmed and strengthened. Every factual element reproduces: outputs/tables/null_calibration.csv records n_sims_completed=12, ri_draws_per_sim=25, ar1_rho=0.6, empirical_rejection_rate=0.0, band [-0.0733, 0.1733], median_p=0.7142, VERDICT=CALIBRATED, against defaults of 200/200 (18:51-53); data/processed/ contains no panel_cd_day.parquet, so 18:69-83 took the uncalibrated else-branch; and the VERDICT at 18:127-131 tests only the rejection rate while the docstring's second failure mode (18:27, ""p-values piled at 0 or 1"") is never tested (median_p is written at 18:141 but unused). I re-ran the module's logic with the fallback rho=0.6/sigma=0.03/mu=0.10 and seed 18_20260908 at --sims 12 --draws 25 and reproduced all 12 committed p-values and effects to ~13 significant figures, proving both the argument values and the fallback path. THREE FACTS RAISE SEVERITY BEYOND THE ORIGINAL CLAIM. (1) The reduced sim count did not merely make the check uninformative — it converted a FAIL into a PASS. The band is alpha +/- 1.96*sqrt(alpha(1-alpha)/n) (18:129-130), so lo <= 0 whenever n < 73; at n=12 lo=-0.0733, but at the ratified default n=200 lo=+0.0198, and the observed rejection rate of 0.0 would have printed ""NOT CALIBRATED - UNDER-rejects"" (18:155-158), which per the script blocks the confirmatory run. (2) At n=12 the under-rejection branch is mathematically unreachable: only rej > 0.1733 (>=3 of 12 sims) can fail, so the failure mode actually present cannot be detected. (3) Each sim used only 24-25 valid RI draws (confirmed in the reproduction), giving p-value resolution 0.04, so p<0.05 requires <=1 of 25 null draws to exceed |obs| and a nominal 5% test is barely representable. ONE OVERSTATEMENT TO CORRECT: the skew toward 1 is suggestive, not established — scipy.stats.kstest on the 12 p-values gives D=0.2917, p=0.213, so uniformity is not formally rejected at this n; the claim should say the p-values are consistent with a conservative RI null rather than that they demonstrate it. ADDITIONAL DEFECT FOUND WHILE VERIFYING: 18:86 selects only period==""discovery"" starts (30 of the 70 frozen episodes) and the synthetic panel spans config.ANALYSIS_START..ANALYSIS_END = 2017-01-01..2020-12-31 (config.py:34-35), while the confirmatory design has 70 episodes including 40 extension episodes outside that window — so even a correctly sized re-run would calibrate a 30-episode design, not the confirmatory one. The fix should therefore add: run over the full 70-episode confirmatory design and window, in addition to 200x200 sims, a real fitted rho, and a KS uniformity test in the VERDICT."
X4,spec_vs_code,blocking,"Randomization-inference null draws carry half the episodes of the observed design, making the primary p-value conservative",3/3 survived refutation,"Draw placebo starts on a circular calendar (wrap past `latest` back to `earliest`) or reject-and-redraw the anchor until the full gap sequence fits, so every draw yields exactly len(real_starts) episodes. Assert `len(ps) == len(real_starts)` in randomization_p before accepting a draw, and re-run 18 afterwards.","event_study.py:100-122 `placebo_starts` draws a uniform anchor in [earliest, latest] then walks the permuted real gaps forward, breaking out of the loop the first time a date exceeds `latest` (lines 117-121). Because the real episode starts span nearly the whole analysis window, almost any anchor that is not the very first day truncates the sequence. The docstring (lines 101-105) claims it ""preserves the real episodes' spacing""; it preserves gap lengths but not the episode count.","scripts/event_study.py:100-122 `placebo_starts` truncates each null draw the first time the walked gap sequence exceeds `latest` (lines 119-121), so null draws carry a median of 16 episodes against the observed design's 30; only anchors in the first 107 of 1431 eligible days admit the full sequence, so exactly ~7.5% of draws are full-size (measured: 8.0% of 2,000 draws, mean count 16.21, min 1, max 30, 92.0% below 30). Measured on a district-day skeleton, the real design stacks 35,636 rows across 30 episodes while placebo draws average 19,946 rows across 15.9 episodes, and only 5.4% of draws reach the real row count. The consequence is quantified on 18_null_calibration.py's own synthetic AR(1) null panels: the test statistic's SD under the real design is 0.001152, while the SD of the draws `placebo_starts` actually produces is 0.002064 — a 1.79x over-dispersed null, with SD falling monotonically from 0.00306 (2-8 episodes) to 0.00106 (25-30). A circular-wrap draw that always returns 30 starts gives 0.001095, matching the observed design, confirming the proposed fix. The reported randomization p is therefore inflated, and this is the primary p-value per GATE_C_MEMO.md 3 / 6.3 (17_stacked_event_study.py:120). The signature is already visible in outputs/tables/null_calibration.csv (median_p 0.7142, rejection rate 0.0 at alpha 0.05), and the calibration guard cannot catch it: 18_null_calibration.py:127-131 accepts any rejection rate in [-0.0733, 0.1733], so zero rejections is recorded as VERDICT=CALIBRATED. Fix `placebo_starts` to return exactly len(real_starts) dates (circular calendar or reject-and-redraw), assert the count in `randomization_p`, and make the calibration verdict two-sided (also fail on median p far from 0.5) before re-running 18 and running 17."
X5,spec_vs_code,blocking,"The PPML/counts arm of the primary estimator is dead code, and the documented offset does not exist",3/3 survived refutation,"Add a counts pass in 17 (loop `for counts in (False, True)`, outcome `edp`/`mh_narrow`, label the estimator accordingly) and add `+ log(total_calls)` as an offset/regressor in event_study.py:65, or delete the counts claim from the docstring and amend GATE_C §6.3.","17_stacked_event_study.py's docstring lines 33-36 state ""Outcomes are estimated on shares (OLS) and on counts (PPML with a log total-calls offset)... both are reported rather than the more favourable one"". `counts=True` is never passed anywhere in the repo, so `fit_event_study`'s Poisson branch (event_study.py:63-65) is unreachable from 17; the result rows hard-code `""estimator"": ""OLS_share""` (17:123). Separately, the Poisson branch itself has no offset: `pf.fepois(f""{outcome} ~ C(rel_day) | {fe}"", d, vcov=""hetero"")` (event_study.py:65) contains no `log(total_calls)` term.","Confirmed with two refinements. (a) The Poisson/PPML branch at scripts/event_study.py:63-65 is unreachable from BOTH of its callers, not only 17: scripts/17_stacked_event_study.py:103 and :120-121 and scripts/18_null_calibration.py:115 all call into event_study with `counts` at its default False (event_study.py:57, :78, :126). No `counts=True` exists anywhere in the repo. 17:95 draws outcomes only from config.py:140 `H1_OUTCOMES = (""edp_share"", ""mh_narrow_share"")`, and 17:123 hard-codes `""estimator"": ""OLS_share""`. (b) The docstring sentence is at 17:34-36, not 33-36. The missing-offset half is exactly right: event_study.py:65 is `pf.fepois(f""{outcome} ~ C(rel_day) | {fe}"", d, vcov=""hetero"")` with no log(total_calls) term and no `offset=` keyword, even though the installed pyfixest 0.60.0 exposes `offset: str | None = None`. Two additions: (1) `--outcome edp` on 17's CLI (17:67) runs OLS on a raw count and still writes it to event_study_results.csv labelled ""OLS_share"", so the estimator label is decoupled from the model actually fit; (2) no ""log total-calls offset"" exists anywhere in the repo — 04_robustness.py:40 uses `log_other = log(max(total_calls - edp, 1))`, log NON-EDP calls as a free regressor, so deleting the claim from 17's docstring would still leave GATE_C_MEMO.md:137-138 and :255-256 and ROADMAP.md:24-25 unimplemented."
X6,spec_vs_code,moderate,The ratified B-HEARD exposure control is built but wired into no model,3/3 survived refutation,"Add an `expand_daily(steps, bound=BHEARD_PRIMARY_BOUND)` merge into 17 (and 03/07) producing `bheard_exposure` and `bheard_exposure x days_since_adoption` regressors, import BHEARD_PRIMARY_BOUND rather than the literal in 16:237, and implement the §6.2 checks (late-bound sensitivity, pre-2021-06 restriction, discovery-period invariance) before Gate C is closed.","GATE_C_MEMO.md §2 and §6.2 ratify ""CD-level B-HEARD exposure fraction (early/conservative bound) as a control in every extension-sample specification, plus its interaction with time-since-adoption"", and DATA_PROVENANCE.md §S11 lists bheard_cd_exposure.csv as the derived control. No modelling script reads it. `BHEARD_EXPOSURE_CSV` appears only in 16_bheard_exposure.py (the writer) and bheard_cd_exposure.csv is read only by 20_data_audit.py:163 (an integrity check). `config.BHEARD_PRIMARY_BOUND = ""early""` (config.py:115) has no importer at all — 16_bheard_exposure.py:237 hard-codes `bound=""early""` instead.","The ratified B-HEARD exposure control is built but read by no model, and the ratified sensitivities are unimplemented. `bheard_cd_exposure.csv` (37 'early' + 37 'late' step rows over 30 of 59 CDs) is written by scripts/16_bheard_exposure.py and read only by scripts/20_data_audit.py:163, an integrity check. The primary confirmatory estimator, 17_stacked_event_study.py via event_study.py:66, fits `{outcome} ~ C(rel_day) | ep_cd + dow` with no exposure regressor and no time-since-adoption interaction, contradicting GATE_C_MEMO.md §2 rec.1 and §6.2. Sensitivity A (late bound), Sensitivity B (pre-2021-06 episode restriction) and the discovery-period invariance validation have no implementation. docs/CONFIRMATION_PLAN.md, the frozen hypothesis document, does not mention B-HEARD at all. When config.py:137 FREEZE_ACTIVE is set False, 17 stops filtering to `period == ""discovery""` and runs on all 70 episodes — 18 of the 40 extension episodes B-HEARD-contaminated, biasing toward the hypothesis — with no confound control. Two corrections to the original finding: (a) the `bound=""early""` literal at 16_bheard_exposure.py:237 is in main()'s post-write diagnostic block and selects nothing stored, since build_exposure (line 140) writes both bounds, so `BHEARD_PRIMARY_BOUND` having no importer is a dead-constant defect on the consumer side, not a bound bypassed in the writer; (b) the README does not misrepresent the control's status — line 63 accurately describes what 16 builds and the run order at line 66 lists neither 16 nor 17. The misleading ""pre-registered control"" framing lives in GATE_C_MEMO.md §6.2, scripts/20_data_audit.py:160 and docs/DATA_AUDIT.md:130. The fix belongs in 17/18 (and in 03/07 only for the invariance check, since both are discovery-sample scripts guarded by assert_discovery_only)."
X7,spec_vs_code,moderate,"DATA_AUDIT §2's ""378 vs 630 high days"" is an artifact of the audit script's own re-standardization, not of dropping trends_victims",2/3 survived refutation,"Separate the two diagnostics in 20_data_audit.py: report `(base > 1).sum()` for the drop-only counterfactual and the re-standardized count as a distinct row labelled as the §1 fix. Correct DATA_AUDIT §2 to ""378 vs 377 (drop alone); 630 once the composite is re-standardized after averaging"", and fix the 0.985 -> 0.983 figure.","docs/DATA_AUDIT.md:73-75 argues that dropping trends_victims changes the episode list a lot: ""378 high days as built versus 630 without it — which is precisely the §1 scaling problem restated"". The 630 comes from 20_data_audit.py:87-88, which does not just drop the component: it re-standardizes the always-on mean on the 2017-2019 window (`ref = base.loc[ANALYSIS_START:'2019-12-31']; alt = (base - ref.mean())/ref.std(ddof=0)`) before counting `alt > 1`. That re-standardization divides by 0.6699, which mechanically inflates the count crossing 1.0. It is in fact the §1 recommended FIX, applied silently inside the diagnostic for §2.","docs/DATA_AUDIT.md:72 attributes the 378 -> 630 change in high days to dropping trends_victims, but the change is almost entirely caused by the re-standardization that scripts/20_data_audit.py:87-88 performs inside the same diagnostic. Verified against data/processed/cai_daily.parquet: as-built cai_d > 1 = 378; dropping trends_victims alone (base > 1) = 377; applying the §1 re-standardization alone while KEEPING trends_victims = 635; both together = 630. The re-standardization divides by the 2017-2019 reference SD of 0.6699 (vs full-sample SD 0.9041), so `alt > 1` is algebraically `base > 0.6699`, a threshold change rather than a component change. On the common 3,472-day sample where base is defined (the 181 H1-2015 days lacking wiki_ext, containing 66 as-built high days, are excluded), the drop-only comparison is 312 vs 377. §2 should read something like ""the composite is essentially unchanged by the drop (378 -> 377); the 630 figure reported by the audit reflects the §1 re-standardization, which alone gives 635 with trends_victims retained"", and 20_data_audit.py should report the drop-only and re-standardized counts as separate labelled rows. CONTRARY to the original finding, the 0.985 correlation is CORRECT and must not be changed: corr(cai_d, alt) = 0.98450 -> 0.985 at 3 dp, matching outputs/tables/data_audit.csv:11; correlation is scale-invariant so it is identical to corr(cai_d, base) and unaffected by the re-standardization. The finding's 0.9834 came from an unrelated skipna row-mean that uses only two components on the 181 wiki_ext-missing days."
X8,spec_vs_code,moderate,"Provenance source IDs disagree three ways between the doc, the code, and the committed register — and re-running the pipeline reintroduces the collision the audit reports as fixed",2/3 survived refutation,"Change 16_bheard_exposure.py:192,199 to S14/S15, update DATA_PROVENANCE.md §S10/§S11 headings to S14/S15, mark the DATA_AUDIT §4 bullet as resolved (its own check already reports 0), and make log_source upsert on source_id instead of blind-appending.","docs/DATA_PROVENANCE.md assigns S10 = precinct x CD crosswalk (line 93) and S11 = B-HEARD adoption schedule (line 107). data/reference/data_sources.csv assigns S10 = Mapping Police Violence, S11 = CAI components, and puts the crosswalk at S14 and B-HEARD at S15. scripts/16_bheard_exposure.py:192 and :199 write those two rows as ""S10"" and ""S11"". So the committed register was edited by hand to S14/S15 while the generating code still emits S10/S11.","The finding is correct as stated and should be broadened. Confirmed three-way disagreement: docs/DATA_PROVENANCE.md:93/:107 call the crosswalk and B-HEARD schedule S10/S11; data/reference/data_sources.csv calls them S14/S15 (three duplicate rows each) and reserves S10/S11 for Mapping Police Violence and the CAI components; scripts/16_bheard_exposure.py:192,:199 still emit S10/S11, so re-running the pipeline restores 2 collisions on S10 and S11 (verified by rerunning the 20_data_audit.py:198-199 metric with script 16's rows appended: 0 now, 2 after). Commit dabc1a6 re-keyed the CSV by hand and claimed ""No collisions remain"" while editing script 16 in the same commit without fixing the emitters, so outputs/tables/data_audit.csv:36 PASS and the open defect at docs/DATA_AUDIT.md:132-134 are both accurate descriptions of different moments in time. Two further defects belong in the same finding: (a) commit dabc1a6 also renamed the crosswalk weight column (w_precinct_in_cd -> w_cd_calls_from_precinct) without re-logging, so all three S14 rows carry a stale sha256, and recomputing every row shows S7 x2, S8 x2, S10, S14 x3 and S15 x1 stale plus S1b pointing at a nonexistent file -- the register does not verify against the tree it registers; (b) DATA_PROVENANCE.md, which claims at line 3 to list every source in the project, has no entry at all for Mapping Police Violence (register S10), the GDELT news/TV + wiki_ext CAI components (register S11), or either Google Trends series (S12, S13) -- Trends appears at line 134 under ""Planned sources (not yet fetched)"" though cai_trends_daily.csv and cai_trends_anchored.csv exist and hash-match. The provenance registry omits the entire CAI treatment tier, which is the part of the data a referee would most want provenance for. The proposed fix should therefore also add missing S10-S13 sections to the doc and make log_source re-hash and upsert rather than blind-append."
X9,spec_vs_code,moderate,"freeze_guard's central claim is false for two outcome-reading scripts, and where it is called it can never fire",2/3 survived refutation,Add `assert_discovery_only` to 03b and 03c and replace 03c:20 and 13:48 with ANALYSIS_START/ANALYSIS_END. Move each guard call to before the date filter (or pass the unfiltered frame) so it actually tests what the script loaded rather than what it already narrowed.,"scripts/freeze_guard.py:6-8 states: ""Until now that rule was enforced by one hard-coded literal in a single script. This module makes it a property of the pipeline: any modelling script that reads outcome data calls assert_discovery_only() and cannot silently widen its own sample."" Two scripts that read panel_cd_day.parquet never call it: 03b_bridge_legacy.py (reads at :33, filters at :37, no guard) and 03c_cai_discovery_robustness.py, which reads at :22 and filters on its own hard-coded literals `DISC_START, DISC_END = ""2017-01-01"", ""2020-12-31""` at :20 — precisely the pattern the module says it replaced. Additionally, in all six scripts that do call it (03:65-66, 04:35-36, 05:32-33, 06:44-45, 07:37-38, 17:80-81), the call comes AFTER `.between(ANALYSIS_START, ANALYSIS_END)`, so the assertion is tautologically satisfied.","freeze_guard's docstring promise is false, and the guard is inert on both paths to the extension sample — but the fix is partly wrong.

TRUE AS STATED: only 03, 04, 05, 06, 07, 17 call assert_discovery_only, and in all six the call sits immediately after `.between(ANALYSIS_START, ANALYSIS_END)` (03:65/66, 04:35/36, 05:32/33, 06:44/45, 07:37/38, 17:80/81), making it tautological. Demonstrated: on a 2015-2024 frame with 2,192 out-of-window rows, filter-then-guard passes; guard-first raises. 03b:33/37 and 03c:20/22 have no guard.

CORRECTION 1 — scope is larger: four scripts read panel_cd_day.parquet unguarded, not two. Add 08_figures.py:55 and 18_null_calibration.py:68-72.

CORRECTION 2 — the defect is deeper than placement. assert_discovery_only compares against the same ANALYSIS_START/ANALYSIS_END the callers filter on (freeze_guard.py:37), so widening them per GATE_C_MEMO:290 widens the guard too; and freeze_guard.py:29-30 no-ops it once FREEZE_ACTIVE is False. Moving the call before the filter does NOT make it enforce anything. Real enforcement needs a separate frozen constant (e.g. DISCOVERY_END) that widening ANALYSIS_END cannot move.

CORRECTION 3 — 03c's literals are correct, not a defect. Its docstring (:3-8) declares it discovery-only; the literals pin it there. Replacing :20 with ANALYSIS_START/ANALYSIS_END would silently widen it when config widens. Do not apply that fix.

CORRECTION 4 — the 13:48 fix would cause a serious defect. `period` is a permanent record of which episodes were examined in discovery (currently 30 discovery / 40 extension of 70). Substituting ANALYSIS_START/ANALYSIS_END and widening them relabels all 70 as ""discovery"" (verified by recomputation), which 18:85-86 consumes ungated by FREEZE_ACTIVE. Leave 13:48 hard-coded, or bind it to a frozen DISCOVERY_START/DISCOVERY_END distinct from the analysis window.

CORRECTION 5 — downstream harm applies to one consumer, not four: 07:63, 08:52 and 17:86 gate the period filter on `if FREEZE_ACTIVE:` and drop it when the freeze lifts. Only 18:85-86 is exposed to a stale label.

Nothing leaks today: the panel does not exist, and 01_build_panel.py:44,79 bounds it by PANEL_BUFFER_START/END = 2016-12-01..2021-01-31 (config.py:36-37)."
X10,spec_vs_code,moderate,"Documented run order omits four scripts the pipeline depends on, 08_figures references a panel column that does not exist, and three cited artifacts were never created",3/3 survived refutation,"Fix 08_figures.py:57-58 to use `mh_narrow`; rewrite README.md:67 as 00 -> 01 -> 09 -> 10 -> 11 -> 11b -> 11c -> 12 -> 13 -> 02b -> 03..07 -> 08, with 16/20/21 placed explicitly; add 10d as a prerequisite of 06 (or drop the 2010 vintage from 06). Either write PRE_ANALYSIS_NOTE.md and run_all.py or remove the citations; un-gitignore outputs/tables/*.csv if the replication package depends on them; and either wire up or delete the five dead config constants.","README.md:67 gives the run order as ""00 (locally) → 01 → 09/10/11/12 (build CAI) → 02b → 03/04/05/06/07 → 08"". It omits 11b and 11c (which write cai_trends_daily.csv and cai_trends_anchored.csv, the files 12_build_cai.py:42-47 reads), 13_extension_episodes.py (which writes confirmation_episodes.csv, read by 07:62, 08:50, 17:85, 18:85), 10d_parse_cd_demographics.py (which writes cd_demographics_clean.parquet, required at 06_heterogeneity.py:52), and 16/20/21. Separately, 08_figures.py:57-58 groups on `[""mh_narrow_calls"", ""total_calls""]`, but 01_build_panel.py:87 writes the column as `mh_narrow` — `mh_narrow_calls` exists only as a row label in the sample_definition table (01:129).","08_figures.py:57-58 groups on [""mh_narrow_calls"", ""total_calls""], but 01_build_panel.py:87 writes the column as mh_narrow — reproduced against 01's exact schema, this raises KeyError: ""Columns not found: 'mh_narrow_calls'"", so Figure 1 dies before any figure is written. The string exists nowhere else except the row label ""mh_narrow_calls_in_window"" at 01:129. This is a genuine one-word bug.

The run order at README.md:67 (""00 → 01 → 09/10/11/12 → 02b → 03/04/05/06/07 → 08"") does omit 10d, 11b, 11c, 13, 16, 20 and 21, but only one of those omissions actually breaks a run: 10d_parse_cd_demographics.py writes cd_demographics_clean.parquet, which is gitignored (data/processed/*.parquet), is absent from the repo, and is required at 06_heterogeneity.py:52 — so 06 fails first, before 08. By contrast the outputs of 11b, 11c and 13 (cai_trends_daily.csv, cai_trends_anchored.csv, confirmation_episodes.csv) are all committed under data/reference/, so a replicator never needs to run them; 12_build_cai.py:42-47 additionally falls back from anchored to daily. Their omission is a rebuild-from-source documentation gap, not a pipeline dependency break.

The README-coverage claim also needs correcting in both directions: 10d, 11b, 11c, 16 and 20 ARE documented in the README pipeline block at lines 56-64 — only the run-order line skips them. Wholly absent from README are eight other scripts: 00b, 03c, 13, 17, 18, 21, event_study.py and freeze_guard.py.

The missing-artifact and dead-constant claims are fully confirmed: docs/PRE_ANALYSIS_NOTE.md has an empty `git log --all` (never existed) while cited at 03_main_model.py:3 as the authority for the primary specification and required by REWORK_PLAN.md:129; run_all.py likewise never existed despite REWORK_PLAN.md:75,237 and ROADMAP.md:15,60; outputs/tables/*.csv is gitignored with only .gitkeep tracked, so the three tables 08 reads at :94/:114/:172 are uncommitted; and EMS_EXTRACT_TRENDS (config.py:29), MIN_CALLS_SENSITIVITY (:40), DID_EVENT_QUANTILE (:100), BHEARD_PRIMARY_BOUND (:115) and H1_TEST (:139) have no importer anywhere, with 17_stacked_event_study.py:6 claiming to have fixed H1_TEST while never importing it."
T1,treatment,blocking,trends_nyc has a ~2.8x artificial level break on 2021-09-26 caused by the stitching scale fallback — it sits inside the frozen confirmation window,3/3 survived refutation,"Replace the ratio-of-means chain with a robust link (regress new on previous over the overlap through the origin, require a minimum number of jointly-positive overlap days, and abort loudly instead of falling back to 1.0). Re-anchor the whole NYC series to the un-stitched decade anchor. Then rebuild the episode list and publish the diff for 2021-2024.","scripts/11b_fetch_trends.py:53 falls back to `scale = 1.0` whenever the overlap mean of the new chunk is zero. The NYC chunk covering 2021-05-29..2021-09-25 is entirely zero, so both overlap means were 0 and the chain reset: from 2021-09-26 onward the NYC series sits on the raw 0-100 scale of a fresh window rather than on the 2015-2021 chain. The break survives 11c because the anchoring only touches days 1-7 (finding 1).","trends_nyc has an artificial multiplicative level break beginning 2021-09-26, caused by the `else 1.0` scale fallback at scripts/11b_fetch_trends.py:53. The mechanism, the break date, and the downstream damage are all confirmed; only the size of the break is misstated — it is roughly 4x, not 2.8x.

Verified mechanism: chunk 19's exclusive segment (2021-05-29..2021-09-25) is entirely zero, so prev_m = 0 at the 19->20 link. Since the post-break series is not identically zero, new_m must also have been 0, so `scale` fell back to 1.0 and chunk 20 onward sits on the raw 0-100 scale of a fresh window instead of the 2015-2021 chain. Per-chunk quantization units confirm this: ~11-19 for chunks 0-18, then 65, 48.9, 64.11, 73, 70.55, 63.28, 69.94, 76.77, 153, 97 for chunks 20-29. trends_us shows no such break, so it is NYC-specific.

The break survives 11c because the ""weekly"" anchor request at 11c:62 spans 10 years and Trends returns MONTHLY data for such a window; the 7-day mask at 11c:74 therefore rescales only days 1-7 of each month. Only 178 of 3653 NYC days differ between the stitched and anchored files, and all of them are days 1-7.

Corrected magnitude: the claim's ""mean(stitched/anchor) = 0.578 pre vs 1.601 post, factor 2.77"" does not reproduce. Recovering the monthly anchor from the anchored days 1-7, I get 0.6951 pre (56 months) vs 3.2397 post (15 months) = 4.661 at month level, 3.964 at day level, 3.312 pooled. A cleaner year-by-year measure — the ratio of stitched days 8-31 to anchored days 1-7 — is stable at 0.52-0.97 for 2015-2021 and jumps to 2.674 (2022), 3.451 (2023), 1.816 (2024), against a trends_us ratio that is flat at 1.09-1.37 in all ten years. So the inflation is roughly 2.6x-5x, averaging about 4x.

Corrected downstream impact (deflating only days 8-31, since days 1-7 are already on the anchor scale): 2022's share of days with cai_d > 1.0 falls from 0.0438 to 0.0110 (not 0.022) and its episode count from 12 to 4 (not 7); 2023 falls from 0.0438 to 0.0301 and 5 episodes to 2; total episodes 70 -> 58. The claim's stated figures (0.044 -> 0.022 and 0.044 -> 0.027) reproduce exactly under its own 2.77x assumption, so its arithmetic is internally consistent — the assumption is just too conservative.

Two facts make this more damaging than the claim states. First, all 16 of 2022's threshold-crossing days are driven by trends_nyc alone (z = 2.40-3.00, while trends_us z is -0.37 to 1.10), and all 16 fall on days 8-31, i.e. entirely on the un-anchored scale. Second, NYC attention on the true anchor scale did not rise in 2022 at all: the anchored days-1-7 annual mean is 2.50 in 2021, 2.17 in 2022, 3.42 in 2023. The entire apparent 2022 attention signal in the frozen episode list is artifactual.

Note also that docs/DATA_AUDIT.md:13-31 already flags 2022's 12 episodes but blames component-count instability; that attribution is wrong, since correcting the NYC scale alone with the component set held fixed removes two thirds of them.

The latent bug is real as described: with prev_m == 0 and new_m > 0, `scale` evaluates to 0.0 and every subsequent chunk is multiplied to zero permanently."
T2,treatment,blocking,"trends_victims is not in ""topic units"" — the code never divides by the topic term, so every sizeable victim saturates at exactly 100 and the component counts open windows rather than measuring attention",3/3 survived refutation,"Either drop trends_victims (DATA_AUDIT §2 already shows the 3 always-on components correlate 0.985 with the index), or actually implement the intended normalisation (`df[name] / df[TOPIC]` with a guard on the denominator) and re-fetch, including the missing Sonya Massey window. Correct the docstring either way — it currently asserts a normalisation the code does not perform.","The docstring (11c:7-10) claims victim volume is ""expressed in topic-term units and is therefore comparable across victims"". The code does not do this: line 96 is `ratio = df[name].astype(float)` — the victim column is taken raw, never divided by `df[TOPIC]`. The variable name says a ratio was intended. Because Google Trends normalises a multi-term window so that max over ALL terms = 100, any victim whose peak exceeds the topic term's peak in that window is pinned to 100 regardless of true magnitude, and the pinning threshold moves with the topic term's own level, which varies ~4x across the decade.","Confirmed as stated, with three refinements.

CODE: scripts/11c_trends_anchor_and_victims.py:96 is `ratio = df[name].astype(float)` — the victim series is taken raw and is never divided by `df[TOPIC]`. The topic term is used only as a liveness gate at line 91 (`df[TOPIC].max() == 0`). The docstring at 11c:8-10 (""expressed in topic-term units and is therefore comparable across victims"") is factually wrong about what the code does. The variable name `ratio` confirms a normalisation was intended.

DATA (all figures reproduce exactly against data/reference/cai_trends_anchored.csv, windows reconstructed from VICTIM_EVENTS at 11c:28-38): solo-day maxima Stephon Clark 100.0, Laquan McDonald 100.0, Atatiana Jefferson 100.0, Daunte Wright 100.0, Tyre Nichols 100.0, vs Keith Lamont Scott 24.0, Jordan Neely 9.0, Walter Scott 1.0. Means by open-window count: 2.25 (n=1, 1026 days), 7.05 (n=2, 358), 4.76 (n=3, 123), 31.23 (n=4, 114). All-time peak 2016-07-07 = 198.0 with exactly {Alton Sterling, Philando Castile} open, exceeding 2020-06-05 = 148.0 with four windows open. Sonya Massey: 0/151 window days present, all 17 other victims 151/151; the series ends 2023-08-29, so trends_victims has zero 2024 coverage.

REFINEMENT 1: ""every sizeable victim saturates at exactly 100"" is directly OBSERVED for the five victims that have solo days. George Floyd, Breonna Taylor, Rayshard Brooks, Elijah McClain, Philando Castile and Daniel Prude never appear alone, so their pinning is inferred from the Trends normalisation rule rather than measured. (Breonna Taylor, Alton Sterling, Walter Wallace and Freddie Gray do have solo days but only at far window edges, where the value is 0.)

REFINEMENT 2: the damage is broader than the capped peak. Google Trends rescales the ENTIRE window by that window's maximum, so all 151 days of every victim window are in window-specific units, not just the day that reads 100.

REFINEMENT 3 (strengthens the claim): the ""topic term varies ~4x"" premise checks out — annual means of anchored trends_us run 22.26 (2020) to 4.44 (2024), 17.66 in 2015; max/min 5.0x, or 4.0x excluding 2020. And the predicted consequence is already baked into the FROZEN artifact: in data/reference/confirmation_episodes.csv the 2016-07 Sterling/Castile extension episode has peak_cai_d 5.15, statistically tied with the Floyd discovery episode at 5.36 and above every other episode in the list.

MINOR CORRECTION TO A QUOTED FIGURE (belongs to DATA_AUDIT.md, not to this finding): recomputing DATA_AUDIT §2's numbers from the component files gives corr(as-built CAI-D, three-always-on-component index) = 0.9834 (doc says 0.985) and 447 high days without trends_victims (doc says 630); 378 high days as built does reproduce. This does not disturb the ""cost of dropping is small"" conclusion the proposed fix rests on.

ADJACENT DEFECT FOUND WHILE VERIFYING: scripts/12_build_cai.py:6 documents CAI-D as ""wiki_ext, trends_us, trends_nyc"" while line 36 sets D_COMPONENTS = [""wiki_ext"", ""trends_us"", ""trends_nyc"", ""trends_victims""]. The component is in the index despite its own build script's docstring saying it is not."
T3,treatment,blocking,"trends_nyc is a censored indicator, not a level: 79% of days are exactly zero and the censoring rate swings from 55% (2020) to 98% (2024)",3/3 survived refutation,"Do not treat NYC zeros as levels. Either (a) fetch the NYC series with a broader term set or as a topic so it clears the floor, (b) model trends_nyc as a censored variable / binary above-floor indicator, or (c) drop it from CAI-D and demote it to a validation exhibit. Report the zero-share by year in the Methods table whichever route is taken.","The NYC-DMA daily series for the literal term ""police brutality"" is below Google's reporting floor on most days, so it is recorded as 0. Zero is not ""no attention""; it is ""below the floor of THIS window's 0-100 rescaling"", and that floor moves with the window's maximum. The censoring rate is itself a function of attention intensity and of which spike happened to fall in the same 180-day window, so the component means something different in every year.","CONFIRMED with one framing correction and additional aggravating evidence.

All quantitative evidence reproduces exactly. trends_nyc in data/reference/cai_trends_daily.csv is 0 on 2899 of 3653 days (0.7936); yearly zero-shares are 0.6630, 0.7186, 0.7534, 0.7836, 0.7507, 0.5519, 0.9205, 0.9205, 0.8904, 0.9836. The anchored file cai_trends_anchored.csv (the one scripts/12_build_cai.py:47-51 actually loads) has the identical zero pattern. In data/processed/cai_daily.parquet all 2899 zero days carry the single value trends_nyc = -0.554082, analytically (0 - 0.7333)/1.3234 from the 2017-2019 log1p mean/SD; that one constant is 79.36% of the series. The 2017-2019 standardisation window is 762/1095 = 76.26% zeros. Yearly corr(trends_us_z, trends_nyc_z) is 0.635/0.541/0.487/0.326/0.422/0.732/0.432/0.233/0.418/0.054 against a full-sample 0.535 reported as corr_nyc_vs_us_trends (row 17, 0-indexed, outputs/tables/cai_validation.csv). The anchor figures also reproduce: 49 of 120 months, 8 in 2021, 8 in 2022, 10 in 2024.

STRONGER DIRECT PROOF THAN OFFERED: in the first un-stitched 180-day chunk (2015-01-01..2015-06-29) the raw integer NYC values have distinct set [0, 19, 20, 21, ...] with nothing between 1 and 18. A recorded 0 therefore means ""anywhere in [0,18] on this window's 0-100 scale"", i.e. up to 18% of the window maximum. Zero is a censoring bin whose width is set by the window, exactly as claimed. Chunk-level zero-share of newly assigned days swings from 0.233 (chunk 2020-04-04..2020-09-30, containing Floyd) to 1.000 (chunk 2021-03-30..2021-09-25, all 120 newly assigned days exactly 0). Longest consecutive zero run is 153 days, 2024-05-14 to 2024-10-13.

THREE AGGRAVATING FACTS THE FINDING DID NOT REPORT:
(1) scripts/11c_trends_anchor_and_victims.py:62 requests the timeframe ""2015-01-01 2024-12-31"" in one call, which Google Trends returns at MONTHLY granularity, but line 73 builds the rescale mask as wstart to wstart+7 days. The anchor therefore rescales only days 1-7 of each month; days 8-31 are bit-identical to the unstitched stitched series (verified: share identical to stitched is 1.000 for every day-of-month >= 8 and ~0.00 for days 1-7 in trends_us). The drift-correction step the design relies on is inert for 76% of days. Relatedly, the anchor series is never persisted, so the ""49 of 120 months"" figure is not independently verifiable from stored artifacts: all 49 are months in which the stitched days 1-7 were also all zero, so anchor=0 cannot be distinguished from the no-rescale branch (m>0 guard).
(2) scripts/20_data_audit.py:78 lists trends_nyc in ALWAYS_ON and uses that trio as the clean reference baseline for trends_victims_selection_gap and corr_cai_d_vs_always_on_only; outputs/tables/data_audit.csv grades it ""coverage_trends_nyc, 2015-01-01..2024-12-31, PASS, 3653 days, 0 internal gaps"" — the exact error class under audit.
(3) scripts/13_extension_episodes.py:23 derives all 70 episodes (40 of them extension-period, including 2021-2024) directly from cai_d > 1.0, so the censoring propagates straight into the frozen confirmation-window event definitions.

FRAMING CORRECTION: the weights are not a clean 3/4-national + 1/4-local in discovery versus national in confirmation. trends_victims is absent for all 366 days of 2024 and 361 of 365 days of 2022, so trends_nyc carries 1/3 weight there — but it also carries 1/3 weight on 347 of 365 days of 2017, inside the discovery window (mean n_d_components: 2017 = 3.05, 2018 = 3.74, 2024 = 3.00). And 2015-2016, which are confirmation-window years, are the LEAST censored in the decade (66.3% and 71.9%). The defect is therefore not a discovery-versus-confirmation contrast but chunk-by-chunk variation in information content across the whole decade, which is a stronger version of the same point. The proposed fix is unaffected."
T4,treatment,serious,"The CAI-S divergence-day falsification sample is selected by component count, not by supply/demand divergence",3/3 survived refutation,"Restrict the divergence test to 2017-2022 where both supply components exist, or standardise cai_s after averaging so that component count cannot drive the tail. Re-derive the divergence day list and re-check how many days survive.","cai_s is the unweighted mean of whatever supply components exist (12_build_cai.py:83). gdelt_news covers only 2017-2022, so cai_s is a single-component index in 2015, 2016, 2023 and for 81 days of 2024, and a two-component (variance-halved) index elsewhere. The divergence test (12_build_cai.py:148) selects days with cai_s above its own 95th percentile, which mechanically selects the single-component years.","The CAI-S divergence-day falsification test is vacuous, but because gdelt_tv is not comparable across years — not because of component count.

Verified as stated: cai_s is the unweighted mean of available supply components (12_build_cai.py:83); gdelt_news exists only 2017-2022; the divergence rule (12_build_cai.py:148) yields 18 days, 17 of them in years where gdelt_news is missing; all quoted SDs and the 0.756 correlation reproduce exactly.

The attributed mechanism is wrong. At r = 0.756 averaging two components reduces SD by 6%, not by half; measured in the six years where both exist, SD(cai_s)/SD(gdelt_tv) averages 0.915 and exceeds 1 in 2020. A counterfactual that holds component count constant at one in every year (gdelt_tv alone as the supply index, same selection rule) still returns 12 days in 2015, 3 in 2016 and 3 in 2023 out of 25 — the year concentration survives removing the alleged cause entirely, and the two-component average is in fact what admits the 2017-2019/2022 days the as-built version lacks.

The real defect is that gdelt_tv means something different before 2017: raw annual mean 0.09 (2015) and 0.06 (2016) versus 0.03/0.02/0.02 in 2017-2019, with only 36.4%/62.0% zero-days versus 68-76%. Because all components are standardised on the 2017-2019 window (12_build_cai.py:77-78), the denser pre-window series is pushed into the upper tail by construction. This is the same error class the audit targets, but the object is gdelt_tv's cross-year comparability, not the number of components averaged.

Neither proposed fix works. Standardising cai_s after averaging is a strict no-op — a global affine transform against a within-sample quantile leaves the selected day set bit-identical (verified, 18 == 18). Restricting to 2017-2022 leaves exactly 1 divergence day (2021-12-28), so the fix does not repair the test; it retires it.

Correct action: do not report the divergence day list as a passed falsification check. Either drop the test, or rebuild it on a supply series whose level and density are stable across 2015-2024, and separately flag gdelt_tv's pre-2017 level break wherever else it enters. (Minor: in 2024 cai_s is single-component on 285 days and undefined on 81, not single-component on 81.)"
T5,treatment,moderate,"The Trends ""weekly anchor"" is actually MONTHLY, so only days 1-7 of each month were rescaled — the other 77% of days keep the stitched scale",3/3 survived refutation,"Re-fetch the anchor at weekly granularity by requesting it in <5-year blocks (Trends returns weekly for 1-5 year windows) and chaining those, or drop the anchoring step entirely and keep the pure stitched series (the drift check below shows US stitching is sound). If the monthly anchor is kept, the mask must span the actual period each anchor point covers (`wstart` to the next `wstart`), not a hard-coded 7 days. Until fixed, add day-of-month fixed effects to every model and re-derive the episode list; report the diff.","scripts/11c_trends_anchor_and_victims.py:61 requests a single Trends series over `""2015-01-01 2024-12-31""`. Google Trends returns MONTHLY granularity for a 10-year window, not weekly as the docstring (11c:3-6) and the loop assume. Line 74 then applies a 7-day mask (`anchored.index < wstart + pd.Timedelta(days=7)`) to what are month-start timestamps, so only days 1-7 of each month get rescaled to the anchor; days 8-31 retain the 11b chain-stitched scale, which is a systematically different scale. The result is a permanent within-month step in the treatment.","scripts/11c_trends_anchor_and_victims.py:61 requests the Trends anchor over a 10-year window, which Google returns at MONTHLY granularity, not weekly as the docstring (11c:3-5) and the 7-day mask at 11c:74 assume. Confirmed from the committed data: backing the anchor out of data/reference/cai_trends_anchored.csv yields exactly 120 values, one per calendar month, all integers on 0-100 with max exactly 100.0 in 2020-06. Consequently only days 1-7 of each month are rescaled — anchored/stitched is exactly 1.000 for all 2777 trends_us days with day-of-month > 7 (sd 1.79e-17) and ranges 0.337-3.642 on the 834 days 1-7. The anchoring step is therefore inoperative for 77% of the series, and because the anchor scale sits ~25% below the stitched scale (yearly median anchor / full-month-mean stitched = 0.774, 0.742, 0.746, 0.765, 0.737, 0.741, 0.730, 0.786, 0.747, 0.715 for 2015-2024), it leaves a permanent within-month step: trends_us mean z = -0.447 on days 1-7 vs -0.039 on days 8+ (-0.408 SD, p=3.5e-16), 8 of 10 years at p<0.001. The script's own diagnostic (11c:80-81), corr(stitched, anchored) = 0.886 / 0.908, hides it.

The downstream consequence is narrower than originally stated. (a) In the frozen discovery window the composite treatment is clean: cai_d step is -0.0151 SD, t=-0.24, p=0.8135 over 2017-2020, versus -0.1019, t=-2.95, p=0.0032 over the full decade — the composite averages the contaminated trends_us with 2-3 uncontaminated components, and the years carrying the step (2015, 2016, 2021-2024) are exactly the ones not yet examined. So 03_main_model.py's missing day-of-month FE is not a live problem for the discovery estimates. (b) The event-study sub-claim is wrong: 17_stacked_event_study.py:85-89 stacks on episode `start`, and starts are uniform in the month (15 of 70 on days 1-7 vs 16.1 expected, p=0.887). Only `peak_date` is skewed (8 of 70, p=0.022), and peak_date is used only in 08_figures.py:51 and 20_data_audit.py:171, never in estimation. (c) Day-of-month explains only 0.7% of cai_d variance (joint F p=0.685) and 2.2% of trends_us — a 1-df step, not a broad sawtooth. (d) The asserted benefit-payment cycle in the outcome could not be checked: data/processed/panel_cd_day.parquet is absent from this checkout.

Correct disposition: fix the anchor (re-fetch in <5-year blocks for weekly granularity, or mask wstart-to-next-wstart instead of a hard-coded 7 days, or drop anchoring and keep the stitched series) BEFORE unfreezing 2015-2016 and 2021-2024, since that is where the contamination lives. Add a day-of-month FE robustness check rather than changing every model's specification, and re-derive the episode list after the fix. No re-estimation of the 2017-2020 discovery results is required on account of this defect."
T6,treatment,moderate,"Trends measurement precision degrades ~5x over the decade, so treatment attenuation bias is year-specific and a 2021-2024 null is not interpretable",2/3 survived refutation,"Fetch Trends with a term whose volume stays well off the floor across the decade (a multi-term payload matching the GDELT frozen query, or the Trends topic entity the design doc specifies — 11_fetch_awareness_components.py:25 uses four phrases while 11b:22 uses one literal string). Then report a per-year signal-to-quantization diagnostic, and pre-specify an attenuation-corrected or reliability-weighted specification before opening the confirmation sample.","Google Trends returns integers 0-100 rescaled to each request window's own maximum. Because US search share for ""police brutality"" falls sharply over the decade while the request windows are fixed at 180 days, the number of distinct values the daily series can take collapses toward the end of the sample. The treatment therefore carries far more quantization error in 2021-2024 than in 2015-2019 — classical measurement error that attenuates the coefficient by a year-varying factor.","Google Trends does rescale each 180-day request window to that window's own max, but that is precisely why the decade-long decline in search level does NOT reduce daily resolution: every window still spans raw 0-100. Reconstructing the quantization unit for all 30 chunks of data/reference/cai_trends_daily.csv confirms trends_us hits an implied raw max of ~100 in essentially every chunk from 2015 through 2024, and its precision is flat over the decade (relative quantization step 0.0360 in 2015-2019 vs 0.0373 in 2021-2024, ratio 1.04x; distinct values per chunk 48.6 vs 44.6; standardised SD 0.98-1.01 vs 0.90-1.12). The finding's per-chunk raw-max table (25.0/14.0/16.7 in 2015, 5.0/3.8 in 2021-22) does not reproduce and is impossible by construction. What actually drives coarseness is within-window peakiness (corr = +0.978 with log peakiness, -0.04 with year), so the coarsest US window in the sample is 2020-02-04..2020-06-02 (12 distinct values over 120 days) — inside the discovery window, not the confirmation window. The precision problem is real but confined to trends_nyc, and it is zero-censoring rather than range compression: non-zero days fall from 123/103/90/79/91 in 2015-2019 to 29/29/40/6 in 2021-2024, with a 153-day all-zero run and all of 2021-05-29..2021-09-25 zero; in 2024 trends_nyc is non-zero on 6 of 366 days and takes 7 distinct values, making it a near-constant in the composite. That is one of three components live in 2024 (trends_victims is 0/366), it is not a 5x decade-wide attenuation of the treatment, and docs/DATA_AUDIT.md:37-48 conceals it by recording trends_nyc availability as 1.00 in every year. The right remedy is a zero-inflation / informative-days diagnostic per component-year and a decision rule for dropping or reweighting trends_nyc when its non-zero share collapses — not a decade-wide attenuation correction."
T7,treatment,moderate,Component coverage silently ends early and the provenance record asserts a span the data does not have,3/3 survived refutation,"Move the try/except inside the per-year loop so one failed year does not truncate the rest; record the ACTUAL min/max date and row count per component in the provenance row rather than the constants; fail loudly (non-zero exit) when a component's realised coverage is short of the requested window. Sort `out` by (component, date) before writing in 11c.","In scripts/11_fetch_awareness_components.py the gdelt_news year loop (lines 80-90) is wrapped in a single try/except (79-92), so the first RuntimeError aborts every remaining year while the already-fetched years are still written. The gdelt_tv loop similarly wrote a truncated final year. The provenance row appended at 11:100-105 then records the intended span, not the fetched span.","In scripts/11_fetch_awareness_components.py the gdelt_news year loop (:82-90) is wrapped in one try/except (:79-92), so the first RuntimeError aborts all remaining years while already-fetched years are still written (:98, outside the try) and the process prints one warning and exits 0. Realised coverage in data/reference/cai_components_daily.csv: gdelt_news 2188 days, 2017-01-01..2022-12-31 (2023-24 entirely absent; 3 interior gaps at 2017-12-01, 2017-12-02, 2020-10-20); gdelt_tv 3572 days, 2015-01-01..2024-10-11 (81 days missing to year end); wiki_ext from 2015-07-01. The gdelt_tv truncation has a DIFFERENT cause — that loop (:63-75) is not in a try/except, so it truncates via line 72's `js.get(""timeline"", [{}])[0].get(""data"", [])` silently accepting a short/empty series. The S11 provenance row in data/reference/data_sources.csv nonetheless records ""2015-01-01..2024-12-31"", false for all three components. Consequences: cai_s is NaN on the 81 days 2024-10-12..2024-12-31 (verified: cai_s non-null on 285/366 days of 2024 in data/processed/cai_daily.parquet) — there is no n_s_components column to flag this, only n_d_components (12_build_cai.py:84). Because gdelt_news/gdelt_tv are the CAI-S diagnostic tier (12_build_cai.py:20), the treatment CAI-D is unaffected; what breaks is the divergence-day falsification test in 2015-16 and 2023-24 (already noted in docs/DATA_AUDIT.md:87-88) and, more seriously, cai_s changes composition across the decade — a two-component mean of separately-standardized series in 2017-2022 versus gdelt_tv alone in 2015-16 and 2023-24 — which is confirmed defect class #2 recurring on the supply tier. Separately, scripts/11c_trends_anchor_and_victims.py never sorts `out`, so cai_trends_anchored.csv has a non-monotonic trends_victims date block and partial date slicing of it raises KeyError; no current consumer hits this, since 12_build_cai.py:47 and 20_data_audit.py:47 both read it through pivot_table, which sorts."
T8,treatment,moderate,trends_victims' standardisation constants are estimated on a treatment-selected 39% subsample of the reference window,2/3 survived refutation,"If trends_victims is retained, standardise CAI-D as a whole on the reference window after averaging (DATA_AUDIT §1's recommended fix) rather than standardising components separately, so no component's calibration depends on its own selective availability. Report the number of reference-window days available per component in the validation table.","12_build_cai.py:74-78 standardises each component on 2017-2019 using only the days on which that component is observed. For trends_victims, observation is caused by the treatment (DATA_AUDIT.md §2), so the mean and SD that define the component's zero point and scale are estimated from a non-random, high-attention subsample of the reference window — and then applied to the whole 2015-2024 panel.","scripts/12_build_cai.py:74-78 standardises each CAI-D component separately on 2017-2019 using only that component's observed days. For trends_victims the zero point and scale are estimated from 431 of 1095 reference days (39.4%; ref mean(log1p)=0.561, sd=0.984), versus all 1095 for wiki_ext, trends_us and trends_nyc. This is a genuine apples-to-oranges scale mismatch: trends_victims' zero point means ""a typical day on which Google Trends reported the series"", while the other three mean ""a typical calendar day"". However the consequences are the opposite of those originally asserted.

(a) The bias is conservative, not inflationary. Centring on a higher-mean subsample pulls z-scores down, so trends_victims' z averages only +0.090 on observed days (+0.023 into the 4-component mean) versus +0.635 (+0.159) under a full-window calibration imputing below-floor days as zero; CAI-D on those days is +0.296 as built versus +0.436. The selective calibration partly OFFSETS the DATA_AUDIT section 2 availability effect by about 0.14 CAI-D units rather than compounding it.

(b) trends_victims is the LEAST reference-window-sensitive of the four components, not the most: shifting to a 2021-2023 window moves its z by mean 0.179 versus 0.343 for trends_nyc, 0.727 for wiki_ext and 0.770 for trends_us (same ordering for 2017-2018, 2018-2019, 2016-2019). A reference-window robustness check would implicate wiki_ext's growth trend (DATA_AUDIT section 1), not this component.

(c) Within the reference window the subsample is only mildly attention-selected: +0.104 SD on the other three components, not the +0.593 SD full-panel gap, which is driven by between-year composition. And 61% of the reference days Trends does report are exact zeros, so availability is not a simple value floor.

Actionable residue: report per-component reference-window day counts in the validation table. The standardise-after-averaging fix is already DATA_AUDIT section 1's recommendation, and dropping trends_victims per DATA_AUDIT section 2 removes the issue entirely."
O5,outcome,blocking,"The EMS extract is truncated at 52% of the source: the download loop was killed, not completed, and the panel it feeds has never existed",direct observation,Re-run 00b to completion and assert the realised max date reaches the source max before any downstream stage consumes it; make the page loop record realised coverage rather than relying on a short final page to terminate it.,"data/processed/ems_pages/ held 29 pages x 500k = 14.5M rows ending 2016-06-10 against a source of 29,978,154 rows. The final cached page was FULL, so the `if len(df) < PAGE: break` terminator at 00b:57 never fired. ems_cd_day_calltype.parquet and panel_cd_day.parquet are both absent, so no estimate in the repo is reproducible.",Confirmed by direct inspection. This is a precondition blocker rather than a retraction: 17_stacked_event_study.py has never run.
R2,reversal,blocking,"REVERSED: ""episode labels are correct, 0 of 140 out of window"" is false — 39 of 70 are file-order artifacts",self-refuted,Relabel from a live source (post-episode Wikipedia pageviews on resolved titles) and diff the labels against the frozen file.,docs/DATA_AUDIT.md 5 states episode labels were verified correct.,"The verification only confirmed the named person died inside the window — the exact error class being hunted. Prominence ties are broken by file order over an all-zero retired-Twitter column, so 39 of 70 labels are arbitrary; episode 22 names the Newton NH Michael Brown."
R3,reversal,blocking,REVERSED: the null-calibration PASS is meaningless — the verdict cannot fail and the artifact is a 12-sim smoke test,self-refuted,Require p-value uniformity (KS) rather than a rejection rate inside a wide binomial band; delete the stale artifact; re-run at >=1000 sims after the estimator defects are fixed.,"outputs/tables/null_calibration.csv reads CALIBRATED, and Gate C 6.3 was treated as discharged.",At the documented 200 sims the same run prints NOT CALIBRATED. The committed artifact came from 12 sims / 25 draws with no real panel. Gate C 6.3 is open.
R7,reversal,blocking,PARTIALLY REVERSED: H1 is described as a two-sided joint test but implemented as a 1-df mean,self-refuted,Implement the joint Wald test on the 8 first-week coefficients; keep the mean only as a reported effect size.,"config.H1_TEST = ""two_sided_joint_lags_0_7"" and the Gate C memo ratify a joint test.","first_week_effect averages the day 0-7 coefficients — a single linear contrast with near-zero power against the dip-then-rebound the project itself hypothesises. The p-values that ratified the reframe came from an 8-df Wald in 03c, so the label and the code disagree."
R8,reversal,moderate,REVERSED: the PPML/counts arm of the primary estimator is dead code and the documented offset does not exist,self-refuted,"Wire the counts arm into 17 with a real log total-calls offset, or delete the claim from the docstring and the memo.",17_stacked_event_study.py documents PPML on counts with a log total-calls offset reported beside the share results.,"counts=True is never passed by any caller, and fepois is called with no offset term. The counts path has never executed."
T9,treatment,blocking,"The victim registry omits the most on-hypothesis events, so gating the article basket on it would make Daniel Prude and Sandra Bland invisible to the treatment index",verified against the MPV source directly,"Do not gate the CAI-D article basket on registry membership. Select from the live Wikipedia category tree (24_build_wiki_basket.py), resolve each candidate's date, country and manner of death from Wikidata (26_resolve_basket_scope.py), and use the registry only to attach race and to cross-check. Record every include/exclude decision with its reason in a committed file so the scope rule is reviewable. State the MPV coverage gap in the limitations.","victim_registry.csv is 100% Mapping Police Violence (13,241 rows, source column is MPV for every row), built at 10_build_victim_registry.py:26-37 and filtered to 2013-2024. The natural rule for the rebuilt article basket is to keep only articles matching a registry victim.","That rule would delete the events the paper is about. Fetched the MPV workbook directly (15,550 rows, sheet ""2013-2026 Police Killings"") and searched it: Daniel Prude, Sandra Bland, Marvin Scott, Javier Ambler, Leneal Frazier and Jordan Neely are ABSENT from MPV itself, so this is source coverage rather than a parsing bug (the registry is a faithful date-filtered subset; 15,550 -> 13,241 is the 2025-2026 rows plus ""name withheld by police""). The omissions are not random with respect to the hypothesis: they are disproportionately in-custody, restraint and mental-health-crisis deaths, which are exactly the events most likely to move mental-health EMS demand. Daniel Prude is the single most on-hypothesis event in the dataset and finding E3 already notes he is invisible inside the 129-day mega-episode; he is in fact absent one level earlier, from the registry that seeds the basket. Separately, Jordan Neely is pre-specified in CONFIRMATION_PLAN.md:23-25 but was killed by a civilian rather than police, so a police-violence registry excluding him is defensible - that conflict between the frozen plan and the treatment definition needs an explicit decision, not a silent resolution. Note MPV does carry some restraint deaths (George Floyd, Elijah McClain), so the gap is not simply ""shootings only""."
F1,incident,blocking,"FREEZE INCIDENT 2026-09-10: confirmation-period outcome data was examined, because two EMS outcome artifacts sit outside freeze_guard coverage",self-reported by the agent that did it,"Record and disclose the incident; do not judge its own materiality. Then close the gap: freeze_guard coverage must extend to EVERY outcome artifact, not only panel_cd_day.parquet, and D.guard_coverage must test the full set. Add a check that enumerates outcome files and fails if any is read by a script that does not route through freeze_guard.","The confirmation freeze was believed to be enforced in code after the 2026-09-09 rewrite of freeze_guard.py: select_sample() owns both the filter and the check, every panel reader routes through it, GUARD_EXEMPT names the two documented exemptions, and D.guard_can_fire proves the guard rejects four classes of input including discovery rows reaching the confirmation sample.","The guard covers readers of data/processed/panel_cd_day.parquet ONLY. Two upstream EMS outcome artifacts are outside it entirely: data/processed/ems_citywide_day_trends.parquet (2005-2026) and data/processed/ems_cd_day_calltype.parquet (2014-12..2024-12). Both contain confirmation-period outcomes. On 2026-09-10 an automated audit agent, dispatched by Claude to investigate finding X9, read ems_citywide_day_trends.parquet and computed the citywide mental-health EMS call share by year for 2005-2026 - including confirmation years 2015, 2016 and 2021-2024 - specifically in order to demonstrate that the file is unguarded. The agent deliberately did not restate the computed values and reported the incident itself. SCOPE, stated precisely rather than reassuringly: a citywide annual aggregate of a level series. No episode alignment, no treatment merge, no district variation, no lag structure, no test of H1, and no comparison of treated to untreated days. Nothing that could inform a specification choice was produced or read. NOT MITIGATING: it is real contamination of the ""no confirmation outcome has been examined"" claim, and it originated inside this project rather than externally. The instruction not to examine 2021-2024 outcomes was given to the agent while the repository offered an unguarded path to exactly that data - the failure is the missing guard, not the agent. MATERIALITY IS NOT SELF-ASSESSED. Whoever ratifies Gate C decides whether this affects the confirmatory claim. Treating it as harmless because the numbers were withheld would be the same plausible-but-unchecked reasoning this audit exists to catch."
X11,spec_vs_code,blocking,"freeze_guard coverage is defined by one filename, so every other outcome artifact is unguarded by construction",established by incident F1,"Define the guarded set as a list of outcome artifacts in config.py (panel_cd_day.parquet, ems_cd_day_calltype.parquet, ems_citywide_day_trends.parquet, and any future outcome file) and have both freeze_guard and D.guard_coverage read that list. A new outcome artifact must then be added to the list to be produced at all, rather than defaulting to unguarded.","d_guard_coverage in scripts/23_regression_suite.py checks every script for the literal string ""panel_cd_day.parquet"" and requires such scripts to reference a freeze_guard entry point.","Coverage is keyed on ONE hard-coded filename, so the guarantee is exactly as wide as that string and no wider. Scripts reading ems_citywide_day_trends.parquet or ems_cd_day_calltype.parquet are never considered. This is the same defect class as the checks that pass for the wrong reason: the check asserts what it was written to assert rather than the property it is believed to guarantee, and its passing was read as ""outcome data is guarded"" when it only ever meant ""panel readers are guarded"". Discovered through incident F1, in which the unguarded path was actually taken."
