claim_id,source_id,doc,template,artifact,expr,fmt,note
C01_ems_source_rows,S1,docs/PAPER_MASTER.md,"**{} rows downloaded, complete**",,sum(rows_in(p) for p in sorted((PROJECT_ROOT/'data/processed/ems_pages').glob('*.parquet'))),"{:,}","Rows in the SODA download itself, summed over the paged parquet files. Footer-only since 2026-09-13: the previous expression decoded the timestamp of every incident in every year."
C02_registry_rows,S10,docs/PAPER_MASTER.md,| Victim registry | Mapping Police Violence | 2013–2024 | {} killings |,data/reference/victim_registry.csv,len(d),"{:,}",Mapping Police Violence killings 2013-2024.
C03_wiki_start,S11,docs/PAPER_MASTER.md,| Wikipedia pageviews | Wikimedia REST API | **{}**→2024 |,data/reference/cai_components_daily.csv,str(pd.to_datetime(d[d['component']=='wiki_ext']['date']).min().date()),{},Wikimedia daily per-article pageviews begin here; it sets the index start. Template retyped 2026-09-13 to anchor on the row label instead of a sibling cell's stale literal (CP1 audit).
C04_basket_articles,S16,docs/PAPER_MASTER.md,Current basket: **{} articles,data/reference/basket_decisions.csv,int((d['decision']=='include').sum()),{},Articles the scope rule includes.
C05_basket_people,S16,docs/PAPER_MASTER.md,"articles / {} people**, span",data/reference/basket_decisions.csv,int(d[d['decision']=='include']['person'].nunique()),{},Distinct people; fewer than articles because some people have several.
C06_basket_after_2020,S16,docs/PAPER_MASTER.md,**{} killed after 2020**,data/reference/basket_decisions.csv,int((pd.to_datetime(d[d['decision']=='include']['death_date'])>'2020-12-31').sum()),{},The retired Twitter-selected basket had zero; this is why it was rebuilt.
C07_scored_days,S11,docs/PAPER_MASTER.md,Current state: **{} scored days**,data/processed/cai_daily.parquet,int(d['cai_d'].notna().sum()),"{:,}",Days on which every CAI-D component is present.
C08_cai_ref_mean,S11,docs/PAPER_MASTER.md,mean `{}`,data/processed/cai_daily.parquet,float(d[(d['date']>='2017-01-01')&(d['date']<='2019-12-31')]['cai_d'].mean()),{:.6f},"Zero by construction on the reference window; asserted, not assumed."
C09_cai_ref_sd,S11,docs/PAPER_MASTER.md,SD `{}` on the,data/processed/cai_daily.parquet,float(d[(d['date']>='2017-01-01')&(d['date']<='2019-12-31')]['cai_d'].std(ddof=0)),{:.6f},One by construction on the reference window.
C10_panel_rows,S1,docs/PAPER_MASTER.md,"— **{} rows**, 59 districts,",,rows_in(PROJECT_ROOT/'data/processed/panel_cd_day.parquet'),"{:,}","District-day rows in the FULL-SPAN panel (2014-12..2024-12) from the parquet footer; until 2026-09-13 the file held the discovery buffer only (89,857)."
C11_panel_districts,S1,docs/PAPER_MASTER.md,"rows**, {} districts,",data/processed/panel_cd_day.parquet,int(d['communitydistrict'].nunique()),{},Must be exactly 59; anything else means the crosswalk or filter changed.
C12_mean_edp_share,S1,docs/PAPER_MASTER.md,Mean EDP share **{}**,data/processed/panel_cd_day.parquet,float((d['edp']/d['total_calls']).mean()),{:.4f},Mean over district-days of the EDP share.
C13_mean_total_calls,S1,docs/PAPER_MASTER.md,total calls per district-day **{}**,data/processed/panel_cd_day.parquet,float(d['total_calls'].mean()),{:.1f},Sets the scale for the PPML offset.
C14_trends_nyc_zero_all,S12,docs/PAPER_MASTER.md,{} of its days are exactly zero,data/reference/cai_trends_daily.csv,float((d[d['component']=='trends_nyc']['value']==0).mean()),{:.1%},"Share of days trends_nyc is exactly zero: Google's reporting floor, not a level."
C15_trends_nyc_zero_2020,S12,docs/PAPER_MASTER.md,from {} censored in,data/reference/cai_trends_daily.csv,float((d[(d['component']=='trends_nyc')&(pd.to_datetime(d['date']).dt.year==2020)]['value']==0).mean()),{:.0%},Least-censored year.
C16_trends_nyc_zero_2024,S12,docs/PAPER_MASTER.md,2020 to {} in 2024,data/reference/cai_trends_daily.csv,float((d[(d['component']=='trends_nyc')&(pd.to_datetime(d['date']).dt.year==2024)]['value']==0).mean()),{:.0%},"Most-censored year, and where the exposed confirmation stratum sits."
C17_rename_views_recovered,S17,docs/PAPER_MASTER.md,returned **{} views**,data/reference/rename_recovery.csv,int(d[d['n_titles']>1]['all_titles_views'].sum() - d[d['n_titles']>1]['canonical_views'].sum()),"{:,}","Views a canonical-title-only fetch discarded, recovered by summing historical titles."
C18_rename_articles,S17,docs/PAPER_MASTER.md,**{}** turned out to have more than one historical title,data/reference/rename_recovery.csv,int((d['n_titles']>1).sum()),{},"Articles with more than one historical title. One number per template, and no template may contain a number another claim owns: C18 and C19 shared a sentence with each other's value baked in, so updating one broke the other's match and both read as stale."
C19_rename_articles_total,S17,docs/PAPER_MASTER.md,Of the **{}** articles the title resolver covered,data/reference/rename_recovery.csv,len(d),{},"Articles the title resolver returned a series for. One number per template, and no template may contain a number another claim owns: C18 and C19 shared a sentence with each other's value baked in, so updating one broke the other's match and both read as stale."
C20_episodes_frozen,S11,docs/PAPER_MASTER.md,Frozen list = {} episodes,data/reference/confirmation_episodes.csv,len(d),{},The frozen artifact; must stay byte-identical to HEAD.
C21_episodes_rebuilt,S11,docs/PAPER_MASTER.md,rebuilt list = {} episodes,data/reference/confirmation_episodes_rebuilt.csv,len(d),{},Under the shock construct with a within-year quantile threshold.
C22_episode_max_days,S11,docs/PAPER_MASTER.md,no episode spans more than {} days from start to end,data/reference/confirmation_episodes_rebuilt.csv,int((pd.to_datetime(d['end'])-pd.to_datetime(d['start'])).dt.days.max()),{},Bounded by EPISODE_MAX_DAYS; the old regime rule produced 235.
C23_basket_usable,S11,docs/PAPER_MASTER.md,"**{}** now return a usable
series",data/reference/wiki_ext_basket_used.csv,int(d['ok'].sum()),{},"Articles that returned a usable pageview series. One number per template, and no template may contain a number another claim owns: C18 and C19 shared a sentence with each other's value baked in, so updating one broke the other's match and both read as stale."
C24_bheard_precincts,S15,docs/PAPER_MASTER.md,June 2021→ | {} precincts |,data/reference/bheard_precinct_adoption.csv,len(d),{},Precincts with a recorded B-HEARD adoption date.
C25_bheard_low_conf,S15,docs/PAPER_MASTER.md,{} of the 31 precinct dates are low confidence,data/reference/bheard_precinct_adoption.csv,int((d['confidence']=='low').sum()),{},A pre-registered control resting on low-confidence dates is a real limitation.
C26_suite_checks,-,docs/PAPER_MASTER.md,check — **{} checks** at present.,,"len([l for l in (PROJECT_ROOT/'scripts/23_regression_suite.py').read_text().split('CHECKS = [')[1].split(']')[0].splitlines() if l.strip().startswith('(""')])",{},"Counted from the CHECKS registry in the source, not from the CSV the suite writes at the end of its own run - that lagged by one run whenever a check was added."
C28_audit_checks,-,docs/PAPER_MASTER.md,"now runs: **{} checks,",outputs/tables/data_audit.csv,len(d),{},"Checks in the data audit, which used to crash before any ran."
C29_audit_flags,-,docs/PAPER_MASTER.md,"checks, {} flagged.**",outputs/tables/data_audit.csv,int((d['verdict']=='FLAG').sum()),{},Flag count; CP1 requires this to be monotonically non-increasing.
C30_sources_registered,-,docs/SOURCE_REGISTER.md,Sources: {} (,,len(json.loads((PROJECT_ROOT/'data/reference/source_register.json').read_text())['sources']),{},Sources in the register; SOURCE_REGISTER.md is generated from it.
C31_start_lag_max,S17,docs/PAPER_MASTER.md,starts within **{} days** of,outputs/tables/data_audit.csv,"int(str(d.loc[d['check']=='wiki_series_start_lag_max','value'].iloc[0]).rstrip('d'))",{},"Max days between max(death, creation) and the first observed pageview."
C32_start_lag_articles,S17,docs/PAPER_MASTER.md,every one of the **{}** usable,data/reference/wiki_ext_basket_used.csv,int(d['ok'].sum()),{},Articles with a usable series.
C33_titles_dated,S17,docs/PAPER_MASTER.md,the MediaWiki API for all {} titles,data/reference/article_title_map.csv,int(d['created'].notna().sum()),{},Historical titles with a resolved first-revision date.
C37_national_corr,S18,docs/PAPER_MASTER.md,correlates **{}** with the index as previously built,data/reference/wiki_nyc_validation.csv,"float(d.loc[d['metric']=='corr_current_vs_national','value'].iloc[0])",{:.4f},Measured when wiki_nyc was rejected as a CAI-D component (§4.3).
C34_nyc_corr_ext,S18,docs/PAPER_MASTER.md,correlating **{}** with `wiki_ext`,data/reference/wiki_nyc_validation.csv,"float(d.loc[d['metric']=='corr_wiki_nyc_wiki_ext','value'].iloc[0])",{:.2f},Recomputed 2026-09-11 from the REBUILT wiki_nyc series (finding T14).
C35_nyc_corr_us,S18,docs/PAPER_MASTER.md,and **{}** with `trends_us`,data/reference/wiki_nyc_validation.csv,"float(d.loc[d['metric']=='corr_wiki_nyc_trends_us','value'].iloc[0])",{:.2f},Recomputed 2026-09-11 from the REBUILT wiki_nyc series (finding T14).
C36_nyc_articles,S18,docs/PAPER_MASTER.md,The basket is **{} NYC articles**,data/reference/wiki_nyc_validation.csv,"float(d.loc[d['metric']=='wiki_nyc_articles_nyc','value'].iloc[0])",{:.0f},Recomputed 2026-09-11 from the REBUILT wiki_nyc series (finding T14).
C38_nyc_overlap,S18,docs/PAPER_MASTER.md,Those three are **{} of all `wiki_nyc` views**,data/reference/wiki_nyc_validation.csv,"float(d.loc[d['metric']=='wiki_nyc_overlap_view_share','value'].iloc[0])",{:.0%},Recomputed 2026-09-11 from the REBUILT wiki_nyc series (finding T14).
C40_nyc_garner,S18,docs/PAPER_MASTER.md,**Eric Garner alone is {}**,data/reference/wiki_nyc_validation.csv,"float(d.loc[d['metric']=='wiki_nyc_garner_view_share','value'].iloc[0])",{:.0%},Recomputed 2026-09-11 from the REBUILT wiki_nyc series (finding T14).
C41_nyc_disjoint,S18,docs/PAPER_MASTER.md,Making it disjoint leaves **{} articles**,data/reference/wiki_nyc_validation.csv,"float(d.loc[d['metric']=='wiki_nyc_disjoint_articles','value'].iloc[0])",{:.0f},Recomputed 2026-09-11 from the REBUILT wiki_nyc series (finding T14).
C42_nyc_r2,S18,docs/PAPER_MASTER.md,R² is **{}**,data/reference/wiki_nyc_validation.csv,"float(d.loc[d['metric']=='disjoint_r2_on_national','value'].iloc[0])",{:.3f},Recomputed 2026-09-11 from the REBUILT wiki_nyc series (finding T14).
C43_nyc_resid,S18,docs/PAPER_MASTER.md,**{} of its 8 largest positive residuals are Amadou Diallo**,data/reference/wiki_nyc_validation.csv,"float(d.loc[d['metric']=='disjoint_top8_resid_diallo','value'].iloc[0])",{:.0f},Recomputed 2026-09-11 from the REBUILT wiki_nyc series (finding T14).
C44_national_corr,S18,docs/PAPER_MASTER.md,correlates **{}** with the index as previously built,data/reference/wiki_nyc_validation.csv,"float(d.loc[d['metric']=='corr_current_vs_national','value'].iloc[0])",{:.4f},Recomputed 2026-09-11 from the REBUILT wiki_nyc series (finding T14).
C45_nyc_disjoint_year,S18,docs/PAPER_MASTER.md,the most recent killing among them is **{}**,data/reference/wiki_nyc_validation.csv,"float(d.loc[d['metric']=='wiki_nyc_disjoint_latest_death','value'].iloc[0])",{:.0f},Latest killing year in the disjoint local basket; the study window begins 2015-07-01.
C46_antipolice_peak_published,S11,docs/PAPER_MASTER.md,| cai_d on 2016-07-08 | **{}** |,outputs/tables/antipolice_sensitivity.csv,"float(d.set_index('metric').loc['peak_2016_07_08_published','value'])",{:.4f},Index value on its highest day with the anti-police articles excluded.
C47_antipolice_peak_counterfactual,S11,docs/PAPER_MASTER.md,| cai_d on 2016-07-08 | **12.5693** | {} |,outputs/tables/antipolice_sensitivity.csv,"float(d.set_index('metric').loc['peak_2016_07_08_counterfactual','value'])",{:.4f},"Same day with them added back. The rank is 1 either way. Template had no placeholder until 2026-09-13, so the value was never compared (CP1 audit #9/#25/#54)."
C48_antipolice_views_on_peak,S11,docs/PAPER_MASTER.md,add {} views that day,outputs/tables/antipolice_sensitivity.csv,"int(d.set_index('metric').loc['views_added_on_2016_07_08','value'])","{:,}",Pageviews the excluded articles contribute on 2016-07-08.
C49_antipolice_max_change,S11,docs/PAPER_MASTER.md,"**{} standard deviations, on 2017-08-16**",outputs/tables/antipolice_sensitivity.csv,"float(d.set_index('metric').loc['max_abs_change_sd','value'])",{:.2f},"Largest single-day effect of the exclusion, anywhere in the index."
C50_antipolice_days_touched,S11,docs/PAPER_MASTER.md,traffic on **{} of the index's,outputs/tables/antipolice_sensitivity.csv,"int(d.set_index('metric').loc['days_touched_by_excluded','value'])","{:,}",Days the excluded articles have any traffic; they were not a July-2016-only effect.
C51_published_basket,S16,docs/PAPER_MASTER.md,Of the **{}** articles in the published basket,data/reference/wikipedia_article_resolution.csv,len(d),{},"Articles wiki_ext is summed over, after the construct filter. One number per template, and no template may contain a number another claim owns: C18 and C19 shared a sentence with each other's value baked in, so updating one broke the other's match and both read as stale."
C52_calib_rejection,S11,docs/PAPER_MASTER.md,empirical rejection rate  {}     nominal,outputs/tables/null_calibration.csv,float(d.set_index('metric')['value'].loc['empirical_rejection_rate']),{:g},Empirical rejection rate of the null calibration. Was 0.065 before the S8 fix.
C53_calib_rho,S11,docs/PAPER_MASTER.md,AR(1) rho                 {}   estimated,outputs/tables/null_calibration.csv,float(d.set_index('metric')['value'].loc['ar1_rho']),{:.4f},"AR(1) persistence, estimated from the RESIDUAL after removing district, day-of-week and day shock (S8). Was 0.185."
C54_calib_ks,S11,docs/PAPER_MASTER.md,KS uniformity (lattice)   p = {},outputs/tables/null_calibration.csv,float(d.set_index('metric')['value'].loc['ks_p_uniform']),{:.4f},KS test that the randomization p-values are uniform. The property that actually matters.
C56_episodes_rebuilt_count,S11,docs/PAPER_MASTER.md,holds {} episodes under the shock rule,data/reference/confirmation_episodes_rebuilt.csv,len(d),{},Episodes on the adopted list. Moved 75 -> 74 when the strict basket landed; the prose was stale until a claim guarded it.
C57_episodes_clustered,S11,docs/PAPER_MASTER.md,{} of the 74 rebuilt episodes have another episode starting within 28 days,data/reference/confirmation_episodes_rebuilt.csv,int((pd.to_datetime(d['start']).sort_values().diff().dt.days.le(28) | pd.to_datetime(d['start']).sort_values().diff(-1).dt.days.abs().le(28)).sum()),{},"Clustered episodes, defined START-TO-START at 28 days inclusive. The definition is part of the claim: end-to-next-start gives 51 and a strict inequality gives 34, so a bare count is not checkable. My own first computation of this said 38 and was wrong - a sentinel cast bug - and the subagent's 36 was right. Written in pandas rather than a comprehension: the claim evaluator's namespace deliberately excludes builtins like enumerate and range, so an expression that reads naturally in Python fails there. The restriction is the point - a claim expression is an aggregation over an artifact, not a program."
C58_calib_rejection_prose,S11,docs/PAPER_MASTER.md,Ours cries wolf **{}%** of the time,outputs/tables/null_calibration.csv,float(d.set_index('metric')['value'].loc['empirical_rejection_rate']) * 100,{:.1f},"The SAME number as C52, stated a second time in plain language one paragraph above the code block. Only the code block was guarded, so the prose said 5.0% while the artifact said 0.06. A number written twice needs two claims: the updater can only fix what a template points at."
C59_broad_articles,S11,docs/PAPER_MASTER.md,| articles | 109 | {} |,data/reference/wiki_ext_basket_used_broad.csv,len(d),{},Articles summed into the broad arm's wiki_ext. The broad basket is the pre-registered sensitivity; the strict count (109) is C51.
C60_broad_episodes,S11,docs/PAPER_MASTER.md,| episodes | 74 | {} |,data/reference/confirmation_episodes_rebuilt_broad.csv,len(d),{},Episodes detected in the broad arm under the same shock rule. Strict is 74 (C56).
C61_broad_corr,S11,docs/PAPER_MASTER.md,"correlate **{}** across all 3,472 scored days",data/processed/cai_daily_broad.parquet,"pd.read_parquet(PROJECT_ROOT/'data/processed/cai_daily.parquet')[['date','cai_d']].merge(d[['date','cai_d']], on='date', suffixes=('_s','_b')).dropna().pipe(lambda m: float(m['cai_d_s'].corr(m['cai_d_b'])))",{:.4f},"Agreement between the primary and sensitivity indices. This is the number carrying the claim that the nine disputed articles barely move the index, so it is registered rather than asserted."
C62_broad_meandiff,S11,docs/PAPER_MASTER.md,{} standard deviations on average,data/processed/cai_daily_broad.parquet,"pd.read_parquet(PROJECT_ROOT/'data/processed/cai_daily.parquet')[['date','cai_d']].merge(d[['date','cai_d']], on='date', suffixes=('_s','_b')).dropna().pipe(lambda m: float((m['cai_d_s']-m['cai_d_b']).abs().mean()))",{:.3f},"Mean absolute strict-broad gap, in SD of the standardised index."
C63_broad_shared_starts,S11,docs/PAPER_MASTER.md,share **{}** episode start dates,data/reference/confirmation_episodes_rebuilt_broad.csv,len(set(pd.read_csv(PROJECT_ROOT/'data/reference/confirmation_episodes_rebuilt.csv')['start']) & set(d['start'])),{},"Episode starts common to both arms, of 74 strict and 75 broad."
C64_broad_maxdiff,S11,docs/PAPER_MASTER.md,single-day gap is {} SD,data/processed/cai_daily_broad.parquet,"pd.read_parquet(PROJECT_ROOT/'data/processed/cai_daily.parquet')[['date','cai_d']].merge(d[['date','cai_d']], on='date', suffixes=('_s','_b')).dropna().pipe(lambda m: float((m['cai_d_s']-m['cai_d_b']).abs().max()))",{:.2f},Largest single-day strict-broad gap. Bounds how far the arms can diverge on any one day.
C68_calib_c2_ks,S11,docs/PAPER_MASTER.md,| C2 | anchor shift | contiguous | 30 | 0.054 | {} |,outputs/tables/null_calibration_C2.csv,float(d.set_index('metric')['value'].loc['ks_p_uniform']),{:.4f},C2's KS uniformity p. Template anchors only up to its own field: embedding a sibling column's value made this claim fail when an unrelated number in the same row moved.
C69_calib_c2_episodes,S11,docs/PAPER_MASTER.md,| C2 | anchor shift | contiguous | {} |,outputs/tables/null_calibration_C2.csv,int(d.set_index('metric')['value'].loc['n_episodes']),{},Episodes in the B-HEARD-exposed stratum. Template anchors only up to its own field: embedding a sibling column's value made this claim fail when an unrelated number in the same row moved.
C70_calib_disc_table_ks,S11,docs/PAPER_MASTER.md,| discovery | anchor shift | contiguous | 29 | 0.045 | {} |,outputs/tables/null_calibration.csv,float(d.set_index('metric')['value'].loc['ks_p_uniform']),{:.4f},"Discovery's KS p AS IT APPEARS IN THE 7.4 TABLE. C54 registers the same quantity in the prose above it; the table row needed its own claim because the templates differ, which is exactly what V.claims_cover_exhibits caught. Template anchors only up to its own field: embedding a sibling column's value made this claim fail when an unrelated number in the same row moved."
C71_calib_disc_table_episodes,S11,docs/PAPER_MASTER.md,| discovery | anchor shift | contiguous | {} |,outputs/tables/null_calibration.csv,int(d.set_index('metric')['value'].loc['n_episodes']),{},"Discovery episodes on the adopted list, as calibrated. 29, not the frozen list's 30. Template anchors only up to its own field: embedding a sibling column's value made this claim fail when an unrelated number in the same row moved."
C72_ep_unlabelled_share,S11,docs/PAPER_MASTER.md,**Forty-five per cent of episodes had no name at all** — {} of 74,data/reference/confirmation_episodes_rebuilt.csv,int(d['candidate_events'].fillna('').str.strip().eq('').sum()),{},Episodes the registry labeller could not name. The measured cost of attributing episodes from death dates alone.
C73_ep_median_share,S11,docs/PAPER_MASTER.md,a median of **{}% across discovery**,data/reference/confirmation_episodes_rebuilt.csv,float(d[d['period']=='discovery']['top_driver_share'].median()*100),{:.0f},"Median share of basket attention held by the leading person, discovery episodes. The measurable form of 'densely clustered periods cannot separate individual killings' (E8)."
C74_ep_blake_share,S11,docs/PAPER_MASTER.md,"Jacob Blake, {}% of basket attention",data/reference/confirmation_episodes_rebuilt.csv,float(d[d['start']=='2020-08-24']['top_driver_share'].iloc[0]*100),{:.0f},"The episode the registry could not name at all: Blake was shot 2020-08-23 and survived, so no killings registry holds him."
C75_ep_above_half,S11,docs/PAPER_MASTER.md,with only {} of 29 episodes having anyone above half,data/reference/confirmation_episodes_rebuilt.csv,int((d[d['period']=='discovery']['top_driver_share']>=0.5).sum()),{},Discovery episodes with a single person above half of basket attention.
C67_calib_c1_episodes,S11,docs/PAPER_MASTER.md,"| C1 | circular, within block (fw7) | gapped | {} |",data/reference/confirmation_episodes_rebuilt.csv,"len([1 for a,b in [('2015-07-01','2016-12-31'),('2021-01-01','2021-05-31')] for x in d['start'] if a <= str(x)[:10] <= b])",{},"Episodes C1 contains, read from the EPISODE LIST rather than from a calibration artifact. The calibration is the wrong source for this: the episode count is a property of the stratum and survives a change of draw scheme, whereas the calibration does not, and keying it to the calibration is what left this number stranded when C1's scheme was replaced."
C76_agent_share_discovery,S19,docs/PAPER_MASTER.md,across 2017–2020 is **{}%**,data/reference/wiki_agent_class_break.csv,float(d[(d['year']>=2017)&(d['year']<=2020)]['automated'].sum()/(d[(d['year']>=2017)&(d['year']<=2020)]['user'].sum()+d[(d['year']>=2017)&(d['year']<=2020)]['automated'].sum())*100),{:.2f},Automated share of basket pageviews in the discovery window. The break's size where the finding said it mattered.
C77_agent_shift_discovery,S19,docs/PAPER_MASTER.md,index averages **{} SD**,data/reference/wiki_agent_class_break.csv,float(d[(d['year']>=2017)&(d['year']<=2020)]['mean_z_shift'].mean()),{:.4f},"Mean shift in the standardised index from adding automated views back, discovery window."
C78_agent_shift_extension,S19,docs/PAPER_MASTER.md,mean shift is **{} SD,data/reference/wiki_agent_class_break.csv,float(d[d['year']>=2021]['mean_z_shift'].mean()),{:.4f},Same shift over 2021-2024 - half the confirmation sample and all of C2. Ninety times the discovery figure.
C79_agent_max_2024,S19,docs/PAPER_MASTER.md,maximum of {} SD in 2024,data/reference/wiki_agent_class_break.csv,float(d[d['year']==2024]['max_z_shift'].iloc[0]),{:.2f},Largest single-day shift. Bounds how far one day's index can move under the splice.
C80_trends_step_early,S20,docs/PAPER_MASTER.md,"is **{}**
across 2015–2019",data/reference/trends_precision_by_year.csv,float(d[d['component']=='trends_us'].pipe(lambda u: u[(u['year']>=2015)&(u['year']<=2019)]['rel_step'].mean())),{:.4f},Relative quantization step of trends_us early in the decade.
C81_trends_step_late,S20,docs/PAPER_MASTER.md,**{}** across 2021–2024,data/reference/trends_precision_by_year.csv,float(d[d['component']=='trends_us'].pipe(lambda u: u[u['year']>=2021]['rel_step'].mean())),{:.4f},"Same step late in the decade. Finer, not coarser, against a claimed fivefold decay (T6)."
C82_trends_ratio,S20,docs/PAPER_MASTER.md,a ratio of **{}**,data/reference/trends_precision_by_year.csv,float(d[d['component']=='trends_us'].pipe(lambda u: u[u['year']>=2021]['rel_step'].mean()) / d[d['component']=='trends_us'].pipe(lambda u: u[(u['year']>=2015)&(u['year']<=2019)]['rel_step'].mean())),{:.2f},Late-to-early ratio. The number T6 predicted would be about 5.
C83_es_edp_share_coef,S1b,docs/PAPER_MASTER.md,| EDP share | OLS on shares | {} |,outputs/tables/event_study_results.csv,float(d[(d['outcome']=='edp_share')&(d['estimator']=='OLS_share')&(d['post_window']==14)]['first_week_mean_coef'].iloc[0]),{:.5f},"Discovery first-week coefficient on EDP share, OLS arm, 14-day post window. The primary exploratory estimate."
C84_es_edp_share_p,S1b,docs/PAPER_MASTER.md,| EDP share | OLS on shares | −0.00123 | {} |,outputs/tables/event_study_results.csv,float(d[(d['outcome']=='edp_share')&(d['estimator']=='OLS_share')&(d['post_window']==14)]['p_randomization'].iloc[0]),{:.3f},Its randomization p at 500 draws.
C85_es_edp_count_coef,S1b,docs/PAPER_MASTER.md,| EDP count | PPML with offset | {} |,outputs/tables/event_study_results.csv,float(d[(d['outcome']=='edp')&(d['estimator']=='PPML_count_offset')&(d['post_window']==14)]['first_week_mean_coef'].iloc[0]),{:.5f},Same episode-week effect estimated on COUNTS with a log total-calls offset. Reported beside the share arm because the 2020 signature is known to reverse between them.
C86_es_edp_count_p,S1b,docs/PAPER_MASTER.md,| EDP count | PPML with offset | −0.01084 | {} |,outputs/tables/event_study_results.csv,float(d[(d['outcome']=='edp')&(d['estimator']=='PPML_count_offset')&(d['post_window']==14)]['p_randomization'].iloc[0]),{:.3f},Its randomization p.
C87_es_mh_share_coef,S1b,docs/PAPER_MASTER.md,| Narrow MH share | OLS on shares | {} |,outputs/tables/event_study_results.csv,float(d[(d['outcome']=='mh_narrow_share')&(d['estimator']=='OLS_share')&(d['post_window']==14)]['first_week_mean_coef'].iloc[0]),{:.5f},"Narrow mental-health share, OLS arm."
C88_es_mh_share_p,S1b,docs/PAPER_MASTER.md,| Narrow MH share | OLS on shares | −0.00103 | {} |,outputs/tables/event_study_results.csv,float(d[(d['outcome']=='mh_narrow_share')&(d['estimator']=='OLS_share')&(d['post_window']==14)]['p_randomization'].iloc[0]),{:.3f},Its randomization p.
C89_es_mh_count_coef,S1b,docs/PAPER_MASTER.md,| Narrow MH count | PPML with offset | {} |,outputs/tables/event_study_results.csv,float(d[(d['outcome']=='mh_narrow')&(d['estimator']=='PPML_count_offset')&(d['post_window']==14)]['first_week_mean_coef'].iloc[0]),{:.5f},"Narrow mental-health count, PPML arm."
C90_es_mh_count_p,S1b,docs/PAPER_MASTER.md,| Narrow MH count | PPML with offset | −0.00615 | {} |,outputs/tables/event_study_results.csv,float(d[(d['outcome']=='mh_narrow')&(d['estimator']=='PPML_count_offset')&(d['post_window']==14)]['p_randomization'].iloc[0]),{:.3f},Its randomization p.
C91_dc_injury_w02_coef,S1b,docs/PAPER_MASTER.md,| injury share | days 0–2 | {} |,outputs/tables/decomposition_windows.csv,float(d[(d['outcome']=='injury_share')&(d['window']=='w02')]['coef_joint'].iloc[0]),{:+.5f},The one channel that moves. Survives Bonferroni across all 65 decomposition tests.
C92_dc_injury_w02_p,S1b,docs/PAPER_MASTER.md,| injury share | days 0–2 | +0.00159 | {} |,outputs/tables/decomposition_windows.csv,float(d[(d['outcome']=='injury_share')&(d['window']=='w02')]['p_joint'].iloc[0]),{:.5f},"Its p, against a Bonferroni threshold of 0.000769."
C93_dc_injury_w1214_coef,S1b,docs/PAPER_MASTER.md,"for days 12–14 ({}, p = 0.00172) sits above",outputs/tables/decomposition_windows.csv,float(d[(d['outcome']=='injury_share')&(d['window']=='w1214')]['coef_joint'].iloc[0]),{:+.5f},"Nearly as large as the days 0-2 coefficient, which no simple protest account predicts - recorded because it is the alternative the headline reading does not rule out."
C94_dc_injury_w1214_p,S1b,docs/PAPER_MASTER.md,"for days 12–14 (+0.00104, p = {}) sits above",outputs/tables/decomposition_windows.csv,float(d[(d['outcome']=='injury_share')&(d['window']=='w1214')]['p_joint'].iloc[0]),{:.5f},Its p.
C95_dc_loginjury_w02_coef,S1b,docs/PAPER_MASTER.md,| log injury count | days 0–2 | {} |,outputs/tables/decomposition_windows.csv,float(d[(d['outcome']=='log1p_injury')&(d['window']=='w02')]['coef_joint'].iloc[0]),{:+.5f},"The count version, so the share result is not purely compositional."
C96_dc_loginjury_w02_p,S1b,docs/PAPER_MASTER.md,| log injury count | days 0–2 | +0.01048 | {} |,outputs/tables/decomposition_windows.csv,float(d[(d['outcome']=='log1p_injury')&(d['window']=='w02')]['p_joint'].iloc[0]),{:.5f},Its p.
C97_mde_disc_worst,S11,docs/PAPER_MASTER.md,| discovery | {} |,outputs/tables/power_analysis.csv,float(d.set_index('metric')['value'].loc['discovery.mde_worst_profile']),{:.5f},"Discovery MDE under the least favourable effect profile. The go/no-go is taken on this, conservatively."
C98_mde_disc_best,S11,docs/PAPER_MASTER.md,| discovery | 0.00950 | {} |,outputs/tables/power_analysis.csv,float(d.set_index('metric')['value'].loc['discovery.mde_best_profile']),{:.5f},"Same stratum under the most favourable profile - BELOW the MEI, which is why the verdict is shape-dependent rather than a flat blindness."
C99_mde_disc_ratio,S11,docs/PAPER_MASTER.md,| discovery | 0.00950 | 0.00291 | {} |,outputs/tables/power_analysis.csv,float(d.set_index('metric')['value'].loc['discovery.mde_over_reference.minimum_of_interest']),{:.3f},Discovery MDE as a multiple of the -0.005 minimum effect of interest.
C100_mde_c1_worst,S11,docs/PAPER_MASTER.md,| C1 | {} |,outputs/tables/power_analysis.csv,float(d.set_index('metric')['value'].loc['C1.mde_worst_profile']),{:.5f},"C1 MDE, worst profile. The clean stratum and the worst of the three."
C101_mde_c1_best,S11,docs/PAPER_MASTER.md,| C1 | 0.01156 | {} |,outputs/tables/power_analysis.csv,float(d.set_index('metric')['value'].loc['C1.mde_best_profile']),{:.5f},C1 under the favourable profile.
C102_mde_c1_ratio,S11,docs/PAPER_MASTER.md,| C1 | 0.01156 | 0.00382 | {} |,outputs/tables/power_analysis.csv,float(d.set_index('metric')['value'].loc['C1.mde_over_reference.minimum_of_interest']),{:.3f},C1 MDE over MEI. Nearly 2.5x - what fifteen episodes buys.
C103_mde_c2_worst,S11,docs/PAPER_MASTER.md,| C2 | {} |,outputs/tables/power_analysis.csv,float(d.set_index('metric')['value'].loc['C2.mde_worst_profile']),{:.5f},"C2 MDE, worst profile."
C104_mde_c2_best,S11,docs/PAPER_MASTER.md,| C2 | 0.00875 | {} |,outputs/tables/power_analysis.csv,float(d.set_index('metric')['value'].loc['C2.mde_best_profile']),{:.5f},C2 under the favourable profile.
C105_mde_c2_ratio,S11,docs/PAPER_MASTER.md,| C2 | 0.00875 | 0.00290 | {} |,outputs/tables/power_analysis.csv,float(d.set_index('metric')['value'].loc['C2.mde_over_reference.minimum_of_interest']),{:.3f},C2 MDE over MEI.
C106_mde_ri_disc,S11,docs/PAPER_MASTER.md,discovery's MDE is **{}**,outputs/tables/power_analysis.csv,float(d.set_index('metric')['value'].loc['discovery.mde_ri']),{:.5f},"MDE under the randomization-inference procedure that IS the ratified primary inference, as opposed to the analytic/MC screens."
C107_o2_breaks_total,D6,docs/PAPER_MASTER.md,**{} outcome-group codes** are born or retired,data/reference/ems_coverage_breaks.csv,int((d['kind']!='missing_district_step').sum()),{},"Call codes in any outcome group whose first or last date lies strictly inside a confirmation analysis window (addendum 18, rule 1)."
C108_o2_breaks_c1a,D6,docs/PAPER_MASTER.md,"| C1a, 2015-07→2016-12 | {} |",data/reference/ems_coverage_breaks.csv,int(((d['window']=='C1a')&(d['kind']!='missing_district_step')).sum()),{},Within-window code breaks in C1a.
C109_o2_breaks_c1b,D6,docs/PAPER_MASTER.md,"| C1b, 2021-01→2021-05 | {} |",data/reference/ems_coverage_breaks.csv,int(((d['window']=='C1b')&(d['kind']!='missing_district_step')).sum()),{},Within-window code breaks in C1b.
C110_o2_breaks_c2,D6,docs/PAPER_MASTER.md,"| C2, 2021-06→2024-12 | {} |",data/reference/ems_coverage_breaks.csv,int(((d['window']=='C2')&(d['kind']!='missing_district_step')).sum()),{},Within-window code breaks in C2.
C111_o2_missing_2015,D5,docs/PAPER_MASTER.md,no community district is **{}%** in 2015,data/reference/ems_missing_district_rate_by_year.csv,float(d.set_index('year')['missing_district_rate'].loc[2015])*100,{:.2f},"Share of dispatched calls with no community district, 2015 (declared access, rule 2)."
C112_o2_missing_2016,D5,docs/PAPER_MASTER.md,and **{}%** in 2016,data/reference/ems_missing_district_rate_by_year.csv,float(d.set_index('year')['missing_district_rate'].loc[2016])*100,{:.2f},"Same, 2016."
C113_o2_missing_ratio,D5,docs/PAPER_MASTER.md,"a ratio of **{}**, the only adjacent-year change",data/reference/ems_missing_district_rate_by_year.csv,float(d.set_index('year')['missing_district_rate'].loc[2016]/d.set_index('year')['missing_district_rate'].loc[2015]),{:.2f},2016 over 2015 missing-district share; the geocoding break is a ratio below 0.5 inside C1a.
C114_o2_c2_variants,D6,docs/PAPER_MASTER.md,the other {} are FC/FT dispatch variants,data/reference/ems_coverage_breaks.csv,int(((d['window']=='C2')&(d['group']!='edp')&(d['kind']!='missing_district_step')).sum()),{},C2 code breaks outside the EDP family.
C115_scope_articles_table,D2,docs/PAPER_MASTER.md,"→2024 | {} articles in scope,",data/reference/basket_decisions.csv,int((d['decision']=='include').sum()),{},"§3 data-sources table: articles the scope rule includes (the same quantity as C04, stated in a second place)."
C116_strict_articles_table,D3,docs/PAPER_MASTER.md,"articles in scope, {} in the strict basket |",data/reference/basket_construct_review.csv,int(((d['scope_decision']=='include')&(d['construct']=='police_violence')).sum()),{},§3 data-sources table: articles in the published strict basket (police actor established).
C117_findings_total,-,docs/PAPER_MASTER.md,Each of the {} findings now carries a status,docs/AUDIT_FINDINGS.csv,len(d),{},Rows in the findings register.
C118_findings_fixed,-,docs/PAPER_MASTER.md,"Current state: **{} fixed,",docs/AUDIT_FINDINGS.csv,int((d['status']=='fixed').sum()),{},Findings recorded fixed (each must carry a passing check: M.status_honest).
C119_findings_open,-,docs/PAPER_MASTER.md,"fixed, {} open,",docs/AUDIT_FINDINGS.csv,int((d['status']=='open').sum()),{},Findings recorded open.
C120_findings_unverified,-,docs/PAPER_MASTER.md,"open, {} unverified**",docs/AUDIT_FINDINGS.csv,int((d['status']=='unverified').sum()),{},Findings recorded unverified (their check is BLOCKED).
C121_calib_disc_table_rejection,S11,docs/PAPER_MASTER.md,| discovery | anchor shift | contiguous | 29 | {} |,outputs/tables/null_calibration.csv,float(d.set_index('metric')['value'].loc['empirical_rejection_rate']),{:.3f},Discovery row of the §7.4 table: rejection rate at nominal 5% (the table cell had no claim; CP1 audit #28).
C122_spliced_days,D1_spliced,docs/PAPER_MASTER.md,primary index over the {} scored days,data/processed/cai_daily_spliced.parquet,"len(pd.read_parquet(PROJECT_ROOT/'data/processed/cai_daily.parquet')[['date','cai_d']].set_index('date').join(d[['date','cai_d']].set_index('date'), rsuffix='_spl').dropna())","{:,}",Days on which both the primary and the spliced CAI-D are scored.
C123_spliced_identical_prebreak,D1_spliced,docs/PAPER_MASTER.md,two are **identical on {}%** of,data/processed/cai_daily_spliced.parquet,"float(((lambda j: (j.loc[:'2019-12-31','cai_d'].sub(j.loc[:'2019-12-31','cai_d_spl']).abs()<1e-12).mean())(pd.read_parquet(PROJECT_ROOT/'data/processed/cai_daily.parquet')[['date','cai_d']].set_index('date').join(d[['date','cai_d']].set_index('date'), rsuffix='_spl').dropna()))*100)",{:.0f},"Share of days through 2019 on which the spliced and primary indices are numerically identical; 100 by construction, since automated is zero before the break."
C124_spliced_corr,D1_spliced,docs/PAPER_MASTER.md,correlate **{}** overall,data/processed/cai_daily_spliced.parquet,"float((lambda j: j['cai_d'].corr(j['cai_d_spl']))(pd.read_parquet(PROJECT_ROOT/'data/processed/cai_daily.parquet')[['date','cai_d']].set_index('date').join(d[['date','cai_d']].set_index('date'), rsuffix='_spl').dropna()))",{:.4f},Correlation of the spliced and primary CAI-D over all scored days.
C125_spliced_shift_2124,D1_spliced,docs/PAPER_MASTER.md,by **{} SD** on average across 2021–2024,data/processed/cai_daily_spliced.parquet,"float((lambda j: (j.loc['2021-01-01':'2024-12-31','cai_d_spl']-j.loc['2021-01-01':'2024-12-31','cai_d']).mean())(pd.read_parquet(PROJECT_ROOT/'data/processed/cai_daily.parquet')[['date','cai_d']].set_index('date').join(d[['date','cai_d']].set_index('date'), rsuffix='_spl').dropna()))",{:+.4f},"Mean shift of the spliced index relative to the primary across 2021-2024, in SD of the standardised index."
C126_spliced_max_shift,D1_spliced,docs/PAPER_MASTER.md,single-day maximum of **{} SD**,data/processed/cai_daily_spliced.parquet,"float((lambda j: (j['cai_d_spl']-j['cai_d']).abs().max())(pd.read_parquet(PROJECT_ROOT/'data/processed/cai_daily.parquet')[['date','cai_d']].set_index('date').join(d[['date','cai_d']].set_index('date'), rsuffix='_spl').dropna()))",{:.4f},Largest single-day absolute difference between the arms.
C127_spliced_shared_starts,D1_spliced,docs/PAPER_MASTER.md,episode lists share **{}** of their 74 starts,data/reference/confirmation_episodes_rebuilt_spliced.csv,len(set(pd.to_datetime(d['start']))&set(pd.to_datetime(pd.read_csv(PROJECT_ROOT/'data/reference/confirmation_episodes_rebuilt.csv')['start']))),{},Episode starts common to the spliced and primary lists.
C65_calib_c1_ks,S11,docs/PAPER_MASTER.md,"| C1 | circular, within block (fw7) | gapped | 15 | 0.049 | {} |",outputs/tables/null_calibration_C1.csv,float(d.set_index('metric')['value'].loc['ks_p_uniform']),{:.4f},"C1's KS uniformity p in the §7.4 table, under circular_within_block (re-registered 2026-09-13 when the certificate landed; the id was retired with the seam-crossing certificate). Template anchors only up to its own field."
C66_calib_c1_rejection,S11,docs/PAPER_MASTER.md,"| C1 | circular, within block (fw7) | gapped | 15 | {} |",outputs/tables/null_calibration_C1.csv,float(d.set_index('metric')['value'].loc['empirical_rejection_rate']),{:.3f},C1 row of the §7.4 table: rejection rate at nominal 5% under circular_within_block (re-registered 2026-09-13).
C128_calib_c1_rejection_prose,S11,docs/PAPER_MASTER.md,"1,000
simulations × 200 draws give a rejection rate of **{}** against the band",outputs/tables/null_calibration_C1.csv,float(d.set_index('metric')['value'].loc['empirical_rejection_rate']),{:.3f},C1 rejection rate as stated in the §7.4 prose paragraph reporting the certificate.
C129_calib_c1_ks_stat,S11,docs/PAPER_MASTER.md,"KS statistic **{}**, lattice p =",outputs/tables/null_calibration_C1.csv,float(d.set_index('metric')['value'].loc['ks_statistic']),{:.4f},C1 KS statistic (D) in the §7.4 prose.
C130_calib_c1_ks_prose,S11,docs/PAPER_MASTER.md,"KS statistic **0.0155**, lattice p = **{}**, median",outputs/tables/null_calibration_C1.csv,float(d.set_index('metric')['value'].loc['ks_p_uniform']),{:.4f},C1 lattice KS p in the §7.4 prose; the table cell is C65.
C131_calib_c1_median_p,S11,docs/PAPER_MASTER.md,"median
p-value **{}** — **calibrated**",outputs/tables/null_calibration_C1.csv,float(d.set_index('metric')['value'].loc['median_p']),{:.4f},C1 median simulated p-value in the §7.4 prose.
C132_panel_districts,S7,docs/PAPER_MASTER.md,| Demographics | ACS 2019 by community district | — | {} districts |,data/processed/cd_demographics_clean.parquet,len(d),{},Community districts in the demographics table (§3 table; CP1 audit #27 cell coverage).
C133_antipolice_peak_published,S11,docs/PAPER_MASTER.md,| cai_d on 2016-07-08 | **{}** |,outputs/tables/antipolice_sensitivity.csv,"float(d.set_index('metric').loc['peak_2016_07_08_published','value'])",{:.4f},Published (anti-police articles excluded) index on the peak day; the counterfactual beside it is C47.
C134_antipolice_rank_published,S11,docs/PAPER_MASTER.md,"| rank of that day | **{} of 3,472** |",outputs/tables/antipolice_sensitivity.csv,"int(d.set_index('metric').loc['peak_2016_07_08_rank_published','value'])",{},Rank of 2016-07-08 in the published index.
C135_antipolice_index_days,S11,docs/PAPER_MASTER.md,| rank of that day | **1 of {}** |,outputs/tables/antipolice_sensitivity.csv,"int(d.set_index('metric').loc['index_days','value'])","{:,}","Scored days in the index, as the denominator of the rank cell."
C136_antipolice_rank_counterfactual,S11,docs/PAPER_MASTER.md,"| rank of that day | **1 of 3,472** | {} of 3,472 |",outputs/tables/antipolice_sensitivity.csv,"int(d.set_index('metric').loc['peak_2016_07_08_rank_counterfactual','value'])",{},Rank of 2016-07-08 in the counterfactual (anti-police included) index.
C137_antipolice_index_days_cf,S11,docs/PAPER_MASTER.md,"| rank of that day | **1 of 3,472** | 1 of {} |",outputs/tables/antipolice_sensitivity.csv,"int(d.set_index('metric').loc['index_days','value'])","{:,}",Denominator of the counterfactual rank cell; same artifact metric as C135.
C138_strict_articles,S11,docs/PAPER_MASTER.md,| articles | {} |,data/reference/wiki_ext_basket_used.csv,len(d),{},Articles summed into the strict arm (the §4.1 comparison table; the broad cell is C59).
C139_strict_episodes,S11,docs/PAPER_MASTER.md,| episodes | {} |,data/reference/confirmation_episodes_rebuilt.csv,len(d),{},Episodes detected in the strict arm (§4.1 table; the broad cell is C60).
C140_coverage_codes_c1a,S1b,docs/PAPER_MASTER.md,"| C1a, 2015-07→2016-12 | {} |",data/reference/ems_coverage_breaks.csv,int(((d['window']=='C1a') & d['final_call_type'].notna()).sum()),{},Outcome-group codes born or retired inside C1a (§ coverage table). The geocoding step in the same window is a row of a different kind and is described in the cell beside it.
C141_coverage_codes_c1b,S1b,docs/PAPER_MASTER.md,"| C1b, 2021-01→2021-05 | {} |",data/reference/ems_coverage_breaks.csv,int(((d['window']=='C1b') & d['final_call_type'].notna()).sum()),{},Outcome-group codes born or retired inside C1b.
C142_coverage_codes_c2,S1b,docs/PAPER_MASTER.md,"| C2, 2021-06→2024-12 | {} |",data/reference/ems_coverage_breaks.csv,int(((d['window']=='C2') & d['final_call_type'].notna()).sum()),{},Outcome-group codes born or retired inside C2.
C143_calib_c2_table_rejection,S11,docs/PAPER_MASTER.md,| C2 | anchor shift | contiguous | 30 | {} |,outputs/tables/null_calibration_C2.csv,float(d.set_index('metric')['value'].loc['empirical_rejection_rate']),{:.3f},C2 row of the §7.4 table: rejection rate at nominal 5% (had no claim of its own; CP1 audit #27).
C144_zscore_len_short,S11,docs/PAPER_MASTER.md,"| window length (same episodes, 15 → 45 realised days) | {} → 2.092 |",outputs/tables/zscore_simulation.csv,float(d[(d['block']=='window_length')&(d['arm']=='within_window_z')&(d['sample_id']=='L7_all_episodes')]['window_sd_x'].iloc[0]),{:.3f},SIMULATED (25_zscore_simulation.py): within-window SD of the regressor at the shortest window; the z-scored coefficient equals the true one times this.
C145_zscore_len_long,S11,docs/PAPER_MASTER.md,"| window length (same episodes, 15 → 45 realised days) | 2.203 → {} |",outputs/tables/zscore_simulation.csv,float(d[(d['block']=='window_length')&(d['arm']=='within_window_z')&(d['sample_id']=='L60_all_episodes')]['window_sd_x'].iloc[0]),{:.3f},"SIMULATED: within-window SD at the longest window (L60, 45 realised days)."
C146_zscore_len_ratio,S11,docs/PAPER_MASTER.md,"| window length (same episodes, 15 → 45 realised days) | 2.203 → 2.092 | **{}×** |",outputs/tables/zscore_simulation.csv,(lambda s: float(s.max()/s.min()))(d[(d['block']=='window_length')&(d['arm']=='within_window_z')]['window_sd_x']),{:.2f},SIMULATED: the multiplier's range over the window-length sweep (max/min window_sd_x).
C147_zscore_comp_low,S11,docs/PAPER_MASTER.md,"| sample composition (same window, different episodes) | {} → 3.515 |",outputs/tables/zscore_simulation.csv,float(d[(d['block']=='composition')&(d['arm']=='within_window_z')]['window_sd_x'].min()),{:.3f},SIMULATED: smallest within-window SD across the composition samples (exclude_2020).
C148_zscore_comp_high,S11,docs/PAPER_MASTER.md,"| sample composition (same window, different episodes) | 1.104 → {} |",outputs/tables/zscore_simulation.csv,float(d[(d['block']=='composition')&(d['arm']=='within_window_z')]['window_sd_x'].max()),{:.3f},SIMULATED: largest within-window SD across the composition samples (only_2020).
C149_zscore_comp_ratio,S11,docs/PAPER_MASTER.md,"| sample composition (same window, different episodes) | 1.104 → 3.515 | **{}×** |",outputs/tables/zscore_simulation.csv,(lambda s: float(s.max()/s.min()))(d[(d['block']=='composition')&(d['arm']=='within_window_z')]['window_sd_x']),{:.2f},SIMULATED: the multiplier's range over the composition sweep (max/min window_sd_x).
C150_paper_checks,-,docs/SUPPLEMENT.md,regression suite of automated checks ({} at the time of,,"len([l for l in (PROJECT_ROOT/'scripts/23_regression_suite.py').read_text().split('CHECKS = [')[1].split(']')[0].splitlines() if l.strip().startswith('(""')])",{},PAPER.md counterpart of C26_suite_checks.
C151_paper_ems_rows,S1,docs/PAPER.md,We downloaded the complete set ({} records),,sum(rows_in(p) for p in sorted((PROJECT_ROOT/'data/processed/ems_pages').glob('*.parquet'))),"{:,}",PAPER.md counterpart of C01_ems_source_rows.
C152_paper_districts,S1,docs/PAPER.md,New York City is divided into {} community districts,data/processed/panel_cd_day.parquet,int(d['communitydistrict'].nunique()),{},PAPER.md counterpart of C11_panel_districts.
C153_paper_strict_articles,S11,docs/PAPER.md,"The **strict** basket ({}
articles)",data/reference/wiki_ext_basket_used.csv,len(d),{},PAPER.md counterpart of C138_strict_articles.
C154_paper_broad_articles,S11,docs/PAPER.md,the **broad** basket ({} articles),data/reference/wiki_ext_basket_used_broad.csv,len(d),{},PAPER.md counterpart of C59_broad_articles.
C155_paper_frozen_episodes,S11,docs/PAPER.md,The frozen list ({} episodes),data/reference/confirmation_episodes.csv,len(d),{},PAPER.md counterpart of C20_episodes_frozen.
C156_paper_adopted_episodes,S11,docs/PAPER.md,the adopted list holds {} episodes in the,data/reference/confirmation_episodes_rebuilt.csv,len(d),{},PAPER.md counterpart of C21_episodes_rebuilt.
C157_paper_disc_episodes,S11,docs/PAPER.md,"strict basket ({} in discovery,",data/reference/confirmation_episodes_rebuilt.csv,int((d['period']=='discovery').sum()),{},Discovery episodes in the adopted strict list (PAPER.md Methods).
C158_paper_c1_episodes,S11,docs/PAPER.md,"in discovery, {} in C1,",data/reference/confirmation_episodes_rebuilt.csv,"len([1 for a,b in [('2015-07-01','2016-12-31'),('2021-01-01','2021-05-31')] for x in d['start'] if a <= str(x)[:10] <= b])",{},PAPER.md counterpart of C67_calib_c1_episodes.
C159_paper_c2_episodes,S11,docs/PAPER.md,"in C1, {} in C2)",data/reference/confirmation_episodes_rebuilt.csv,"len([1 for a,b in [('2021-06-01', '2024-12-31')] for x in d['start'] if a <= str(x)[:10] <= b])",{},"C2 episodes in the adopted strict list, by start date inside the C2 analysis window (PAPER.md Methods)."
C160_paper_broad_episodes,S11,docs/PAPER.md,in C2) and {} in the broad (Table S6,data/reference/confirmation_episodes_rebuilt_broad.csv,len(d),{},PAPER.md counterpart of C60_broad_episodes.
C161_paper_bheard_precincts,S15,docs/PAPER.md,precinct-level report¹² ({} precincts; adoption dates,data/reference/bheard_precinct_adoption.csv,len(d),{},PAPER.md counterpart of C24_bheard_precincts.
C162_paper_bheard_lowconf,S15,docs/PAPER.md,latest bound because {} of 31 rest on low-confidence,data/reference/bheard_precinct_adoption.csv,int((d['confidence']=='low').sum()),{},PAPER.md counterpart of C25_bheard_low_conf.
C163_paper_panel_rows,S1,docs/PAPER.md,The panel holds {} district-days across,,rows_in(PROJECT_ROOT/'data/processed/panel_cd_day.parquet'),"{:,}",PAPER.md counterpart of C10_panel_rows.
C164_paper_mean_edp,S1,docs/PAPER.md,the mean EDP share is {} and,data/processed/panel_cd_day.parquet,float((d['edp']/d['total_calls']).mean()),{:.4f},PAPER.md counterpart of C12_mean_edp_share.
C165_paper_mean_calls,S1,docs/PAPER.md,"the mean district-day carries {}
dispatches",data/processed/panel_cd_day.parquet,float(d['total_calls'].mean()),{:.1f},PAPER.md counterpart of C13_mean_total_calls.
C166_paper_es_edp_share_coef,S1b,docs/PAPER.md,coefficient on the EDP share is {} (randomization,outputs/tables/event_study_results.csv,float(d[(d['outcome']=='edp_share')&(d['estimator']=='OLS_share')&(d['post_window']==14)]['first_week_mean_coef'].iloc[0]),{:.5f},PAPER.md counterpart of C83_es_edp_share_coef.
C167_paper_es_edp_share_p,S1b,docs/PAPER.md,"(randomization *p* = {}, 2,000 draws)",outputs/tables/event_study_results.csv,float(d[(d['outcome']=='edp_share')&(d['estimator']=='OLS_share')&(d['post_window']==14)]['p_randomization'].iloc[0]),{:.3f},PAPER.md counterpart of C84_es_edp_share_p.
C168_paper_es_edp_count_coef,S1b,docs/PAPER.md,and on the EDP count {} (*p* =,outputs/tables/event_study_results.csv,float(d[(d['outcome']=='edp')&(d['estimator']=='PPML_count_offset')&(d['post_window']==14)]['first_week_mean_coef'].iloc[0]),{:.5f},PAPER.md counterpart of C85_es_edp_count_coef.
C169_paper_es_edp_count_p,S1b,docs/PAPER.md,on the EDP count −0.01084 (*p* = {});,outputs/tables/event_study_results.csv,float(d[(d['outcome']=='edp')&(d['estimator']=='PPML_count_offset')&(d['post_window']==14)]['p_randomization'].iloc[0]),{:.3f},PAPER.md counterpart of C86_es_edp_count_p.
C170_paper_es_mh_share_coef,S1b,docs/PAPER.md,"on the narrow mental-health share
{} (*p* =",outputs/tables/event_study_results.csv,float(d[(d['outcome']=='mh_narrow_share')&(d['estimator']=='OLS_share')&(d['post_window']==14)]['first_week_mean_coef'].iloc[0]),{:.5f},PAPER.md counterpart of C87_es_mh_share_coef.
C171_paper_es_mh_share_p,S1b,docs/PAPER.md,"narrow mental-health share
−0.00103 (*p* = {}) and count",outputs/tables/event_study_results.csv,float(d[(d['outcome']=='mh_narrow_share')&(d['estimator']=='OLS_share')&(d['post_window']==14)]['p_randomization'].iloc[0]),{:.3f},PAPER.md counterpart of C88_es_mh_share_p.
C172_paper_es_mh_count_coef,S1b,docs/PAPER.md,and count {} (*p* = 0.822),outputs/tables/event_study_results.csv,float(d[(d['outcome']=='mh_narrow')&(d['estimator']=='PPML_count_offset')&(d['post_window']==14)]['first_week_mean_coef'].iloc[0]),{:.5f},PAPER.md counterpart of C89_es_mh_count_coef.
C173_paper_es_mh_count_p,S1b,docs/PAPER.md,and count −0.00615 (*p* = {}),outputs/tables/event_study_results.csv,float(d[(d['outcome']=='mh_narrow')&(d['estimator']=='PPML_count_offset')&(d['post_window']==14)]['p_randomization'].iloc[0]),{:.3f},PAPER.md counterpart of C90_es_mh_count_p.
C174_paper_dc_injury_w02_coef,S1b,docs/PAPER.md,"days 0–2: injury share
({}, *p* = 0.00004)",outputs/tables/decomposition_windows.csv,float(d[(d['outcome']=='injury_share')&(d['window']=='w02')]['coef_joint'].iloc[0]),{:+.5f},PAPER.md counterpart of C91_dc_injury_w02_coef.
C175_paper_dc_injury_w02_p,S1b,docs/PAPER.md,"days 0–2: injury share
(+0.00159, *p* = {})",outputs/tables/decomposition_windows.csv,float(d[(d['outcome']=='injury_share')&(d['window']=='w02')]['p_joint'].iloc[0]),{:.5f},PAPER.md counterpart of C92_dc_injury_w02_p.
C176_paper_dc_injury_w1214_coef,S1b,docs/PAPER.md,"for days 12–14 ({}, *p* = 0.00172) does not",outputs/tables/decomposition_windows.csv,float(d[(d['outcome']=='injury_share')&(d['window']=='w1214')]['coef_joint'].iloc[0]),{:+.5f},PAPER.md counterpart of C93_dc_injury_w1214_coef.
C177_paper_dc_injury_w1214_p,S1b,docs/PAPER.md,"for days 12–14 (+0.00104, *p* = {}) does not",outputs/tables/decomposition_windows.csv,float(d[(d['outcome']=='injury_share')&(d['window']=='w1214')]['p_joint'].iloc[0]),{:.5f},PAPER.md counterpart of C94_dc_injury_w1214_p.
C178_paper_dc_loginjury_coef,S1b,docs/PAPER.md,"log injury count ({}, *p* = 0.00008)",outputs/tables/decomposition_windows.csv,float(d[(d['outcome']=='log1p_injury')&(d['window']=='w02')]['coef_joint'].iloc[0]),{:+.5f},PAPER.md counterpart of C95_dc_loginjury_w02_coef.
C179_paper_dc_loginjury_p,S1b,docs/PAPER.md,"log injury count (+0.01048, *p* = {})",outputs/tables/decomposition_windows.csv,float(d[(d['outcome']=='log1p_injury')&(d['window']=='w02')]['p_joint'].iloc[0]),{:.5f},PAPER.md counterpart of C96_dc_loginjury_w02_p.
C180_paper_mde_ratio_low,S11,docs/PAPER.md,detectable effects of {} to 2.31 times,outputs/tables/power_analysis.csv,float(d.set_index('metric')['value'].loc['C2.mde_over_reference.minimum_of_interest']),{:.2f},"Smallest MDE/MEI ratio across strata (C2, C105) as quoted in PAPER.md Methods."
C181_paper_mde_ratio_high,S11,docs/PAPER.md,detectable effects of 1.75 to {} times,outputs/tables/power_analysis.csv,float(d.set_index('metric')['value'].loc['C1.mde_over_reference.minimum_of_interest']),{:.2f},"Largest MDE/MEI ratio across strata (C1, C102) as quoted in PAPER.md Methods."
C182_paper_mei_share_of_mean,S1,docs/PAPER.md,(about {}% of the discovery-period mean),data/processed/panel_cd_day.parquet,int(round(0.005 / (float((d['edp']/d['total_calls']).mean())) * 100)),{},The minimum effect of interest (config.MINIMUM_EFFECT_OF_INTEREST = 0.005) as a percentage of the discovery-period mean EDP share (C12).
C183_paper_coverage_codes,D6,docs/PAPER.md,EDPM appeared on 3 June 2021; {} outcome-group,data/reference/ems_coverage_breaks.csv,int((d['kind']!='missing_district_step').sum()),{},PAPER.md counterpart of C107_o2_breaks_total.
C184_paper_bheard_lowconf_lim,S15,docs/PAPER.md,low-confidence for {} of 31 precincts,data/reference/bheard_precinct_adoption.csv,int((d['confidence']=='low').sum()),{},PAPER.md counterpart of C25_bheard_low_conf.
C185_paper_lim_disc_episodes,S11,docs/PAPER.md,"attention episodes is small ({} in discovery,",data/reference/confirmation_episodes_rebuilt.csv,int((d['period']=='discovery').sum()),{},Limitations 2 restates the stratum episode counts.
C186_paper_lim_c1_episodes,S11,docs/PAPER.md,"in discovery, {} in the
   clean confirmation stratum",data/reference/confirmation_episodes_rebuilt.csv,"len([1 for a,b in [('2015-07-01','2016-12-31'),('2021-01-01','2021-05-31')] for x in d['start'] if a <= str(x)[:10] <= b])",{},PAPER.md counterpart of C67_calib_c1_episodes.
C187_paper_lim_c2_episodes,S11,docs/PAPER.md,"clean confirmation stratum, {} in the exposed one",data/reference/confirmation_episodes_rebuilt.csv,"len([1 for a,b in [('2021-06-01', '2024-12-31')] for x in d['start'] if a <= str(x)[:10] <= b])",{},C2 episodes (Limitations 2).
C188_dc_n_tests,S1b,docs/PAPER_MASTER.md,The decomposition runs {} outcome-by-window tests,outputs/tables/decomposition_windows.csv,len(d),{},Outcomes x rolling windows in 05_placebo_and_calls.py; the Bonferroni denominator.
C189_dc_bonferroni,S1b,docs/PAPER_MASTER.md,across all of them — α = {} —,outputs/tables/decomposition_windows.csv,0.05/len(d),{:.6f},Bonferroni threshold at family-wise 0.05 over every decomposition test.
C190_dc_survivors,S1b,docs/PAPER_MASTER.md,"exactly **{}** survive, and both are the same",outputs/tables/decomposition_windows.csv,int((d['p_joint'] < 0.05/len(d)).sum()),{},Tests below the Bonferroni threshold (joint-window p).
C191_dc_mh_min_p,S1b,docs/PAPER_MASTER.md,"its smallest p anywhere is {},",outputs/tables/decomposition_windows.csv,float(d[d['family']=='mental health']['p_joint'].min()),{:.3f},Smallest joint p across the six mental-health outcomes and five windows.
C192_dc_cardiac_min_p,S1b,docs/PAPER_MASTER.md,cardiac share and asthma share reach {} and,outputs/tables/decomposition_windows.csv,float(d[d['outcome']=='cardiac_share']['p_joint'].min()),{:.3f},Strongest (smallest) joint p for the cardiac placebo.
C193_dc_asthma_min_p,S1b,docs/PAPER_MASTER.md,asthma share reach 0.082 and {} at their strongest,outputs/tables/decomposition_windows.csv,float(d[d['outcome']=='asthma_share']['p_joint'].min()),{:.3f},Strongest (smallest) joint p for the asthma placebo.
C194_paper_dc_n_tests,S1b,docs/PAPER.md,Across the {} outcome-by-window decomposition tests,outputs/tables/decomposition_windows.csv,len(d),{},PAPER.md counterpart of C188.
C195_paper_dc_bonferroni,S1b,docs/PAPER.md,"under a Bonferroni threshold
of α = {},",outputs/tables/decomposition_windows.csv,0.05/len(d),{:.6f},PAPER.md counterpart of C189.
C196_paper_dc_survivors,S1b,docs/PAPER.md,"of α = 0.000769, {} survive and both are injury",outputs/tables/decomposition_windows.csv,int((d['p_joint'] < 0.05/len(d)).sum()),{},PAPER.md counterpart of C190.
C197_paper_dc_mh_min_p,S1b,docs/PAPER.md,(smallest *p* {} in the mental-health family,outputs/tables/decomposition_windows.csv,float(d[d['family']=='mental health']['p_joint'].min()),{:.3f},PAPER.md counterpart of C191.
C198_paper_dc_cardiac_min_p,S1b,docs/PAPER.md,(cardiac share *p* = {} and asthma share,outputs/tables/decomposition_windows.csv,float(d[d['outcome']=='cardiac_share']['p_joint'].min()),{:.3f},PAPER.md counterpart of C192.
C199_paper_dc_asthma_min_p,S1b,docs/PAPER.md,and asthma share *p* = {} at their strongest),outputs/tables/decomposition_windows.csv,float(d[d['outcome']=='asthma_share']['p_joint'].min()),{:.3f},PAPER.md counterpart of C193.
C200_calib_pooled_episodes,S11,docs/PAPER_MASTER.md,"| pooled | circular, within block (fw7) | gapped | {} |",outputs/tables/null_calibration_pooled.csv,int(d.set_index('metric')['value'].loc['n_episodes']),{},Pooled stratum row of the §7.4 table (addendum §22): episodes.
C201_calib_pooled_rejection,S11,docs/PAPER_MASTER.md,"| pooled | circular, within block (fw7) | gapped | 45 | {} |",outputs/tables/null_calibration_pooled.csv,float(d.set_index('metric')['value'].loc['empirical_rejection_rate']),{:.2f},Pooled stratum: rejection rate at nominal 5%.
C202_calib_pooled_ks,S11,docs/PAPER_MASTER.md,"| pooled | circular, within block (fw7) | gapped | 45 | 0.04 | {} |",outputs/tables/null_calibration_pooled.csv,float(d.set_index('metric')['value'].loc['ks_p_uniform']),{:.4f},Pooled stratum: lattice KS p.
C203_lim11_w1214_coef,S1b,docs/PAPER_MASTER.md,"the days 12–14 coefficient
   ({}, p = 0.0017) is below",outputs/tables/decomposition_windows.csv,float(d[(d['outcome']=='injury_share')&(d['window']=='w1214')]['coef_joint'].iloc[0]),{:+.5f},Limitation 11 restates the days 12–14 injury-share coefficient.
C204_lim11_w1214_p,S1b,docs/PAPER_MASTER.md,"coefficient
   (+0.00104, p = {}) is below",outputs/tables/decomposition_windows.csv,float(d[(d['outcome']=='injury_share')&(d['window']=='w1214')]['p_joint'].iloc[0]),{:.4f},"Limitation 11: its p, to four decimals."
C205_alt_w1214_p,S1b,docs/PAPER_MASTER.md,"weakened but not
vanished (p = {});",outputs/tables/decomposition_windows.csv,float(d[(d['outcome']=='injury_share')&(d['window']=='w1214')]['p_joint'].iloc[0]),{:.4f},§8.2 alternatives paragraph: the days 12–14 p.
C206_calib_c2_prose_old_ks,S11,docs/PAPER_MASTER.md,"completed
2026-09-20 09:16Z (lattice KS p {}, rejection rate",outputs/tables/null_calibration_C2.csv,float(d.set_index('metric')['value'].loc['ks_p_uniform']),{:.4f},"C2's 1,000-sim certificate quoted in the 7.4 prose (KS p); re-templated 2026-09-20 when the certificate reached 1,000"
C207_calib_c2_prose_rejection,S11,docs/PAPER_MASTER.md,"rejection rate {} at 1,000 simulations",outputs/tables/null_calibration_C2.csv,float(d.set_index('metric')['value'].loc['empirical_rejection_rate']),{:.3f},"C2's 1,000-sim certificate quoted in the 7.4 prose (rejection); re-templated 2026-09-20"
C208_disc_window_rows,S1,docs/PAPER_MASTER.md,discovery analysis window holds **{}** (which rows,data/processed/panel_cd_day.parquet,len(d),"{:,}","District-days inside the discovery analysis window (check_claim filters the outcome artifact to discovery before eval, so len(d) is exactly that count)."
C209_paper_disc_window_rows,S1,docs/PAPER.md,"the discovery analysis window holds {} of
them.",data/processed/panel_cd_day.parquet,len(d),"{:,}",PAPER.md counterpart of C208.
C1304_paper_abs_mde_c1,S1b,docs/PAPER.md,pre-freeze minimum detectable effect ({} in the clean stratum,data/reference/confirmatory_reading.csv,float(d[(d.stratum=='C1_clean')&(d['item']=='mde_level_prefreeze')]['value'].iloc[0]),{:.5f},"Discussion/Abstract number from the sealed reading (Phase I, 2026-09-21)"
C1305_paper_abs_mde_c2,S1b,docs/PAPER.md,in the clean stratum and {} in the exposed one;,data/reference/confirmatory_reading.csv,float(d[(d.stratum=='C2_exposed')&(d['item']=='mde_level_prefreeze')]['value'].iloc[0]),{:.5f},"Discussion/Abstract number from the sealed reading (Phase I, 2026-09-21)"
C1307_paper_abs_mde_corr_c1,S1b,docs/PAPER.md,about {} and 0.0112 under the approximate family correction),data/reference/confirmatory_reading.csv,float(d[(d.stratum=='C1_clean')&(d['item']=='mde_level_family_corrected')]['value'].iloc[0]),{:.4f},"Abstract: C1 MDE under the approximate family correction (23.11), from the sealed reading."
C1308_paper_abs_mde_corr_c2,S1b,docs/PAPER.md,about 0.0148 and {} under the approximate family correction),data/reference/confirmatory_reading.csv,float(d[(d.stratum=='C2_exposed')&(d['item']=='mde_level_family_corrected')]['value'].iloc[0]),{:.4f},Abstract: C2 MDE under the approximate family correction (23.11).
C1317_paper_dc_mh_count_min_p,S1b,docs/PAPER.md,"the narrow mental-health count, in the volume family, reaches *p* {} in days",outputs/tables/decomposition_windows.csv,float(d[(d['family']=='volume')&(d['outcome']=='log1p_mh_narrow')]['p_joint'].min()),{:.3f},Discovery Results: smallest decomposition p on the narrow mental-health count (volume family).
C1318_master_lim12_disc_ratio,S11,docs/PAPER_MASTER.md,"**{} times the minimum effect of interest on discovery, 2.3 on C1**",outputs/tables/power_analysis.csv,float(d.set_index('metric')['value'].loc['discovery.mde_over_reference.minimum_of_interest']),{:.1f},PAPER_MASTER §9 limitation 12: discovery MDE/MEI ratio.
C1319_master_lim12_c1_ratio,S11,docs/PAPER_MASTER.md,"on discovery, {} on C1**, under",outputs/tables/power_analysis.csv,float(d.set_index('metric')['value'].loc['C1.mde_over_reference.minimum_of_interest']),{:.1f},PAPER_MASTER §9 limitation 12: C1 MDE/MEI ratio (replaces the superseded 2.5).
C1322_res_c1_minp,S1b,docs/PAPER.md,"among its four primary cells is {}, on the EDP share",data/reference/confirmatory_results.csv,float(d[(d.stratum=='C1_clean')&(d.family=='primary_H1')]['p_randomization'].min()),{:.4f},Results: smallest unadjusted RI p among C1's primary cells.
C1323_res_c1_edp_bh,S1b,docs/PAPER.md,"on the EDP share, whose adjusted p is {}; the narrow",data/reference/confirmatory_results.csv,float(d[(d.stratum=='C1_clean')&(d.spec=='primary')&(d.outcome=='edp_share')&(d.estimator=='OLS_share')]['p_bh_adjusted'].iloc[0]),{:.3f},Results: C1 EDP share BH-adjusted p.
C1324_res_c1_mh_bh,S1b,docs/PAPER.md,the narrow mental-health share's adjusted p is {}.,data/reference/confirmatory_results.csv,float(d[(d.stratum=='C1_clean')&(d.spec=='primary')&(d.outcome=='mh_narrow_share')&(d.estimator=='OLS_share')]['p_bh_adjusted'].iloc[0]),{:.3f},Results: C1 narrow MH share BH-adjusted p.
C1325_res_c2_minp,S1b,docs/PAPER.md,the smallest unadjusted randomization p is {}. The reader,data/reference/confirmatory_results.csv,float(d[(d.stratum=='C2_exposed')&(d.family=='primary_H1')]['p_randomization'].min()),{:.4f},Results: smallest unadjusted RI p among C2's primary cells.
C1326_res_mde_c1,S1b,docs/PAPER.md,effect of the EDP share ({} in C1 and 0.00875 in C2; about,data/reference/confirmatory_reading.csv,float(d[(d.stratum=='C1_clean')&(d['item']=='mde_level_prefreeze')]['value'].iloc[0]),{:.5f},"Results: C1 pre-freeze MDE, sustained."
C1327_res_mde_c2,S1b,docs/PAPER.md,(0.01156 in C1 and {} in C2; about 0.01480,data/reference/confirmatory_reading.csv,float(d[(d.stratum=='C2_exposed')&(d['item']=='mde_level_prefreeze')]['value'].iloc[0]),{:.5f},"Results: C2 pre-freeze MDE, sustained."
C1328_res_mde_corr_c1,S1b,docs/PAPER.md,"about {} and 0.01120 under the approximate
eight-test correction) is disfavoured",data/reference/confirmatory_reading.csv,float(d[(d.stratum=='C1_clean')&(d['item']=='mde_level_family_corrected')]['value'].iloc[0]),{:.5f},Results: C1 MDE under the family correction.
C1329_res_mde_corr_c2,S1b,docs/PAPER.md,"about 0.01480 and {} under the approximate
eight-test correction) is disfavoured",data/reference/confirmatory_reading.csv,float(d[(d.stratum=='C2_exposed')&(d['item']=='mde_level_family_corrected')]['value'].iloc[0]),{:.5f},Results: C2 MDE under the family correction.
C1330_res_dip_c1,S1b,docs/PAPER.md,"minimum detectable effects
being {} and 0.00290.",data/reference/confirmatory_reading.csv,float(d[(d.stratum=='C1_clean')&(d['item']=='mde_dip_rebound_prefreeze')]['value'].iloc[0]),{:.5f},"Results: C1 pre-freeze MDE, transient."
C1331_res_dip_c2,S1b,docs/PAPER.md,being 0.00382 and {}.,data/reference/confirmatory_reading.csv,float(d[(d.stratum=='C2_exposed')&(d['item']=='mde_dip_rebound_prefreeze')]['value'].iloc[0]),{:.5f},"Results: C2 pre-freeze MDE, transient."
C1332_res_conclusion,S1b,docs/PAPER.md,"conclusion under the note's §9.4 is ""{}"".",data/reference/confirmatory_reading.csv,str(d[(d.stratum=='family')&(d['item']=='conclusion_9_4')]['value'].iloc[0]),{},"Results: the reader's conclusion sentence, verbatim."
C1333_res_c1_share_mean,S1b,docs/PAPER.md,"so that the first-week mean, {}, is a small fraction",data/reference/confirmatory_results.csv,float(d[(d.stratum=='C1_clean')&(d.spec=='primary')&(d.outcome=='edp_share')&(d.estimator=='OLS_share')]['first_week_mean_coef'].iloc[0]),{:.5f},Results: C1 EDP share first-week mean.
C1334_res_c1_count_mean,S1b,docs/PAPER.md,the count arm traces the same shape and averages to +{} log points,data/reference/confirmatory_results.csv,float(d[(d.stratum=='C1_clean')&(d.spec=='primary')&(d.outcome=='edp')&(d.estimator=='PPML_count_offset')]['first_week_mean_coef'].iloc[0]),{:.5f},Results: C1 EDP count first-week mean (log points).
C1335_res_c1_sens_den,S1b,docs/PAPER.md,"Of C1's {} sensitivity cells on the primary outcomes, 14 lie",data/reference/confirmatory_results.csv,int((d[(d.stratum=='C1_clean')&(d.status.str.startswith('OK'))&(d.family=='sensitivity')&(~d.outcome.str.contains('cardiac|injury|asthma'))]).shape[0]),{},Results: C1 H1-outcome sensitivity cells estimated.
C1336_res_c1_sens_num,S1b,docs/PAPER.md,"on the primary outcomes, {} lie at unadjusted
randomization p ≤ 0.05, on the same shape; of C2's",data/reference/confirmatory_results.csv,int((d[(d.stratum=='C1_clean')&(d.status.str.startswith('OK'))&(d.family=='sensitivity')&(~d.outcome.str.contains('cardiac|injury|asthma'))]['p_randomization']<=0.05).sum()),{},Results: C1 H1-outcome sensitivity cells at p <= 0.05.
C1337_res_c2_sens_den,S1b,docs/PAPER.md,"on the same shape; of C2's {}, none does.",data/reference/confirmatory_results.csv,int((d[(d.stratum=='C2_exposed')&(d.status.str.startswith('OK'))&(d.family=='sensitivity')&(~d.outcome.str.contains('cardiac|injury|asthma'))]).shape[0]),{},Results: C2 H1-outcome sensitivity cells estimated.
C1339_res_c1_raw_p,S1b,docs/PAPER.md,"C1's raw EDP count
without an offset has a randomization p of {} while total",data/reference/confirmatory_results.csv,float(d[(d.stratum=='C1_clean')&(d.family=='diagnostic')&(d.outcome=='edp')]['p_randomization'].iloc[0]),{:.4f},Results: C1 raw EDP count (no offset) RI p.
C1340_res_c1_total_p,S1b,docs/PAPER.md,while total dispatches have {}; in C2,data/reference/confirmatory_results.csv,float(d[(d.stratum=='C1_clean')&(d.family=='diagnostic')&(d.outcome=='total_calls')]['p_randomization'].iloc[0]),{:.4f},Results: C1 total dispatches RI p.
C1341_res_c2_raw_p,S1b,docs/PAPER.md,"in C2 the two are {} and
0.7481",data/reference/confirmatory_results.csv,float(d[(d.stratum=='C2_exposed')&(d.family=='diagnostic')&(d.outcome=='edp')]['p_randomization'].iloc[0]),{:.4f},Results: C2 raw EDP count RI p.
C1342_res_c2_total_p,S1b,docs/PAPER.md,"in C2 the two are 0.3368 and
{}.",data/reference/confirmatory_results.csv,float(d[(d.stratum=='C2_exposed')&(d.family=='diagnostic')&(d.outcome=='total_calls')]['p_randomization'].iloc[0]),{:.4f},Results: C2 total dispatches RI p.
C1343_res_dose_c1_edp,S1b,docs/PAPER.md,at asymptotic p {} on the EDP share and 0.0187,data/reference/confirmatory_results.csv,float(d[(d.stratum=='C1_clean')&(d.spec=='dose_response')&(d.outcome=='edp_share')&(d.estimator=='OLS_share_dose_per_sd')]['p_asymptotic'].iloc[0]),{:.4f},"Results: C1 dose-response asymptotic p, EDP share."
C1344_res_dose_c1_mh,S1b,docs/PAPER.md,on the EDP share and {} on the narrow share,data/reference/confirmatory_results.csv,float(d[(d.stratum=='C1_clean')&(d.spec=='dose_response')&(d.outcome=='mh_narrow_share')&(d.estimator=='OLS_share_dose_per_sd')]['p_asymptotic'].iloc[0]),{:.4f},"Results: C1 dose-response asymptotic p, narrow share."
C1345_res_dose_c2_edp,S1b,docs/PAPER.md,"it does not move
({} and 0.1820)",data/reference/confirmatory_results.csv,float(d[(d.stratum=='C2_exposed')&(d.spec=='dose_response')&(d.outcome=='edp_share')&(d.estimator=='OLS_share_dose_per_sd')]['p_asymptotic'].iloc[0]),{:.4f},"Results: C2 dose-response asymptotic p, EDP share."
C1346_res_dose_c2_mh,S1b,docs/PAPER.md,"it does not move
(0.2412 and {})",data/reference/confirmatory_results.csv,float(d[(d.stratum=='C2_exposed')&(d.spec=='dose_response')&(d.outcome=='mh_narrow_share')&(d.estimator=='OLS_share_dose_per_sd')]['p_asymptotic'].iloc[0]),{:.4f},"Results: C2 dose-response asymptotic p, narrow share."
C1347_res_bheard_pmin,S1b,docs/PAPER.md,(asymptotic p from {} to 0.9761),data/reference/confirmatory_results.csv,float(d[(d.stratum=='C2_exposed')&(d.spec=='bheard_interaction')]['p_asymptotic'].min()),{:.4f},Results: smallest B-HEARD interaction asymptotic p.
C1348_res_bheard_pmax,S1b,docs/PAPER.md,(asymptotic p from 0.7732 to {}),data/reference/confirmatory_results.csv,float(d[(d.stratum=='C2_exposed')&(d.spec=='bheard_interaction')]['p_asymptotic'].max()),{:.4f},Results: largest B-HEARD interaction asymptotic p.
C1349_disc_mde_c1,S1b,docs/PAPER.md,pre-freeze minimum detectable effect ({} in C1 and 0.00875 in C2 at nominal α,data/reference/confirmatory_reading.csv,float(d[(d.stratum=='C1_clean')&(d['item']=='mde_level_prefreeze')]['value'].iloc[0]),{:.5f},Discussion: C1 pre-freeze MDE.
C1350_disc_mde_c2,S1b,docs/PAPER.md,(0.01156 in C1 and {} in C2 at nominal α; about,data/reference/confirmatory_reading.csv,float(d[(d.stratum=='C2_exposed')&(d['item']=='mde_level_prefreeze')]['value'].iloc[0]),{:.5f},Discussion: C2 pre-freeze MDE.
C1351_disc_mde_corr_c1,S1b,docs/PAPER.md,"at nominal α; about {} and
0.0112 under the approximate family correction the plan",data/reference/confirmatory_reading.csv,float(d[(d.stratum=='C1_clean')&(d['item']=='mde_level_family_corrected')]['value'].iloc[0]),{:.4f},Discussion: C1 MDE under the family correction.
C1352_disc_mde_corr_c2,S1b,docs/PAPER.md,"about 0.0148 and
{} under the approximate family correction the plan",data/reference/confirmatory_reading.csv,float(d[(d.stratum=='C2_exposed')&(d['item']=='mde_level_family_corrected')]['value'].iloc[0]),{:.4f},Discussion: C2 MDE under the family correction.
C1353_disc_dip_c1,S1b,docs/PAPER.md,"(pre-freeze minimum detectable effects {} and
0.00290)",data/reference/confirmatory_reading.csv,float(d[(d.stratum=='C1_clean')&(d['item']=='mde_dip_rebound_prefreeze')]['value'].iloc[0]),{:.5f},Discussion: C1 transient MDE.
C1354_disc_dip_c2,S1b,docs/PAPER.md,"(pre-freeze minimum detectable effects 0.00382 and
{})",data/reference/confirmatory_reading.csv,float(d[(d.stratum=='C2_exposed')&(d['item']=='mde_dip_rebound_prefreeze')]['value'].iloc[0]),{:.5f},Discussion: C2 transient MDE.
C1355_disc_raw_p,S1b,docs/PAPER.md,"fell in the first week (randomization p {})
while total dispatches did not",data/reference/confirmatory_results.csv,float(d[(d.stratum=='C1_clean')&(d.family=='diagnostic')&(d.outcome=='edp')]['p_randomization'].iloc[0]),{:.4f},Discussion: C1 raw EDP count RI p.
C1356_disc_total_p,S1b,docs/PAPER.md,while total dispatches did not ({}),data/reference/confirmatory_results.csv,float(d[(d.stratum=='C1_clean')&(d.family=='diagnostic')&(d.outcome=='total_calls')]['p_randomization'].iloc[0]),{:.4f},Discussion: C1 total dispatches RI p.
C210_conf_primary_C1_edp_share_share_episodes_paper_master,S1b,docs/PAPER_MASTER.md,| C1 | EDP share | share | {} |,data/reference/confirmatory_results.csv,int(d[(d.stratum=='C1_clean')&(d.spec=='primary')&(d.outcome=='edp_share')&(d.estimator=='OLS_share')]['n_episodes'].iloc[0]),{},"Phase I table cell (conf_primary_C1_edp_share_share, episodes); generated by ops/phase_i_tables.py"
C210_conf_primary_C1_edp_share_share_episodes_supplement,S1b,docs/SUPPLEMENT.md,| C1 | EDP share | share | {} |,data/reference/confirmatory_results.csv,int(d[(d.stratum=='C1_clean')&(d.spec=='primary')&(d.outcome=='edp_share')&(d.estimator=='OLS_share')]['n_episodes'].iloc[0]),{},"Phase I table cell (conf_primary_C1_edp_share_share, episodes); generated by ops/phase_i_tables.py"
C211_conf_primary_C1_edp_share_share_mean_paper_master,S1b,docs/PAPER_MASTER.md,| C1 | EDP share | share | 15 | {} |,data/reference/confirmatory_results.csv,float(d[(d.stratum=='C1_clean')&(d.spec=='primary')&(d.outcome=='edp_share')&(d.estimator=='OLS_share')]['first_week_mean_coef'].iloc[0]),{:.5f},"Phase I table cell (conf_primary_C1_edp_share_share, mean); generated by ops/phase_i_tables.py"
C211_conf_primary_C1_edp_share_share_mean_supplement,S1b,docs/SUPPLEMENT.md,| C1 | EDP share | share | 15 | {} |,data/reference/confirmatory_results.csv,float(d[(d.stratum=='C1_clean')&(d.spec=='primary')&(d.outcome=='edp_share')&(d.estimator=='OLS_share')]['first_week_mean_coef'].iloc[0]),{:.5f},"Phase I table cell (conf_primary_C1_edp_share_share, mean); generated by ops/phase_i_tables.py"
C212_conf_primary_C1_edp_share_share_se_paper_master,S1b,docs/PAPER_MASTER.md,| C1 | EDP share | share | 15 | −0.00059 | {} |,data/reference/confirmatory_results.csv,float(d[(d.stratum=='C1_clean')&(d.spec=='primary')&(d.outcome=='edp_share')&(d.estimator=='OLS_share')]['first_week_mean_se'].iloc[0]),{:.5f},"Phase I table cell (conf_primary_C1_edp_share_share, se); generated by ops/phase_i_tables.py"
C212_conf_primary_C1_edp_share_share_se_supplement,S1b,docs/SUPPLEMENT.md,| C1 | EDP share | share | 15 | −0.00059 | {} |,data/reference/confirmatory_results.csv,float(d[(d.stratum=='C1_clean')&(d.spec=='primary')&(d.outcome=='edp_share')&(d.estimator=='OLS_share')]['first_week_mean_se'].iloc[0]),{:.5f},"Phase I table cell (conf_primary_C1_edp_share_share, se); generated by ops/phase_i_tables.py"
C213_conf_primary_C1_edp_share_share_chi2_paper_master,S1b,docs/PAPER_MASTER.md,| C1 | EDP share | share | 15 | −0.00059 | 0.00136 | {} |,data/reference/confirmatory_results.csv,float(d[(d.stratum=='C1_clean')&(d.spec=='primary')&(d.outcome=='edp_share')&(d.estimator=='OLS_share')]['first_week_chi2'].iloc[0]),{:.2f},"Phase I table cell (conf_primary_C1_edp_share_share, chi2); generated by ops/phase_i_tables.py"
C213_conf_primary_C1_edp_share_share_chi2_supplement,S1b,docs/SUPPLEMENT.md,| C1 | EDP share | share | 15 | −0.00059 | 0.00136 | {} |,data/reference/confirmatory_results.csv,float(d[(d.stratum=='C1_clean')&(d.spec=='primary')&(d.outcome=='edp_share')&(d.estimator=='OLS_share')]['first_week_chi2'].iloc[0]),{:.2f},"Phase I table cell (conf_primary_C1_edp_share_share, chi2); generated by ops/phase_i_tables.py"
C214_conf_primary_C1_edp_share_share_p_ri_paper_master,S1b,docs/PAPER_MASTER.md,| C1 | EDP share | share | 15 | −0.00059 | 0.00136 | 25.32 | {} |,data/reference/confirmatory_results.csv,float(d[(d.stratum=='C1_clean')&(d.spec=='primary')&(d.outcome=='edp_share')&(d.estimator=='OLS_share')]['p_randomization'].iloc[0]),{:.4f},"Phase I table cell (conf_primary_C1_edp_share_share, p_ri); generated by ops/phase_i_tables.py"
C214_conf_primary_C1_edp_share_share_p_ri_supplement,S1b,docs/SUPPLEMENT.md,| C1 | EDP share | share | 15 | −0.00059 | 0.00136 | 25.32 | {} |,data/reference/confirmatory_results.csv,float(d[(d.stratum=='C1_clean')&(d.spec=='primary')&(d.outcome=='edp_share')&(d.estimator=='OLS_share')]['p_randomization'].iloc[0]),{:.4f},"Phase I table cell (conf_primary_C1_edp_share_share, p_ri); generated by ops/phase_i_tables.py"
C215_conf_primary_C1_edp_share_share_p_bh_paper_master,S1b,docs/PAPER_MASTER.md,| C1 | EDP share | share | 15 | −0.00059 | 0.00136 | 25.32 | 0.0115 | {} |,data/reference/confirmatory_results.csv,float(d[(d.stratum=='C1_clean')&(d.spec=='primary')&(d.outcome=='edp_share')&(d.estimator=='OLS_share')]['p_bh_adjusted'].iloc[0]),{:.4f},"Phase I table cell (conf_primary_C1_edp_share_share, p_bh); generated by ops/phase_i_tables.py"
C215_conf_primary_C1_edp_share_share_p_bh_supplement,S1b,docs/SUPPLEMENT.md,| C1 | EDP share | share | 15 | −0.00059 | 0.00136 | 25.32 | 0.0115 | {} |,data/reference/confirmatory_results.csv,float(d[(d.stratum=='C1_clean')&(d.spec=='primary')&(d.outcome=='edp_share')&(d.estimator=='OLS_share')]['p_bh_adjusted'].iloc[0]),{:.4f},"Phase I table cell (conf_primary_C1_edp_share_share, p_bh); generated by ops/phase_i_tables.py"
C216_conf_primary_C1_edp_share_share_p_asym_paper_master,S1b,docs/PAPER_MASTER.md,| C1 | EDP share | share | 15 | −0.00059 | 0.00136 | 25.32 | 0.0115 | 0.0560 | {} |,data/reference/confirmatory_results.csv,float(d[(d.stratum=='C1_clean')&(d.spec=='primary')&(d.outcome=='edp_share')&(d.estimator=='OLS_share')]['p_asymptotic'].iloc[0]),{:.4f},"Phase I table cell (conf_primary_C1_edp_share_share, p_asym); generated by ops/phase_i_tables.py"
C216_conf_primary_C1_edp_share_share_p_asym_supplement,S1b,docs/SUPPLEMENT.md,| C1 | EDP share | share | 15 | −0.00059 | 0.00136 | 25.32 | 0.0115 | 0.0560 | {} |,data/reference/confirmatory_results.csv,float(d[(d.stratum=='C1_clean')&(d.spec=='primary')&(d.outcome=='edp_share')&(d.estimator=='OLS_share')]['p_asymptotic'].iloc[0]),{:.4f},"Phase I table cell (conf_primary_C1_edp_share_share, p_asym); generated by ops/phase_i_tables.py"
C217_conf_primary_C1_edp_count_episodes_paper_master,S1b,docs/PAPER_MASTER.md,| C1 | EDP count | count | {} |,data/reference/confirmatory_results.csv,int(d[(d.stratum=='C1_clean')&(d.spec=='primary')&(d.outcome=='edp')&(d.estimator=='PPML_count_offset')]['n_episodes'].iloc[0]),{},"Phase I table cell (conf_primary_C1_edp_count, episodes); generated by ops/phase_i_tables.py"
C217_conf_primary_C1_edp_count_episodes_supplement,S1b,docs/SUPPLEMENT.md,| C1 | EDP count | count | {} |,data/reference/confirmatory_results.csv,int(d[(d.stratum=='C1_clean')&(d.spec=='primary')&(d.outcome=='edp')&(d.estimator=='PPML_count_offset')]['n_episodes'].iloc[0]),{},"Phase I table cell (conf_primary_C1_edp_count, episodes); generated by ops/phase_i_tables.py"
C218_conf_primary_C1_edp_count_mean_paper_master,S1b,docs/PAPER_MASTER.md,| C1 | EDP count | count | 15 | {} |,data/reference/confirmatory_results.csv,float(d[(d.stratum=='C1_clean')&(d.spec=='primary')&(d.outcome=='edp')&(d.estimator=='PPML_count_offset')]['first_week_mean_coef'].iloc[0]),{:.5f},"Phase I table cell (conf_primary_C1_edp_count, mean); generated by ops/phase_i_tables.py"
C218_conf_primary_C1_edp_count_mean_supplement,S1b,docs/SUPPLEMENT.md,| C1 | EDP count | count | 15 | {} |,data/reference/confirmatory_results.csv,float(d[(d.stratum=='C1_clean')&(d.spec=='primary')&(d.outcome=='edp')&(d.estimator=='PPML_count_offset')]['first_week_mean_coef'].iloc[0]),{:.5f},"Phase I table cell (conf_primary_C1_edp_count, mean); generated by ops/phase_i_tables.py"
C219_conf_primary_C1_edp_count_se_paper_master,S1b,docs/PAPER_MASTER.md,| C1 | EDP count | count | 15 | 0.00945 | {} |,data/reference/confirmatory_results.csv,float(d[(d.stratum=='C1_clean')&(d.spec=='primary')&(d.outcome=='edp')&(d.estimator=='PPML_count_offset')]['first_week_mean_se'].iloc[0]),{:.5f},"Phase I table cell (conf_primary_C1_edp_count, se); generated by ops/phase_i_tables.py"
C219_conf_primary_C1_edp_count_se_supplement,S1b,docs/SUPPLEMENT.md,| C1 | EDP count | count | 15 | 0.00945 | {} |,data/reference/confirmatory_results.csv,float(d[(d.stratum=='C1_clean')&(d.spec=='primary')&(d.outcome=='edp')&(d.estimator=='PPML_count_offset')]['first_week_mean_se'].iloc[0]),{:.5f},"Phase I table cell (conf_primary_C1_edp_count, se); generated by ops/phase_i_tables.py"
C220_conf_primary_C1_edp_count_chi2_paper_master,S1b,docs/PAPER_MASTER.md,| C1 | EDP count | count | 15 | 0.00945 | 0.01623 | {} |,data/reference/confirmatory_results.csv,float(d[(d.stratum=='C1_clean')&(d.spec=='primary')&(d.outcome=='edp')&(d.estimator=='PPML_count_offset')]['first_week_chi2'].iloc[0]),{:.2f},"Phase I table cell (conf_primary_C1_edp_count, chi2); generated by ops/phase_i_tables.py"
C220_conf_primary_C1_edp_count_chi2_supplement,S1b,docs/SUPPLEMENT.md,| C1 | EDP count | count | 15 | 0.00945 | 0.01623 | {} |,data/reference/confirmatory_results.csv,float(d[(d.stratum=='C1_clean')&(d.spec=='primary')&(d.outcome=='edp')&(d.estimator=='PPML_count_offset')]['first_week_chi2'].iloc[0]),{:.2f},"Phase I table cell (conf_primary_C1_edp_count, chi2); generated by ops/phase_i_tables.py"
C221_conf_primary_C1_edp_count_p_ri_paper_master,S1b,docs/PAPER_MASTER.md,| C1 | EDP count | count | 15 | 0.00945 | 0.01623 | 26.11 | {} |,data/reference/confirmatory_results.csv,float(d[(d.stratum=='C1_clean')&(d.spec=='primary')&(d.outcome=='edp')&(d.estimator=='PPML_count_offset')]['p_randomization'].iloc[0]),{:.4f},"Phase I table cell (conf_primary_C1_edp_count, p_ri); generated by ops/phase_i_tables.py"
C221_conf_primary_C1_edp_count_p_ri_supplement,S1b,docs/SUPPLEMENT.md,| C1 | EDP count | count | 15 | 0.00945 | 0.01623 | 26.11 | {} |,data/reference/confirmatory_results.csv,float(d[(d.stratum=='C1_clean')&(d.spec=='primary')&(d.outcome=='edp')&(d.estimator=='PPML_count_offset')]['p_randomization'].iloc[0]),{:.4f},"Phase I table cell (conf_primary_C1_edp_count, p_ri); generated by ops/phase_i_tables.py"
C222_conf_primary_C1_edp_count_p_bh_paper_master,S1b,docs/PAPER_MASTER.md,| C1 | EDP count | count | 15 | 0.00945 | 0.01623 | 26.11 | 0.0140 | {} |,data/reference/confirmatory_results.csv,float(d[(d.stratum=='C1_clean')&(d.spec=='primary')&(d.outcome=='edp')&(d.estimator=='PPML_count_offset')]['p_bh_adjusted'].iloc[0]),{:.4f},"Phase I table cell (conf_primary_C1_edp_count, p_bh); generated by ops/phase_i_tables.py"
C222_conf_primary_C1_edp_count_p_bh_supplement,S1b,docs/SUPPLEMENT.md,| C1 | EDP count | count | 15 | 0.00945 | 0.01623 | 26.11 | 0.0140 | {} |,data/reference/confirmatory_results.csv,float(d[(d.stratum=='C1_clean')&(d.spec=='primary')&(d.outcome=='edp')&(d.estimator=='PPML_count_offset')]['p_bh_adjusted'].iloc[0]),{:.4f},"Phase I table cell (conf_primary_C1_edp_count, p_bh); generated by ops/phase_i_tables.py"
C223_conf_primary_C1_edp_count_p_asym_paper_master,S1b,docs/PAPER_MASTER.md,| C1 | EDP count | count | 15 | 0.00945 | 0.01623 | 26.11 | 0.0140 | 0.0560 | {} |,data/reference/confirmatory_results.csv,float(d[(d.stratum=='C1_clean')&(d.spec=='primary')&(d.outcome=='edp')&(d.estimator=='PPML_count_offset')]['p_asymptotic'].iloc[0]),{:.4f},"Phase I table cell (conf_primary_C1_edp_count, p_asym); generated by ops/phase_i_tables.py"
C223_conf_primary_C1_edp_count_p_asym_supplement,S1b,docs/SUPPLEMENT.md,| C1 | EDP count | count | 15 | 0.00945 | 0.01623 | 26.11 | 0.0140 | 0.0560 | {} |,data/reference/confirmatory_results.csv,float(d[(d.stratum=='C1_clean')&(d.spec=='primary')&(d.outcome=='edp')&(d.estimator=='PPML_count_offset')]['p_asymptotic'].iloc[0]),{:.4f},"Phase I table cell (conf_primary_C1_edp_count, p_asym); generated by ops/phase_i_tables.py"
C224_conf_primary_C1_mh_narrow_share_share_episodes_paper_master,S1b,docs/PAPER_MASTER.md,| C1 | narrow MH share | share | {} |,data/reference/confirmatory_results.csv,int(d[(d.stratum=='C1_clean')&(d.spec=='primary')&(d.outcome=='mh_narrow_share')&(d.estimator=='OLS_share')]['n_episodes'].iloc[0]),{},"Phase I table cell (conf_primary_C1_mh_narrow_share_share, episodes); generated by ops/phase_i_tables.py"
C224_conf_primary_C1_mh_narrow_share_share_episodes_supplement,S1b,docs/SUPPLEMENT.md,| C1 | narrow MH share | share | {} |,data/reference/confirmatory_results.csv,int(d[(d.stratum=='C1_clean')&(d.spec=='primary')&(d.outcome=='mh_narrow_share')&(d.estimator=='OLS_share')]['n_episodes'].iloc[0]),{},"Phase I table cell (conf_primary_C1_mh_narrow_share_share, episodes); generated by ops/phase_i_tables.py"
C225_conf_primary_C1_mh_narrow_share_share_mean_paper_master,S1b,docs/PAPER_MASTER.md,| C1 | narrow MH share | share | 15 | {} |,data/reference/confirmatory_results.csv,float(d[(d.stratum=='C1_clean')&(d.spec=='primary')&(d.outcome=='mh_narrow_share')&(d.estimator=='OLS_share')]['first_week_mean_coef'].iloc[0]),{:.5f},"Phase I table cell (conf_primary_C1_mh_narrow_share_share, mean); generated by ops/phase_i_tables.py"
C225_conf_primary_C1_mh_narrow_share_share_mean_supplement,S1b,docs/SUPPLEMENT.md,| C1 | narrow MH share | share | 15 | {} |,data/reference/confirmatory_results.csv,float(d[(d.stratum=='C1_clean')&(d.spec=='primary')&(d.outcome=='mh_narrow_share')&(d.estimator=='OLS_share')]['first_week_mean_coef'].iloc[0]),{:.5f},"Phase I table cell (conf_primary_C1_mh_narrow_share_share, mean); generated by ops/phase_i_tables.py"
C226_conf_primary_C1_mh_narrow_share_share_se_paper_master,S1b,docs/PAPER_MASTER.md,| C1 | narrow MH share | share | 15 | −0.00074 | {} |,data/reference/confirmatory_results.csv,float(d[(d.stratum=='C1_clean')&(d.spec=='primary')&(d.outcome=='mh_narrow_share')&(d.estimator=='OLS_share')]['first_week_mean_se'].iloc[0]),{:.5f},"Phase I table cell (conf_primary_C1_mh_narrow_share_share, se); generated by ops/phase_i_tables.py"
C226_conf_primary_C1_mh_narrow_share_share_se_supplement,S1b,docs/SUPPLEMENT.md,| C1 | narrow MH share | share | 15 | −0.00074 | {} |,data/reference/confirmatory_results.csv,float(d[(d.stratum=='C1_clean')&(d.spec=='primary')&(d.outcome=='mh_narrow_share')&(d.estimator=='OLS_share')]['first_week_mean_se'].iloc[0]),{:.5f},"Phase I table cell (conf_primary_C1_mh_narrow_share_share, se); generated by ops/phase_i_tables.py"
C227_conf_primary_C1_mh_narrow_share_share_chi2_paper_master,S1b,docs/PAPER_MASTER.md,| C1 | narrow MH share | share | 15 | −0.00074 | 0.00157 | {} |,data/reference/confirmatory_results.csv,float(d[(d.stratum=='C1_clean')&(d.spec=='primary')&(d.outcome=='mh_narrow_share')&(d.estimator=='OLS_share')]['first_week_chi2'].iloc[0]),{:.2f},"Phase I table cell (conf_primary_C1_mh_narrow_share_share, chi2); generated by ops/phase_i_tables.py"
C227_conf_primary_C1_mh_narrow_share_share_chi2_supplement,S1b,docs/SUPPLEMENT.md,| C1 | narrow MH share | share | 15 | −0.00074 | 0.00157 | {} |,data/reference/confirmatory_results.csv,float(d[(d.stratum=='C1_clean')&(d.spec=='primary')&(d.outcome=='mh_narrow_share')&(d.estimator=='OLS_share')]['first_week_chi2'].iloc[0]),{:.2f},"Phase I table cell (conf_primary_C1_mh_narrow_share_share, chi2); generated by ops/phase_i_tables.py"
C228_conf_primary_C1_mh_narrow_share_share_p_ri_paper_master,S1b,docs/PAPER_MASTER.md,| C1 | narrow MH share | share | 15 | −0.00074 | 0.00157 | 22.57 | {} |,data/reference/confirmatory_results.csv,float(d[(d.stratum=='C1_clean')&(d.spec=='primary')&(d.outcome=='mh_narrow_share')&(d.estimator=='OLS_share')]['p_randomization'].iloc[0]),{:.4f},"Phase I table cell (conf_primary_C1_mh_narrow_share_share, p_ri); generated by ops/phase_i_tables.py"
C228_conf_primary_C1_mh_narrow_share_share_p_ri_supplement,S1b,docs/SUPPLEMENT.md,| C1 | narrow MH share | share | 15 | −0.00074 | 0.00157 | 22.57 | {} |,data/reference/confirmatory_results.csv,float(d[(d.stratum=='C1_clean')&(d.spec=='primary')&(d.outcome=='mh_narrow_share')&(d.estimator=='OLS_share')]['p_randomization'].iloc[0]),{:.4f},"Phase I table cell (conf_primary_C1_mh_narrow_share_share, p_ri); generated by ops/phase_i_tables.py"
C229_conf_primary_C1_mh_narrow_share_share_p_bh_paper_master,S1b,docs/PAPER_MASTER.md,| C1 | narrow MH share | share | 15 | −0.00074 | 0.00157 | 22.57 | 0.0285 | {} |,data/reference/confirmatory_results.csv,float(d[(d.stratum=='C1_clean')&(d.spec=='primary')&(d.outcome=='mh_narrow_share')&(d.estimator=='OLS_share')]['p_bh_adjusted'].iloc[0]),{:.4f},"Phase I table cell (conf_primary_C1_mh_narrow_share_share, p_bh); generated by ops/phase_i_tables.py"
C229_conf_primary_C1_mh_narrow_share_share_p_bh_supplement,S1b,docs/SUPPLEMENT.md,| C1 | narrow MH share | share | 15 | −0.00074 | 0.00157 | 22.57 | 0.0285 | {} |,data/reference/confirmatory_results.csv,float(d[(d.stratum=='C1_clean')&(d.spec=='primary')&(d.outcome=='mh_narrow_share')&(d.estimator=='OLS_share')]['p_bh_adjusted'].iloc[0]),{:.4f},"Phase I table cell (conf_primary_C1_mh_narrow_share_share, p_bh); generated by ops/phase_i_tables.py"
C230_conf_primary_C1_mh_narrow_share_share_p_asym_paper_master,S1b,docs/PAPER_MASTER.md,| C1 | narrow MH share | share | 15 | −0.00074 | 0.00157 | 22.57 | 0.0285 | 0.0760 | {} |,data/reference/confirmatory_results.csv,float(d[(d.stratum=='C1_clean')&(d.spec=='primary')&(d.outcome=='mh_narrow_share')&(d.estimator=='OLS_share')]['p_asymptotic'].iloc[0]),{:.4f},"Phase I table cell (conf_primary_C1_mh_narrow_share_share, p_asym); generated by ops/phase_i_tables.py"
C230_conf_primary_C1_mh_narrow_share_share_p_asym_supplement,S1b,docs/SUPPLEMENT.md,| C1 | narrow MH share | share | 15 | −0.00074 | 0.00157 | 22.57 | 0.0285 | 0.0760 | {} |,data/reference/confirmatory_results.csv,float(d[(d.stratum=='C1_clean')&(d.spec=='primary')&(d.outcome=='mh_narrow_share')&(d.estimator=='OLS_share')]['p_asymptotic'].iloc[0]),{:.4f},"Phase I table cell (conf_primary_C1_mh_narrow_share_share, p_asym); generated by ops/phase_i_tables.py"
C231_conf_primary_C1_mh_narrow_count_episodes_paper_master,S1b,docs/PAPER_MASTER.md,| C1 | narrow MH count | count | {} |,data/reference/confirmatory_results.csv,int(d[(d.stratum=='C1_clean')&(d.spec=='primary')&(d.outcome=='mh_narrow')&(d.estimator=='PPML_count_offset')]['n_episodes'].iloc[0]),{},"Phase I table cell (conf_primary_C1_mh_narrow_count, episodes); generated by ops/phase_i_tables.py"
C231_conf_primary_C1_mh_narrow_count_episodes_supplement,S1b,docs/SUPPLEMENT.md,| C1 | narrow MH count | count | {} |,data/reference/confirmatory_results.csv,int(d[(d.stratum=='C1_clean')&(d.spec=='primary')&(d.outcome=='mh_narrow')&(d.estimator=='PPML_count_offset')]['n_episodes'].iloc[0]),{},"Phase I table cell (conf_primary_C1_mh_narrow_count, episodes); generated by ops/phase_i_tables.py"
C232_conf_primary_C1_mh_narrow_count_mean_paper_master,S1b,docs/PAPER_MASTER.md,| C1 | narrow MH count | count | 15 | {} |,data/reference/confirmatory_results.csv,float(d[(d.stratum=='C1_clean')&(d.spec=='primary')&(d.outcome=='mh_narrow')&(d.estimator=='PPML_count_offset')]['first_week_mean_coef'].iloc[0]),{:.5f},"Phase I table cell (conf_primary_C1_mh_narrow_count, mean); generated by ops/phase_i_tables.py"
C232_conf_primary_C1_mh_narrow_count_mean_supplement,S1b,docs/SUPPLEMENT.md,| C1 | narrow MH count | count | 15 | {} |,data/reference/confirmatory_results.csv,float(d[(d.stratum=='C1_clean')&(d.spec=='primary')&(d.outcome=='mh_narrow')&(d.estimator=='PPML_count_offset')]['first_week_mean_coef'].iloc[0]),{:.5f},"Phase I table cell (conf_primary_C1_mh_narrow_count, mean); generated by ops/phase_i_tables.py"
C233_conf_primary_C1_mh_narrow_count_se_paper_master,S1b,docs/PAPER_MASTER.md,| C1 | narrow MH count | count | 15 | −0.00013 | {} |,data/reference/confirmatory_results.csv,float(d[(d.stratum=='C1_clean')&(d.spec=='primary')&(d.outcome=='mh_narrow')&(d.estimator=='PPML_count_offset')]['first_week_mean_se'].iloc[0]),{:.5f},"Phase I table cell (conf_primary_C1_mh_narrow_count, se); generated by ops/phase_i_tables.py"
C233_conf_primary_C1_mh_narrow_count_se_supplement,S1b,docs/SUPPLEMENT.md,| C1 | narrow MH count | count | 15 | −0.00013 | {} |,data/reference/confirmatory_results.csv,float(d[(d.stratum=='C1_clean')&(d.spec=='primary')&(d.outcome=='mh_narrow')&(d.estimator=='PPML_count_offset')]['first_week_mean_se'].iloc[0]),{:.5f},"Phase I table cell (conf_primary_C1_mh_narrow_count, se); generated by ops/phase_i_tables.py"
C234_conf_primary_C1_mh_narrow_count_chi2_paper_master,S1b,docs/PAPER_MASTER.md,| C1 | narrow MH count | count | 15 | −0.00013 | 0.01420 | {} |,data/reference/confirmatory_results.csv,float(d[(d.stratum=='C1_clean')&(d.spec=='primary')&(d.outcome=='mh_narrow')&(d.estimator=='PPML_count_offset')]['first_week_chi2'].iloc[0]),{:.2f},"Phase I table cell (conf_primary_C1_mh_narrow_count, chi2); generated by ops/phase_i_tables.py"
C234_conf_primary_C1_mh_narrow_count_chi2_supplement,S1b,docs/SUPPLEMENT.md,| C1 | narrow MH count | count | 15 | −0.00013 | 0.01420 | {} |,data/reference/confirmatory_results.csv,float(d[(d.stratum=='C1_clean')&(d.spec=='primary')&(d.outcome=='mh_narrow')&(d.estimator=='PPML_count_offset')]['first_week_chi2'].iloc[0]),{:.2f},"Phase I table cell (conf_primary_C1_mh_narrow_count, chi2); generated by ops/phase_i_tables.py"
C235_conf_primary_C1_mh_narrow_count_p_ri_paper_master,S1b,docs/PAPER_MASTER.md,| C1 | narrow MH count | count | 15 | −0.00013 | 0.01420 | 17.09 | {} |,data/reference/confirmatory_results.csv,float(d[(d.stratum=='C1_clean')&(d.spec=='primary')&(d.outcome=='mh_narrow')&(d.estimator=='PPML_count_offset')]['p_randomization'].iloc[0]),{:.4f},"Phase I table cell (conf_primary_C1_mh_narrow_count, p_ri); generated by ops/phase_i_tables.py"
C235_conf_primary_C1_mh_narrow_count_p_ri_supplement,S1b,docs/SUPPLEMENT.md,| C1 | narrow MH count | count | 15 | −0.00013 | 0.01420 | 17.09 | {} |,data/reference/confirmatory_results.csv,float(d[(d.stratum=='C1_clean')&(d.spec=='primary')&(d.outcome=='mh_narrow')&(d.estimator=='PPML_count_offset')]['p_randomization'].iloc[0]),{:.4f},"Phase I table cell (conf_primary_C1_mh_narrow_count, p_ri); generated by ops/phase_i_tables.py"
C236_conf_primary_C1_mh_narrow_count_p_bh_paper_master,S1b,docs/PAPER_MASTER.md,| C1 | narrow MH count | count | 15 | −0.00013 | 0.01420 | 17.09 | 0.0895 | {} |,data/reference/confirmatory_results.csv,float(d[(d.stratum=='C1_clean')&(d.spec=='primary')&(d.outcome=='mh_narrow')&(d.estimator=='PPML_count_offset')]['p_bh_adjusted'].iloc[0]),{:.4f},"Phase I table cell (conf_primary_C1_mh_narrow_count, p_bh); generated by ops/phase_i_tables.py"
C236_conf_primary_C1_mh_narrow_count_p_bh_supplement,S1b,docs/SUPPLEMENT.md,| C1 | narrow MH count | count | 15 | −0.00013 | 0.01420 | 17.09 | 0.0895 | {} |,data/reference/confirmatory_results.csv,float(d[(d.stratum=='C1_clean')&(d.spec=='primary')&(d.outcome=='mh_narrow')&(d.estimator=='PPML_count_offset')]['p_bh_adjusted'].iloc[0]),{:.4f},"Phase I table cell (conf_primary_C1_mh_narrow_count, p_bh); generated by ops/phase_i_tables.py"
C237_conf_primary_C1_mh_narrow_count_p_asym_paper_master,S1b,docs/PAPER_MASTER.md,| C1 | narrow MH count | count | 15 | −0.00013 | 0.01420 | 17.09 | 0.0895 | 0.1789 | {} |,data/reference/confirmatory_results.csv,float(d[(d.stratum=='C1_clean')&(d.spec=='primary')&(d.outcome=='mh_narrow')&(d.estimator=='PPML_count_offset')]['p_asymptotic'].iloc[0]),{:.4f},"Phase I table cell (conf_primary_C1_mh_narrow_count, p_asym); generated by ops/phase_i_tables.py"
C237_conf_primary_C1_mh_narrow_count_p_asym_supplement,S1b,docs/SUPPLEMENT.md,| C1 | narrow MH count | count | 15 | −0.00013 | 0.01420 | 17.09 | 0.0895 | 0.1789 | {} |,data/reference/confirmatory_results.csv,float(d[(d.stratum=='C1_clean')&(d.spec=='primary')&(d.outcome=='mh_narrow')&(d.estimator=='PPML_count_offset')]['p_asymptotic'].iloc[0]),{:.4f},"Phase I table cell (conf_primary_C1_mh_narrow_count, p_asym); generated by ops/phase_i_tables.py"
C238_conf_primary_C2_edp_share_share_episodes_paper_master,S1b,docs/PAPER_MASTER.md,| C2 | EDP share | share | {} |,data/reference/confirmatory_results.csv,int(d[(d.stratum=='C2_exposed')&(d.spec=='primary')&(d.outcome=='edp_share')&(d.estimator=='OLS_share')]['n_episodes'].iloc[0]),{},"Phase I table cell (conf_primary_C2_edp_share_share, episodes); generated by ops/phase_i_tables.py"
C238_conf_primary_C2_edp_share_share_episodes_supplement,S1b,docs/SUPPLEMENT.md,| C2 | EDP share | share | {} |,data/reference/confirmatory_results.csv,int(d[(d.stratum=='C2_exposed')&(d.spec=='primary')&(d.outcome=='edp_share')&(d.estimator=='OLS_share')]['n_episodes'].iloc[0]),{},"Phase I table cell (conf_primary_C2_edp_share_share, episodes); generated by ops/phase_i_tables.py"
C239_conf_primary_C2_edp_share_share_mean_paper_master,S1b,docs/PAPER_MASTER.md,| C2 | EDP share | share | 30 | {} |,data/reference/confirmatory_results.csv,float(d[(d.stratum=='C2_exposed')&(d.spec=='primary')&(d.outcome=='edp_share')&(d.estimator=='OLS_share')]['first_week_mean_coef'].iloc[0]),{:.5f},"Phase I table cell (conf_primary_C2_edp_share_share, mean); generated by ops/phase_i_tables.py"
C239_conf_primary_C2_edp_share_share_mean_supplement,S1b,docs/SUPPLEMENT.md,| C2 | EDP share | share | 30 | {} |,data/reference/confirmatory_results.csv,float(d[(d.stratum=='C2_exposed')&(d.spec=='primary')&(d.outcome=='edp_share')&(d.estimator=='OLS_share')]['first_week_mean_coef'].iloc[0]),{:.5f},"Phase I table cell (conf_primary_C2_edp_share_share, mean); generated by ops/phase_i_tables.py"
C240_conf_primary_C2_edp_share_share_se_paper_master,S1b,docs/PAPER_MASTER.md,| C2 | EDP share | share | 30 | −0.00019 | {} |,data/reference/confirmatory_results.csv,float(d[(d.stratum=='C2_exposed')&(d.spec=='primary')&(d.outcome=='edp_share')&(d.estimator=='OLS_share')]['first_week_mean_se'].iloc[0]),{:.5f},"Phase I table cell (conf_primary_C2_edp_share_share, se); generated by ops/phase_i_tables.py"
C240_conf_primary_C2_edp_share_share_se_supplement,S1b,docs/SUPPLEMENT.md,| C2 | EDP share | share | 30 | −0.00019 | {} |,data/reference/confirmatory_results.csv,float(d[(d.stratum=='C2_exposed')&(d.spec=='primary')&(d.outcome=='edp_share')&(d.estimator=='OLS_share')]['first_week_mean_se'].iloc[0]),{:.5f},"Phase I table cell (conf_primary_C2_edp_share_share, se); generated by ops/phase_i_tables.py"
C241_conf_primary_C2_edp_share_share_chi2_paper_master,S1b,docs/PAPER_MASTER.md,| C2 | EDP share | share | 30 | −0.00019 | 0.00114 | {} |,data/reference/confirmatory_results.csv,float(d[(d.stratum=='C2_exposed')&(d.spec=='primary')&(d.outcome=='edp_share')&(d.estimator=='OLS_share')]['first_week_chi2'].iloc[0]),{:.2f},"Phase I table cell (conf_primary_C2_edp_share_share, chi2); generated by ops/phase_i_tables.py"
C241_conf_primary_C2_edp_share_share_chi2_supplement,S1b,docs/SUPPLEMENT.md,| C2 | EDP share | share | 30 | −0.00019 | 0.00114 | {} |,data/reference/confirmatory_results.csv,float(d[(d.stratum=='C2_exposed')&(d.spec=='primary')&(d.outcome=='edp_share')&(d.estimator=='OLS_share')]['first_week_chi2'].iloc[0]),{:.2f},"Phase I table cell (conf_primary_C2_edp_share_share, chi2); generated by ops/phase_i_tables.py"
C242_conf_primary_C2_edp_share_share_p_ri_paper_master,S1b,docs/PAPER_MASTER.md,| C2 | EDP share | share | 30 | −0.00019 | 0.00114 | 6.04 | {} |,data/reference/confirmatory_results.csv,float(d[(d.stratum=='C2_exposed')&(d.spec=='primary')&(d.outcome=='edp_share')&(d.estimator=='OLS_share')]['p_randomization'].iloc[0]),{:.4f},"Phase I table cell (conf_primary_C2_edp_share_share, p_ri); generated by ops/phase_i_tables.py"
C242_conf_primary_C2_edp_share_share_p_ri_supplement,S1b,docs/SUPPLEMENT.md,| C2 | EDP share | share | 30 | −0.00019 | 0.00114 | 6.04 | {} |,data/reference/confirmatory_results.csv,float(d[(d.stratum=='C2_exposed')&(d.spec=='primary')&(d.outcome=='edp_share')&(d.estimator=='OLS_share')]['p_randomization'].iloc[0]),{:.4f},"Phase I table cell (conf_primary_C2_edp_share_share, p_ri); generated by ops/phase_i_tables.py"
C243_conf_primary_C2_edp_share_share_p_bh_paper_master,S1b,docs/PAPER_MASTER.md,| C2 | EDP share | share | 30 | −0.00019 | 0.00114 | 6.04 | 0.6522 | {} |,data/reference/confirmatory_results.csv,float(d[(d.stratum=='C2_exposed')&(d.spec=='primary')&(d.outcome=='edp_share')&(d.estimator=='OLS_share')]['p_bh_adjusted'].iloc[0]),{:.4f},"Phase I table cell (conf_primary_C2_edp_share_share, p_bh); generated by ops/phase_i_tables.py"
C243_conf_primary_C2_edp_share_share_p_bh_supplement,S1b,docs/SUPPLEMENT.md,| C2 | EDP share | share | 30 | −0.00019 | 0.00114 | 6.04 | 0.6522 | {} |,data/reference/confirmatory_results.csv,float(d[(d.stratum=='C2_exposed')&(d.spec=='primary')&(d.outcome=='edp_share')&(d.estimator=='OLS_share')]['p_bh_adjusted'].iloc[0]),{:.4f},"Phase I table cell (conf_primary_C2_edp_share_share, p_bh); generated by ops/phase_i_tables.py"
C244_conf_primary_C2_edp_share_share_p_asym_paper_master,S1b,docs/PAPER_MASTER.md,| C2 | EDP share | share | 30 | −0.00019 | 0.00114 | 6.04 | 0.6522 | 0.7453 | {} |,data/reference/confirmatory_results.csv,float(d[(d.stratum=='C2_exposed')&(d.spec=='primary')&(d.outcome=='edp_share')&(d.estimator=='OLS_share')]['p_asymptotic'].iloc[0]),{:.4f},"Phase I table cell (conf_primary_C2_edp_share_share, p_asym); generated by ops/phase_i_tables.py"
C244_conf_primary_C2_edp_share_share_p_asym_supplement,S1b,docs/SUPPLEMENT.md,| C2 | EDP share | share | 30 | −0.00019 | 0.00114 | 6.04 | 0.6522 | 0.7453 | {} |,data/reference/confirmatory_results.csv,float(d[(d.stratum=='C2_exposed')&(d.spec=='primary')&(d.outcome=='edp_share')&(d.estimator=='OLS_share')]['p_asymptotic'].iloc[0]),{:.4f},"Phase I table cell (conf_primary_C2_edp_share_share, p_asym); generated by ops/phase_i_tables.py"
C245_conf_primary_C2_edp_count_episodes_paper_master,S1b,docs/PAPER_MASTER.md,| C2 | EDP count | count | {} |,data/reference/confirmatory_results.csv,int(d[(d.stratum=='C2_exposed')&(d.spec=='primary')&(d.outcome=='edp')&(d.estimator=='PPML_count_offset')]['n_episodes'].iloc[0]),{},"Phase I table cell (conf_primary_C2_edp_count, episodes); generated by ops/phase_i_tables.py"
C245_conf_primary_C2_edp_count_episodes_supplement,S1b,docs/SUPPLEMENT.md,| C2 | EDP count | count | {} |,data/reference/confirmatory_results.csv,int(d[(d.stratum=='C2_exposed')&(d.spec=='primary')&(d.outcome=='edp')&(d.estimator=='PPML_count_offset')]['n_episodes'].iloc[0]),{},"Phase I table cell (conf_primary_C2_edp_count, episodes); generated by ops/phase_i_tables.py"
C246_conf_primary_C2_edp_count_mean_paper_master,S1b,docs/PAPER_MASTER.md,| C2 | EDP count | count | 30 | {} |,data/reference/confirmatory_results.csv,float(d[(d.stratum=='C2_exposed')&(d.spec=='primary')&(d.outcome=='edp')&(d.estimator=='PPML_count_offset')]['first_week_mean_coef'].iloc[0]),{:.5f},"Phase I table cell (conf_primary_C2_edp_count, mean); generated by ops/phase_i_tables.py"
C246_conf_primary_C2_edp_count_mean_supplement,S1b,docs/SUPPLEMENT.md,| C2 | EDP count | count | 30 | {} |,data/reference/confirmatory_results.csv,float(d[(d.stratum=='C2_exposed')&(d.spec=='primary')&(d.outcome=='edp')&(d.estimator=='PPML_count_offset')]['first_week_mean_coef'].iloc[0]),{:.5f},"Phase I table cell (conf_primary_C2_edp_count, mean); generated by ops/phase_i_tables.py"
C247_conf_primary_C2_edp_count_se_paper_master,S1b,docs/PAPER_MASTER.md,| C2 | EDP count | count | 30 | 0.00591 | {} |,data/reference/confirmatory_results.csv,float(d[(d.stratum=='C2_exposed')&(d.spec=='primary')&(d.outcome=='edp')&(d.estimator=='PPML_count_offset')]['first_week_mean_se'].iloc[0]),{:.5f},"Phase I table cell (conf_primary_C2_edp_count, se); generated by ops/phase_i_tables.py"
C247_conf_primary_C2_edp_count_se_supplement,S1b,docs/SUPPLEMENT.md,| C2 | EDP count | count | 30 | 0.00591 | {} |,data/reference/confirmatory_results.csv,float(d[(d.stratum=='C2_exposed')&(d.spec=='primary')&(d.outcome=='edp')&(d.estimator=='PPML_count_offset')]['first_week_mean_se'].iloc[0]),{:.5f},"Phase I table cell (conf_primary_C2_edp_count, se); generated by ops/phase_i_tables.py"
C248_conf_primary_C2_edp_count_chi2_paper_master,S1b,docs/PAPER_MASTER.md,| C2 | EDP count | count | 30 | 0.00591 | 0.01127 | {} |,data/reference/confirmatory_results.csv,float(d[(d.stratum=='C2_exposed')&(d.spec=='primary')&(d.outcome=='edp')&(d.estimator=='PPML_count_offset')]['first_week_chi2'].iloc[0]),{:.2f},"Phase I table cell (conf_primary_C2_edp_count, chi2); generated by ops/phase_i_tables.py"
C248_conf_primary_C2_edp_count_chi2_supplement,S1b,docs/SUPPLEMENT.md,| C2 | EDP count | count | 30 | 0.00591 | 0.01127 | {} |,data/reference/confirmatory_results.csv,float(d[(d.stratum=='C2_exposed')&(d.spec=='primary')&(d.outcome=='edp')&(d.estimator=='PPML_count_offset')]['first_week_chi2'].iloc[0]),{:.2f},"Phase I table cell (conf_primary_C2_edp_count, chi2); generated by ops/phase_i_tables.py"
C249_conf_primary_C2_edp_count_p_ri_paper_master,S1b,docs/PAPER_MASTER.md,| C2 | EDP count | count | 30 | 0.00591 | 0.01127 | 4.75 | {} |,data/reference/confirmatory_results.csv,float(d[(d.stratum=='C2_exposed')&(d.spec=='primary')&(d.outcome=='edp')&(d.estimator=='PPML_count_offset')]['p_randomization'].iloc[0]),{:.4f},"Phase I table cell (conf_primary_C2_edp_count, p_ri); generated by ops/phase_i_tables.py"
C249_conf_primary_C2_edp_count_p_ri_supplement,S1b,docs/SUPPLEMENT.md,| C2 | EDP count | count | 30 | 0.00591 | 0.01127 | 4.75 | {} |,data/reference/confirmatory_results.csv,float(d[(d.stratum=='C2_exposed')&(d.spec=='primary')&(d.outcome=='edp')&(d.estimator=='PPML_count_offset')]['p_randomization'].iloc[0]),{:.4f},"Phase I table cell (conf_primary_C2_edp_count, p_ri); generated by ops/phase_i_tables.py"
C250_conf_primary_C2_edp_count_p_bh_paper_master,S1b,docs/PAPER_MASTER.md,| C2 | EDP count | count | 30 | 0.00591 | 0.01127 | 4.75 | 0.7861 | {} |,data/reference/confirmatory_results.csv,float(d[(d.stratum=='C2_exposed')&(d.spec=='primary')&(d.outcome=='edp')&(d.estimator=='PPML_count_offset')]['p_bh_adjusted'].iloc[0]),{:.4f},"Phase I table cell (conf_primary_C2_edp_count, p_bh); generated by ops/phase_i_tables.py"
C250_conf_primary_C2_edp_count_p_bh_supplement,S1b,docs/SUPPLEMENT.md,| C2 | EDP count | count | 30 | 0.00591 | 0.01127 | 4.75 | 0.7861 | {} |,data/reference/confirmatory_results.csv,float(d[(d.stratum=='C2_exposed')&(d.spec=='primary')&(d.outcome=='edp')&(d.estimator=='PPML_count_offset')]['p_bh_adjusted'].iloc[0]),{:.4f},"Phase I table cell (conf_primary_C2_edp_count, p_bh); generated by ops/phase_i_tables.py"
C251_conf_primary_C2_edp_count_p_asym_paper_master,S1b,docs/PAPER_MASTER.md,| C2 | EDP count | count | 30 | 0.00591 | 0.01127 | 4.75 | 0.7861 | 0.7861 | {} |,data/reference/confirmatory_results.csv,float(d[(d.stratum=='C2_exposed')&(d.spec=='primary')&(d.outcome=='edp')&(d.estimator=='PPML_count_offset')]['p_asymptotic'].iloc[0]),{:.4f},"Phase I table cell (conf_primary_C2_edp_count, p_asym); generated by ops/phase_i_tables.py"
C251_conf_primary_C2_edp_count_p_asym_supplement,S1b,docs/SUPPLEMENT.md,| C2 | EDP count | count | 30 | 0.00591 | 0.01127 | 4.75 | 0.7861 | 0.7861 | {} |,data/reference/confirmatory_results.csv,float(d[(d.stratum=='C2_exposed')&(d.spec=='primary')&(d.outcome=='edp')&(d.estimator=='PPML_count_offset')]['p_asymptotic'].iloc[0]),{:.4f},"Phase I table cell (conf_primary_C2_edp_count, p_asym); generated by ops/phase_i_tables.py"
C252_conf_primary_C2_mh_narrow_share_share_episodes_paper_master,S1b,docs/PAPER_MASTER.md,| C2 | narrow MH share | share | {} |,data/reference/confirmatory_results.csv,int(d[(d.stratum=='C2_exposed')&(d.spec=='primary')&(d.outcome=='mh_narrow_share')&(d.estimator=='OLS_share')]['n_episodes'].iloc[0]),{},"Phase I table cell (conf_primary_C2_mh_narrow_share_share, episodes); generated by ops/phase_i_tables.py"
C252_conf_primary_C2_mh_narrow_share_share_episodes_supplement,S1b,docs/SUPPLEMENT.md,| C2 | narrow MH share | share | {} |,data/reference/confirmatory_results.csv,int(d[(d.stratum=='C2_exposed')&(d.spec=='primary')&(d.outcome=='mh_narrow_share')&(d.estimator=='OLS_share')]['n_episodes'].iloc[0]),{},"Phase I table cell (conf_primary_C2_mh_narrow_share_share, episodes); generated by ops/phase_i_tables.py"
C253_conf_primary_C2_mh_narrow_share_share_mean_paper_master,S1b,docs/PAPER_MASTER.md,| C2 | narrow MH share | share | 30 | {} |,data/reference/confirmatory_results.csv,float(d[(d.stratum=='C2_exposed')&(d.spec=='primary')&(d.outcome=='mh_narrow_share')&(d.estimator=='OLS_share')]['first_week_mean_coef'].iloc[0]),{:.5f},"Phase I table cell (conf_primary_C2_mh_narrow_share_share, mean); generated by ops/phase_i_tables.py"
C253_conf_primary_C2_mh_narrow_share_share_mean_supplement,S1b,docs/SUPPLEMENT.md,| C2 | narrow MH share | share | 30 | {} |,data/reference/confirmatory_results.csv,float(d[(d.stratum=='C2_exposed')&(d.spec=='primary')&(d.outcome=='mh_narrow_share')&(d.estimator=='OLS_share')]['first_week_mean_coef'].iloc[0]),{:.5f},"Phase I table cell (conf_primary_C2_mh_narrow_share_share, mean); generated by ops/phase_i_tables.py"
C254_conf_primary_C2_mh_narrow_share_share_se_paper_master,S1b,docs/PAPER_MASTER.md,| C2 | narrow MH share | share | 30 | −0.00067 | {} |,data/reference/confirmatory_results.csv,float(d[(d.stratum=='C2_exposed')&(d.spec=='primary')&(d.outcome=='mh_narrow_share')&(d.estimator=='OLS_share')]['first_week_mean_se'].iloc[0]),{:.5f},"Phase I table cell (conf_primary_C2_mh_narrow_share_share, se); generated by ops/phase_i_tables.py"
C254_conf_primary_C2_mh_narrow_share_share_se_supplement,S1b,docs/SUPPLEMENT.md,| C2 | narrow MH share | share | 30 | −0.00067 | {} |,data/reference/confirmatory_results.csv,float(d[(d.stratum=='C2_exposed')&(d.spec=='primary')&(d.outcome=='mh_narrow_share')&(d.estimator=='OLS_share')]['first_week_mean_se'].iloc[0]),{:.5f},"Phase I table cell (conf_primary_C2_mh_narrow_share_share, se); generated by ops/phase_i_tables.py"
C255_conf_primary_C2_mh_narrow_share_share_chi2_paper_master,S1b,docs/PAPER_MASTER.md,| C2 | narrow MH share | share | 30 | −0.00067 | 0.00133 | {} |,data/reference/confirmatory_results.csv,float(d[(d.stratum=='C2_exposed')&(d.spec=='primary')&(d.outcome=='mh_narrow_share')&(d.estimator=='OLS_share')]['first_week_chi2'].iloc[0]),{:.2f},"Phase I table cell (conf_primary_C2_mh_narrow_share_share, chi2); generated by ops/phase_i_tables.py"
C255_conf_primary_C2_mh_narrow_share_share_chi2_supplement,S1b,docs/SUPPLEMENT.md,| C2 | narrow MH share | share | 30 | −0.00067 | 0.00133 | {} |,data/reference/confirmatory_results.csv,float(d[(d.stratum=='C2_exposed')&(d.spec=='primary')&(d.outcome=='mh_narrow_share')&(d.estimator=='OLS_share')]['first_week_chi2'].iloc[0]),{:.2f},"Phase I table cell (conf_primary_C2_mh_narrow_share_share, chi2); generated by ops/phase_i_tables.py"
C256_conf_primary_C2_mh_narrow_share_share_p_ri_paper_master,S1b,docs/PAPER_MASTER.md,| C2 | narrow MH share | share | 30 | −0.00067 | 0.00133 | 7.98 | {} |,data/reference/confirmatory_results.csv,float(d[(d.stratum=='C2_exposed')&(d.spec=='primary')&(d.outcome=='mh_narrow_share')&(d.estimator=='OLS_share')]['p_randomization'].iloc[0]),{:.4f},"Phase I table cell (conf_primary_C2_mh_narrow_share_share, p_ri); generated by ops/phase_i_tables.py"
C256_conf_primary_C2_mh_narrow_share_share_p_ri_supplement,S1b,docs/SUPPLEMENT.md,| C2 | narrow MH share | share | 30 | −0.00067 | 0.00133 | 7.98 | {} |,data/reference/confirmatory_results.csv,float(d[(d.stratum=='C2_exposed')&(d.spec=='primary')&(d.outcome=='mh_narrow_share')&(d.estimator=='OLS_share')]['p_randomization'].iloc[0]),{:.4f},"Phase I table cell (conf_primary_C2_mh_narrow_share_share, p_ri); generated by ops/phase_i_tables.py"
C257_conf_primary_C2_mh_narrow_share_share_p_bh_paper_master,S1b,docs/PAPER_MASTER.md,| C2 | narrow MH share | share | 30 | −0.00067 | 0.00133 | 7.98 | 0.4523 | {} |,data/reference/confirmatory_results.csv,float(d[(d.stratum=='C2_exposed')&(d.spec=='primary')&(d.outcome=='mh_narrow_share')&(d.estimator=='OLS_share')]['p_bh_adjusted'].iloc[0]),{:.4f},"Phase I table cell (conf_primary_C2_mh_narrow_share_share, p_bh); generated by ops/phase_i_tables.py"
C257_conf_primary_C2_mh_narrow_share_share_p_bh_supplement,S1b,docs/SUPPLEMENT.md,| C2 | narrow MH share | share | 30 | −0.00067 | 0.00133 | 7.98 | 0.4523 | {} |,data/reference/confirmatory_results.csv,float(d[(d.stratum=='C2_exposed')&(d.spec=='primary')&(d.outcome=='mh_narrow_share')&(d.estimator=='OLS_share')]['p_bh_adjusted'].iloc[0]),{:.4f},"Phase I table cell (conf_primary_C2_mh_narrow_share_share, p_bh); generated by ops/phase_i_tables.py"
C258_conf_primary_C2_mh_narrow_share_share_p_asym_paper_master,S1b,docs/PAPER_MASTER.md,| C2 | narrow MH share | share | 30 | −0.00067 | 0.00133 | 7.98 | 0.4523 | 0.6597 | {} |,data/reference/confirmatory_results.csv,float(d[(d.stratum=='C2_exposed')&(d.spec=='primary')&(d.outcome=='mh_narrow_share')&(d.estimator=='OLS_share')]['p_asymptotic'].iloc[0]),{:.4f},"Phase I table cell (conf_primary_C2_mh_narrow_share_share, p_asym); generated by ops/phase_i_tables.py"
C258_conf_primary_C2_mh_narrow_share_share_p_asym_supplement,S1b,docs/SUPPLEMENT.md,| C2 | narrow MH share | share | 30 | −0.00067 | 0.00133 | 7.98 | 0.4523 | 0.6597 | {} |,data/reference/confirmatory_results.csv,float(d[(d.stratum=='C2_exposed')&(d.spec=='primary')&(d.outcome=='mh_narrow_share')&(d.estimator=='OLS_share')]['p_asymptotic'].iloc[0]),{:.4f},"Phase I table cell (conf_primary_C2_mh_narrow_share_share, p_asym); generated by ops/phase_i_tables.py"
C259_conf_primary_C2_mh_narrow_count_episodes_paper_master,S1b,docs/PAPER_MASTER.md,| C2 | narrow MH count | count | {} |,data/reference/confirmatory_results.csv,int(d[(d.stratum=='C2_exposed')&(d.spec=='primary')&(d.outcome=='mh_narrow')&(d.estimator=='PPML_count_offset')]['n_episodes'].iloc[0]),{},"Phase I table cell (conf_primary_C2_mh_narrow_count, episodes); generated by ops/phase_i_tables.py"
C259_conf_primary_C2_mh_narrow_count_episodes_supplement,S1b,docs/SUPPLEMENT.md,| C2 | narrow MH count | count | {} |,data/reference/confirmatory_results.csv,int(d[(d.stratum=='C2_exposed')&(d.spec=='primary')&(d.outcome=='mh_narrow')&(d.estimator=='PPML_count_offset')]['n_episodes'].iloc[0]),{},"Phase I table cell (conf_primary_C2_mh_narrow_count, episodes); generated by ops/phase_i_tables.py"
C260_conf_primary_C2_mh_narrow_count_mean_paper_master,S1b,docs/PAPER_MASTER.md,| C2 | narrow MH count | count | 30 | {} |,data/reference/confirmatory_results.csv,float(d[(d.stratum=='C2_exposed')&(d.spec=='primary')&(d.outcome=='mh_narrow')&(d.estimator=='PPML_count_offset')]['first_week_mean_coef'].iloc[0]),{:.5f},"Phase I table cell (conf_primary_C2_mh_narrow_count, mean); generated by ops/phase_i_tables.py"
C260_conf_primary_C2_mh_narrow_count_mean_supplement,S1b,docs/SUPPLEMENT.md,| C2 | narrow MH count | count | 30 | {} |,data/reference/confirmatory_results.csv,float(d[(d.stratum=='C2_exposed')&(d.spec=='primary')&(d.outcome=='mh_narrow')&(d.estimator=='PPML_count_offset')]['first_week_mean_coef'].iloc[0]),{:.5f},"Phase I table cell (conf_primary_C2_mh_narrow_count, mean); generated by ops/phase_i_tables.py"
C261_conf_primary_C2_mh_narrow_count_se_paper_master,S1b,docs/PAPER_MASTER.md,| C2 | narrow MH count | count | 30 | 0.00197 | {} |,data/reference/confirmatory_results.csv,float(d[(d.stratum=='C2_exposed')&(d.spec=='primary')&(d.outcome=='mh_narrow')&(d.estimator=='PPML_count_offset')]['first_week_mean_se'].iloc[0]),{:.5f},"Phase I table cell (conf_primary_C2_mh_narrow_count, se); generated by ops/phase_i_tables.py"
C261_conf_primary_C2_mh_narrow_count_se_supplement,S1b,docs/SUPPLEMENT.md,| C2 | narrow MH count | count | 30 | 0.00197 | {} |,data/reference/confirmatory_results.csv,float(d[(d.stratum=='C2_exposed')&(d.spec=='primary')&(d.outcome=='mh_narrow')&(d.estimator=='PPML_count_offset')]['first_week_mean_se'].iloc[0]),{:.5f},"Phase I table cell (conf_primary_C2_mh_narrow_count, se); generated by ops/phase_i_tables.py"
C262_conf_primary_C2_mh_narrow_count_chi2_paper_master,S1b,docs/PAPER_MASTER.md,| C2 | narrow MH count | count | 30 | 0.00197 | 0.01079 | {} |,data/reference/confirmatory_results.csv,float(d[(d.stratum=='C2_exposed')&(d.spec=='primary')&(d.outcome=='mh_narrow')&(d.estimator=='PPML_count_offset')]['first_week_chi2'].iloc[0]),{:.2f},"Phase I table cell (conf_primary_C2_mh_narrow_count, chi2); generated by ops/phase_i_tables.py"
C262_conf_primary_C2_mh_narrow_count_chi2_supplement,S1b,docs/SUPPLEMENT.md,| C2 | narrow MH count | count | 30 | 0.00197 | 0.01079 | {} |,data/reference/confirmatory_results.csv,float(d[(d.stratum=='C2_exposed')&(d.spec=='primary')&(d.outcome=='mh_narrow')&(d.estimator=='PPML_count_offset')]['first_week_chi2'].iloc[0]),{:.2f},"Phase I table cell (conf_primary_C2_mh_narrow_count, chi2); generated by ops/phase_i_tables.py"
C263_conf_primary_C2_mh_narrow_count_p_ri_paper_master,S1b,docs/PAPER_MASTER.md,| C2 | narrow MH count | count | 30 | 0.00197 | 0.01079 | 7.57 | {} |,data/reference/confirmatory_results.csv,float(d[(d.stratum=='C2_exposed')&(d.spec=='primary')&(d.outcome=='mh_narrow')&(d.estimator=='PPML_count_offset')]['p_randomization'].iloc[0]),{:.4f},"Phase I table cell (conf_primary_C2_mh_narrow_count, p_ri); generated by ops/phase_i_tables.py"
C263_conf_primary_C2_mh_narrow_count_p_ri_supplement,S1b,docs/SUPPLEMENT.md,| C2 | narrow MH count | count | 30 | 0.00197 | 0.01079 | 7.57 | {} |,data/reference/confirmatory_results.csv,float(d[(d.stratum=='C2_exposed')&(d.spec=='primary')&(d.outcome=='mh_narrow')&(d.estimator=='PPML_count_offset')]['p_randomization'].iloc[0]),{:.4f},"Phase I table cell (conf_primary_C2_mh_narrow_count, p_ri); generated by ops/phase_i_tables.py"
C264_conf_primary_C2_mh_narrow_count_p_bh_paper_master,S1b,docs/PAPER_MASTER.md,| C2 | narrow MH count | count | 30 | 0.00197 | 0.01079 | 7.57 | 0.4948 | {} |,data/reference/confirmatory_results.csv,float(d[(d.stratum=='C2_exposed')&(d.spec=='primary')&(d.outcome=='mh_narrow')&(d.estimator=='PPML_count_offset')]['p_bh_adjusted'].iloc[0]),{:.4f},"Phase I table cell (conf_primary_C2_mh_narrow_count, p_bh); generated by ops/phase_i_tables.py"
C264_conf_primary_C2_mh_narrow_count_p_bh_supplement,S1b,docs/SUPPLEMENT.md,| C2 | narrow MH count | count | 30 | 0.00197 | 0.01079 | 7.57 | 0.4948 | {} |,data/reference/confirmatory_results.csv,float(d[(d.stratum=='C2_exposed')&(d.spec=='primary')&(d.outcome=='mh_narrow')&(d.estimator=='PPML_count_offset')]['p_bh_adjusted'].iloc[0]),{:.4f},"Phase I table cell (conf_primary_C2_mh_narrow_count, p_bh); generated by ops/phase_i_tables.py"
C265_conf_primary_C2_mh_narrow_count_p_asym_paper_master,S1b,docs/PAPER_MASTER.md,| C2 | narrow MH count | count | 30 | 0.00197 | 0.01079 | 7.57 | 0.4948 | 0.6597 | {} |,data/reference/confirmatory_results.csv,float(d[(d.stratum=='C2_exposed')&(d.spec=='primary')&(d.outcome=='mh_narrow')&(d.estimator=='PPML_count_offset')]['p_asymptotic'].iloc[0]),{:.4f},"Phase I table cell (conf_primary_C2_mh_narrow_count, p_asym); generated by ops/phase_i_tables.py"
C265_conf_primary_C2_mh_narrow_count_p_asym_supplement,S1b,docs/SUPPLEMENT.md,| C2 | narrow MH count | count | 30 | 0.00197 | 0.01079 | 7.57 | 0.4948 | 0.6597 | {} |,data/reference/confirmatory_results.csv,float(d[(d.stratum=='C2_exposed')&(d.spec=='primary')&(d.outcome=='mh_narrow')&(d.estimator=='PPML_count_offset')]['p_asymptotic'].iloc[0]),{:.4f},"Phase I table cell (conf_primary_C2_mh_narrow_count, p_asym); generated by ops/phase_i_tables.py"
C266_conf_reading_C1_certified_paper_master,S1b,docs/PAPER_MASTER.md,| C1 | {} |,data/reference/confirmatory_reading.csv,int(float(d[(d.stratum=='C1_clean')&(d.item=='null_certified')]['value'].iloc[0])),{},"Phase I table cell (conf_reading_C1, certified); generated by ops/phase_i_tables.py"
C266_conf_reading_C1_certified_supplement,S1b,docs/SUPPLEMENT.md,| C1 | {} |,data/reference/confirmatory_reading.csv,int(float(d[(d.stratum=='C1_clean')&(d.item=='null_certified')]['value'].iloc[0])),{},"Phase I table cell (conf_reading_C1, certified); generated by ops/phase_i_tables.py"
C267_conf_reading_C1_rejects_paper_master,S1b,docs/PAPER_MASTER.md,| C1 | 1 | {} |,data/reference/confirmatory_reading.csv,int(float(d[(d.stratum=='C1_clean')&(d.item=='stratum_rejects')]['value'].iloc[0])),{},"Phase I table cell (conf_reading_C1, rejects); generated by ops/phase_i_tables.py"
C267_conf_reading_C1_rejects_supplement,S1b,docs/SUPPLEMENT.md,| C1 | 1 | {} |,data/reference/confirmatory_reading.csv,int(float(d[(d.stratum=='C1_clean')&(d.item=='stratum_rejects')]['value'].iloc[0])),{},"Phase I table cell (conf_reading_C1, rejects); generated by ops/phase_i_tables.py"
C268_conf_reading_C1_placebo_paper_master,S1b,docs/PAPER_MASTER.md,| C1 | 1 | 0 | {} |,data/reference/confirmatory_reading.csv,int(float(d[(d.stratum=='C1_clean')&(d.item=='placebo_rejects_any')]['value'].iloc[0])),{},"Phase I table cell (conf_reading_C1, placebo); generated by ops/phase_i_tables.py"
C268_conf_reading_C1_placebo_supplement,S1b,docs/SUPPLEMENT.md,| C1 | 1 | 0 | {} |,data/reference/confirmatory_reading.csv,int(float(d[(d.stratum=='C1_clean')&(d.item=='placebo_rejects_any')]['value'].iloc[0])),{},"Phase I table cell (conf_reading_C1, placebo); generated by ops/phase_i_tables.py"
C269_conf_reading_C1_mde_level_paper_master,S1b,docs/PAPER_MASTER.md,| C1 | 1 | 0 | 0 | {} |,data/reference/confirmatory_reading.csv,float(d[(d.stratum=='C1_clean')&(d.item=='mde_level_prefreeze')]['value'].iloc[0]),{:.5f},"Phase I table cell (conf_reading_C1, mde_level); generated by ops/phase_i_tables.py"
C269_conf_reading_C1_mde_level_supplement,S1b,docs/SUPPLEMENT.md,| C1 | 1 | 0 | 0 | {} |,data/reference/confirmatory_reading.csv,float(d[(d.stratum=='C1_clean')&(d.item=='mde_level_prefreeze')]['value'].iloc[0]),{:.5f},"Phase I table cell (conf_reading_C1, mde_level); generated by ops/phase_i_tables.py"
C270_conf_reading_C1_mde_level_fam_paper_master,S1b,docs/PAPER_MASTER.md,| C1 | 1 | 0 | 0 | 0.01156 | {} |,data/reference/confirmatory_reading.csv,float(d[(d.stratum=='C1_clean')&(d.item=='mde_level_family_corrected')]['value'].iloc[0]),{:.5f},"Phase I table cell (conf_reading_C1, mde_level_fam); generated by ops/phase_i_tables.py"
C270_conf_reading_C1_mde_level_fam_supplement,S1b,docs/SUPPLEMENT.md,| C1 | 1 | 0 | 0 | 0.01156 | {} |,data/reference/confirmatory_reading.csv,float(d[(d.stratum=='C1_clean')&(d.item=='mde_level_family_corrected')]['value'].iloc[0]),{:.5f},"Phase I table cell (conf_reading_C1, mde_level_fam); generated by ops/phase_i_tables.py"
C271_conf_reading_C1_mde_dip_paper_master,S1b,docs/PAPER_MASTER.md,| C1 | 1 | 0 | 0 | 0.01156 | 0.01480 | {} |,data/reference/confirmatory_reading.csv,float(d[(d.stratum=='C1_clean')&(d.item=='mde_dip_rebound_prefreeze')]['value'].iloc[0]),{:.5f},"Phase I table cell (conf_reading_C1, mde_dip); generated by ops/phase_i_tables.py"
C271_conf_reading_C1_mde_dip_supplement,S1b,docs/SUPPLEMENT.md,| C1 | 1 | 0 | 0 | 0.01156 | 0.01480 | {} |,data/reference/confirmatory_reading.csv,float(d[(d.stratum=='C1_clean')&(d.item=='mde_dip_rebound_prefreeze')]['value'].iloc[0]),{:.5f},"Phase I table cell (conf_reading_C1, mde_dip); generated by ops/phase_i_tables.py"
C272_conf_reading_C2_certified_paper_master,S1b,docs/PAPER_MASTER.md,| C2 | {} |,data/reference/confirmatory_reading.csv,int(float(d[(d.stratum=='C2_exposed')&(d.item=='null_certified')]['value'].iloc[0])),{},"Phase I table cell (conf_reading_C2, certified); generated by ops/phase_i_tables.py"
C272_conf_reading_C2_certified_supplement,S1b,docs/SUPPLEMENT.md,| C2 | {} |,data/reference/confirmatory_reading.csv,int(float(d[(d.stratum=='C2_exposed')&(d.item=='null_certified')]['value'].iloc[0])),{},"Phase I table cell (conf_reading_C2, certified); generated by ops/phase_i_tables.py"
C273_conf_reading_C2_rejects_paper_master,S1b,docs/PAPER_MASTER.md,| C2 | 1 | {} |,data/reference/confirmatory_reading.csv,int(float(d[(d.stratum=='C2_exposed')&(d.item=='stratum_rejects')]['value'].iloc[0])),{},"Phase I table cell (conf_reading_C2, rejects); generated by ops/phase_i_tables.py"
C273_conf_reading_C2_rejects_supplement,S1b,docs/SUPPLEMENT.md,| C2 | 1 | {} |,data/reference/confirmatory_reading.csv,int(float(d[(d.stratum=='C2_exposed')&(d.item=='stratum_rejects')]['value'].iloc[0])),{},"Phase I table cell (conf_reading_C2, rejects); generated by ops/phase_i_tables.py"
C274_conf_reading_C2_placebo_paper_master,S1b,docs/PAPER_MASTER.md,| C2 | 1 | 0 | {} |,data/reference/confirmatory_reading.csv,int(float(d[(d.stratum=='C2_exposed')&(d.item=='placebo_rejects_any')]['value'].iloc[0])),{},"Phase I table cell (conf_reading_C2, placebo); generated by ops/phase_i_tables.py"
C274_conf_reading_C2_placebo_supplement,S1b,docs/SUPPLEMENT.md,| C2 | 1 | 0 | {} |,data/reference/confirmatory_reading.csv,int(float(d[(d.stratum=='C2_exposed')&(d.item=='placebo_rejects_any')]['value'].iloc[0])),{},"Phase I table cell (conf_reading_C2, placebo); generated by ops/phase_i_tables.py"
C275_conf_reading_C2_mde_level_paper_master,S1b,docs/PAPER_MASTER.md,| C2 | 1 | 0 | 0 | {} |,data/reference/confirmatory_reading.csv,float(d[(d.stratum=='C2_exposed')&(d.item=='mde_level_prefreeze')]['value'].iloc[0]),{:.5f},"Phase I table cell (conf_reading_C2, mde_level); generated by ops/phase_i_tables.py"
C275_conf_reading_C2_mde_level_supplement,S1b,docs/SUPPLEMENT.md,| C2 | 1 | 0 | 0 | {} |,data/reference/confirmatory_reading.csv,float(d[(d.stratum=='C2_exposed')&(d.item=='mde_level_prefreeze')]['value'].iloc[0]),{:.5f},"Phase I table cell (conf_reading_C2, mde_level); generated by ops/phase_i_tables.py"
C276_conf_reading_C2_mde_level_fam_paper_master,S1b,docs/PAPER_MASTER.md,| C2 | 1 | 0 | 0 | 0.00875 | {} |,data/reference/confirmatory_reading.csv,float(d[(d.stratum=='C2_exposed')&(d.item=='mde_level_family_corrected')]['value'].iloc[0]),{:.5f},"Phase I table cell (conf_reading_C2, mde_level_fam); generated by ops/phase_i_tables.py"
C276_conf_reading_C2_mde_level_fam_supplement,S1b,docs/SUPPLEMENT.md,| C2 | 1 | 0 | 0 | 0.00875 | {} |,data/reference/confirmatory_reading.csv,float(d[(d.stratum=='C2_exposed')&(d.item=='mde_level_family_corrected')]['value'].iloc[0]),{:.5f},"Phase I table cell (conf_reading_C2, mde_level_fam); generated by ops/phase_i_tables.py"
C277_conf_reading_C2_mde_dip_paper_master,S1b,docs/PAPER_MASTER.md,| C2 | 1 | 0 | 0 | 0.00875 | 0.01120 | {} |,data/reference/confirmatory_reading.csv,float(d[(d.stratum=='C2_exposed')&(d.item=='mde_dip_rebound_prefreeze')]['value'].iloc[0]),{:.5f},"Phase I table cell (conf_reading_C2, mde_dip); generated by ops/phase_i_tables.py"
C277_conf_reading_C2_mde_dip_supplement,S1b,docs/SUPPLEMENT.md,| C2 | 1 | 0 | 0 | 0.00875 | 0.01120 | {} |,data/reference/confirmatory_reading.csv,float(d[(d.stratum=='C2_exposed')&(d.item=='mde_dip_rebound_prefreeze')]['value'].iloc[0]),{:.5f},"Phase I table cell (conf_reading_C2, mde_dip); generated by ops/phase_i_tables.py"
C278_conf_diagnostic_C1_edp_count_no_offset_episodes_paper_master,S1b,docs/PAPER_MASTER.md,"| C1 | EDP count | count, no offset | {} |",data/reference/confirmatory_results.csv,int(d[(d.stratum=='C1_clean')&(d.spec=='diag_raw_count')&(d.outcome=='edp')&(d.estimator=='PPML_count_no_offset')]['n_episodes'].iloc[0]),{},"Phase I table cell (conf_diagnostic_C1_edp_count_no_offset, episodes); generated by ops/phase_i_tables.py"
C278_conf_diagnostic_C1_edp_count_no_offset_episodes_supplement,S1b,docs/SUPPLEMENT.md,"| C1 | EDP count | count, no offset | {} |",data/reference/confirmatory_results.csv,int(d[(d.stratum=='C1_clean')&(d.spec=='diag_raw_count')&(d.outcome=='edp')&(d.estimator=='PPML_count_no_offset')]['n_episodes'].iloc[0]),{},"Phase I table cell (conf_diagnostic_C1_edp_count_no_offset, episodes); generated by ops/phase_i_tables.py"
C279_conf_diagnostic_C1_edp_count_no_offset_mean_paper_master,S1b,docs/PAPER_MASTER.md,"| C1 | EDP count | count, no offset | 15 | {} |",data/reference/confirmatory_results.csv,float(d[(d.stratum=='C1_clean')&(d.spec=='diag_raw_count')&(d.outcome=='edp')&(d.estimator=='PPML_count_no_offset')]['first_week_mean_coef'].iloc[0]),{:.5f},"Phase I table cell (conf_diagnostic_C1_edp_count_no_offset, mean); generated by ops/phase_i_tables.py"
C279_conf_diagnostic_C1_edp_count_no_offset_mean_supplement,S1b,docs/SUPPLEMENT.md,"| C1 | EDP count | count, no offset | 15 | {} |",data/reference/confirmatory_results.csv,float(d[(d.stratum=='C1_clean')&(d.spec=='diag_raw_count')&(d.outcome=='edp')&(d.estimator=='PPML_count_no_offset')]['first_week_mean_coef'].iloc[0]),{:.5f},"Phase I table cell (conf_diagnostic_C1_edp_count_no_offset, mean); generated by ops/phase_i_tables.py"
C280_conf_diagnostic_C1_edp_count_no_offset_p_ri_paper_master,S1b,docs/PAPER_MASTER.md,"| C1 | EDP count | count, no offset | 15 | −0.01180 | {} |",data/reference/confirmatory_results.csv,float(d[(d.stratum=='C1_clean')&(d.spec=='diag_raw_count')&(d.outcome=='edp')&(d.estimator=='PPML_count_no_offset')]['p_randomization'].iloc[0]),{:.4f},"Phase I table cell (conf_diagnostic_C1_edp_count_no_offset, p_ri); generated by ops/phase_i_tables.py"
C280_conf_diagnostic_C1_edp_count_no_offset_p_ri_supplement,S1b,docs/SUPPLEMENT.md,"| C1 | EDP count | count, no offset | 15 | −0.01180 | {} |",data/reference/confirmatory_results.csv,float(d[(d.stratum=='C1_clean')&(d.spec=='diag_raw_count')&(d.outcome=='edp')&(d.estimator=='PPML_count_no_offset')]['p_randomization'].iloc[0]),{:.4f},"Phase I table cell (conf_diagnostic_C1_edp_count_no_offset, p_ri); generated by ops/phase_i_tables.py"
C281_conf_diagnostic_C1_edp_count_no_offset_p_asym_paper_master,S1b,docs/PAPER_MASTER.md,"| C1 | EDP count | count, no offset | 15 | −0.01180 | 0.0115 | {} |",data/reference/confirmatory_results.csv,float(d[(d.stratum=='C1_clean')&(d.spec=='diag_raw_count')&(d.outcome=='edp')&(d.estimator=='PPML_count_no_offset')]['p_asymptotic'].iloc[0]),{:.4f},"Phase I table cell (conf_diagnostic_C1_edp_count_no_offset, p_asym); generated by ops/phase_i_tables.py"
C281_conf_diagnostic_C1_edp_count_no_offset_p_asym_supplement,S1b,docs/SUPPLEMENT.md,"| C1 | EDP count | count, no offset | 15 | −0.01180 | 0.0115 | {} |",data/reference/confirmatory_results.csv,float(d[(d.stratum=='C1_clean')&(d.spec=='diag_raw_count')&(d.outcome=='edp')&(d.estimator=='PPML_count_no_offset')]['p_asymptotic'].iloc[0]),{:.4f},"Phase I table cell (conf_diagnostic_C1_edp_count_no_offset, p_asym); generated by ops/phase_i_tables.py"
C282_conf_diagnostic_C1_mh_narrow_count_no_offset_episodes_paper_master,S1b,docs/PAPER_MASTER.md,"| C1 | narrow MH count | count, no offset | {} |",data/reference/confirmatory_results.csv,int(d[(d.stratum=='C1_clean')&(d.spec=='diag_raw_count')&(d.outcome=='mh_narrow')&(d.estimator=='PPML_count_no_offset')]['n_episodes'].iloc[0]),{},"Phase I table cell (conf_diagnostic_C1_mh_narrow_count_no_offset, episodes); generated by ops/phase_i_tables.py"
C282_conf_diagnostic_C1_mh_narrow_count_no_offset_episodes_supplement,S1b,docs/SUPPLEMENT.md,"| C1 | narrow MH count | count, no offset | {} |",data/reference/confirmatory_results.csv,int(d[(d.stratum=='C1_clean')&(d.spec=='diag_raw_count')&(d.outcome=='mh_narrow')&(d.estimator=='PPML_count_no_offset')]['n_episodes'].iloc[0]),{},"Phase I table cell (conf_diagnostic_C1_mh_narrow_count_no_offset, episodes); generated by ops/phase_i_tables.py"
C283_conf_diagnostic_C1_mh_narrow_count_no_offset_mean_paper_master,S1b,docs/PAPER_MASTER.md,"| C1 | narrow MH count | count, no offset | 15 | {} |",data/reference/confirmatory_results.csv,float(d[(d.stratum=='C1_clean')&(d.spec=='diag_raw_count')&(d.outcome=='mh_narrow')&(d.estimator=='PPML_count_no_offset')]['first_week_mean_coef'].iloc[0]),{:.5f},"Phase I table cell (conf_diagnostic_C1_mh_narrow_count_no_offset, mean); generated by ops/phase_i_tables.py"
C283_conf_diagnostic_C1_mh_narrow_count_no_offset_mean_supplement,S1b,docs/SUPPLEMENT.md,"| C1 | narrow MH count | count, no offset | 15 | {} |",data/reference/confirmatory_results.csv,float(d[(d.stratum=='C1_clean')&(d.spec=='diag_raw_count')&(d.outcome=='mh_narrow')&(d.estimator=='PPML_count_no_offset')]['first_week_mean_coef'].iloc[0]),{:.5f},"Phase I table cell (conf_diagnostic_C1_mh_narrow_count_no_offset, mean); generated by ops/phase_i_tables.py"
C284_conf_diagnostic_C1_mh_narrow_count_no_offset_p_ri_paper_master,S1b,docs/PAPER_MASTER.md,"| C1 | narrow MH count | count, no offset | 15 | −0.01965 | {} |",data/reference/confirmatory_results.csv,float(d[(d.stratum=='C1_clean')&(d.spec=='diag_raw_count')&(d.outcome=='mh_narrow')&(d.estimator=='PPML_count_no_offset')]['p_randomization'].iloc[0]),{:.4f},"Phase I table cell (conf_diagnostic_C1_mh_narrow_count_no_offset, p_ri); generated by ops/phase_i_tables.py"
C284_conf_diagnostic_C1_mh_narrow_count_no_offset_p_ri_supplement,S1b,docs/SUPPLEMENT.md,"| C1 | narrow MH count | count, no offset | 15 | −0.01965 | {} |",data/reference/confirmatory_results.csv,float(d[(d.stratum=='C1_clean')&(d.spec=='diag_raw_count')&(d.outcome=='mh_narrow')&(d.estimator=='PPML_count_no_offset')]['p_randomization'].iloc[0]),{:.4f},"Phase I table cell (conf_diagnostic_C1_mh_narrow_count_no_offset, p_ri); generated by ops/phase_i_tables.py"
C285_conf_diagnostic_C1_mh_narrow_count_no_offset_p_asym_paper_master,S1b,docs/PAPER_MASTER.md,"| C1 | narrow MH count | count, no offset | 15 | −0.01965 | 0.0775 | {} |",data/reference/confirmatory_results.csv,float(d[(d.stratum=='C1_clean')&(d.spec=='diag_raw_count')&(d.outcome=='mh_narrow')&(d.estimator=='PPML_count_no_offset')]['p_asymptotic'].iloc[0]),{:.4f},"Phase I table cell (conf_diagnostic_C1_mh_narrow_count_no_offset, p_asym); generated by ops/phase_i_tables.py"
C285_conf_diagnostic_C1_mh_narrow_count_no_offset_p_asym_supplement,S1b,docs/SUPPLEMENT.md,"| C1 | narrow MH count | count, no offset | 15 | −0.01965 | 0.0775 | {} |",data/reference/confirmatory_results.csv,float(d[(d.stratum=='C1_clean')&(d.spec=='diag_raw_count')&(d.outcome=='mh_narrow')&(d.estimator=='PPML_count_no_offset')]['p_asymptotic'].iloc[0]),{:.4f},"Phase I table cell (conf_diagnostic_C1_mh_narrow_count_no_offset, p_asym); generated by ops/phase_i_tables.py"
C286_conf_diagnostic_C1_total_calls_count_no_offset_episodes_paper_master,S1b,docs/PAPER_MASTER.md,"| C1 | total dispatches | count, no offset | {} |",data/reference/confirmatory_results.csv,int(d[(d.stratum=='C1_clean')&(d.spec=='diag_total_dispatches')&(d.outcome=='total_calls')&(d.estimator=='PPML_count_no_offset')]['n_episodes'].iloc[0]),{},"Phase I table cell (conf_diagnostic_C1_total_calls_count_no_offset, episodes); generated by ops/phase_i_tables.py"
C286_conf_diagnostic_C1_total_calls_count_no_offset_episodes_supplement,S1b,docs/SUPPLEMENT.md,"| C1 | total dispatches | count, no offset | {} |",data/reference/confirmatory_results.csv,int(d[(d.stratum=='C1_clean')&(d.spec=='diag_total_dispatches')&(d.outcome=='total_calls')&(d.estimator=='PPML_count_no_offset')]['n_episodes'].iloc[0]),{},"Phase I table cell (conf_diagnostic_C1_total_calls_count_no_offset, episodes); generated by ops/phase_i_tables.py"
C287_conf_diagnostic_C1_total_calls_count_no_offset_mean_paper_master,S1b,docs/PAPER_MASTER.md,"| C1 | total dispatches | count, no offset | 15 | {} |",data/reference/confirmatory_results.csv,float(d[(d.stratum=='C1_clean')&(d.spec=='diag_total_dispatches')&(d.outcome=='total_calls')&(d.estimator=='PPML_count_no_offset')]['first_week_mean_coef'].iloc[0]),{:.5f},"Phase I table cell (conf_diagnostic_C1_total_calls_count_no_offset, mean); generated by ops/phase_i_tables.py"
C287_conf_diagnostic_C1_total_calls_count_no_offset_mean_supplement,S1b,docs/SUPPLEMENT.md,"| C1 | total dispatches | count, no offset | 15 | {} |",data/reference/confirmatory_results.csv,float(d[(d.stratum=='C1_clean')&(d.spec=='diag_total_dispatches')&(d.outcome=='total_calls')&(d.estimator=='PPML_count_no_offset')]['first_week_mean_coef'].iloc[0]),{:.5f},"Phase I table cell (conf_diagnostic_C1_total_calls_count_no_offset, mean); generated by ops/phase_i_tables.py"
C288_conf_diagnostic_C1_total_calls_count_no_offset_p_ri_paper_master,S1b,docs/PAPER_MASTER.md,"| C1 | total dispatches | count, no offset | 15 | −0.01585 | {} |",data/reference/confirmatory_results.csv,float(d[(d.stratum=='C1_clean')&(d.spec=='diag_total_dispatches')&(d.outcome=='total_calls')&(d.estimator=='PPML_count_no_offset')]['p_randomization'].iloc[0]),{:.4f},"Phase I table cell (conf_diagnostic_C1_total_calls_count_no_offset, p_ri); generated by ops/phase_i_tables.py"
C288_conf_diagnostic_C1_total_calls_count_no_offset_p_ri_supplement,S1b,docs/SUPPLEMENT.md,"| C1 | total dispatches | count, no offset | 15 | −0.01585 | {} |",data/reference/confirmatory_results.csv,float(d[(d.stratum=='C1_clean')&(d.spec=='diag_total_dispatches')&(d.outcome=='total_calls')&(d.estimator=='PPML_count_no_offset')]['p_randomization'].iloc[0]),{:.4f},"Phase I table cell (conf_diagnostic_C1_total_calls_count_no_offset, p_ri); generated by ops/phase_i_tables.py"
C289_conf_diagnostic_C1_total_calls_count_no_offset_p_asym_paper_master,S1b,docs/PAPER_MASTER.md,"| C1 | total dispatches | count, no offset | 15 | −0.01585 | 0.5422 | {} |",data/reference/confirmatory_results.csv,float(d[(d.stratum=='C1_clean')&(d.spec=='diag_total_dispatches')&(d.outcome=='total_calls')&(d.estimator=='PPML_count_no_offset')]['p_asymptotic'].iloc[0]),{:.4f},"Phase I table cell (conf_diagnostic_C1_total_calls_count_no_offset, p_asym); generated by ops/phase_i_tables.py"
C289_conf_diagnostic_C1_total_calls_count_no_offset_p_asym_supplement,S1b,docs/SUPPLEMENT.md,"| C1 | total dispatches | count, no offset | 15 | −0.01585 | 0.5422 | {} |",data/reference/confirmatory_results.csv,float(d[(d.stratum=='C1_clean')&(d.spec=='diag_total_dispatches')&(d.outcome=='total_calls')&(d.estimator=='PPML_count_no_offset')]['p_asymptotic'].iloc[0]),{:.4f},"Phase I table cell (conf_diagnostic_C1_total_calls_count_no_offset, p_asym); generated by ops/phase_i_tables.py"
C290_conf_placebo_C1_cardiac_share_share_episodes_paper_master,S1b,docs/PAPER_MASTER.md,| C1 | cardiac share | share | {} |,data/reference/confirmatory_results.csv,int(d[(d.stratum=='C1_clean')&(d.spec=='placebo')&(d.outcome=='cardiac_share')&(d.estimator=='OLS_share')]['n_episodes'].iloc[0]),{},"Phase I table cell (conf_placebo_C1_cardiac_share_share, episodes); generated by ops/phase_i_tables.py"
C290_conf_placebo_C1_cardiac_share_share_episodes_supplement,S1b,docs/SUPPLEMENT.md,| C1 | cardiac share | share | {} |,data/reference/confirmatory_results.csv,int(d[(d.stratum=='C1_clean')&(d.spec=='placebo')&(d.outcome=='cardiac_share')&(d.estimator=='OLS_share')]['n_episodes'].iloc[0]),{},"Phase I table cell (conf_placebo_C1_cardiac_share_share, episodes); generated by ops/phase_i_tables.py"
C291_conf_placebo_C1_cardiac_share_share_mean_paper_master,S1b,docs/PAPER_MASTER.md,| C1 | cardiac share | share | 15 | {} |,data/reference/confirmatory_results.csv,float(d[(d.stratum=='C1_clean')&(d.spec=='placebo')&(d.outcome=='cardiac_share')&(d.estimator=='OLS_share')]['first_week_mean_coef'].iloc[0]),{:.5f},"Phase I table cell (conf_placebo_C1_cardiac_share_share, mean); generated by ops/phase_i_tables.py"
C291_conf_placebo_C1_cardiac_share_share_mean_supplement,S1b,docs/SUPPLEMENT.md,| C1 | cardiac share | share | 15 | {} |,data/reference/confirmatory_results.csv,float(d[(d.stratum=='C1_clean')&(d.spec=='placebo')&(d.outcome=='cardiac_share')&(d.estimator=='OLS_share')]['first_week_mean_coef'].iloc[0]),{:.5f},"Phase I table cell (conf_placebo_C1_cardiac_share_share, mean); generated by ops/phase_i_tables.py"
C292_conf_placebo_C1_cardiac_share_share_p_ri_paper_master,S1b,docs/PAPER_MASTER.md,| C1 | cardiac share | share | 15 | 0.00121 | {} |,data/reference/confirmatory_results.csv,float(d[(d.stratum=='C1_clean')&(d.spec=='placebo')&(d.outcome=='cardiac_share')&(d.estimator=='OLS_share')]['p_randomization'].iloc[0]),{:.4f},"Phase I table cell (conf_placebo_C1_cardiac_share_share, p_ri); generated by ops/phase_i_tables.py"
C292_conf_placebo_C1_cardiac_share_share_p_ri_supplement,S1b,docs/SUPPLEMENT.md,| C1 | cardiac share | share | 15 | 0.00121 | {} |,data/reference/confirmatory_results.csv,float(d[(d.stratum=='C1_clean')&(d.spec=='placebo')&(d.outcome=='cardiac_share')&(d.estimator=='OLS_share')]['p_randomization'].iloc[0]),{:.4f},"Phase I table cell (conf_placebo_C1_cardiac_share_share, p_ri); generated by ops/phase_i_tables.py"
C293_conf_placebo_C1_cardiac_share_share_p_asym_paper_master,S1b,docs/PAPER_MASTER.md,| C1 | cardiac share | share | 15 | 0.00121 | 0.2609 | {} |,data/reference/confirmatory_results.csv,float(d[(d.stratum=='C1_clean')&(d.spec=='placebo')&(d.outcome=='cardiac_share')&(d.estimator=='OLS_share')]['p_asymptotic'].iloc[0]),{:.4f},"Phase I table cell (conf_placebo_C1_cardiac_share_share, p_asym); generated by ops/phase_i_tables.py"
C293_conf_placebo_C1_cardiac_share_share_p_asym_supplement,S1b,docs/SUPPLEMENT.md,| C1 | cardiac share | share | 15 | 0.00121 | 0.2609 | {} |,data/reference/confirmatory_results.csv,float(d[(d.stratum=='C1_clean')&(d.spec=='placebo')&(d.outcome=='cardiac_share')&(d.estimator=='OLS_share')]['p_asymptotic'].iloc[0]),{:.4f},"Phase I table cell (conf_placebo_C1_cardiac_share_share, p_asym); generated by ops/phase_i_tables.py"
C294_conf_placebo_C1_cardiac_count_episodes_paper_master,S1b,docs/PAPER_MASTER.md,| C1 | cardiac count | count | {} |,data/reference/confirmatory_results.csv,int(d[(d.stratum=='C1_clean')&(d.spec=='placebo')&(d.outcome=='cardiac')&(d.estimator=='PPML_count_offset')]['n_episodes'].iloc[0]),{},"Phase I table cell (conf_placebo_C1_cardiac_count, episodes); generated by ops/phase_i_tables.py"
C294_conf_placebo_C1_cardiac_count_episodes_supplement,S1b,docs/SUPPLEMENT.md,| C1 | cardiac count | count | {} |,data/reference/confirmatory_results.csv,int(d[(d.stratum=='C1_clean')&(d.spec=='placebo')&(d.outcome=='cardiac')&(d.estimator=='PPML_count_offset')]['n_episodes'].iloc[0]),{},"Phase I table cell (conf_placebo_C1_cardiac_count, episodes); generated by ops/phase_i_tables.py"
C295_conf_placebo_C1_cardiac_count_mean_paper_master,S1b,docs/PAPER_MASTER.md,| C1 | cardiac count | count | 15 | {} |,data/reference/confirmatory_results.csv,float(d[(d.stratum=='C1_clean')&(d.spec=='placebo')&(d.outcome=='cardiac')&(d.estimator=='PPML_count_offset')]['first_week_mean_coef'].iloc[0]),{:.5f},"Phase I table cell (conf_placebo_C1_cardiac_count, mean); generated by ops/phase_i_tables.py"
C295_conf_placebo_C1_cardiac_count_mean_supplement,S1b,docs/SUPPLEMENT.md,| C1 | cardiac count | count | 15 | {} |,data/reference/confirmatory_results.csv,float(d[(d.stratum=='C1_clean')&(d.spec=='placebo')&(d.outcome=='cardiac')&(d.estimator=='PPML_count_offset')]['first_week_mean_coef'].iloc[0]),{:.5f},"Phase I table cell (conf_placebo_C1_cardiac_count, mean); generated by ops/phase_i_tables.py"
C296_conf_placebo_C1_cardiac_count_p_ri_paper_master,S1b,docs/PAPER_MASTER.md,| C1 | cardiac count | count | 15 | 0.01385 | {} |,data/reference/confirmatory_results.csv,float(d[(d.stratum=='C1_clean')&(d.spec=='placebo')&(d.outcome=='cardiac')&(d.estimator=='PPML_count_offset')]['p_randomization'].iloc[0]),{:.4f},"Phase I table cell (conf_placebo_C1_cardiac_count, p_ri); generated by ops/phase_i_tables.py"
C296_conf_placebo_C1_cardiac_count_p_ri_supplement,S1b,docs/SUPPLEMENT.md,| C1 | cardiac count | count | 15 | 0.01385 | {} |,data/reference/confirmatory_results.csv,float(d[(d.stratum=='C1_clean')&(d.spec=='placebo')&(d.outcome=='cardiac')&(d.estimator=='PPML_count_offset')]['p_randomization'].iloc[0]),{:.4f},"Phase I table cell (conf_placebo_C1_cardiac_count, p_ri); generated by ops/phase_i_tables.py"
C297_conf_placebo_C1_cardiac_count_p_asym_paper_master,S1b,docs/PAPER_MASTER.md,| C1 | cardiac count | count | 15 | 0.01385 | 0.5597 | {} |,data/reference/confirmatory_results.csv,float(d[(d.stratum=='C1_clean')&(d.spec=='placebo')&(d.outcome=='cardiac')&(d.estimator=='PPML_count_offset')]['p_asymptotic'].iloc[0]),{:.4f},"Phase I table cell (conf_placebo_C1_cardiac_count, p_asym); generated by ops/phase_i_tables.py"
C297_conf_placebo_C1_cardiac_count_p_asym_supplement,S1b,docs/SUPPLEMENT.md,| C1 | cardiac count | count | 15 | 0.01385 | 0.5597 | {} |,data/reference/confirmatory_results.csv,float(d[(d.stratum=='C1_clean')&(d.spec=='placebo')&(d.outcome=='cardiac')&(d.estimator=='PPML_count_offset')]['p_asymptotic'].iloc[0]),{:.4f},"Phase I table cell (conf_placebo_C1_cardiac_count, p_asym); generated by ops/phase_i_tables.py"
C298_conf_placebo_C1_injury_share_share_episodes_paper_master,S1b,docs/PAPER_MASTER.md,| C1 | injury share | share | {} |,data/reference/confirmatory_results.csv,int(d[(d.stratum=='C1_clean')&(d.spec=='placebo')&(d.outcome=='injury_share')&(d.estimator=='OLS_share')]['n_episodes'].iloc[0]),{},"Phase I table cell (conf_placebo_C1_injury_share_share, episodes); generated by ops/phase_i_tables.py"
C298_conf_placebo_C1_injury_share_share_episodes_supplement,S1b,docs/SUPPLEMENT.md,| C1 | injury share | share | {} |,data/reference/confirmatory_results.csv,int(d[(d.stratum=='C1_clean')&(d.spec=='placebo')&(d.outcome=='injury_share')&(d.estimator=='OLS_share')]['n_episodes'].iloc[0]),{},"Phase I table cell (conf_placebo_C1_injury_share_share, episodes); generated by ops/phase_i_tables.py"
C299_conf_placebo_C1_injury_share_share_mean_paper_master,S1b,docs/PAPER_MASTER.md,| C1 | injury share | share | 15 | {} |,data/reference/confirmatory_results.csv,float(d[(d.stratum=='C1_clean')&(d.spec=='placebo')&(d.outcome=='injury_share')&(d.estimator=='OLS_share')]['first_week_mean_coef'].iloc[0]),{:.5f},"Phase I table cell (conf_placebo_C1_injury_share_share, mean); generated by ops/phase_i_tables.py"
C299_conf_placebo_C1_injury_share_share_mean_supplement,S1b,docs/SUPPLEMENT.md,| C1 | injury share | share | 15 | {} |,data/reference/confirmatory_results.csv,float(d[(d.stratum=='C1_clean')&(d.spec=='placebo')&(d.outcome=='injury_share')&(d.estimator=='OLS_share')]['first_week_mean_coef'].iloc[0]),{:.5f},"Phase I table cell (conf_placebo_C1_injury_share_share, mean); generated by ops/phase_i_tables.py"
C300_conf_placebo_C1_injury_share_share_p_ri_paper_master,S1b,docs/PAPER_MASTER.md,| C1 | injury share | share | 15 | −0.00185 | {} |,data/reference/confirmatory_results.csv,float(d[(d.stratum=='C1_clean')&(d.spec=='placebo')&(d.outcome=='injury_share')&(d.estimator=='OLS_share')]['p_randomization'].iloc[0]),{:.4f},"Phase I table cell (conf_placebo_C1_injury_share_share, p_ri); generated by ops/phase_i_tables.py"
C300_conf_placebo_C1_injury_share_share_p_ri_supplement,S1b,docs/SUPPLEMENT.md,| C1 | injury share | share | 15 | −0.00185 | {} |,data/reference/confirmatory_results.csv,float(d[(d.stratum=='C1_clean')&(d.spec=='placebo')&(d.outcome=='injury_share')&(d.estimator=='OLS_share')]['p_randomization'].iloc[0]),{:.4f},"Phase I table cell (conf_placebo_C1_injury_share_share, p_ri); generated by ops/phase_i_tables.py"
C301_conf_placebo_C1_injury_share_share_p_asym_paper_master,S1b,docs/PAPER_MASTER.md,| C1 | injury share | share | 15 | −0.00185 | 0.3453 | {} |,data/reference/confirmatory_results.csv,float(d[(d.stratum=='C1_clean')&(d.spec=='placebo')&(d.outcome=='injury_share')&(d.estimator=='OLS_share')]['p_asymptotic'].iloc[0]),{:.4f},"Phase I table cell (conf_placebo_C1_injury_share_share, p_asym); generated by ops/phase_i_tables.py"
C301_conf_placebo_C1_injury_share_share_p_asym_supplement,S1b,docs/SUPPLEMENT.md,| C1 | injury share | share | 15 | −0.00185 | 0.3453 | {} |,data/reference/confirmatory_results.csv,float(d[(d.stratum=='C1_clean')&(d.spec=='placebo')&(d.outcome=='injury_share')&(d.estimator=='OLS_share')]['p_asymptotic'].iloc[0]),{:.4f},"Phase I table cell (conf_placebo_C1_injury_share_share, p_asym); generated by ops/phase_i_tables.py"
C302_conf_placebo_C1_injury_count_episodes_paper_master,S1b,docs/PAPER_MASTER.md,| C1 | injury count | count | {} |,data/reference/confirmatory_results.csv,int(d[(d.stratum=='C1_clean')&(d.spec=='placebo')&(d.outcome=='injury')&(d.estimator=='PPML_count_offset')]['n_episodes'].iloc[0]),{},"Phase I table cell (conf_placebo_C1_injury_count, episodes); generated by ops/phase_i_tables.py"
C302_conf_placebo_C1_injury_count_episodes_supplement,S1b,docs/SUPPLEMENT.md,| C1 | injury count | count | {} |,data/reference/confirmatory_results.csv,int(d[(d.stratum=='C1_clean')&(d.spec=='placebo')&(d.outcome=='injury')&(d.estimator=='PPML_count_offset')]['n_episodes'].iloc[0]),{},"Phase I table cell (conf_placebo_C1_injury_count, episodes); generated by ops/phase_i_tables.py"
C303_conf_placebo_C1_injury_count_mean_paper_master,S1b,docs/PAPER_MASTER.md,| C1 | injury count | count | 15 | {} |,data/reference/confirmatory_results.csv,float(d[(d.stratum=='C1_clean')&(d.spec=='placebo')&(d.outcome=='injury')&(d.estimator=='PPML_count_offset')]['first_week_mean_coef'].iloc[0]),{:.5f},"Phase I table cell (conf_placebo_C1_injury_count, mean); generated by ops/phase_i_tables.py"
C303_conf_placebo_C1_injury_count_mean_supplement,S1b,docs/SUPPLEMENT.md,| C1 | injury count | count | 15 | {} |,data/reference/confirmatory_results.csv,float(d[(d.stratum=='C1_clean')&(d.spec=='placebo')&(d.outcome=='injury')&(d.estimator=='PPML_count_offset')]['first_week_mean_coef'].iloc[0]),{:.5f},"Phase I table cell (conf_placebo_C1_injury_count, mean); generated by ops/phase_i_tables.py"
C304_conf_placebo_C1_injury_count_p_ri_paper_master,S1b,docs/PAPER_MASTER.md,| C1 | injury count | count | 15 | −0.01192 | {} |,data/reference/confirmatory_results.csv,float(d[(d.stratum=='C1_clean')&(d.spec=='placebo')&(d.outcome=='injury')&(d.estimator=='PPML_count_offset')]['p_randomization'].iloc[0]),{:.4f},"Phase I table cell (conf_placebo_C1_injury_count, p_ri); generated by ops/phase_i_tables.py"
C304_conf_placebo_C1_injury_count_p_ri_supplement,S1b,docs/SUPPLEMENT.md,| C1 | injury count | count | 15 | −0.01192 | {} |,data/reference/confirmatory_results.csv,float(d[(d.stratum=='C1_clean')&(d.spec=='placebo')&(d.outcome=='injury')&(d.estimator=='PPML_count_offset')]['p_randomization'].iloc[0]),{:.4f},"Phase I table cell (conf_placebo_C1_injury_count, p_ri); generated by ops/phase_i_tables.py"
C305_conf_placebo_C1_injury_count_p_asym_paper_master,S1b,docs/PAPER_MASTER.md,| C1 | injury count | count | 15 | −0.01192 | 0.3713 | {} |,data/reference/confirmatory_results.csv,float(d[(d.stratum=='C1_clean')&(d.spec=='placebo')&(d.outcome=='injury')&(d.estimator=='PPML_count_offset')]['p_asymptotic'].iloc[0]),{:.4f},"Phase I table cell (conf_placebo_C1_injury_count, p_asym); generated by ops/phase_i_tables.py"
C305_conf_placebo_C1_injury_count_p_asym_supplement,S1b,docs/SUPPLEMENT.md,| C1 | injury count | count | 15 | −0.01192 | 0.3713 | {} |,data/reference/confirmatory_results.csv,float(d[(d.stratum=='C1_clean')&(d.spec=='placebo')&(d.outcome=='injury')&(d.estimator=='PPML_count_offset')]['p_asymptotic'].iloc[0]),{:.4f},"Phase I table cell (conf_placebo_C1_injury_count, p_asym); generated by ops/phase_i_tables.py"
C306_conf_placebo_C1_asthma_share_share_episodes_paper_master,S1b,docs/PAPER_MASTER.md,| C1 | asthma share | share | {} |,data/reference/confirmatory_results.csv,int(d[(d.stratum=='C1_clean')&(d.spec=='placebo')&(d.outcome=='asthma_share')&(d.estimator=='OLS_share')]['n_episodes'].iloc[0]),{},"Phase I table cell (conf_placebo_C1_asthma_share_share, episodes); generated by ops/phase_i_tables.py"
C306_conf_placebo_C1_asthma_share_share_episodes_supplement,S1b,docs/SUPPLEMENT.md,| C1 | asthma share | share | {} |,data/reference/confirmatory_results.csv,int(d[(d.stratum=='C1_clean')&(d.spec=='placebo')&(d.outcome=='asthma_share')&(d.estimator=='OLS_share')]['n_episodes'].iloc[0]),{},"Phase I table cell (conf_placebo_C1_asthma_share_share, episodes); generated by ops/phase_i_tables.py"
C307_conf_placebo_C1_asthma_share_share_mean_paper_master,S1b,docs/PAPER_MASTER.md,| C1 | asthma share | share | 15 | {} |,data/reference/confirmatory_results.csv,float(d[(d.stratum=='C1_clean')&(d.spec=='placebo')&(d.outcome=='asthma_share')&(d.estimator=='OLS_share')]['first_week_mean_coef'].iloc[0]),{:.5f},"Phase I table cell (conf_placebo_C1_asthma_share_share, mean); generated by ops/phase_i_tables.py"
C307_conf_placebo_C1_asthma_share_share_mean_supplement,S1b,docs/SUPPLEMENT.md,| C1 | asthma share | share | 15 | {} |,data/reference/confirmatory_results.csv,float(d[(d.stratum=='C1_clean')&(d.spec=='placebo')&(d.outcome=='asthma_share')&(d.estimator=='OLS_share')]['first_week_mean_coef'].iloc[0]),{:.5f},"Phase I table cell (conf_placebo_C1_asthma_share_share, mean); generated by ops/phase_i_tables.py"
C308_conf_placebo_C1_asthma_share_share_p_ri_paper_master,S1b,docs/PAPER_MASTER.md,| C1 | asthma share | share | 15 | 0.00018 | {} |,data/reference/confirmatory_results.csv,float(d[(d.stratum=='C1_clean')&(d.spec=='placebo')&(d.outcome=='asthma_share')&(d.estimator=='OLS_share')]['p_randomization'].iloc[0]),{:.4f},"Phase I table cell (conf_placebo_C1_asthma_share_share, p_ri); generated by ops/phase_i_tables.py"
C308_conf_placebo_C1_asthma_share_share_p_ri_supplement,S1b,docs/SUPPLEMENT.md,| C1 | asthma share | share | 15 | 0.00018 | {} |,data/reference/confirmatory_results.csv,float(d[(d.stratum=='C1_clean')&(d.spec=='placebo')&(d.outcome=='asthma_share')&(d.estimator=='OLS_share')]['p_randomization'].iloc[0]),{:.4f},"Phase I table cell (conf_placebo_C1_asthma_share_share, p_ri); generated by ops/phase_i_tables.py"
C309_conf_placebo_C1_asthma_share_share_p_asym_paper_master,S1b,docs/PAPER_MASTER.md,| C1 | asthma share | share | 15 | 0.00018 | 0.1619 | {} |,data/reference/confirmatory_results.csv,float(d[(d.stratum=='C1_clean')&(d.spec=='placebo')&(d.outcome=='asthma_share')&(d.estimator=='OLS_share')]['p_asymptotic'].iloc[0]),{:.4f},"Phase I table cell (conf_placebo_C1_asthma_share_share, p_asym); generated by ops/phase_i_tables.py"
C309_conf_placebo_C1_asthma_share_share_p_asym_supplement,S1b,docs/SUPPLEMENT.md,| C1 | asthma share | share | 15 | 0.00018 | 0.1619 | {} |,data/reference/confirmatory_results.csv,float(d[(d.stratum=='C1_clean')&(d.spec=='placebo')&(d.outcome=='asthma_share')&(d.estimator=='OLS_share')]['p_asymptotic'].iloc[0]),{:.4f},"Phase I table cell (conf_placebo_C1_asthma_share_share, p_asym); generated by ops/phase_i_tables.py"
C310_conf_placebo_C1_asthma_count_episodes_paper_master,S1b,docs/PAPER_MASTER.md,| C1 | asthma count | count | {} |,data/reference/confirmatory_results.csv,int(d[(d.stratum=='C1_clean')&(d.spec=='placebo')&(d.outcome=='asthma')&(d.estimator=='PPML_count_offset')]['n_episodes'].iloc[0]),{},"Phase I table cell (conf_placebo_C1_asthma_count, episodes); generated by ops/phase_i_tables.py"
C310_conf_placebo_C1_asthma_count_episodes_supplement,S1b,docs/SUPPLEMENT.md,| C1 | asthma count | count | {} |,data/reference/confirmatory_results.csv,int(d[(d.stratum=='C1_clean')&(d.spec=='placebo')&(d.outcome=='asthma')&(d.estimator=='PPML_count_offset')]['n_episodes'].iloc[0]),{},"Phase I table cell (conf_placebo_C1_asthma_count, episodes); generated by ops/phase_i_tables.py"
C311_conf_placebo_C1_asthma_count_mean_paper_master,S1b,docs/PAPER_MASTER.md,| C1 | asthma count | count | 15 | {} |,data/reference/confirmatory_results.csv,float(d[(d.stratum=='C1_clean')&(d.spec=='placebo')&(d.outcome=='asthma')&(d.estimator=='PPML_count_offset')]['first_week_mean_coef'].iloc[0]),{:.5f},"Phase I table cell (conf_placebo_C1_asthma_count, mean); generated by ops/phase_i_tables.py"
C311_conf_placebo_C1_asthma_count_mean_supplement,S1b,docs/SUPPLEMENT.md,| C1 | asthma count | count | 15 | {} |,data/reference/confirmatory_results.csv,float(d[(d.stratum=='C1_clean')&(d.spec=='placebo')&(d.outcome=='asthma')&(d.estimator=='PPML_count_offset')]['first_week_mean_coef'].iloc[0]),{:.5f},"Phase I table cell (conf_placebo_C1_asthma_count, mean); generated by ops/phase_i_tables.py"
C312_conf_placebo_C1_asthma_count_p_ri_paper_master,S1b,docs/PAPER_MASTER.md,| C1 | asthma count | count | 15 | 0.03038 | {} |,data/reference/confirmatory_results.csv,float(d[(d.stratum=='C1_clean')&(d.spec=='placebo')&(d.outcome=='asthma')&(d.estimator=='PPML_count_offset')]['p_randomization'].iloc[0]),{:.4f},"Phase I table cell (conf_placebo_C1_asthma_count, p_ri); generated by ops/phase_i_tables.py"
C312_conf_placebo_C1_asthma_count_p_ri_supplement,S1b,docs/SUPPLEMENT.md,| C1 | asthma count | count | 15 | 0.03038 | {} |,data/reference/confirmatory_results.csv,float(d[(d.stratum=='C1_clean')&(d.spec=='placebo')&(d.outcome=='asthma')&(d.estimator=='PPML_count_offset')]['p_randomization'].iloc[0]),{:.4f},"Phase I table cell (conf_placebo_C1_asthma_count, p_ri); generated by ops/phase_i_tables.py"
C313_conf_placebo_C1_asthma_count_p_asym_paper_master,S1b,docs/PAPER_MASTER.md,| C1 | asthma count | count | 15 | 0.03038 | 0.5792 | {} |,data/reference/confirmatory_results.csv,float(d[(d.stratum=='C1_clean')&(d.spec=='placebo')&(d.outcome=='asthma')&(d.estimator=='PPML_count_offset')]['p_asymptotic'].iloc[0]),{:.4f},"Phase I table cell (conf_placebo_C1_asthma_count, p_asym); generated by ops/phase_i_tables.py"
C313_conf_placebo_C1_asthma_count_p_asym_supplement,S1b,docs/SUPPLEMENT.md,| C1 | asthma count | count | 15 | 0.03038 | 0.5792 | {} |,data/reference/confirmatory_results.csv,float(d[(d.stratum=='C1_clean')&(d.spec=='placebo')&(d.outcome=='asthma')&(d.estimator=='PPML_count_offset')]['p_asymptotic'].iloc[0]),{:.4f},"Phase I table cell (conf_placebo_C1_asthma_count, p_asym); generated by ops/phase_i_tables.py"
C314_conf_diagnostic_C2_edp_count_no_offset_episodes_paper_master,S1b,docs/PAPER_MASTER.md,"| C2 | EDP count | count, no offset | {} |",data/reference/confirmatory_results.csv,int(d[(d.stratum=='C2_exposed')&(d.spec=='diag_raw_count')&(d.outcome=='edp')&(d.estimator=='PPML_count_no_offset')]['n_episodes'].iloc[0]),{},"Phase I table cell (conf_diagnostic_C2_edp_count_no_offset, episodes); generated by ops/phase_i_tables.py"
C314_conf_diagnostic_C2_edp_count_no_offset_episodes_supplement,S1b,docs/SUPPLEMENT.md,"| C2 | EDP count | count, no offset | {} |",data/reference/confirmatory_results.csv,int(d[(d.stratum=='C2_exposed')&(d.spec=='diag_raw_count')&(d.outcome=='edp')&(d.estimator=='PPML_count_no_offset')]['n_episodes'].iloc[0]),{},"Phase I table cell (conf_diagnostic_C2_edp_count_no_offset, episodes); generated by ops/phase_i_tables.py"
C315_conf_diagnostic_C2_edp_count_no_offset_mean_paper_master,S1b,docs/PAPER_MASTER.md,"| C2 | EDP count | count, no offset | 30 | {} |",data/reference/confirmatory_results.csv,float(d[(d.stratum=='C2_exposed')&(d.spec=='diag_raw_count')&(d.outcome=='edp')&(d.estimator=='PPML_count_no_offset')]['first_week_mean_coef'].iloc[0]),{:.5f},"Phase I table cell (conf_diagnostic_C2_edp_count_no_offset, mean); generated by ops/phase_i_tables.py"
C315_conf_diagnostic_C2_edp_count_no_offset_mean_supplement,S1b,docs/SUPPLEMENT.md,"| C2 | EDP count | count, no offset | 30 | {} |",data/reference/confirmatory_results.csv,float(d[(d.stratum=='C2_exposed')&(d.spec=='diag_raw_count')&(d.outcome=='edp')&(d.estimator=='PPML_count_no_offset')]['first_week_mean_coef'].iloc[0]),{:.5f},"Phase I table cell (conf_diagnostic_C2_edp_count_no_offset, mean); generated by ops/phase_i_tables.py"
C316_conf_diagnostic_C2_edp_count_no_offset_p_ri_paper_master,S1b,docs/PAPER_MASTER.md,"| C2 | EDP count | count, no offset | 30 | −0.00442 | {} |",data/reference/confirmatory_results.csv,float(d[(d.stratum=='C2_exposed')&(d.spec=='diag_raw_count')&(d.outcome=='edp')&(d.estimator=='PPML_count_no_offset')]['p_randomization'].iloc[0]),{:.4f},"Phase I table cell (conf_diagnostic_C2_edp_count_no_offset, p_ri); generated by ops/phase_i_tables.py"
C316_conf_diagnostic_C2_edp_count_no_offset_p_ri_supplement,S1b,docs/SUPPLEMENT.md,"| C2 | EDP count | count, no offset | 30 | −0.00442 | {} |",data/reference/confirmatory_results.csv,float(d[(d.stratum=='C2_exposed')&(d.spec=='diag_raw_count')&(d.outcome=='edp')&(d.estimator=='PPML_count_no_offset')]['p_randomization'].iloc[0]),{:.4f},"Phase I table cell (conf_diagnostic_C2_edp_count_no_offset, p_ri); generated by ops/phase_i_tables.py"
C317_conf_diagnostic_C2_edp_count_no_offset_p_asym_paper_master,S1b,docs/PAPER_MASTER.md,"| C2 | EDP count | count, no offset | 30 | −0.00442 | 0.3368 | {} |",data/reference/confirmatory_results.csv,float(d[(d.stratum=='C2_exposed')&(d.spec=='diag_raw_count')&(d.outcome=='edp')&(d.estimator=='PPML_count_no_offset')]['p_asymptotic'].iloc[0]),{:.4f},"Phase I table cell (conf_diagnostic_C2_edp_count_no_offset, p_asym); generated by ops/phase_i_tables.py"
C317_conf_diagnostic_C2_edp_count_no_offset_p_asym_supplement,S1b,docs/SUPPLEMENT.md,"| C2 | EDP count | count, no offset | 30 | −0.00442 | 0.3368 | {} |",data/reference/confirmatory_results.csv,float(d[(d.stratum=='C2_exposed')&(d.spec=='diag_raw_count')&(d.outcome=='edp')&(d.estimator=='PPML_count_no_offset')]['p_asymptotic'].iloc[0]),{:.4f},"Phase I table cell (conf_diagnostic_C2_edp_count_no_offset, p_asym); generated by ops/phase_i_tables.py"
C318_conf_diagnostic_C2_mh_narrow_count_no_offset_episodes_paper_master,S1b,docs/PAPER_MASTER.md,"| C2 | narrow MH count | count, no offset | {} |",data/reference/confirmatory_results.csv,int(d[(d.stratum=='C2_exposed')&(d.spec=='diag_raw_count')&(d.outcome=='mh_narrow')&(d.estimator=='PPML_count_no_offset')]['n_episodes'].iloc[0]),{},"Phase I table cell (conf_diagnostic_C2_mh_narrow_count_no_offset, episodes); generated by ops/phase_i_tables.py"
C318_conf_diagnostic_C2_mh_narrow_count_no_offset_episodes_supplement,S1b,docs/SUPPLEMENT.md,"| C2 | narrow MH count | count, no offset | {} |",data/reference/confirmatory_results.csv,int(d[(d.stratum=='C2_exposed')&(d.spec=='diag_raw_count')&(d.outcome=='mh_narrow')&(d.estimator=='PPML_count_no_offset')]['n_episodes'].iloc[0]),{},"Phase I table cell (conf_diagnostic_C2_mh_narrow_count_no_offset, episodes); generated by ops/phase_i_tables.py"
C319_conf_diagnostic_C2_mh_narrow_count_no_offset_mean_paper_master,S1b,docs/PAPER_MASTER.md,"| C2 | narrow MH count | count, no offset | 30 | {} |",data/reference/confirmatory_results.csv,float(d[(d.stratum=='C2_exposed')&(d.spec=='diag_raw_count')&(d.outcome=='mh_narrow')&(d.estimator=='PPML_count_no_offset')]['first_week_mean_coef'].iloc[0]),{:.5f},"Phase I table cell (conf_diagnostic_C2_mh_narrow_count_no_offset, mean); generated by ops/phase_i_tables.py"
C319_conf_diagnostic_C2_mh_narrow_count_no_offset_mean_supplement,S1b,docs/SUPPLEMENT.md,"| C2 | narrow MH count | count, no offset | 30 | {} |",data/reference/confirmatory_results.csv,float(d[(d.stratum=='C2_exposed')&(d.spec=='diag_raw_count')&(d.outcome=='mh_narrow')&(d.estimator=='PPML_count_no_offset')]['first_week_mean_coef'].iloc[0]),{:.5f},"Phase I table cell (conf_diagnostic_C2_mh_narrow_count_no_offset, mean); generated by ops/phase_i_tables.py"
C320_conf_diagnostic_C2_mh_narrow_count_no_offset_p_ri_paper_master,S1b,docs/PAPER_MASTER.md,"| C2 | narrow MH count | count, no offset | 30 | −0.00840 | {} |",data/reference/confirmatory_results.csv,float(d[(d.stratum=='C2_exposed')&(d.spec=='diag_raw_count')&(d.outcome=='mh_narrow')&(d.estimator=='PPML_count_no_offset')]['p_randomization'].iloc[0]),{:.4f},"Phase I table cell (conf_diagnostic_C2_mh_narrow_count_no_offset, p_ri); generated by ops/phase_i_tables.py"
C320_conf_diagnostic_C2_mh_narrow_count_no_offset_p_ri_supplement,S1b,docs/SUPPLEMENT.md,"| C2 | narrow MH count | count, no offset | 30 | −0.00840 | {} |",data/reference/confirmatory_results.csv,float(d[(d.stratum=='C2_exposed')&(d.spec=='diag_raw_count')&(d.outcome=='mh_narrow')&(d.estimator=='PPML_count_no_offset')]['p_randomization'].iloc[0]),{:.4f},"Phase I table cell (conf_diagnostic_C2_mh_narrow_count_no_offset, p_ri); generated by ops/phase_i_tables.py"
C321_conf_diagnostic_C2_mh_narrow_count_no_offset_p_asym_paper_master,S1b,docs/PAPER_MASTER.md,"| C2 | narrow MH count | count, no offset | 30 | −0.00840 | 0.1054 | {} |",data/reference/confirmatory_results.csv,float(d[(d.stratum=='C2_exposed')&(d.spec=='diag_raw_count')&(d.outcome=='mh_narrow')&(d.estimator=='PPML_count_no_offset')]['p_asymptotic'].iloc[0]),{:.4f},"Phase I table cell (conf_diagnostic_C2_mh_narrow_count_no_offset, p_asym); generated by ops/phase_i_tables.py"
C321_conf_diagnostic_C2_mh_narrow_count_no_offset_p_asym_supplement,S1b,docs/SUPPLEMENT.md,"| C2 | narrow MH count | count, no offset | 30 | −0.00840 | 0.1054 | {} |",data/reference/confirmatory_results.csv,float(d[(d.stratum=='C2_exposed')&(d.spec=='diag_raw_count')&(d.outcome=='mh_narrow')&(d.estimator=='PPML_count_no_offset')]['p_asymptotic'].iloc[0]),{:.4f},"Phase I table cell (conf_diagnostic_C2_mh_narrow_count_no_offset, p_asym); generated by ops/phase_i_tables.py"
C322_conf_diagnostic_C2_total_calls_count_no_offset_episodes_paper_master,S1b,docs/PAPER_MASTER.md,"| C2 | total dispatches | count, no offset | {} |",data/reference/confirmatory_results.csv,int(d[(d.stratum=='C2_exposed')&(d.spec=='diag_total_dispatches')&(d.outcome=='total_calls')&(d.estimator=='PPML_count_no_offset')]['n_episodes'].iloc[0]),{},"Phase I table cell (conf_diagnostic_C2_total_calls_count_no_offset, episodes); generated by ops/phase_i_tables.py"
C322_conf_diagnostic_C2_total_calls_count_no_offset_episodes_supplement,S1b,docs/SUPPLEMENT.md,"| C2 | total dispatches | count, no offset | {} |",data/reference/confirmatory_results.csv,int(d[(d.stratum=='C2_exposed')&(d.spec=='diag_total_dispatches')&(d.outcome=='total_calls')&(d.estimator=='PPML_count_no_offset')]['n_episodes'].iloc[0]),{},"Phase I table cell (conf_diagnostic_C2_total_calls_count_no_offset, episodes); generated by ops/phase_i_tables.py"
C323_conf_diagnostic_C2_total_calls_count_no_offset_mean_paper_master,S1b,docs/PAPER_MASTER.md,"| C2 | total dispatches | count, no offset | 30 | {} |",data/reference/confirmatory_results.csv,float(d[(d.stratum=='C2_exposed')&(d.spec=='diag_total_dispatches')&(d.outcome=='total_calls')&(d.estimator=='PPML_count_no_offset')]['first_week_mean_coef'].iloc[0]),{:.5f},"Phase I table cell (conf_diagnostic_C2_total_calls_count_no_offset, mean); generated by ops/phase_i_tables.py"
C323_conf_diagnostic_C2_total_calls_count_no_offset_mean_supplement,S1b,docs/SUPPLEMENT.md,"| C2 | total dispatches | count, no offset | 30 | {} |",data/reference/confirmatory_results.csv,float(d[(d.stratum=='C2_exposed')&(d.spec=='diag_total_dispatches')&(d.outcome=='total_calls')&(d.estimator=='PPML_count_no_offset')]['first_week_mean_coef'].iloc[0]),{:.5f},"Phase I table cell (conf_diagnostic_C2_total_calls_count_no_offset, mean); generated by ops/phase_i_tables.py"
C324_conf_diagnostic_C2_total_calls_count_no_offset_p_ri_paper_master,S1b,docs/PAPER_MASTER.md,"| C2 | total dispatches | count, no offset | 30 | −0.01004 | {} |",data/reference/confirmatory_results.csv,float(d[(d.stratum=='C2_exposed')&(d.spec=='diag_total_dispatches')&(d.outcome=='total_calls')&(d.estimator=='PPML_count_no_offset')]['p_randomization'].iloc[0]),{:.4f},"Phase I table cell (conf_diagnostic_C2_total_calls_count_no_offset, p_ri); generated by ops/phase_i_tables.py"
C324_conf_diagnostic_C2_total_calls_count_no_offset_p_ri_supplement,S1b,docs/SUPPLEMENT.md,"| C2 | total dispatches | count, no offset | 30 | −0.01004 | {} |",data/reference/confirmatory_results.csv,float(d[(d.stratum=='C2_exposed')&(d.spec=='diag_total_dispatches')&(d.outcome=='total_calls')&(d.estimator=='PPML_count_no_offset')]['p_randomization'].iloc[0]),{:.4f},"Phase I table cell (conf_diagnostic_C2_total_calls_count_no_offset, p_ri); generated by ops/phase_i_tables.py"
C325_conf_diagnostic_C2_total_calls_count_no_offset_p_asym_paper_master,S1b,docs/PAPER_MASTER.md,"| C2 | total dispatches | count, no offset | 30 | −0.01004 | 0.7481 | {} |",data/reference/confirmatory_results.csv,float(d[(d.stratum=='C2_exposed')&(d.spec=='diag_total_dispatches')&(d.outcome=='total_calls')&(d.estimator=='PPML_count_no_offset')]['p_asymptotic'].iloc[0]),{:.4f},"Phase I table cell (conf_diagnostic_C2_total_calls_count_no_offset, p_asym); generated by ops/phase_i_tables.py"
C325_conf_diagnostic_C2_total_calls_count_no_offset_p_asym_supplement,S1b,docs/SUPPLEMENT.md,"| C2 | total dispatches | count, no offset | 30 | −0.01004 | 0.7481 | {} |",data/reference/confirmatory_results.csv,float(d[(d.stratum=='C2_exposed')&(d.spec=='diag_total_dispatches')&(d.outcome=='total_calls')&(d.estimator=='PPML_count_no_offset')]['p_asymptotic'].iloc[0]),{:.4f},"Phase I table cell (conf_diagnostic_C2_total_calls_count_no_offset, p_asym); generated by ops/phase_i_tables.py"
C326_conf_placebo_C2_cardiac_share_share_episodes_paper_master,S1b,docs/PAPER_MASTER.md,| C2 | cardiac share | share | {} |,data/reference/confirmatory_results.csv,int(d[(d.stratum=='C2_exposed')&(d.spec=='placebo')&(d.outcome=='cardiac_share')&(d.estimator=='OLS_share')]['n_episodes'].iloc[0]),{},"Phase I table cell (conf_placebo_C2_cardiac_share_share, episodes); generated by ops/phase_i_tables.py"
C326_conf_placebo_C2_cardiac_share_share_episodes_supplement,S1b,docs/SUPPLEMENT.md,| C2 | cardiac share | share | {} |,data/reference/confirmatory_results.csv,int(d[(d.stratum=='C2_exposed')&(d.spec=='placebo')&(d.outcome=='cardiac_share')&(d.estimator=='OLS_share')]['n_episodes'].iloc[0]),{},"Phase I table cell (conf_placebo_C2_cardiac_share_share, episodes); generated by ops/phase_i_tables.py"
C327_conf_placebo_C2_cardiac_share_share_mean_paper_master,S1b,docs/PAPER_MASTER.md,| C2 | cardiac share | share | 30 | {} |,data/reference/confirmatory_results.csv,float(d[(d.stratum=='C2_exposed')&(d.spec=='placebo')&(d.outcome=='cardiac_share')&(d.estimator=='OLS_share')]['first_week_mean_coef'].iloc[0]),{:.5f},"Phase I table cell (conf_placebo_C2_cardiac_share_share, mean); generated by ops/phase_i_tables.py"
C327_conf_placebo_C2_cardiac_share_share_mean_supplement,S1b,docs/SUPPLEMENT.md,| C2 | cardiac share | share | 30 | {} |,data/reference/confirmatory_results.csv,float(d[(d.stratum=='C2_exposed')&(d.spec=='placebo')&(d.outcome=='cardiac_share')&(d.estimator=='OLS_share')]['first_week_mean_coef'].iloc[0]),{:.5f},"Phase I table cell (conf_placebo_C2_cardiac_share_share, mean); generated by ops/phase_i_tables.py"
C328_conf_placebo_C2_cardiac_share_share_p_ri_paper_master,S1b,docs/PAPER_MASTER.md,| C2 | cardiac share | share | 30 | 0.00118 | {} |,data/reference/confirmatory_results.csv,float(d[(d.stratum=='C2_exposed')&(d.spec=='placebo')&(d.outcome=='cardiac_share')&(d.estimator=='OLS_share')]['p_randomization'].iloc[0]),{:.4f},"Phase I table cell (conf_placebo_C2_cardiac_share_share, p_ri); generated by ops/phase_i_tables.py"
C328_conf_placebo_C2_cardiac_share_share_p_ri_supplement,S1b,docs/SUPPLEMENT.md,| C2 | cardiac share | share | 30 | 0.00118 | {} |,data/reference/confirmatory_results.csv,float(d[(d.stratum=='C2_exposed')&(d.spec=='placebo')&(d.outcome=='cardiac_share')&(d.estimator=='OLS_share')]['p_randomization'].iloc[0]),{:.4f},"Phase I table cell (conf_placebo_C2_cardiac_share_share, p_ri); generated by ops/phase_i_tables.py"
C329_conf_placebo_C2_cardiac_share_share_p_asym_paper_master,S1b,docs/PAPER_MASTER.md,| C2 | cardiac share | share | 30 | 0.00118 | 0.7736 | {} |,data/reference/confirmatory_results.csv,float(d[(d.stratum=='C2_exposed')&(d.spec=='placebo')&(d.outcome=='cardiac_share')&(d.estimator=='OLS_share')]['p_asymptotic'].iloc[0]),{:.4f},"Phase I table cell (conf_placebo_C2_cardiac_share_share, p_asym); generated by ops/phase_i_tables.py"
C329_conf_placebo_C2_cardiac_share_share_p_asym_supplement,S1b,docs/SUPPLEMENT.md,| C2 | cardiac share | share | 30 | 0.00118 | 0.7736 | {} |,data/reference/confirmatory_results.csv,float(d[(d.stratum=='C2_exposed')&(d.spec=='placebo')&(d.outcome=='cardiac_share')&(d.estimator=='OLS_share')]['p_asymptotic'].iloc[0]),{:.4f},"Phase I table cell (conf_placebo_C2_cardiac_share_share, p_asym); generated by ops/phase_i_tables.py"
C330_conf_placebo_C2_cardiac_count_episodes_paper_master,S1b,docs/PAPER_MASTER.md,| C2 | cardiac count | count | {} |,data/reference/confirmatory_results.csv,int(d[(d.stratum=='C2_exposed')&(d.spec=='placebo')&(d.outcome=='cardiac')&(d.estimator=='PPML_count_offset')]['n_episodes'].iloc[0]),{},"Phase I table cell (conf_placebo_C2_cardiac_count, episodes); generated by ops/phase_i_tables.py"
C330_conf_placebo_C2_cardiac_count_episodes_supplement,S1b,docs/SUPPLEMENT.md,| C2 | cardiac count | count | {} |,data/reference/confirmatory_results.csv,int(d[(d.stratum=='C2_exposed')&(d.spec=='placebo')&(d.outcome=='cardiac')&(d.estimator=='PPML_count_offset')]['n_episodes'].iloc[0]),{},"Phase I table cell (conf_placebo_C2_cardiac_count, episodes); generated by ops/phase_i_tables.py"
C331_conf_placebo_C2_cardiac_count_mean_paper_master,S1b,docs/PAPER_MASTER.md,| C2 | cardiac count | count | 30 | {} |,data/reference/confirmatory_results.csv,float(d[(d.stratum=='C2_exposed')&(d.spec=='placebo')&(d.outcome=='cardiac')&(d.estimator=='PPML_count_offset')]['first_week_mean_coef'].iloc[0]),{:.5f},"Phase I table cell (conf_placebo_C2_cardiac_count, mean); generated by ops/phase_i_tables.py"
C331_conf_placebo_C2_cardiac_count_mean_supplement,S1b,docs/SUPPLEMENT.md,| C2 | cardiac count | count | 30 | {} |,data/reference/confirmatory_results.csv,float(d[(d.stratum=='C2_exposed')&(d.spec=='placebo')&(d.outcome=='cardiac')&(d.estimator=='PPML_count_offset')]['first_week_mean_coef'].iloc[0]),{:.5f},"Phase I table cell (conf_placebo_C2_cardiac_count, mean); generated by ops/phase_i_tables.py"
C332_conf_placebo_C2_cardiac_count_p_ri_paper_master,S1b,docs/PAPER_MASTER.md,| C2 | cardiac count | count | 30 | 0.00988 | {} |,data/reference/confirmatory_results.csv,float(d[(d.stratum=='C2_exposed')&(d.spec=='placebo')&(d.outcome=='cardiac')&(d.estimator=='PPML_count_offset')]['p_randomization'].iloc[0]),{:.4f},"Phase I table cell (conf_placebo_C2_cardiac_count, p_ri); generated by ops/phase_i_tables.py"
C332_conf_placebo_C2_cardiac_count_p_ri_supplement,S1b,docs/SUPPLEMENT.md,| C2 | cardiac count | count | 30 | 0.00988 | {} |,data/reference/confirmatory_results.csv,float(d[(d.stratum=='C2_exposed')&(d.spec=='placebo')&(d.outcome=='cardiac')&(d.estimator=='PPML_count_offset')]['p_randomization'].iloc[0]),{:.4f},"Phase I table cell (conf_placebo_C2_cardiac_count, p_ri); generated by ops/phase_i_tables.py"
C333_conf_placebo_C2_cardiac_count_p_asym_paper_master,S1b,docs/PAPER_MASTER.md,| C2 | cardiac count | count | 30 | 0.00988 | 0.8866 | {} |,data/reference/confirmatory_results.csv,float(d[(d.stratum=='C2_exposed')&(d.spec=='placebo')&(d.outcome=='cardiac')&(d.estimator=='PPML_count_offset')]['p_asymptotic'].iloc[0]),{:.4f},"Phase I table cell (conf_placebo_C2_cardiac_count, p_asym); generated by ops/phase_i_tables.py"
C333_conf_placebo_C2_cardiac_count_p_asym_supplement,S1b,docs/SUPPLEMENT.md,| C2 | cardiac count | count | 30 | 0.00988 | 0.8866 | {} |,data/reference/confirmatory_results.csv,float(d[(d.stratum=='C2_exposed')&(d.spec=='placebo')&(d.outcome=='cardiac')&(d.estimator=='PPML_count_offset')]['p_asymptotic'].iloc[0]),{:.4f},"Phase I table cell (conf_placebo_C2_cardiac_count, p_asym); generated by ops/phase_i_tables.py"
C334_conf_placebo_C2_injury_share_share_episodes_paper_master,S1b,docs/PAPER_MASTER.md,| C2 | injury share | share | {} |,data/reference/confirmatory_results.csv,int(d[(d.stratum=='C2_exposed')&(d.spec=='placebo')&(d.outcome=='injury_share')&(d.estimator=='OLS_share')]['n_episodes'].iloc[0]),{},"Phase I table cell (conf_placebo_C2_injury_share_share, episodes); generated by ops/phase_i_tables.py"
C334_conf_placebo_C2_injury_share_share_episodes_supplement,S1b,docs/SUPPLEMENT.md,| C2 | injury share | share | {} |,data/reference/confirmatory_results.csv,int(d[(d.stratum=='C2_exposed')&(d.spec=='placebo')&(d.outcome=='injury_share')&(d.estimator=='OLS_share')]['n_episodes'].iloc[0]),{},"Phase I table cell (conf_placebo_C2_injury_share_share, episodes); generated by ops/phase_i_tables.py"
C335_conf_placebo_C2_injury_share_share_mean_paper_master,S1b,docs/PAPER_MASTER.md,| C2 | injury share | share | 30 | {} |,data/reference/confirmatory_results.csv,float(d[(d.stratum=='C2_exposed')&(d.spec=='placebo')&(d.outcome=='injury_share')&(d.estimator=='OLS_share')]['first_week_mean_coef'].iloc[0]),{:.5f},"Phase I table cell (conf_placebo_C2_injury_share_share, mean); generated by ops/phase_i_tables.py"
C335_conf_placebo_C2_injury_share_share_mean_supplement,S1b,docs/SUPPLEMENT.md,| C2 | injury share | share | 30 | {} |,data/reference/confirmatory_results.csv,float(d[(d.stratum=='C2_exposed')&(d.spec=='placebo')&(d.outcome=='injury_share')&(d.estimator=='OLS_share')]['first_week_mean_coef'].iloc[0]),{:.5f},"Phase I table cell (conf_placebo_C2_injury_share_share, mean); generated by ops/phase_i_tables.py"
C336_conf_placebo_C2_injury_share_share_p_ri_paper_master,S1b,docs/PAPER_MASTER.md,| C2 | injury share | share | 30 | −0.00004 | {} |,data/reference/confirmatory_results.csv,float(d[(d.stratum=='C2_exposed')&(d.spec=='placebo')&(d.outcome=='injury_share')&(d.estimator=='OLS_share')]['p_randomization'].iloc[0]),{:.4f},"Phase I table cell (conf_placebo_C2_injury_share_share, p_ri); generated by ops/phase_i_tables.py"
C336_conf_placebo_C2_injury_share_share_p_ri_supplement,S1b,docs/SUPPLEMENT.md,| C2 | injury share | share | 30 | −0.00004 | {} |,data/reference/confirmatory_results.csv,float(d[(d.stratum=='C2_exposed')&(d.spec=='placebo')&(d.outcome=='injury_share')&(d.estimator=='OLS_share')]['p_randomization'].iloc[0]),{:.4f},"Phase I table cell (conf_placebo_C2_injury_share_share, p_ri); generated by ops/phase_i_tables.py"
C337_conf_placebo_C2_injury_share_share_p_asym_paper_master,S1b,docs/PAPER_MASTER.md,| C2 | injury share | share | 30 | −0.00004 | 0.2074 | {} |,data/reference/confirmatory_results.csv,float(d[(d.stratum=='C2_exposed')&(d.spec=='placebo')&(d.outcome=='injury_share')&(d.estimator=='OLS_share')]['p_asymptotic'].iloc[0]),{:.4f},"Phase I table cell (conf_placebo_C2_injury_share_share, p_asym); generated by ops/phase_i_tables.py"
C337_conf_placebo_C2_injury_share_share_p_asym_supplement,S1b,docs/SUPPLEMENT.md,| C2 | injury share | share | 30 | −0.00004 | 0.2074 | {} |,data/reference/confirmatory_results.csv,float(d[(d.stratum=='C2_exposed')&(d.spec=='placebo')&(d.outcome=='injury_share')&(d.estimator=='OLS_share')]['p_asymptotic'].iloc[0]),{:.4f},"Phase I table cell (conf_placebo_C2_injury_share_share, p_asym); generated by ops/phase_i_tables.py"
C338_conf_placebo_C2_injury_count_episodes_paper_master,S1b,docs/PAPER_MASTER.md,| C2 | injury count | count | {} |,data/reference/confirmatory_results.csv,int(d[(d.stratum=='C2_exposed')&(d.spec=='placebo')&(d.outcome=='injury')&(d.estimator=='PPML_count_offset')]['n_episodes'].iloc[0]),{},"Phase I table cell (conf_placebo_C2_injury_count, episodes); generated by ops/phase_i_tables.py"
C338_conf_placebo_C2_injury_count_episodes_supplement,S1b,docs/SUPPLEMENT.md,| C2 | injury count | count | {} |,data/reference/confirmatory_results.csv,int(d[(d.stratum=='C2_exposed')&(d.spec=='placebo')&(d.outcome=='injury')&(d.estimator=='PPML_count_offset')]['n_episodes'].iloc[0]),{},"Phase I table cell (conf_placebo_C2_injury_count, episodes); generated by ops/phase_i_tables.py"
C339_conf_placebo_C2_injury_count_mean_paper_master,S1b,docs/PAPER_MASTER.md,| C2 | injury count | count | 30 | {} |,data/reference/confirmatory_results.csv,float(d[(d.stratum=='C2_exposed')&(d.spec=='placebo')&(d.outcome=='injury')&(d.estimator=='PPML_count_offset')]['first_week_mean_coef'].iloc[0]),{:.5f},"Phase I table cell (conf_placebo_C2_injury_count, mean); generated by ops/phase_i_tables.py"
C339_conf_placebo_C2_injury_count_mean_supplement,S1b,docs/SUPPLEMENT.md,| C2 | injury count | count | 30 | {} |,data/reference/confirmatory_results.csv,float(d[(d.stratum=='C2_exposed')&(d.spec=='placebo')&(d.outcome=='injury')&(d.estimator=='PPML_count_offset')]['first_week_mean_coef'].iloc[0]),{:.5f},"Phase I table cell (conf_placebo_C2_injury_count, mean); generated by ops/phase_i_tables.py"
C340_conf_placebo_C2_injury_count_p_ri_paper_master,S1b,docs/PAPER_MASTER.md,| C2 | injury count | count | 30 | −0.00124 | {} |,data/reference/confirmatory_results.csv,float(d[(d.stratum=='C2_exposed')&(d.spec=='placebo')&(d.outcome=='injury')&(d.estimator=='PPML_count_offset')]['p_randomization'].iloc[0]),{:.4f},"Phase I table cell (conf_placebo_C2_injury_count, p_ri); generated by ops/phase_i_tables.py"
C340_conf_placebo_C2_injury_count_p_ri_supplement,S1b,docs/SUPPLEMENT.md,| C2 | injury count | count | 30 | −0.00124 | {} |,data/reference/confirmatory_results.csv,float(d[(d.stratum=='C2_exposed')&(d.spec=='placebo')&(d.outcome=='injury')&(d.estimator=='PPML_count_offset')]['p_randomization'].iloc[0]),{:.4f},"Phase I table cell (conf_placebo_C2_injury_count, p_ri); generated by ops/phase_i_tables.py"
C341_conf_placebo_C2_injury_count_p_asym_paper_master,S1b,docs/PAPER_MASTER.md,| C2 | injury count | count | 30 | −0.00124 | 0.2039 | {} |,data/reference/confirmatory_results.csv,float(d[(d.stratum=='C2_exposed')&(d.spec=='placebo')&(d.outcome=='injury')&(d.estimator=='PPML_count_offset')]['p_asymptotic'].iloc[0]),{:.4f},"Phase I table cell (conf_placebo_C2_injury_count, p_asym); generated by ops/phase_i_tables.py"
C341_conf_placebo_C2_injury_count_p_asym_supplement,S1b,docs/SUPPLEMENT.md,| C2 | injury count | count | 30 | −0.00124 | 0.2039 | {} |,data/reference/confirmatory_results.csv,float(d[(d.stratum=='C2_exposed')&(d.spec=='placebo')&(d.outcome=='injury')&(d.estimator=='PPML_count_offset')]['p_asymptotic'].iloc[0]),{:.4f},"Phase I table cell (conf_placebo_C2_injury_count, p_asym); generated by ops/phase_i_tables.py"
C342_conf_placebo_C2_asthma_share_share_episodes_paper_master,S1b,docs/PAPER_MASTER.md,| C2 | asthma share | share | {} |,data/reference/confirmatory_results.csv,int(d[(d.stratum=='C2_exposed')&(d.spec=='placebo')&(d.outcome=='asthma_share')&(d.estimator=='OLS_share')]['n_episodes'].iloc[0]),{},"Phase I table cell (conf_placebo_C2_asthma_share_share, episodes); generated by ops/phase_i_tables.py"
C342_conf_placebo_C2_asthma_share_share_episodes_supplement,S1b,docs/SUPPLEMENT.md,| C2 | asthma share | share | {} |,data/reference/confirmatory_results.csv,int(d[(d.stratum=='C2_exposed')&(d.spec=='placebo')&(d.outcome=='asthma_share')&(d.estimator=='OLS_share')]['n_episodes'].iloc[0]),{},"Phase I table cell (conf_placebo_C2_asthma_share_share, episodes); generated by ops/phase_i_tables.py"
C343_conf_placebo_C2_asthma_share_share_mean_paper_master,S1b,docs/PAPER_MASTER.md,| C2 | asthma share | share | 30 | {} |,data/reference/confirmatory_results.csv,float(d[(d.stratum=='C2_exposed')&(d.spec=='placebo')&(d.outcome=='asthma_share')&(d.estimator=='OLS_share')]['first_week_mean_coef'].iloc[0]),{:.5f},"Phase I table cell (conf_placebo_C2_asthma_share_share, mean); generated by ops/phase_i_tables.py"
C343_conf_placebo_C2_asthma_share_share_mean_supplement,S1b,docs/SUPPLEMENT.md,| C2 | asthma share | share | 30 | {} |,data/reference/confirmatory_results.csv,float(d[(d.stratum=='C2_exposed')&(d.spec=='placebo')&(d.outcome=='asthma_share')&(d.estimator=='OLS_share')]['first_week_mean_coef'].iloc[0]),{:.5f},"Phase I table cell (conf_placebo_C2_asthma_share_share, mean); generated by ops/phase_i_tables.py"
C344_conf_placebo_C2_asthma_share_share_p_ri_paper_master,S1b,docs/PAPER_MASTER.md,| C2 | asthma share | share | 30 | 0.00032 | {} |,data/reference/confirmatory_results.csv,float(d[(d.stratum=='C2_exposed')&(d.spec=='placebo')&(d.outcome=='asthma_share')&(d.estimator=='OLS_share')]['p_randomization'].iloc[0]),{:.4f},"Phase I table cell (conf_placebo_C2_asthma_share_share, p_ri); generated by ops/phase_i_tables.py"
C344_conf_placebo_C2_asthma_share_share_p_ri_supplement,S1b,docs/SUPPLEMENT.md,| C2 | asthma share | share | 30 | 0.00032 | {} |,data/reference/confirmatory_results.csv,float(d[(d.stratum=='C2_exposed')&(d.spec=='placebo')&(d.outcome=='asthma_share')&(d.estimator=='OLS_share')]['p_randomization'].iloc[0]),{:.4f},"Phase I table cell (conf_placebo_C2_asthma_share_share, p_ri); generated by ops/phase_i_tables.py"
C345_conf_placebo_C2_asthma_share_share_p_asym_paper_master,S1b,docs/PAPER_MASTER.md,| C2 | asthma share | share | 30 | 0.00032 | 0.9630 | {} |,data/reference/confirmatory_results.csv,float(d[(d.stratum=='C2_exposed')&(d.spec=='placebo')&(d.outcome=='asthma_share')&(d.estimator=='OLS_share')]['p_asymptotic'].iloc[0]),{:.4f},"Phase I table cell (conf_placebo_C2_asthma_share_share, p_asym); generated by ops/phase_i_tables.py"
C345_conf_placebo_C2_asthma_share_share_p_asym_supplement,S1b,docs/SUPPLEMENT.md,| C2 | asthma share | share | 30 | 0.00032 | 0.9630 | {} |,data/reference/confirmatory_results.csv,float(d[(d.stratum=='C2_exposed')&(d.spec=='placebo')&(d.outcome=='asthma_share')&(d.estimator=='OLS_share')]['p_asymptotic'].iloc[0]),{:.4f},"Phase I table cell (conf_placebo_C2_asthma_share_share, p_asym); generated by ops/phase_i_tables.py"
C346_conf_placebo_C2_asthma_count_episodes_paper_master,S1b,docs/PAPER_MASTER.md,| C2 | asthma count | count | {} |,data/reference/confirmatory_results.csv,int(d[(d.stratum=='C2_exposed')&(d.spec=='placebo')&(d.outcome=='asthma')&(d.estimator=='PPML_count_offset')]['n_episodes'].iloc[0]),{},"Phase I table cell (conf_placebo_C2_asthma_count, episodes); generated by ops/phase_i_tables.py"
C346_conf_placebo_C2_asthma_count_episodes_supplement,S1b,docs/SUPPLEMENT.md,| C2 | asthma count | count | {} |,data/reference/confirmatory_results.csv,int(d[(d.stratum=='C2_exposed')&(d.spec=='placebo')&(d.outcome=='asthma')&(d.estimator=='PPML_count_offset')]['n_episodes'].iloc[0]),{},"Phase I table cell (conf_placebo_C2_asthma_count, episodes); generated by ops/phase_i_tables.py"
C347_conf_placebo_C2_asthma_count_mean_paper_master,S1b,docs/PAPER_MASTER.md,| C2 | asthma count | count | 30 | {} |,data/reference/confirmatory_results.csv,float(d[(d.stratum=='C2_exposed')&(d.spec=='placebo')&(d.outcome=='asthma')&(d.estimator=='PPML_count_offset')]['first_week_mean_coef'].iloc[0]),{:.5f},"Phase I table cell (conf_placebo_C2_asthma_count, mean); generated by ops/phase_i_tables.py"
C347_conf_placebo_C2_asthma_count_mean_supplement,S1b,docs/SUPPLEMENT.md,| C2 | asthma count | count | 30 | {} |,data/reference/confirmatory_results.csv,float(d[(d.stratum=='C2_exposed')&(d.spec=='placebo')&(d.outcome=='asthma')&(d.estimator=='PPML_count_offset')]['first_week_mean_coef'].iloc[0]),{:.5f},"Phase I table cell (conf_placebo_C2_asthma_count, mean); generated by ops/phase_i_tables.py"
C348_conf_placebo_C2_asthma_count_p_ri_paper_master,S1b,docs/PAPER_MASTER.md,| C2 | asthma count | count | 30 | 0.03192 | {} |,data/reference/confirmatory_results.csv,float(d[(d.stratum=='C2_exposed')&(d.spec=='placebo')&(d.outcome=='asthma')&(d.estimator=='PPML_count_offset')]['p_randomization'].iloc[0]),{:.4f},"Phase I table cell (conf_placebo_C2_asthma_count, p_ri); generated by ops/phase_i_tables.py"
C348_conf_placebo_C2_asthma_count_p_ri_supplement,S1b,docs/SUPPLEMENT.md,| C2 | asthma count | count | 30 | 0.03192 | {} |,data/reference/confirmatory_results.csv,float(d[(d.stratum=='C2_exposed')&(d.spec=='placebo')&(d.outcome=='asthma')&(d.estimator=='PPML_count_offset')]['p_randomization'].iloc[0]),{:.4f},"Phase I table cell (conf_placebo_C2_asthma_count, p_ri); generated by ops/phase_i_tables.py"
C349_conf_placebo_C2_asthma_count_p_asym_paper_master,S1b,docs/PAPER_MASTER.md,| C2 | asthma count | count | 30 | 0.03192 | 0.9675 | {} |,data/reference/confirmatory_results.csv,float(d[(d.stratum=='C2_exposed')&(d.spec=='placebo')&(d.outcome=='asthma')&(d.estimator=='PPML_count_offset')]['p_asymptotic'].iloc[0]),{:.4f},"Phase I table cell (conf_placebo_C2_asthma_count, p_asym); generated by ops/phase_i_tables.py"
C349_conf_placebo_C2_asthma_count_p_asym_supplement,S1b,docs/SUPPLEMENT.md,| C2 | asthma count | count | 30 | 0.03192 | 0.9675 | {} |,data/reference/confirmatory_results.csv,float(d[(d.stratum=='C2_exposed')&(d.spec=='placebo')&(d.outcome=='asthma')&(d.estimator=='PPML_count_offset')]['p_asymptotic'].iloc[0]),{:.4f},"Phase I table cell (conf_placebo_C2_asthma_count, p_asym); generated by ops/phase_i_tables.py"
C350_conf_diagnostic_pooled_edp_count_no_offset_episodes_paper_master,S1b,docs/PAPER_MASTER.md,"| pooled | EDP count | count, no offset | {} |",data/reference/confirmatory_results.csv,int(d[(d.stratum=='pooled')&(d.spec=='diag_raw_count')&(d.outcome=='edp')&(d.estimator=='PPML_count_no_offset')]['n_episodes'].iloc[0]),{},"Phase I table cell (conf_diagnostic_pooled_edp_count_no_offset, episodes); generated by ops/phase_i_tables.py"
C350_conf_diagnostic_pooled_edp_count_no_offset_episodes_supplement,S1b,docs/SUPPLEMENT.md,"| pooled | EDP count | count, no offset | {} |",data/reference/confirmatory_results.csv,int(d[(d.stratum=='pooled')&(d.spec=='diag_raw_count')&(d.outcome=='edp')&(d.estimator=='PPML_count_no_offset')]['n_episodes'].iloc[0]),{},"Phase I table cell (conf_diagnostic_pooled_edp_count_no_offset, episodes); generated by ops/phase_i_tables.py"
C351_conf_diagnostic_pooled_edp_count_no_offset_mean_paper_master,S1b,docs/PAPER_MASTER.md,"| pooled | EDP count | count, no offset | 45 | {} |",data/reference/confirmatory_results.csv,float(d[(d.stratum=='pooled')&(d.spec=='diag_raw_count')&(d.outcome=='edp')&(d.estimator=='PPML_count_no_offset')]['first_week_mean_coef'].iloc[0]),{:.5f},"Phase I table cell (conf_diagnostic_pooled_edp_count_no_offset, mean); generated by ops/phase_i_tables.py"
C351_conf_diagnostic_pooled_edp_count_no_offset_mean_supplement,S1b,docs/SUPPLEMENT.md,"| pooled | EDP count | count, no offset | 45 | {} |",data/reference/confirmatory_results.csv,float(d[(d.stratum=='pooled')&(d.spec=='diag_raw_count')&(d.outcome=='edp')&(d.estimator=='PPML_count_no_offset')]['first_week_mean_coef'].iloc[0]),{:.5f},"Phase I table cell (conf_diagnostic_pooled_edp_count_no_offset, mean); generated by ops/phase_i_tables.py"
C352_conf_diagnostic_pooled_edp_count_no_offset_p_ri_paper_master,S1b,docs/PAPER_MASTER.md,"| pooled | EDP count | count, no offset | 45 | −0.00614 | {} |",data/reference/confirmatory_results.csv,float(d[(d.stratum=='pooled')&(d.spec=='diag_raw_count')&(d.outcome=='edp')&(d.estimator=='PPML_count_no_offset')]['p_randomization'].iloc[0]),{:.4f},"Phase I table cell (conf_diagnostic_pooled_edp_count_no_offset, p_ri); generated by ops/phase_i_tables.py"
C352_conf_diagnostic_pooled_edp_count_no_offset_p_ri_supplement,S1b,docs/SUPPLEMENT.md,"| pooled | EDP count | count, no offset | 45 | −0.00614 | {} |",data/reference/confirmatory_results.csv,float(d[(d.stratum=='pooled')&(d.spec=='diag_raw_count')&(d.outcome=='edp')&(d.estimator=='PPML_count_no_offset')]['p_randomization'].iloc[0]),{:.4f},"Phase I table cell (conf_diagnostic_pooled_edp_count_no_offset, p_ri); generated by ops/phase_i_tables.py"
C353_conf_diagnostic_pooled_edp_count_no_offset_p_asym_paper_master,S1b,docs/PAPER_MASTER.md,"| pooled | EDP count | count, no offset | 45 | −0.00614 | 0.0215 | {} |",data/reference/confirmatory_results.csv,float(d[(d.stratum=='pooled')&(d.spec=='diag_raw_count')&(d.outcome=='edp')&(d.estimator=='PPML_count_no_offset')]['p_asymptotic'].iloc[0]),{:.4f},"Phase I table cell (conf_diagnostic_pooled_edp_count_no_offset, p_asym); generated by ops/phase_i_tables.py"
C353_conf_diagnostic_pooled_edp_count_no_offset_p_asym_supplement,S1b,docs/SUPPLEMENT.md,"| pooled | EDP count | count, no offset | 45 | −0.00614 | 0.0215 | {} |",data/reference/confirmatory_results.csv,float(d[(d.stratum=='pooled')&(d.spec=='diag_raw_count')&(d.outcome=='edp')&(d.estimator=='PPML_count_no_offset')]['p_asymptotic'].iloc[0]),{:.4f},"Phase I table cell (conf_diagnostic_pooled_edp_count_no_offset, p_asym); generated by ops/phase_i_tables.py"
C354_conf_diagnostic_pooled_mh_narrow_count_no_offset_episodes_paper_master,S1b,docs/PAPER_MASTER.md,"| pooled | narrow MH count | count, no offset | {} |",data/reference/confirmatory_results.csv,int(d[(d.stratum=='pooled')&(d.spec=='diag_raw_count')&(d.outcome=='mh_narrow')&(d.estimator=='PPML_count_no_offset')]['n_episodes'].iloc[0]),{},"Phase I table cell (conf_diagnostic_pooled_mh_narrow_count_no_offset, episodes); generated by ops/phase_i_tables.py"
C354_conf_diagnostic_pooled_mh_narrow_count_no_offset_episodes_supplement,S1b,docs/SUPPLEMENT.md,"| pooled | narrow MH count | count, no offset | {} |",data/reference/confirmatory_results.csv,int(d[(d.stratum=='pooled')&(d.spec=='diag_raw_count')&(d.outcome=='mh_narrow')&(d.estimator=='PPML_count_no_offset')]['n_episodes'].iloc[0]),{},"Phase I table cell (conf_diagnostic_pooled_mh_narrow_count_no_offset, episodes); generated by ops/phase_i_tables.py"
C355_conf_diagnostic_pooled_mh_narrow_count_no_offset_mean_paper_master,S1b,docs/PAPER_MASTER.md,"| pooled | narrow MH count | count, no offset | 45 | {} |",data/reference/confirmatory_results.csv,float(d[(d.stratum=='pooled')&(d.spec=='diag_raw_count')&(d.outcome=='mh_narrow')&(d.estimator=='PPML_count_no_offset')]['first_week_mean_coef'].iloc[0]),{:.5f},"Phase I table cell (conf_diagnostic_pooled_mh_narrow_count_no_offset, mean); generated by ops/phase_i_tables.py"
C355_conf_diagnostic_pooled_mh_narrow_count_no_offset_mean_supplement,S1b,docs/SUPPLEMENT.md,"| pooled | narrow MH count | count, no offset | 45 | {} |",data/reference/confirmatory_results.csv,float(d[(d.stratum=='pooled')&(d.spec=='diag_raw_count')&(d.outcome=='mh_narrow')&(d.estimator=='PPML_count_no_offset')]['first_week_mean_coef'].iloc[0]),{:.5f},"Phase I table cell (conf_diagnostic_pooled_mh_narrow_count_no_offset, mean); generated by ops/phase_i_tables.py"
C356_conf_diagnostic_pooled_mh_narrow_count_no_offset_p_ri_paper_master,S1b,docs/PAPER_MASTER.md,"| pooled | narrow MH count | count, no offset | 45 | −0.01184 | {} |",data/reference/confirmatory_results.csv,float(d[(d.stratum=='pooled')&(d.spec=='diag_raw_count')&(d.outcome=='mh_narrow')&(d.estimator=='PPML_count_no_offset')]['p_randomization'].iloc[0]),{:.4f},"Phase I table cell (conf_diagnostic_pooled_mh_narrow_count_no_offset, p_ri); generated by ops/phase_i_tables.py"
C356_conf_diagnostic_pooled_mh_narrow_count_no_offset_p_ri_supplement,S1b,docs/SUPPLEMENT.md,"| pooled | narrow MH count | count, no offset | 45 | −0.01184 | {} |",data/reference/confirmatory_results.csv,float(d[(d.stratum=='pooled')&(d.spec=='diag_raw_count')&(d.outcome=='mh_narrow')&(d.estimator=='PPML_count_no_offset')]['p_randomization'].iloc[0]),{:.4f},"Phase I table cell (conf_diagnostic_pooled_mh_narrow_count_no_offset, p_ri); generated by ops/phase_i_tables.py"
C357_conf_diagnostic_pooled_mh_narrow_count_no_offset_p_asym_paper_master,S1b,docs/PAPER_MASTER.md,"| pooled | narrow MH count | count, no offset | 45 | −0.01184 | 0.0260 | {} |",data/reference/confirmatory_results.csv,float(d[(d.stratum=='pooled')&(d.spec=='diag_raw_count')&(d.outcome=='mh_narrow')&(d.estimator=='PPML_count_no_offset')]['p_asymptotic'].iloc[0]),{:.4f},"Phase I table cell (conf_diagnostic_pooled_mh_narrow_count_no_offset, p_asym); generated by ops/phase_i_tables.py"
C357_conf_diagnostic_pooled_mh_narrow_count_no_offset_p_asym_supplement,S1b,docs/SUPPLEMENT.md,"| pooled | narrow MH count | count, no offset | 45 | −0.01184 | 0.0260 | {} |",data/reference/confirmatory_results.csv,float(d[(d.stratum=='pooled')&(d.spec=='diag_raw_count')&(d.outcome=='mh_narrow')&(d.estimator=='PPML_count_no_offset')]['p_asymptotic'].iloc[0]),{:.4f},"Phase I table cell (conf_diagnostic_pooled_mh_narrow_count_no_offset, p_asym); generated by ops/phase_i_tables.py"
C358_conf_diagnostic_pooled_total_calls_count_no_offset_episodes_paper_master,S1b,docs/PAPER_MASTER.md,"| pooled | total dispatches | count, no offset | {} |",data/reference/confirmatory_results.csv,int(d[(d.stratum=='pooled')&(d.spec=='diag_total_dispatches')&(d.outcome=='total_calls')&(d.estimator=='PPML_count_no_offset')]['n_episodes'].iloc[0]),{},"Phase I table cell (conf_diagnostic_pooled_total_calls_count_no_offset, episodes); generated by ops/phase_i_tables.py"
C358_conf_diagnostic_pooled_total_calls_count_no_offset_episodes_supplement,S1b,docs/SUPPLEMENT.md,"| pooled | total dispatches | count, no offset | {} |",data/reference/confirmatory_results.csv,int(d[(d.stratum=='pooled')&(d.spec=='diag_total_dispatches')&(d.outcome=='total_calls')&(d.estimator=='PPML_count_no_offset')]['n_episodes'].iloc[0]),{},"Phase I table cell (conf_diagnostic_pooled_total_calls_count_no_offset, episodes); generated by ops/phase_i_tables.py"
C359_conf_diagnostic_pooled_total_calls_count_no_offset_mean_paper_master,S1b,docs/PAPER_MASTER.md,"| pooled | total dispatches | count, no offset | 45 | {} |",data/reference/confirmatory_results.csv,float(d[(d.stratum=='pooled')&(d.spec=='diag_total_dispatches')&(d.outcome=='total_calls')&(d.estimator=='PPML_count_no_offset')]['first_week_mean_coef'].iloc[0]),{:.5f},"Phase I table cell (conf_diagnostic_pooled_total_calls_count_no_offset, mean); generated by ops/phase_i_tables.py"
C359_conf_diagnostic_pooled_total_calls_count_no_offset_mean_supplement,S1b,docs/SUPPLEMENT.md,"| pooled | total dispatches | count, no offset | 45 | {} |",data/reference/confirmatory_results.csv,float(d[(d.stratum=='pooled')&(d.spec=='diag_total_dispatches')&(d.outcome=='total_calls')&(d.estimator=='PPML_count_no_offset')]['first_week_mean_coef'].iloc[0]),{:.5f},"Phase I table cell (conf_diagnostic_pooled_total_calls_count_no_offset, mean); generated by ops/phase_i_tables.py"
C360_conf_diagnostic_pooled_total_calls_count_no_offset_p_ri_paper_master,S1b,docs/PAPER_MASTER.md,"| pooled | total dispatches | count, no offset | 45 | −0.01215 | {} |",data/reference/confirmatory_results.csv,float(d[(d.stratum=='pooled')&(d.spec=='diag_total_dispatches')&(d.outcome=='total_calls')&(d.estimator=='PPML_count_no_offset')]['p_randomization'].iloc[0]),{:.4f},"Phase I table cell (conf_diagnostic_pooled_total_calls_count_no_offset, p_ri); generated by ops/phase_i_tables.py"
C360_conf_diagnostic_pooled_total_calls_count_no_offset_p_ri_supplement,S1b,docs/SUPPLEMENT.md,"| pooled | total dispatches | count, no offset | 45 | −0.01215 | {} |",data/reference/confirmatory_results.csv,float(d[(d.stratum=='pooled')&(d.spec=='diag_total_dispatches')&(d.outcome=='total_calls')&(d.estimator=='PPML_count_no_offset')]['p_randomization'].iloc[0]),{:.4f},"Phase I table cell (conf_diagnostic_pooled_total_calls_count_no_offset, p_ri); generated by ops/phase_i_tables.py"
C361_conf_diagnostic_pooled_total_calls_count_no_offset_p_asym_paper_master,S1b,docs/PAPER_MASTER.md,"| pooled | total dispatches | count, no offset | 45 | −0.01215 | 0.5697 | {} |",data/reference/confirmatory_results.csv,float(d[(d.stratum=='pooled')&(d.spec=='diag_total_dispatches')&(d.outcome=='total_calls')&(d.estimator=='PPML_count_no_offset')]['p_asymptotic'].iloc[0]),{:.4f},"Phase I table cell (conf_diagnostic_pooled_total_calls_count_no_offset, p_asym); generated by ops/phase_i_tables.py"
C361_conf_diagnostic_pooled_total_calls_count_no_offset_p_asym_supplement,S1b,docs/SUPPLEMENT.md,"| pooled | total dispatches | count, no offset | 45 | −0.01215 | 0.5697 | {} |",data/reference/confirmatory_results.csv,float(d[(d.stratum=='pooled')&(d.spec=='diag_total_dispatches')&(d.outcome=='total_calls')&(d.estimator=='PPML_count_no_offset')]['p_asymptotic'].iloc[0]),{:.4f},"Phase I table cell (conf_diagnostic_pooled_total_calls_count_no_offset, p_asym); generated by ops/phase_i_tables.py"
C362_conf_placebo_pooled_cardiac_share_share_episodes_paper_master,S1b,docs/PAPER_MASTER.md,| pooled | cardiac share | share | {} |,data/reference/confirmatory_results.csv,int(d[(d.stratum=='pooled')&(d.spec=='placebo')&(d.outcome=='cardiac_share')&(d.estimator=='OLS_share')]['n_episodes'].iloc[0]),{},"Phase I table cell (conf_placebo_pooled_cardiac_share_share, episodes); generated by ops/phase_i_tables.py"
C362_conf_placebo_pooled_cardiac_share_share_episodes_supplement,S1b,docs/SUPPLEMENT.md,| pooled | cardiac share | share | {} |,data/reference/confirmatory_results.csv,int(d[(d.stratum=='pooled')&(d.spec=='placebo')&(d.outcome=='cardiac_share')&(d.estimator=='OLS_share')]['n_episodes'].iloc[0]),{},"Phase I table cell (conf_placebo_pooled_cardiac_share_share, episodes); generated by ops/phase_i_tables.py"
C363_conf_placebo_pooled_cardiac_share_share_mean_paper_master,S1b,docs/PAPER_MASTER.md,| pooled | cardiac share | share | 45 | {} |,data/reference/confirmatory_results.csv,float(d[(d.stratum=='pooled')&(d.spec=='placebo')&(d.outcome=='cardiac_share')&(d.estimator=='OLS_share')]['first_week_mean_coef'].iloc[0]),{:.5f},"Phase I table cell (conf_placebo_pooled_cardiac_share_share, mean); generated by ops/phase_i_tables.py"
C363_conf_placebo_pooled_cardiac_share_share_mean_supplement,S1b,docs/SUPPLEMENT.md,| pooled | cardiac share | share | 45 | {} |,data/reference/confirmatory_results.csv,float(d[(d.stratum=='pooled')&(d.spec=='placebo')&(d.outcome=='cardiac_share')&(d.estimator=='OLS_share')]['first_week_mean_coef'].iloc[0]),{:.5f},"Phase I table cell (conf_placebo_pooled_cardiac_share_share, mean); generated by ops/phase_i_tables.py"
C364_conf_placebo_pooled_cardiac_share_share_p_ri_paper_master,S1b,docs/PAPER_MASTER.md,| pooled | cardiac share | share | 45 | 0.00122 | {} |,data/reference/confirmatory_results.csv,float(d[(d.stratum=='pooled')&(d.spec=='placebo')&(d.outcome=='cardiac_share')&(d.estimator=='OLS_share')]['p_randomization'].iloc[0]),{:.4f},"Phase I table cell (conf_placebo_pooled_cardiac_share_share, p_ri); generated by ops/phase_i_tables.py"
C364_conf_placebo_pooled_cardiac_share_share_p_ri_supplement,S1b,docs/SUPPLEMENT.md,| pooled | cardiac share | share | 45 | 0.00122 | {} |,data/reference/confirmatory_results.csv,float(d[(d.stratum=='pooled')&(d.spec=='placebo')&(d.outcome=='cardiac_share')&(d.estimator=='OLS_share')]['p_randomization'].iloc[0]),{:.4f},"Phase I table cell (conf_placebo_pooled_cardiac_share_share, p_ri); generated by ops/phase_i_tables.py"
C365_conf_placebo_pooled_cardiac_share_share_p_asym_paper_master,S1b,docs/PAPER_MASTER.md,| pooled | cardiac share | share | 45 | 0.00122 | 0.5462 | {} |,data/reference/confirmatory_results.csv,float(d[(d.stratum=='pooled')&(d.spec=='placebo')&(d.outcome=='cardiac_share')&(d.estimator=='OLS_share')]['p_asymptotic'].iloc[0]),{:.4f},"Phase I table cell (conf_placebo_pooled_cardiac_share_share, p_asym); generated by ops/phase_i_tables.py"
C365_conf_placebo_pooled_cardiac_share_share_p_asym_supplement,S1b,docs/SUPPLEMENT.md,| pooled | cardiac share | share | 45 | 0.00122 | 0.5462 | {} |,data/reference/confirmatory_results.csv,float(d[(d.stratum=='pooled')&(d.spec=='placebo')&(d.outcome=='cardiac_share')&(d.estimator=='OLS_share')]['p_asymptotic'].iloc[0]),{:.4f},"Phase I table cell (conf_placebo_pooled_cardiac_share_share, p_asym); generated by ops/phase_i_tables.py"
C366_conf_placebo_pooled_cardiac_count_episodes_paper_master,S1b,docs/PAPER_MASTER.md,| pooled | cardiac count | count | {} |,data/reference/confirmatory_results.csv,int(d[(d.stratum=='pooled')&(d.spec=='placebo')&(d.outcome=='cardiac')&(d.estimator=='PPML_count_offset')]['n_episodes'].iloc[0]),{},"Phase I table cell (conf_placebo_pooled_cardiac_count, episodes); generated by ops/phase_i_tables.py"
C366_conf_placebo_pooled_cardiac_count_episodes_supplement,S1b,docs/SUPPLEMENT.md,| pooled | cardiac count | count | {} |,data/reference/confirmatory_results.csv,int(d[(d.stratum=='pooled')&(d.spec=='placebo')&(d.outcome=='cardiac')&(d.estimator=='PPML_count_offset')]['n_episodes'].iloc[0]),{},"Phase I table cell (conf_placebo_pooled_cardiac_count, episodes); generated by ops/phase_i_tables.py"
C367_conf_placebo_pooled_cardiac_count_mean_paper_master,S1b,docs/PAPER_MASTER.md,| pooled | cardiac count | count | 45 | {} |,data/reference/confirmatory_results.csv,float(d[(d.stratum=='pooled')&(d.spec=='placebo')&(d.outcome=='cardiac')&(d.estimator=='PPML_count_offset')]['first_week_mean_coef'].iloc[0]),{:.5f},"Phase I table cell (conf_placebo_pooled_cardiac_count, mean); generated by ops/phase_i_tables.py"
C367_conf_placebo_pooled_cardiac_count_mean_supplement,S1b,docs/SUPPLEMENT.md,| pooled | cardiac count | count | 45 | {} |,data/reference/confirmatory_results.csv,float(d[(d.stratum=='pooled')&(d.spec=='placebo')&(d.outcome=='cardiac')&(d.estimator=='PPML_count_offset')]['first_week_mean_coef'].iloc[0]),{:.5f},"Phase I table cell (conf_placebo_pooled_cardiac_count, mean); generated by ops/phase_i_tables.py"
C368_conf_placebo_pooled_cardiac_count_p_ri_paper_master,S1b,docs/PAPER_MASTER.md,| pooled | cardiac count | count | 45 | 0.01105 | {} |,data/reference/confirmatory_results.csv,float(d[(d.stratum=='pooled')&(d.spec=='placebo')&(d.outcome=='cardiac')&(d.estimator=='PPML_count_offset')]['p_randomization'].iloc[0]),{:.4f},"Phase I table cell (conf_placebo_pooled_cardiac_count, p_ri); generated by ops/phase_i_tables.py"
C368_conf_placebo_pooled_cardiac_count_p_ri_supplement,S1b,docs/SUPPLEMENT.md,| pooled | cardiac count | count | 45 | 0.01105 | {} |,data/reference/confirmatory_results.csv,float(d[(d.stratum=='pooled')&(d.spec=='placebo')&(d.outcome=='cardiac')&(d.estimator=='PPML_count_offset')]['p_randomization'].iloc[0]),{:.4f},"Phase I table cell (conf_placebo_pooled_cardiac_count, p_ri); generated by ops/phase_i_tables.py"
C369_conf_placebo_pooled_cardiac_count_p_asym_paper_master,S1b,docs/PAPER_MASTER.md,| pooled | cardiac count | count | 45 | 0.01105 | 0.7461 | {} |,data/reference/confirmatory_results.csv,float(d[(d.stratum=='pooled')&(d.spec=='placebo')&(d.outcome=='cardiac')&(d.estimator=='PPML_count_offset')]['p_asymptotic'].iloc[0]),{:.4f},"Phase I table cell (conf_placebo_pooled_cardiac_count, p_asym); generated by ops/phase_i_tables.py"
C369_conf_placebo_pooled_cardiac_count_p_asym_supplement,S1b,docs/SUPPLEMENT.md,| pooled | cardiac count | count | 45 | 0.01105 | 0.7461 | {} |,data/reference/confirmatory_results.csv,float(d[(d.stratum=='pooled')&(d.spec=='placebo')&(d.outcome=='cardiac')&(d.estimator=='PPML_count_offset')]['p_asymptotic'].iloc[0]),{:.4f},"Phase I table cell (conf_placebo_pooled_cardiac_count, p_asym); generated by ops/phase_i_tables.py"
C370_conf_placebo_pooled_injury_share_share_episodes_paper_master,S1b,docs/PAPER_MASTER.md,| pooled | injury share | share | {} |,data/reference/confirmatory_results.csv,int(d[(d.stratum=='pooled')&(d.spec=='placebo')&(d.outcome=='injury_share')&(d.estimator=='OLS_share')]['n_episodes'].iloc[0]),{},"Phase I table cell (conf_placebo_pooled_injury_share_share, episodes); generated by ops/phase_i_tables.py"
C370_conf_placebo_pooled_injury_share_share_episodes_supplement,S1b,docs/SUPPLEMENT.md,| pooled | injury share | share | {} |,data/reference/confirmatory_results.csv,int(d[(d.stratum=='pooled')&(d.spec=='placebo')&(d.outcome=='injury_share')&(d.estimator=='OLS_share')]['n_episodes'].iloc[0]),{},"Phase I table cell (conf_placebo_pooled_injury_share_share, episodes); generated by ops/phase_i_tables.py"
C371_conf_placebo_pooled_injury_share_share_mean_paper_master,S1b,docs/PAPER_MASTER.md,| pooled | injury share | share | 45 | {} |,data/reference/confirmatory_results.csv,float(d[(d.stratum=='pooled')&(d.spec=='placebo')&(d.outcome=='injury_share')&(d.estimator=='OLS_share')]['first_week_mean_coef'].iloc[0]),{:.5f},"Phase I table cell (conf_placebo_pooled_injury_share_share, mean); generated by ops/phase_i_tables.py"
C371_conf_placebo_pooled_injury_share_share_mean_supplement,S1b,docs/SUPPLEMENT.md,| pooled | injury share | share | 45 | {} |,data/reference/confirmatory_results.csv,float(d[(d.stratum=='pooled')&(d.spec=='placebo')&(d.outcome=='injury_share')&(d.estimator=='OLS_share')]['first_week_mean_coef'].iloc[0]),{:.5f},"Phase I table cell (conf_placebo_pooled_injury_share_share, mean); generated by ops/phase_i_tables.py"
C372_conf_placebo_pooled_injury_share_share_p_ri_paper_master,S1b,docs/PAPER_MASTER.md,| pooled | injury share | share | 45 | −0.00018 | {} |,data/reference/confirmatory_results.csv,float(d[(d.stratum=='pooled')&(d.spec=='placebo')&(d.outcome=='injury_share')&(d.estimator=='OLS_share')]['p_randomization'].iloc[0]),{:.4f},"Phase I table cell (conf_placebo_pooled_injury_share_share, p_ri); generated by ops/phase_i_tables.py"
C372_conf_placebo_pooled_injury_share_share_p_ri_supplement,S1b,docs/SUPPLEMENT.md,| pooled | injury share | share | 45 | −0.00018 | {} |,data/reference/confirmatory_results.csv,float(d[(d.stratum=='pooled')&(d.spec=='placebo')&(d.outcome=='injury_share')&(d.estimator=='OLS_share')]['p_randomization'].iloc[0]),{:.4f},"Phase I table cell (conf_placebo_pooled_injury_share_share, p_ri); generated by ops/phase_i_tables.py"
C373_conf_placebo_pooled_injury_share_share_p_asym_paper_master,S1b,docs/PAPER_MASTER.md,| pooled | injury share | share | 45 | −0.00018 | 0.0965 | {} |,data/reference/confirmatory_results.csv,float(d[(d.stratum=='pooled')&(d.spec=='placebo')&(d.outcome=='injury_share')&(d.estimator=='OLS_share')]['p_asymptotic'].iloc[0]),{:.4f},"Phase I table cell (conf_placebo_pooled_injury_share_share, p_asym); generated by ops/phase_i_tables.py"
C373_conf_placebo_pooled_injury_share_share_p_asym_supplement,S1b,docs/SUPPLEMENT.md,| pooled | injury share | share | 45 | −0.00018 | 0.0965 | {} |,data/reference/confirmatory_results.csv,float(d[(d.stratum=='pooled')&(d.spec=='placebo')&(d.outcome=='injury_share')&(d.estimator=='OLS_share')]['p_asymptotic'].iloc[0]),{:.4f},"Phase I table cell (conf_placebo_pooled_injury_share_share, p_asym); generated by ops/phase_i_tables.py"
C374_conf_placebo_pooled_injury_count_episodes_paper_master,S1b,docs/PAPER_MASTER.md,| pooled | injury count | count | {} |,data/reference/confirmatory_results.csv,int(d[(d.stratum=='pooled')&(d.spec=='placebo')&(d.outcome=='injury')&(d.estimator=='PPML_count_offset')]['n_episodes'].iloc[0]),{},"Phase I table cell (conf_placebo_pooled_injury_count, episodes); generated by ops/phase_i_tables.py"
C374_conf_placebo_pooled_injury_count_episodes_supplement,S1b,docs/SUPPLEMENT.md,| pooled | injury count | count | {} |,data/reference/confirmatory_results.csv,int(d[(d.stratum=='pooled')&(d.spec=='placebo')&(d.outcome=='injury')&(d.estimator=='PPML_count_offset')]['n_episodes'].iloc[0]),{},"Phase I table cell (conf_placebo_pooled_injury_count, episodes); generated by ops/phase_i_tables.py"
C375_conf_placebo_pooled_injury_count_mean_paper_master,S1b,docs/PAPER_MASTER.md,| pooled | injury count | count | 45 | {} |,data/reference/confirmatory_results.csv,float(d[(d.stratum=='pooled')&(d.spec=='placebo')&(d.outcome=='injury')&(d.estimator=='PPML_count_offset')]['first_week_mean_coef'].iloc[0]),{:.5f},"Phase I table cell (conf_placebo_pooled_injury_count, mean); generated by ops/phase_i_tables.py"
C375_conf_placebo_pooled_injury_count_mean_supplement,S1b,docs/SUPPLEMENT.md,| pooled | injury count | count | 45 | {} |,data/reference/confirmatory_results.csv,float(d[(d.stratum=='pooled')&(d.spec=='placebo')&(d.outcome=='injury')&(d.estimator=='PPML_count_offset')]['first_week_mean_coef'].iloc[0]),{:.5f},"Phase I table cell (conf_placebo_pooled_injury_count, mean); generated by ops/phase_i_tables.py"
C376_conf_placebo_pooled_injury_count_p_ri_paper_master,S1b,docs/PAPER_MASTER.md,| pooled | injury count | count | 45 | −0.00196 | {} |,data/reference/confirmatory_results.csv,float(d[(d.stratum=='pooled')&(d.spec=='placebo')&(d.outcome=='injury')&(d.estimator=='PPML_count_offset')]['p_randomization'].iloc[0]),{:.4f},"Phase I table cell (conf_placebo_pooled_injury_count, p_ri); generated by ops/phase_i_tables.py"
C376_conf_placebo_pooled_injury_count_p_ri_supplement,S1b,docs/SUPPLEMENT.md,| pooled | injury count | count | 45 | −0.00196 | {} |,data/reference/confirmatory_results.csv,float(d[(d.stratum=='pooled')&(d.spec=='placebo')&(d.outcome=='injury')&(d.estimator=='PPML_count_offset')]['p_randomization'].iloc[0]),{:.4f},"Phase I table cell (conf_placebo_pooled_injury_count, p_ri); generated by ops/phase_i_tables.py"
C377_conf_placebo_pooled_injury_count_p_asym_paper_master,S1b,docs/PAPER_MASTER.md,| pooled | injury count | count | 45 | −0.00196 | 0.1329 | {} |,data/reference/confirmatory_results.csv,float(d[(d.stratum=='pooled')&(d.spec=='placebo')&(d.outcome=='injury')&(d.estimator=='PPML_count_offset')]['p_asymptotic'].iloc[0]),{:.4f},"Phase I table cell (conf_placebo_pooled_injury_count, p_asym); generated by ops/phase_i_tables.py"
C377_conf_placebo_pooled_injury_count_p_asym_supplement,S1b,docs/SUPPLEMENT.md,| pooled | injury count | count | 45 | −0.00196 | 0.1329 | {} |,data/reference/confirmatory_results.csv,float(d[(d.stratum=='pooled')&(d.spec=='placebo')&(d.outcome=='injury')&(d.estimator=='PPML_count_offset')]['p_asymptotic'].iloc[0]),{:.4f},"Phase I table cell (conf_placebo_pooled_injury_count, p_asym); generated by ops/phase_i_tables.py"
C378_conf_placebo_pooled_asthma_share_share_episodes_paper_master,S1b,docs/PAPER_MASTER.md,| pooled | asthma share | share | {} |,data/reference/confirmatory_results.csv,int(d[(d.stratum=='pooled')&(d.spec=='placebo')&(d.outcome=='asthma_share')&(d.estimator=='OLS_share')]['n_episodes'].iloc[0]),{},"Phase I table cell (conf_placebo_pooled_asthma_share_share, episodes); generated by ops/phase_i_tables.py"
C378_conf_placebo_pooled_asthma_share_share_episodes_supplement,S1b,docs/SUPPLEMENT.md,| pooled | asthma share | share | {} |,data/reference/confirmatory_results.csv,int(d[(d.stratum=='pooled')&(d.spec=='placebo')&(d.outcome=='asthma_share')&(d.estimator=='OLS_share')]['n_episodes'].iloc[0]),{},"Phase I table cell (conf_placebo_pooled_asthma_share_share, episodes); generated by ops/phase_i_tables.py"
C379_conf_placebo_pooled_asthma_share_share_mean_paper_master,S1b,docs/PAPER_MASTER.md,| pooled | asthma share | share | 45 | {} |,data/reference/confirmatory_results.csv,float(d[(d.stratum=='pooled')&(d.spec=='placebo')&(d.outcome=='asthma_share')&(d.estimator=='OLS_share')]['first_week_mean_coef'].iloc[0]),{:.5f},"Phase I table cell (conf_placebo_pooled_asthma_share_share, mean); generated by ops/phase_i_tables.py"
C379_conf_placebo_pooled_asthma_share_share_mean_supplement,S1b,docs/SUPPLEMENT.md,| pooled | asthma share | share | 45 | {} |,data/reference/confirmatory_results.csv,float(d[(d.stratum=='pooled')&(d.spec=='placebo')&(d.outcome=='asthma_share')&(d.estimator=='OLS_share')]['first_week_mean_coef'].iloc[0]),{:.5f},"Phase I table cell (conf_placebo_pooled_asthma_share_share, mean); generated by ops/phase_i_tables.py"
C380_conf_placebo_pooled_asthma_share_share_p_ri_paper_master,S1b,docs/PAPER_MASTER.md,| pooled | asthma share | share | 45 | 0.00024 | {} |,data/reference/confirmatory_results.csv,float(d[(d.stratum=='pooled')&(d.spec=='placebo')&(d.outcome=='asthma_share')&(d.estimator=='OLS_share')]['p_randomization'].iloc[0]),{:.4f},"Phase I table cell (conf_placebo_pooled_asthma_share_share, p_ri); generated by ops/phase_i_tables.py"
C380_conf_placebo_pooled_asthma_share_share_p_ri_supplement,S1b,docs/SUPPLEMENT.md,| pooled | asthma share | share | 45 | 0.00024 | {} |,data/reference/confirmatory_results.csv,float(d[(d.stratum=='pooled')&(d.spec=='placebo')&(d.outcome=='asthma_share')&(d.estimator=='OLS_share')]['p_randomization'].iloc[0]),{:.4f},"Phase I table cell (conf_placebo_pooled_asthma_share_share, p_ri); generated by ops/phase_i_tables.py"
C381_conf_placebo_pooled_asthma_share_share_p_asym_paper_master,S1b,docs/PAPER_MASTER.md,| pooled | asthma share | share | 45 | 0.00024 | 0.7016 | {} |,data/reference/confirmatory_results.csv,float(d[(d.stratum=='pooled')&(d.spec=='placebo')&(d.outcome=='asthma_share')&(d.estimator=='OLS_share')]['p_asymptotic'].iloc[0]),{:.4f},"Phase I table cell (conf_placebo_pooled_asthma_share_share, p_asym); generated by ops/phase_i_tables.py"
C381_conf_placebo_pooled_asthma_share_share_p_asym_supplement,S1b,docs/SUPPLEMENT.md,| pooled | asthma share | share | 45 | 0.00024 | 0.7016 | {} |,data/reference/confirmatory_results.csv,float(d[(d.stratum=='pooled')&(d.spec=='placebo')&(d.outcome=='asthma_share')&(d.estimator=='OLS_share')]['p_asymptotic'].iloc[0]),{:.4f},"Phase I table cell (conf_placebo_pooled_asthma_share_share, p_asym); generated by ops/phase_i_tables.py"
C382_conf_placebo_pooled_asthma_count_episodes_paper_master,S1b,docs/PAPER_MASTER.md,| pooled | asthma count | count | {} |,data/reference/confirmatory_results.csv,int(d[(d.stratum=='pooled')&(d.spec=='placebo')&(d.outcome=='asthma')&(d.estimator=='PPML_count_offset')]['n_episodes'].iloc[0]),{},"Phase I table cell (conf_placebo_pooled_asthma_count, episodes); generated by ops/phase_i_tables.py"
C382_conf_placebo_pooled_asthma_count_episodes_supplement,S1b,docs/SUPPLEMENT.md,| pooled | asthma count | count | {} |,data/reference/confirmatory_results.csv,int(d[(d.stratum=='pooled')&(d.spec=='placebo')&(d.outcome=='asthma')&(d.estimator=='PPML_count_offset')]['n_episodes'].iloc[0]),{},"Phase I table cell (conf_placebo_pooled_asthma_count, episodes); generated by ops/phase_i_tables.py"
C383_conf_placebo_pooled_asthma_count_mean_paper_master,S1b,docs/PAPER_MASTER.md,| pooled | asthma count | count | 45 | {} |,data/reference/confirmatory_results.csv,float(d[(d.stratum=='pooled')&(d.spec=='placebo')&(d.outcome=='asthma')&(d.estimator=='PPML_count_offset')]['first_week_mean_coef'].iloc[0]),{:.5f},"Phase I table cell (conf_placebo_pooled_asthma_count, mean); generated by ops/phase_i_tables.py"
C383_conf_placebo_pooled_asthma_count_mean_supplement,S1b,docs/SUPPLEMENT.md,| pooled | asthma count | count | 45 | {} |,data/reference/confirmatory_results.csv,float(d[(d.stratum=='pooled')&(d.spec=='placebo')&(d.outcome=='asthma')&(d.estimator=='PPML_count_offset')]['first_week_mean_coef'].iloc[0]),{:.5f},"Phase I table cell (conf_placebo_pooled_asthma_count, mean); generated by ops/phase_i_tables.py"
C384_conf_placebo_pooled_asthma_count_p_ri_paper_master,S1b,docs/PAPER_MASTER.md,| pooled | asthma count | count | 45 | 0.03191 | {} |,data/reference/confirmatory_results.csv,float(d[(d.stratum=='pooled')&(d.spec=='placebo')&(d.outcome=='asthma')&(d.estimator=='PPML_count_offset')]['p_randomization'].iloc[0]),{:.4f},"Phase I table cell (conf_placebo_pooled_asthma_count, p_ri); generated by ops/phase_i_tables.py"
C384_conf_placebo_pooled_asthma_count_p_ri_supplement,S1b,docs/SUPPLEMENT.md,| pooled | asthma count | count | 45 | 0.03191 | {} |,data/reference/confirmatory_results.csv,float(d[(d.stratum=='pooled')&(d.spec=='placebo')&(d.outcome=='asthma')&(d.estimator=='PPML_count_offset')]['p_randomization'].iloc[0]),{:.4f},"Phase I table cell (conf_placebo_pooled_asthma_count, p_ri); generated by ops/phase_i_tables.py"
C385_conf_placebo_pooled_asthma_count_p_asym_paper_master,S1b,docs/PAPER_MASTER.md,| pooled | asthma count | count | 45 | 0.03191 | 0.9315 | {} |,data/reference/confirmatory_results.csv,float(d[(d.stratum=='pooled')&(d.spec=='placebo')&(d.outcome=='asthma')&(d.estimator=='PPML_count_offset')]['p_asymptotic'].iloc[0]),{:.4f},"Phase I table cell (conf_placebo_pooled_asthma_count, p_asym); generated by ops/phase_i_tables.py"
C385_conf_placebo_pooled_asthma_count_p_asym_supplement,S1b,docs/SUPPLEMENT.md,| pooled | asthma count | count | 45 | 0.03191 | 0.9315 | {} |,data/reference/confirmatory_results.csv,float(d[(d.stratum=='pooled')&(d.spec=='placebo')&(d.outcome=='asthma')&(d.estimator=='PPML_count_offset')]['p_asymptotic'].iloc[0]),{:.4f},"Phase I table cell (conf_placebo_pooled_asthma_count, p_asym); generated by ops/phase_i_tables.py"
C386_conf_sens_C1_sens_post28_edp_share_share_episodes_paper_master,S1b,docs/PAPER_MASTER.md,| C1 | post window 28 days | EDP share | share | {} |,data/reference/confirmatory_results.csv,int(d[(d.stratum=='C1_clean')&(d.spec=='sens_post28')&(d.outcome=='edp_share')&(d.estimator=='OLS_share')]['n_episodes'].iloc[0]),{},"Phase I table cell (conf_sens_C1_sens_post28_edp_share_share, episodes); generated by ops/phase_i_tables.py"
C386_conf_sens_C1_sens_post28_edp_share_share_episodes_supplement,S1b,docs/SUPPLEMENT.md,| C1 | post window 28 days | EDP share | share | {} |,data/reference/confirmatory_results.csv,int(d[(d.stratum=='C1_clean')&(d.spec=='sens_post28')&(d.outcome=='edp_share')&(d.estimator=='OLS_share')]['n_episodes'].iloc[0]),{},"Phase I table cell (conf_sens_C1_sens_post28_edp_share_share, episodes); generated by ops/phase_i_tables.py"
C387_conf_sens_C1_sens_post28_edp_share_share_mean_paper_master,S1b,docs/PAPER_MASTER.md,| C1 | post window 28 days | EDP share | share | 15 | {} |,data/reference/confirmatory_results.csv,float(d[(d.stratum=='C1_clean')&(d.spec=='sens_post28')&(d.outcome=='edp_share')&(d.estimator=='OLS_share')]['first_week_mean_coef'].iloc[0]),{:.5f},"Phase I table cell (conf_sens_C1_sens_post28_edp_share_share, mean); generated by ops/phase_i_tables.py"
C387_conf_sens_C1_sens_post28_edp_share_share_mean_supplement,S1b,docs/SUPPLEMENT.md,| C1 | post window 28 days | EDP share | share | 15 | {} |,data/reference/confirmatory_results.csv,float(d[(d.stratum=='C1_clean')&(d.spec=='sens_post28')&(d.outcome=='edp_share')&(d.estimator=='OLS_share')]['first_week_mean_coef'].iloc[0]),{:.5f},"Phase I table cell (conf_sens_C1_sens_post28_edp_share_share, mean); generated by ops/phase_i_tables.py"
C388_conf_sens_C1_sens_post28_edp_share_share_p_ri_paper_master,S1b,docs/PAPER_MASTER.md,| C1 | post window 28 days | EDP share | share | 15 | −0.00048 | {} |,data/reference/confirmatory_results.csv,float(d[(d.stratum=='C1_clean')&(d.spec=='sens_post28')&(d.outcome=='edp_share')&(d.estimator=='OLS_share')]['p_randomization'].iloc[0]),{:.4f},"Phase I table cell (conf_sens_C1_sens_post28_edp_share_share, p_ri); generated by ops/phase_i_tables.py"
C388_conf_sens_C1_sens_post28_edp_share_share_p_ri_supplement,S1b,docs/SUPPLEMENT.md,| C1 | post window 28 days | EDP share | share | 15 | −0.00048 | {} |,data/reference/confirmatory_results.csv,float(d[(d.stratum=='C1_clean')&(d.spec=='sens_post28')&(d.outcome=='edp_share')&(d.estimator=='OLS_share')]['p_randomization'].iloc[0]),{:.4f},"Phase I table cell (conf_sens_C1_sens_post28_edp_share_share, p_ri); generated by ops/phase_i_tables.py"
C389_conf_sens_C1_sens_post28_edp_count_episodes_paper_master,S1b,docs/PAPER_MASTER.md,| C1 | post window 28 days | EDP count | count | {} |,data/reference/confirmatory_results.csv,int(d[(d.stratum=='C1_clean')&(d.spec=='sens_post28')&(d.outcome=='edp')&(d.estimator=='PPML_count_offset')]['n_episodes'].iloc[0]),{},"Phase I table cell (conf_sens_C1_sens_post28_edp_count, episodes); generated by ops/phase_i_tables.py"
C389_conf_sens_C1_sens_post28_edp_count_episodes_supplement,S1b,docs/SUPPLEMENT.md,| C1 | post window 28 days | EDP count | count | {} |,data/reference/confirmatory_results.csv,int(d[(d.stratum=='C1_clean')&(d.spec=='sens_post28')&(d.outcome=='edp')&(d.estimator=='PPML_count_offset')]['n_episodes'].iloc[0]),{},"Phase I table cell (conf_sens_C1_sens_post28_edp_count, episodes); generated by ops/phase_i_tables.py"
C390_conf_sens_C1_sens_post28_edp_count_mean_paper_master,S1b,docs/PAPER_MASTER.md,| C1 | post window 28 days | EDP count | count | 15 | {} |,data/reference/confirmatory_results.csv,float(d[(d.stratum=='C1_clean')&(d.spec=='sens_post28')&(d.outcome=='edp')&(d.estimator=='PPML_count_offset')]['first_week_mean_coef'].iloc[0]),{:.5f},"Phase I table cell (conf_sens_C1_sens_post28_edp_count, mean); generated by ops/phase_i_tables.py"
C390_conf_sens_C1_sens_post28_edp_count_mean_supplement,S1b,docs/SUPPLEMENT.md,| C1 | post window 28 days | EDP count | count | 15 | {} |,data/reference/confirmatory_results.csv,float(d[(d.stratum=='C1_clean')&(d.spec=='sens_post28')&(d.outcome=='edp')&(d.estimator=='PPML_count_offset')]['first_week_mean_coef'].iloc[0]),{:.5f},"Phase I table cell (conf_sens_C1_sens_post28_edp_count, mean); generated by ops/phase_i_tables.py"
C391_conf_sens_C1_sens_post28_edp_count_p_ri_paper_master,S1b,docs/PAPER_MASTER.md,| C1 | post window 28 days | EDP count | count | 15 | 0.01081 | {} |,data/reference/confirmatory_results.csv,float(d[(d.stratum=='C1_clean')&(d.spec=='sens_post28')&(d.outcome=='edp')&(d.estimator=='PPML_count_offset')]['p_randomization'].iloc[0]),{:.4f},"Phase I table cell (conf_sens_C1_sens_post28_edp_count, p_ri); generated by ops/phase_i_tables.py"
C391_conf_sens_C1_sens_post28_edp_count_p_ri_supplement,S1b,docs/SUPPLEMENT.md,| C1 | post window 28 days | EDP count | count | 15 | 0.01081 | {} |,data/reference/confirmatory_results.csv,float(d[(d.stratum=='C1_clean')&(d.spec=='sens_post28')&(d.outcome=='edp')&(d.estimator=='PPML_count_offset')]['p_randomization'].iloc[0]),{:.4f},"Phase I table cell (conf_sens_C1_sens_post28_edp_count, p_ri); generated by ops/phase_i_tables.py"
C392_conf_sens_C1_sens_post28_mh_narrow_share_share_episodes_paper_master,S1b,docs/PAPER_MASTER.md,| C1 | post window 28 days | narrow MH share | share | {} |,data/reference/confirmatory_results.csv,int(d[(d.stratum=='C1_clean')&(d.spec=='sens_post28')&(d.outcome=='mh_narrow_share')&(d.estimator=='OLS_share')]['n_episodes'].iloc[0]),{},"Phase I table cell (conf_sens_C1_sens_post28_mh_narrow_share_share, episodes); generated by ops/phase_i_tables.py"
C392_conf_sens_C1_sens_post28_mh_narrow_share_share_episodes_supplement,S1b,docs/SUPPLEMENT.md,| C1 | post window 28 days | narrow MH share | share | {} |,data/reference/confirmatory_results.csv,int(d[(d.stratum=='C1_clean')&(d.spec=='sens_post28')&(d.outcome=='mh_narrow_share')&(d.estimator=='OLS_share')]['n_episodes'].iloc[0]),{},"Phase I table cell (conf_sens_C1_sens_post28_mh_narrow_share_share, episodes); generated by ops/phase_i_tables.py"
C393_conf_sens_C1_sens_post28_mh_narrow_share_share_mean_paper_master,S1b,docs/PAPER_MASTER.md,| C1 | post window 28 days | narrow MH share | share | 15 | {} |,data/reference/confirmatory_results.csv,float(d[(d.stratum=='C1_clean')&(d.spec=='sens_post28')&(d.outcome=='mh_narrow_share')&(d.estimator=='OLS_share')]['first_week_mean_coef'].iloc[0]),{:.5f},"Phase I table cell (conf_sens_C1_sens_post28_mh_narrow_share_share, mean); generated by ops/phase_i_tables.py"
C393_conf_sens_C1_sens_post28_mh_narrow_share_share_mean_supplement,S1b,docs/SUPPLEMENT.md,| C1 | post window 28 days | narrow MH share | share | 15 | {} |,data/reference/confirmatory_results.csv,float(d[(d.stratum=='C1_clean')&(d.spec=='sens_post28')&(d.outcome=='mh_narrow_share')&(d.estimator=='OLS_share')]['first_week_mean_coef'].iloc[0]),{:.5f},"Phase I table cell (conf_sens_C1_sens_post28_mh_narrow_share_share, mean); generated by ops/phase_i_tables.py"
C394_conf_sens_C1_sens_post28_mh_narrow_share_share_p_ri_paper_master,S1b,docs/PAPER_MASTER.md,| C1 | post window 28 days | narrow MH share | share | 15 | −0.00057 | {} |,data/reference/confirmatory_results.csv,float(d[(d.stratum=='C1_clean')&(d.spec=='sens_post28')&(d.outcome=='mh_narrow_share')&(d.estimator=='OLS_share')]['p_randomization'].iloc[0]),{:.4f},"Phase I table cell (conf_sens_C1_sens_post28_mh_narrow_share_share, p_ri); generated by ops/phase_i_tables.py"
C394_conf_sens_C1_sens_post28_mh_narrow_share_share_p_ri_supplement,S1b,docs/SUPPLEMENT.md,| C1 | post window 28 days | narrow MH share | share | 15 | −0.00057 | {} |,data/reference/confirmatory_results.csv,float(d[(d.stratum=='C1_clean')&(d.spec=='sens_post28')&(d.outcome=='mh_narrow_share')&(d.estimator=='OLS_share')]['p_randomization'].iloc[0]),{:.4f},"Phase I table cell (conf_sens_C1_sens_post28_mh_narrow_share_share, p_ri); generated by ops/phase_i_tables.py"
C395_conf_sens_C1_sens_post28_mh_narrow_count_episodes_paper_master,S1b,docs/PAPER_MASTER.md,| C1 | post window 28 days | narrow MH count | count | {} |,data/reference/confirmatory_results.csv,int(d[(d.stratum=='C1_clean')&(d.spec=='sens_post28')&(d.outcome=='mh_narrow')&(d.estimator=='PPML_count_offset')]['n_episodes'].iloc[0]),{},"Phase I table cell (conf_sens_C1_sens_post28_mh_narrow_count, episodes); generated by ops/phase_i_tables.py"
C395_conf_sens_C1_sens_post28_mh_narrow_count_episodes_supplement,S1b,docs/SUPPLEMENT.md,| C1 | post window 28 days | narrow MH count | count | {} |,data/reference/confirmatory_results.csv,int(d[(d.stratum=='C1_clean')&(d.spec=='sens_post28')&(d.outcome=='mh_narrow')&(d.estimator=='PPML_count_offset')]['n_episodes'].iloc[0]),{},"Phase I table cell (conf_sens_C1_sens_post28_mh_narrow_count, episodes); generated by ops/phase_i_tables.py"
C396_conf_sens_C1_sens_post28_mh_narrow_count_mean_paper_master,S1b,docs/PAPER_MASTER.md,| C1 | post window 28 days | narrow MH count | count | 15 | {} |,data/reference/confirmatory_results.csv,float(d[(d.stratum=='C1_clean')&(d.spec=='sens_post28')&(d.outcome=='mh_narrow')&(d.estimator=='PPML_count_offset')]['first_week_mean_coef'].iloc[0]),{:.5f},"Phase I table cell (conf_sens_C1_sens_post28_mh_narrow_count, mean); generated by ops/phase_i_tables.py"
C396_conf_sens_C1_sens_post28_mh_narrow_count_mean_supplement,S1b,docs/SUPPLEMENT.md,| C1 | post window 28 days | narrow MH count | count | 15 | {} |,data/reference/confirmatory_results.csv,float(d[(d.stratum=='C1_clean')&(d.spec=='sens_post28')&(d.outcome=='mh_narrow')&(d.estimator=='PPML_count_offset')]['first_week_mean_coef'].iloc[0]),{:.5f},"Phase I table cell (conf_sens_C1_sens_post28_mh_narrow_count, mean); generated by ops/phase_i_tables.py"
C397_conf_sens_C1_sens_post28_mh_narrow_count_p_ri_paper_master,S1b,docs/PAPER_MASTER.md,| C1 | post window 28 days | narrow MH count | count | 15 | 0.00145 | {} |,data/reference/confirmatory_results.csv,float(d[(d.stratum=='C1_clean')&(d.spec=='sens_post28')&(d.outcome=='mh_narrow')&(d.estimator=='PPML_count_offset')]['p_randomization'].iloc[0]),{:.4f},"Phase I table cell (conf_sens_C1_sens_post28_mh_narrow_count, p_ri); generated by ops/phase_i_tables.py"
C397_conf_sens_C1_sens_post28_mh_narrow_count_p_ri_supplement,S1b,docs/SUPPLEMENT.md,| C1 | post window 28 days | narrow MH count | count | 15 | 0.00145 | {} |,data/reference/confirmatory_results.csv,float(d[(d.stratum=='C1_clean')&(d.spec=='sens_post28')&(d.outcome=='mh_narrow')&(d.estimator=='PPML_count_offset')]['p_randomization'].iloc[0]),{:.4f},"Phase I table cell (conf_sens_C1_sens_post28_mh_narrow_count, p_ri); generated by ops/phase_i_tables.py"
C398_conf_sens_C1_sens_post60_edp_share_share_episodes_paper_master,S1b,docs/PAPER_MASTER.md,| C1 | post window 60 days | EDP share | share | {} |,data/reference/confirmatory_results.csv,int(d[(d.stratum=='C1_clean')&(d.spec=='sens_post60')&(d.outcome=='edp_share')&(d.estimator=='OLS_share')]['n_episodes'].iloc[0]),{},"Phase I table cell (conf_sens_C1_sens_post60_edp_share_share, episodes); generated by ops/phase_i_tables.py"
C398_conf_sens_C1_sens_post60_edp_share_share_episodes_supplement,S1b,docs/SUPPLEMENT.md,| C1 | post window 60 days | EDP share | share | {} |,data/reference/confirmatory_results.csv,int(d[(d.stratum=='C1_clean')&(d.spec=='sens_post60')&(d.outcome=='edp_share')&(d.estimator=='OLS_share')]['n_episodes'].iloc[0]),{},"Phase I table cell (conf_sens_C1_sens_post60_edp_share_share, episodes); generated by ops/phase_i_tables.py"
C399_conf_sens_C1_sens_post60_edp_share_share_mean_paper_master,S1b,docs/PAPER_MASTER.md,| C1 | post window 60 days | EDP share | share | 15 | {} |,data/reference/confirmatory_results.csv,float(d[(d.stratum=='C1_clean')&(d.spec=='sens_post60')&(d.outcome=='edp_share')&(d.estimator=='OLS_share')]['first_week_mean_coef'].iloc[0]),{:.5f},"Phase I table cell (conf_sens_C1_sens_post60_edp_share_share, mean); generated by ops/phase_i_tables.py"
C399_conf_sens_C1_sens_post60_edp_share_share_mean_supplement,S1b,docs/SUPPLEMENT.md,| C1 | post window 60 days | EDP share | share | 15 | {} |,data/reference/confirmatory_results.csv,float(d[(d.stratum=='C1_clean')&(d.spec=='sens_post60')&(d.outcome=='edp_share')&(d.estimator=='OLS_share')]['first_week_mean_coef'].iloc[0]),{:.5f},"Phase I table cell (conf_sens_C1_sens_post60_edp_share_share, mean); generated by ops/phase_i_tables.py"
C400_conf_sens_C1_sens_post60_edp_share_share_p_ri_paper_master,S1b,docs/PAPER_MASTER.md,| C1 | post window 60 days | EDP share | share | 15 | −0.00047 | {} |,data/reference/confirmatory_results.csv,float(d[(d.stratum=='C1_clean')&(d.spec=='sens_post60')&(d.outcome=='edp_share')&(d.estimator=='OLS_share')]['p_randomization'].iloc[0]),{:.4f},"Phase I table cell (conf_sens_C1_sens_post60_edp_share_share, p_ri); generated by ops/phase_i_tables.py"
C400_conf_sens_C1_sens_post60_edp_share_share_p_ri_supplement,S1b,docs/SUPPLEMENT.md,| C1 | post window 60 days | EDP share | share | 15 | −0.00047 | {} |,data/reference/confirmatory_results.csv,float(d[(d.stratum=='C1_clean')&(d.spec=='sens_post60')&(d.outcome=='edp_share')&(d.estimator=='OLS_share')]['p_randomization'].iloc[0]),{:.4f},"Phase I table cell (conf_sens_C1_sens_post60_edp_share_share, p_ri); generated by ops/phase_i_tables.py"
C401_conf_sens_C1_sens_post60_edp_count_episodes_paper_master,S1b,docs/PAPER_MASTER.md,| C1 | post window 60 days | EDP count | count | {} |,data/reference/confirmatory_results.csv,int(d[(d.stratum=='C1_clean')&(d.spec=='sens_post60')&(d.outcome=='edp')&(d.estimator=='PPML_count_offset')]['n_episodes'].iloc[0]),{},"Phase I table cell (conf_sens_C1_sens_post60_edp_count, episodes); generated by ops/phase_i_tables.py"
C401_conf_sens_C1_sens_post60_edp_count_episodes_supplement,S1b,docs/SUPPLEMENT.md,| C1 | post window 60 days | EDP count | count | {} |,data/reference/confirmatory_results.csv,int(d[(d.stratum=='C1_clean')&(d.spec=='sens_post60')&(d.outcome=='edp')&(d.estimator=='PPML_count_offset')]['n_episodes'].iloc[0]),{},"Phase I table cell (conf_sens_C1_sens_post60_edp_count, episodes); generated by ops/phase_i_tables.py"
C402_conf_sens_C1_sens_post60_edp_count_mean_paper_master,S1b,docs/PAPER_MASTER.md,| C1 | post window 60 days | EDP count | count | 15 | {} |,data/reference/confirmatory_results.csv,float(d[(d.stratum=='C1_clean')&(d.spec=='sens_post60')&(d.outcome=='edp')&(d.estimator=='PPML_count_offset')]['first_week_mean_coef'].iloc[0]),{:.5f},"Phase I table cell (conf_sens_C1_sens_post60_edp_count, mean); generated by ops/phase_i_tables.py"
C402_conf_sens_C1_sens_post60_edp_count_mean_supplement,S1b,docs/SUPPLEMENT.md,| C1 | post window 60 days | EDP count | count | 15 | {} |,data/reference/confirmatory_results.csv,float(d[(d.stratum=='C1_clean')&(d.spec=='sens_post60')&(d.outcome=='edp')&(d.estimator=='PPML_count_offset')]['first_week_mean_coef'].iloc[0]),{:.5f},"Phase I table cell (conf_sens_C1_sens_post60_edp_count, mean); generated by ops/phase_i_tables.py"
C403_conf_sens_C1_sens_post60_edp_count_p_ri_paper_master,S1b,docs/PAPER_MASTER.md,| C1 | post window 60 days | EDP count | count | 15 | 0.01007 | {} |,data/reference/confirmatory_results.csv,float(d[(d.stratum=='C1_clean')&(d.spec=='sens_post60')&(d.outcome=='edp')&(d.estimator=='PPML_count_offset')]['p_randomization'].iloc[0]),{:.4f},"Phase I table cell (conf_sens_C1_sens_post60_edp_count, p_ri); generated by ops/phase_i_tables.py"
C403_conf_sens_C1_sens_post60_edp_count_p_ri_supplement,S1b,docs/SUPPLEMENT.md,| C1 | post window 60 days | EDP count | count | 15 | 0.01007 | {} |,data/reference/confirmatory_results.csv,float(d[(d.stratum=='C1_clean')&(d.spec=='sens_post60')&(d.outcome=='edp')&(d.estimator=='PPML_count_offset')]['p_randomization'].iloc[0]),{:.4f},"Phase I table cell (conf_sens_C1_sens_post60_edp_count, p_ri); generated by ops/phase_i_tables.py"
C404_conf_sens_C1_sens_post60_mh_narrow_share_share_episodes_paper_master,S1b,docs/PAPER_MASTER.md,| C1 | post window 60 days | narrow MH share | share | {} |,data/reference/confirmatory_results.csv,int(d[(d.stratum=='C1_clean')&(d.spec=='sens_post60')&(d.outcome=='mh_narrow_share')&(d.estimator=='OLS_share')]['n_episodes'].iloc[0]),{},"Phase I table cell (conf_sens_C1_sens_post60_mh_narrow_share_share, episodes); generated by ops/phase_i_tables.py"
C404_conf_sens_C1_sens_post60_mh_narrow_share_share_episodes_supplement,S1b,docs/SUPPLEMENT.md,| C1 | post window 60 days | narrow MH share | share | {} |,data/reference/confirmatory_results.csv,int(d[(d.stratum=='C1_clean')&(d.spec=='sens_post60')&(d.outcome=='mh_narrow_share')&(d.estimator=='OLS_share')]['n_episodes'].iloc[0]),{},"Phase I table cell (conf_sens_C1_sens_post60_mh_narrow_share_share, episodes); generated by ops/phase_i_tables.py"
C405_conf_sens_C1_sens_post60_mh_narrow_share_share_mean_paper_master,S1b,docs/PAPER_MASTER.md,| C1 | post window 60 days | narrow MH share | share | 15 | {} |,data/reference/confirmatory_results.csv,float(d[(d.stratum=='C1_clean')&(d.spec=='sens_post60')&(d.outcome=='mh_narrow_share')&(d.estimator=='OLS_share')]['first_week_mean_coef'].iloc[0]),{:.5f},"Phase I table cell (conf_sens_C1_sens_post60_mh_narrow_share_share, mean); generated by ops/phase_i_tables.py"
C405_conf_sens_C1_sens_post60_mh_narrow_share_share_mean_supplement,S1b,docs/SUPPLEMENT.md,| C1 | post window 60 days | narrow MH share | share | 15 | {} |,data/reference/confirmatory_results.csv,float(d[(d.stratum=='C1_clean')&(d.spec=='sens_post60')&(d.outcome=='mh_narrow_share')&(d.estimator=='OLS_share')]['first_week_mean_coef'].iloc[0]),{:.5f},"Phase I table cell (conf_sens_C1_sens_post60_mh_narrow_share_share, mean); generated by ops/phase_i_tables.py"
C406_conf_sens_C1_sens_post60_mh_narrow_share_share_p_ri_paper_master,S1b,docs/PAPER_MASTER.md,| C1 | post window 60 days | narrow MH share | share | 15 | −0.00059 | {} |,data/reference/confirmatory_results.csv,float(d[(d.stratum=='C1_clean')&(d.spec=='sens_post60')&(d.outcome=='mh_narrow_share')&(d.estimator=='OLS_share')]['p_randomization'].iloc[0]),{:.4f},"Phase I table cell (conf_sens_C1_sens_post60_mh_narrow_share_share, p_ri); generated by ops/phase_i_tables.py"
C406_conf_sens_C1_sens_post60_mh_narrow_share_share_p_ri_supplement,S1b,docs/SUPPLEMENT.md,| C1 | post window 60 days | narrow MH share | share | 15 | −0.00059 | {} |,data/reference/confirmatory_results.csv,float(d[(d.stratum=='C1_clean')&(d.spec=='sens_post60')&(d.outcome=='mh_narrow_share')&(d.estimator=='OLS_share')]['p_randomization'].iloc[0]),{:.4f},"Phase I table cell (conf_sens_C1_sens_post60_mh_narrow_share_share, p_ri); generated by ops/phase_i_tables.py"
C407_conf_sens_C1_sens_post60_mh_narrow_count_episodes_paper_master,S1b,docs/PAPER_MASTER.md,| C1 | post window 60 days | narrow MH count | count | {} |,data/reference/confirmatory_results.csv,int(d[(d.stratum=='C1_clean')&(d.spec=='sens_post60')&(d.outcome=='mh_narrow')&(d.estimator=='PPML_count_offset')]['n_episodes'].iloc[0]),{},"Phase I table cell (conf_sens_C1_sens_post60_mh_narrow_count, episodes); generated by ops/phase_i_tables.py"
C407_conf_sens_C1_sens_post60_mh_narrow_count_episodes_supplement,S1b,docs/SUPPLEMENT.md,| C1 | post window 60 days | narrow MH count | count | {} |,data/reference/confirmatory_results.csv,int(d[(d.stratum=='C1_clean')&(d.spec=='sens_post60')&(d.outcome=='mh_narrow')&(d.estimator=='PPML_count_offset')]['n_episodes'].iloc[0]),{},"Phase I table cell (conf_sens_C1_sens_post60_mh_narrow_count, episodes); generated by ops/phase_i_tables.py"
C408_conf_sens_C1_sens_post60_mh_narrow_count_mean_paper_master,S1b,docs/PAPER_MASTER.md,| C1 | post window 60 days | narrow MH count | count | 15 | {} |,data/reference/confirmatory_results.csv,float(d[(d.stratum=='C1_clean')&(d.spec=='sens_post60')&(d.outcome=='mh_narrow')&(d.estimator=='PPML_count_offset')]['first_week_mean_coef'].iloc[0]),{:.5f},"Phase I table cell (conf_sens_C1_sens_post60_mh_narrow_count, mean); generated by ops/phase_i_tables.py"
C408_conf_sens_C1_sens_post60_mh_narrow_count_mean_supplement,S1b,docs/SUPPLEMENT.md,| C1 | post window 60 days | narrow MH count | count | 15 | {} |,data/reference/confirmatory_results.csv,float(d[(d.stratum=='C1_clean')&(d.spec=='sens_post60')&(d.outcome=='mh_narrow')&(d.estimator=='PPML_count_offset')]['first_week_mean_coef'].iloc[0]),{:.5f},"Phase I table cell (conf_sens_C1_sens_post60_mh_narrow_count, mean); generated by ops/phase_i_tables.py"
C409_conf_sens_C1_sens_post60_mh_narrow_count_p_ri_paper_master,S1b,docs/PAPER_MASTER.md,| C1 | post window 60 days | narrow MH count | count | 15 | 0.00085 | {} |,data/reference/confirmatory_results.csv,float(d[(d.stratum=='C1_clean')&(d.spec=='sens_post60')&(d.outcome=='mh_narrow')&(d.estimator=='PPML_count_offset')]['p_randomization'].iloc[0]),{:.4f},"Phase I table cell (conf_sens_C1_sens_post60_mh_narrow_count, p_ri); generated by ops/phase_i_tables.py"
C409_conf_sens_C1_sens_post60_mh_narrow_count_p_ri_supplement,S1b,docs/SUPPLEMENT.md,| C1 | post window 60 days | narrow MH count | count | 15 | 0.00085 | {} |,data/reference/confirmatory_results.csv,float(d[(d.stratum=='C1_clean')&(d.spec=='sens_post60')&(d.outcome=='mh_narrow')&(d.estimator=='PPML_count_offset')]['p_randomization'].iloc[0]),{:.4f},"Phase I table cell (conf_sens_C1_sens_post60_mh_narrow_count, p_ri); generated by ops/phase_i_tables.py"
C410_conf_sens_C1_sens_drop_jul2016_edp_share_share_episodes_paper_master,S1b,docs/PAPER_MASTER.md,| C1 | drop July 2016 | EDP share | share | {} |,data/reference/confirmatory_results.csv,int(d[(d.stratum=='C1_clean')&(d.spec=='sens_drop_jul2016')&(d.outcome=='edp_share')&(d.estimator=='OLS_share')]['n_episodes'].iloc[0]),{},"Phase I table cell (conf_sens_C1_sens_drop_jul2016_edp_share_share, episodes); generated by ops/phase_i_tables.py"
C410_conf_sens_C1_sens_drop_jul2016_edp_share_share_episodes_supplement,S1b,docs/SUPPLEMENT.md,| C1 | drop July 2016 | EDP share | share | {} |,data/reference/confirmatory_results.csv,int(d[(d.stratum=='C1_clean')&(d.spec=='sens_drop_jul2016')&(d.outcome=='edp_share')&(d.estimator=='OLS_share')]['n_episodes'].iloc[0]),{},"Phase I table cell (conf_sens_C1_sens_drop_jul2016_edp_share_share, episodes); generated by ops/phase_i_tables.py"
C411_conf_sens_C1_sens_drop_jul2016_edp_share_share_mean_paper_master,S1b,docs/PAPER_MASTER.md,| C1 | drop July 2016 | EDP share | share | 14 | {} |,data/reference/confirmatory_results.csv,float(d[(d.stratum=='C1_clean')&(d.spec=='sens_drop_jul2016')&(d.outcome=='edp_share')&(d.estimator=='OLS_share')]['first_week_mean_coef'].iloc[0]),{:.5f},"Phase I table cell (conf_sens_C1_sens_drop_jul2016_edp_share_share, mean); generated by ops/phase_i_tables.py"
C411_conf_sens_C1_sens_drop_jul2016_edp_share_share_mean_supplement,S1b,docs/SUPPLEMENT.md,| C1 | drop July 2016 | EDP share | share | 14 | {} |,data/reference/confirmatory_results.csv,float(d[(d.stratum=='C1_clean')&(d.spec=='sens_drop_jul2016')&(d.outcome=='edp_share')&(d.estimator=='OLS_share')]['first_week_mean_coef'].iloc[0]),{:.5f},"Phase I table cell (conf_sens_C1_sens_drop_jul2016_edp_share_share, mean); generated by ops/phase_i_tables.py"
C412_conf_sens_C1_sens_drop_jul2016_edp_share_share_p_ri_paper_master,S1b,docs/PAPER_MASTER.md,| C1 | drop July 2016 | EDP share | share | 14 | −0.00141 | {} |,data/reference/confirmatory_results.csv,float(d[(d.stratum=='C1_clean')&(d.spec=='sens_drop_jul2016')&(d.outcome=='edp_share')&(d.estimator=='OLS_share')]['p_randomization'].iloc[0]),{:.4f},"Phase I table cell (conf_sens_C1_sens_drop_jul2016_edp_share_share, p_ri); generated by ops/phase_i_tables.py"
C412_conf_sens_C1_sens_drop_jul2016_edp_share_share_p_ri_supplement,S1b,docs/SUPPLEMENT.md,| C1 | drop July 2016 | EDP share | share | 14 | −0.00141 | {} |,data/reference/confirmatory_results.csv,float(d[(d.stratum=='C1_clean')&(d.spec=='sens_drop_jul2016')&(d.outcome=='edp_share')&(d.estimator=='OLS_share')]['p_randomization'].iloc[0]),{:.4f},"Phase I table cell (conf_sens_C1_sens_drop_jul2016_edp_share_share, p_ri); generated by ops/phase_i_tables.py"
C413_conf_sens_C1_sens_drop_jul2016_edp_count_episodes_paper_master,S1b,docs/PAPER_MASTER.md,| C1 | drop July 2016 | EDP count | count | {} |,data/reference/confirmatory_results.csv,int(d[(d.stratum=='C1_clean')&(d.spec=='sens_drop_jul2016')&(d.outcome=='edp')&(d.estimator=='PPML_count_offset')]['n_episodes'].iloc[0]),{},"Phase I table cell (conf_sens_C1_sens_drop_jul2016_edp_count, episodes); generated by ops/phase_i_tables.py"
C413_conf_sens_C1_sens_drop_jul2016_edp_count_episodes_supplement,S1b,docs/SUPPLEMENT.md,| C1 | drop July 2016 | EDP count | count | {} |,data/reference/confirmatory_results.csv,int(d[(d.stratum=='C1_clean')&(d.spec=='sens_drop_jul2016')&(d.outcome=='edp')&(d.estimator=='PPML_count_offset')]['n_episodes'].iloc[0]),{},"Phase I table cell (conf_sens_C1_sens_drop_jul2016_edp_count, episodes); generated by ops/phase_i_tables.py"
C414_conf_sens_C1_sens_drop_jul2016_edp_count_mean_paper_master,S1b,docs/PAPER_MASTER.md,| C1 | drop July 2016 | EDP count | count | 14 | {} |,data/reference/confirmatory_results.csv,float(d[(d.stratum=='C1_clean')&(d.spec=='sens_drop_jul2016')&(d.outcome=='edp')&(d.estimator=='PPML_count_offset')]['first_week_mean_coef'].iloc[0]),{:.5f},"Phase I table cell (conf_sens_C1_sens_drop_jul2016_edp_count, mean); generated by ops/phase_i_tables.py"
C414_conf_sens_C1_sens_drop_jul2016_edp_count_mean_supplement,S1b,docs/SUPPLEMENT.md,| C1 | drop July 2016 | EDP count | count | 14 | {} |,data/reference/confirmatory_results.csv,float(d[(d.stratum=='C1_clean')&(d.spec=='sens_drop_jul2016')&(d.outcome=='edp')&(d.estimator=='PPML_count_offset')]['first_week_mean_coef'].iloc[0]),{:.5f},"Phase I table cell (conf_sens_C1_sens_drop_jul2016_edp_count, mean); generated by ops/phase_i_tables.py"
C415_conf_sens_C1_sens_drop_jul2016_edp_count_p_ri_paper_master,S1b,docs/PAPER_MASTER.md,| C1 | drop July 2016 | EDP count | count | 14 | 0.00115 | {} |,data/reference/confirmatory_results.csv,float(d[(d.stratum=='C1_clean')&(d.spec=='sens_drop_jul2016')&(d.outcome=='edp')&(d.estimator=='PPML_count_offset')]['p_randomization'].iloc[0]),{:.4f},"Phase I table cell (conf_sens_C1_sens_drop_jul2016_edp_count, p_ri); generated by ops/phase_i_tables.py"
C415_conf_sens_C1_sens_drop_jul2016_edp_count_p_ri_supplement,S1b,docs/SUPPLEMENT.md,| C1 | drop July 2016 | EDP count | count | 14 | 0.00115 | {} |,data/reference/confirmatory_results.csv,float(d[(d.stratum=='C1_clean')&(d.spec=='sens_drop_jul2016')&(d.outcome=='edp')&(d.estimator=='PPML_count_offset')]['p_randomization'].iloc[0]),{:.4f},"Phase I table cell (conf_sens_C1_sens_drop_jul2016_edp_count, p_ri); generated by ops/phase_i_tables.py"
C416_conf_sens_C1_sens_drop_jul2016_mh_narrow_share_share_episodes_paper_master,S1b,docs/PAPER_MASTER.md,| C1 | drop July 2016 | narrow MH share | share | {} |,data/reference/confirmatory_results.csv,int(d[(d.stratum=='C1_clean')&(d.spec=='sens_drop_jul2016')&(d.outcome=='mh_narrow_share')&(d.estimator=='OLS_share')]['n_episodes'].iloc[0]),{},"Phase I table cell (conf_sens_C1_sens_drop_jul2016_mh_narrow_share_share, episodes); generated by ops/phase_i_tables.py"
C416_conf_sens_C1_sens_drop_jul2016_mh_narrow_share_share_episodes_supplement,S1b,docs/SUPPLEMENT.md,| C1 | drop July 2016 | narrow MH share | share | {} |,data/reference/confirmatory_results.csv,int(d[(d.stratum=='C1_clean')&(d.spec=='sens_drop_jul2016')&(d.outcome=='mh_narrow_share')&(d.estimator=='OLS_share')]['n_episodes'].iloc[0]),{},"Phase I table cell (conf_sens_C1_sens_drop_jul2016_mh_narrow_share_share, episodes); generated by ops/phase_i_tables.py"
C417_conf_sens_C1_sens_drop_jul2016_mh_narrow_share_share_mean_paper_master,S1b,docs/PAPER_MASTER.md,| C1 | drop July 2016 | narrow MH share | share | 14 | {} |,data/reference/confirmatory_results.csv,float(d[(d.stratum=='C1_clean')&(d.spec=='sens_drop_jul2016')&(d.outcome=='mh_narrow_share')&(d.estimator=='OLS_share')]['first_week_mean_coef'].iloc[0]),{:.5f},"Phase I table cell (conf_sens_C1_sens_drop_jul2016_mh_narrow_share_share, mean); generated by ops/phase_i_tables.py"
C417_conf_sens_C1_sens_drop_jul2016_mh_narrow_share_share_mean_supplement,S1b,docs/SUPPLEMENT.md,| C1 | drop July 2016 | narrow MH share | share | 14 | {} |,data/reference/confirmatory_results.csv,float(d[(d.stratum=='C1_clean')&(d.spec=='sens_drop_jul2016')&(d.outcome=='mh_narrow_share')&(d.estimator=='OLS_share')]['first_week_mean_coef'].iloc[0]),{:.5f},"Phase I table cell (conf_sens_C1_sens_drop_jul2016_mh_narrow_share_share, mean); generated by ops/phase_i_tables.py"
C418_conf_sens_C1_sens_drop_jul2016_mh_narrow_share_share_p_ri_paper_master,S1b,docs/PAPER_MASTER.md,| C1 | drop July 2016 | narrow MH share | share | 14 | −0.00168 | {} |,data/reference/confirmatory_results.csv,float(d[(d.stratum=='C1_clean')&(d.spec=='sens_drop_jul2016')&(d.outcome=='mh_narrow_share')&(d.estimator=='OLS_share')]['p_randomization'].iloc[0]),{:.4f},"Phase I table cell (conf_sens_C1_sens_drop_jul2016_mh_narrow_share_share, p_ri); generated by ops/phase_i_tables.py"
C418_conf_sens_C1_sens_drop_jul2016_mh_narrow_share_share_p_ri_supplement,S1b,docs/SUPPLEMENT.md,| C1 | drop July 2016 | narrow MH share | share | 14 | −0.00168 | {} |,data/reference/confirmatory_results.csv,float(d[(d.stratum=='C1_clean')&(d.spec=='sens_drop_jul2016')&(d.outcome=='mh_narrow_share')&(d.estimator=='OLS_share')]['p_randomization'].iloc[0]),{:.4f},"Phase I table cell (conf_sens_C1_sens_drop_jul2016_mh_narrow_share_share, p_ri); generated by ops/phase_i_tables.py"
C419_conf_sens_C1_sens_drop_jul2016_mh_narrow_count_episodes_paper_master,S1b,docs/PAPER_MASTER.md,| C1 | drop July 2016 | narrow MH count | count | {} |,data/reference/confirmatory_results.csv,int(d[(d.stratum=='C1_clean')&(d.spec=='sens_drop_jul2016')&(d.outcome=='mh_narrow')&(d.estimator=='PPML_count_offset')]['n_episodes'].iloc[0]),{},"Phase I table cell (conf_sens_C1_sens_drop_jul2016_mh_narrow_count, episodes); generated by ops/phase_i_tables.py"
C419_conf_sens_C1_sens_drop_jul2016_mh_narrow_count_episodes_supplement,S1b,docs/SUPPLEMENT.md,| C1 | drop July 2016 | narrow MH count | count | {} |,data/reference/confirmatory_results.csv,int(d[(d.stratum=='C1_clean')&(d.spec=='sens_drop_jul2016')&(d.outcome=='mh_narrow')&(d.estimator=='PPML_count_offset')]['n_episodes'].iloc[0]),{},"Phase I table cell (conf_sens_C1_sens_drop_jul2016_mh_narrow_count, episodes); generated by ops/phase_i_tables.py"
C420_conf_sens_C1_sens_drop_jul2016_mh_narrow_count_mean_paper_master,S1b,docs/PAPER_MASTER.md,| C1 | drop July 2016 | narrow MH count | count | 14 | {} |,data/reference/confirmatory_results.csv,float(d[(d.stratum=='C1_clean')&(d.spec=='sens_drop_jul2016')&(d.outcome=='mh_narrow')&(d.estimator=='PPML_count_offset')]['first_week_mean_coef'].iloc[0]),{:.5f},"Phase I table cell (conf_sens_C1_sens_drop_jul2016_mh_narrow_count, mean); generated by ops/phase_i_tables.py"
C420_conf_sens_C1_sens_drop_jul2016_mh_narrow_count_mean_supplement,S1b,docs/SUPPLEMENT.md,| C1 | drop July 2016 | narrow MH count | count | 14 | {} |,data/reference/confirmatory_results.csv,float(d[(d.stratum=='C1_clean')&(d.spec=='sens_drop_jul2016')&(d.outcome=='mh_narrow')&(d.estimator=='PPML_count_offset')]['first_week_mean_coef'].iloc[0]),{:.5f},"Phase I table cell (conf_sens_C1_sens_drop_jul2016_mh_narrow_count, mean); generated by ops/phase_i_tables.py"
C421_conf_sens_C1_sens_drop_jul2016_mh_narrow_count_p_ri_paper_master,S1b,docs/PAPER_MASTER.md,| C1 | drop July 2016 | narrow MH count | count | 14 | −0.00765 | {} |,data/reference/confirmatory_results.csv,float(d[(d.stratum=='C1_clean')&(d.spec=='sens_drop_jul2016')&(d.outcome=='mh_narrow')&(d.estimator=='PPML_count_offset')]['p_randomization'].iloc[0]),{:.4f},"Phase I table cell (conf_sens_C1_sens_drop_jul2016_mh_narrow_count, p_ri); generated by ops/phase_i_tables.py"
C421_conf_sens_C1_sens_drop_jul2016_mh_narrow_count_p_ri_supplement,S1b,docs/SUPPLEMENT.md,| C1 | drop July 2016 | narrow MH count | count | 14 | −0.00765 | {} |,data/reference/confirmatory_results.csv,float(d[(d.stratum=='C1_clean')&(d.spec=='sens_drop_jul2016')&(d.outcome=='mh_narrow')&(d.estimator=='PPML_count_offset')]['p_randomization'].iloc[0]),{:.4f},"Phase I table cell (conf_sens_C1_sens_drop_jul2016_mh_narrow_count, p_ri); generated by ops/phase_i_tables.py"
C422_conf_sens_C1_sens_coverage_clean_edp_share_share_episodes_paper_master,S1b,docs/PAPER_MASTER.md,| C1 | coverage-clean | EDP share | share | {} |,data/reference/confirmatory_results.csv,int(d[(d.stratum=='C1_clean')&(d.spec=='sens_coverage_clean')&(d.outcome=='edp_share')&(d.estimator=='OLS_share')]['n_episodes'].iloc[0]),{},"Phase I table cell (conf_sens_C1_sens_coverage_clean_edp_share_share, episodes); generated by ops/phase_i_tables.py"
C422_conf_sens_C1_sens_coverage_clean_edp_share_share_episodes_supplement,S1b,docs/SUPPLEMENT.md,| C1 | coverage-clean | EDP share | share | {} |,data/reference/confirmatory_results.csv,int(d[(d.stratum=='C1_clean')&(d.spec=='sens_coverage_clean')&(d.outcome=='edp_share')&(d.estimator=='OLS_share')]['n_episodes'].iloc[0]),{},"Phase I table cell (conf_sens_C1_sens_coverage_clean_edp_share_share, episodes); generated by ops/phase_i_tables.py"
C423_conf_sens_C1_sens_coverage_clean_edp_share_share_mean_paper_master,S1b,docs/PAPER_MASTER.md,| C1 | coverage-clean | EDP share | share | 13 | {} |,data/reference/confirmatory_results.csv,float(d[(d.stratum=='C1_clean')&(d.spec=='sens_coverage_clean')&(d.outcome=='edp_share')&(d.estimator=='OLS_share')]['first_week_mean_coef'].iloc[0]),{:.5f},"Phase I table cell (conf_sens_C1_sens_coverage_clean_edp_share_share, mean); generated by ops/phase_i_tables.py"
C423_conf_sens_C1_sens_coverage_clean_edp_share_share_mean_supplement,S1b,docs/SUPPLEMENT.md,| C1 | coverage-clean | EDP share | share | 13 | {} |,data/reference/confirmatory_results.csv,float(d[(d.stratum=='C1_clean')&(d.spec=='sens_coverage_clean')&(d.outcome=='edp_share')&(d.estimator=='OLS_share')]['first_week_mean_coef'].iloc[0]),{:.5f},"Phase I table cell (conf_sens_C1_sens_coverage_clean_edp_share_share, mean); generated by ops/phase_i_tables.py"
C424_conf_sens_C1_sens_coverage_clean_edp_share_share_p_ri_paper_master,S1b,docs/PAPER_MASTER.md,| C1 | coverage-clean | EDP share | share | 13 | −0.00098 | {} |,data/reference/confirmatory_results.csv,float(d[(d.stratum=='C1_clean')&(d.spec=='sens_coverage_clean')&(d.outcome=='edp_share')&(d.estimator=='OLS_share')]['p_randomization'].iloc[0]),{:.4f},"Phase I table cell (conf_sens_C1_sens_coverage_clean_edp_share_share, p_ri); generated by ops/phase_i_tables.py"
C424_conf_sens_C1_sens_coverage_clean_edp_share_share_p_ri_supplement,S1b,docs/SUPPLEMENT.md,| C1 | coverage-clean | EDP share | share | 13 | −0.00098 | {} |,data/reference/confirmatory_results.csv,float(d[(d.stratum=='C1_clean')&(d.spec=='sens_coverage_clean')&(d.outcome=='edp_share')&(d.estimator=='OLS_share')]['p_randomization'].iloc[0]),{:.4f},"Phase I table cell (conf_sens_C1_sens_coverage_clean_edp_share_share, p_ri); generated by ops/phase_i_tables.py"
C425_conf_sens_C1_sens_coverage_clean_edp_count_episodes_paper_master,S1b,docs/PAPER_MASTER.md,| C1 | coverage-clean | EDP count | count | {} |,data/reference/confirmatory_results.csv,int(d[(d.stratum=='C1_clean')&(d.spec=='sens_coverage_clean')&(d.outcome=='edp')&(d.estimator=='PPML_count_offset')]['n_episodes'].iloc[0]),{},"Phase I table cell (conf_sens_C1_sens_coverage_clean_edp_count, episodes); generated by ops/phase_i_tables.py"
C425_conf_sens_C1_sens_coverage_clean_edp_count_episodes_supplement,S1b,docs/SUPPLEMENT.md,| C1 | coverage-clean | EDP count | count | {} |,data/reference/confirmatory_results.csv,int(d[(d.stratum=='C1_clean')&(d.spec=='sens_coverage_clean')&(d.outcome=='edp')&(d.estimator=='PPML_count_offset')]['n_episodes'].iloc[0]),{},"Phase I table cell (conf_sens_C1_sens_coverage_clean_edp_count, episodes); generated by ops/phase_i_tables.py"
C426_conf_sens_C1_sens_coverage_clean_edp_count_mean_paper_master,S1b,docs/PAPER_MASTER.md,| C1 | coverage-clean | EDP count | count | 13 | {} |,data/reference/confirmatory_results.csv,float(d[(d.stratum=='C1_clean')&(d.spec=='sens_coverage_clean')&(d.outcome=='edp')&(d.estimator=='PPML_count_offset')]['first_week_mean_coef'].iloc[0]),{:.5f},"Phase I table cell (conf_sens_C1_sens_coverage_clean_edp_count, mean); generated by ops/phase_i_tables.py"
C426_conf_sens_C1_sens_coverage_clean_edp_count_mean_supplement,S1b,docs/SUPPLEMENT.md,| C1 | coverage-clean | EDP count | count | 13 | {} |,data/reference/confirmatory_results.csv,float(d[(d.stratum=='C1_clean')&(d.spec=='sens_coverage_clean')&(d.outcome=='edp')&(d.estimator=='PPML_count_offset')]['first_week_mean_coef'].iloc[0]),{:.5f},"Phase I table cell (conf_sens_C1_sens_coverage_clean_edp_count, mean); generated by ops/phase_i_tables.py"
C427_conf_sens_C1_sens_coverage_clean_edp_count_p_ri_paper_master,S1b,docs/PAPER_MASTER.md,| C1 | coverage-clean | EDP count | count | 13 | 0.00729 | {} |,data/reference/confirmatory_results.csv,float(d[(d.stratum=='C1_clean')&(d.spec=='sens_coverage_clean')&(d.outcome=='edp')&(d.estimator=='PPML_count_offset')]['p_randomization'].iloc[0]),{:.4f},"Phase I table cell (conf_sens_C1_sens_coverage_clean_edp_count, p_ri); generated by ops/phase_i_tables.py"
C427_conf_sens_C1_sens_coverage_clean_edp_count_p_ri_supplement,S1b,docs/SUPPLEMENT.md,| C1 | coverage-clean | EDP count | count | 13 | 0.00729 | {} |,data/reference/confirmatory_results.csv,float(d[(d.stratum=='C1_clean')&(d.spec=='sens_coverage_clean')&(d.outcome=='edp')&(d.estimator=='PPML_count_offset')]['p_randomization'].iloc[0]),{:.4f},"Phase I table cell (conf_sens_C1_sens_coverage_clean_edp_count, p_ri); generated by ops/phase_i_tables.py"
C428_conf_sens_C1_sens_geocoding_clean_edp_share_share_episodes_paper_master,S1b,docs/PAPER_MASTER.md,| C1 | geocoding-clean | EDP share | share | {} |,data/reference/confirmatory_results.csv,int(d[(d.stratum=='C1_clean')&(d.spec=='sens_geocoding_clean')&(d.outcome=='edp_share')&(d.estimator=='OLS_share')]['n_episodes'].iloc[0]),{},"Phase I table cell (conf_sens_C1_sens_geocoding_clean_edp_share_share, episodes); generated by ops/phase_i_tables.py"
C428_conf_sens_C1_sens_geocoding_clean_edp_share_share_episodes_supplement,S1b,docs/SUPPLEMENT.md,| C1 | geocoding-clean | EDP share | share | {} |,data/reference/confirmatory_results.csv,int(d[(d.stratum=='C1_clean')&(d.spec=='sens_geocoding_clean')&(d.outcome=='edp_share')&(d.estimator=='OLS_share')]['n_episodes'].iloc[0]),{},"Phase I table cell (conf_sens_C1_sens_geocoding_clean_edp_share_share, episodes); generated by ops/phase_i_tables.py"
C429_conf_sens_C1_sens_geocoding_clean_edp_share_share_mean_paper_master,S1b,docs/PAPER_MASTER.md,| C1 | geocoding-clean | EDP share | share | 14 | {} |,data/reference/confirmatory_results.csv,float(d[(d.stratum=='C1_clean')&(d.spec=='sens_geocoding_clean')&(d.outcome=='edp_share')&(d.estimator=='OLS_share')]['first_week_mean_coef'].iloc[0]),{:.5f},"Phase I table cell (conf_sens_C1_sens_geocoding_clean_edp_share_share, mean); generated by ops/phase_i_tables.py"
C429_conf_sens_C1_sens_geocoding_clean_edp_share_share_mean_supplement,S1b,docs/SUPPLEMENT.md,| C1 | geocoding-clean | EDP share | share | 14 | {} |,data/reference/confirmatory_results.csv,float(d[(d.stratum=='C1_clean')&(d.spec=='sens_geocoding_clean')&(d.outcome=='edp_share')&(d.estimator=='OLS_share')]['first_week_mean_coef'].iloc[0]),{:.5f},"Phase I table cell (conf_sens_C1_sens_geocoding_clean_edp_share_share, mean); generated by ops/phase_i_tables.py"
C430_conf_sens_C1_sens_geocoding_clean_edp_share_share_p_ri_paper_master,S1b,docs/PAPER_MASTER.md,| C1 | geocoding-clean | EDP share | share | 14 | −0.00054 | {} |,data/reference/confirmatory_results.csv,float(d[(d.stratum=='C1_clean')&(d.spec=='sens_geocoding_clean')&(d.outcome=='edp_share')&(d.estimator=='OLS_share')]['p_randomization'].iloc[0]),{:.4f},"Phase I table cell (conf_sens_C1_sens_geocoding_clean_edp_share_share, p_ri); generated by ops/phase_i_tables.py"
C430_conf_sens_C1_sens_geocoding_clean_edp_share_share_p_ri_supplement,S1b,docs/SUPPLEMENT.md,| C1 | geocoding-clean | EDP share | share | 14 | −0.00054 | {} |,data/reference/confirmatory_results.csv,float(d[(d.stratum=='C1_clean')&(d.spec=='sens_geocoding_clean')&(d.outcome=='edp_share')&(d.estimator=='OLS_share')]['p_randomization'].iloc[0]),{:.4f},"Phase I table cell (conf_sens_C1_sens_geocoding_clean_edp_share_share, p_ri); generated by ops/phase_i_tables.py"
C431_conf_sens_C1_sens_geocoding_clean_edp_count_episodes_paper_master,S1b,docs/PAPER_MASTER.md,| C1 | geocoding-clean | EDP count | count | {} |,data/reference/confirmatory_results.csv,int(d[(d.stratum=='C1_clean')&(d.spec=='sens_geocoding_clean')&(d.outcome=='edp')&(d.estimator=='PPML_count_offset')]['n_episodes'].iloc[0]),{},"Phase I table cell (conf_sens_C1_sens_geocoding_clean_edp_count, episodes); generated by ops/phase_i_tables.py"
C431_conf_sens_C1_sens_geocoding_clean_edp_count_episodes_supplement,S1b,docs/SUPPLEMENT.md,| C1 | geocoding-clean | EDP count | count | {} |,data/reference/confirmatory_results.csv,int(d[(d.stratum=='C1_clean')&(d.spec=='sens_geocoding_clean')&(d.outcome=='edp')&(d.estimator=='PPML_count_offset')]['n_episodes'].iloc[0]),{},"Phase I table cell (conf_sens_C1_sens_geocoding_clean_edp_count, episodes); generated by ops/phase_i_tables.py"
C432_conf_sens_C1_sens_geocoding_clean_edp_count_mean_paper_master,S1b,docs/PAPER_MASTER.md,| C1 | geocoding-clean | EDP count | count | 14 | {} |,data/reference/confirmatory_results.csv,float(d[(d.stratum=='C1_clean')&(d.spec=='sens_geocoding_clean')&(d.outcome=='edp')&(d.estimator=='PPML_count_offset')]['first_week_mean_coef'].iloc[0]),{:.5f},"Phase I table cell (conf_sens_C1_sens_geocoding_clean_edp_count, mean); generated by ops/phase_i_tables.py"
C432_conf_sens_C1_sens_geocoding_clean_edp_count_mean_supplement,S1b,docs/SUPPLEMENT.md,| C1 | geocoding-clean | EDP count | count | 14 | {} |,data/reference/confirmatory_results.csv,float(d[(d.stratum=='C1_clean')&(d.spec=='sens_geocoding_clean')&(d.outcome=='edp')&(d.estimator=='PPML_count_offset')]['first_week_mean_coef'].iloc[0]),{:.5f},"Phase I table cell (conf_sens_C1_sens_geocoding_clean_edp_count, mean); generated by ops/phase_i_tables.py"
C433_conf_sens_C1_sens_geocoding_clean_edp_count_p_ri_paper_master,S1b,docs/PAPER_MASTER.md,| C1 | geocoding-clean | EDP count | count | 14 | 0.01075 | {} |,data/reference/confirmatory_results.csv,float(d[(d.stratum=='C1_clean')&(d.spec=='sens_geocoding_clean')&(d.outcome=='edp')&(d.estimator=='PPML_count_offset')]['p_randomization'].iloc[0]),{:.4f},"Phase I table cell (conf_sens_C1_sens_geocoding_clean_edp_count, p_ri); generated by ops/phase_i_tables.py"
C433_conf_sens_C1_sens_geocoding_clean_edp_count_p_ri_supplement,S1b,docs/SUPPLEMENT.md,| C1 | geocoding-clean | EDP count | count | 14 | 0.01075 | {} |,data/reference/confirmatory_results.csv,float(d[(d.stratum=='C1_clean')&(d.spec=='sens_geocoding_clean')&(d.outcome=='edp')&(d.estimator=='PPML_count_offset')]['p_randomization'].iloc[0]),{:.4f},"Phase I table cell (conf_sens_C1_sens_geocoding_clean_edp_count, p_ri); generated by ops/phase_i_tables.py"
C434_conf_sens_C1_sens_coverage_clean_mh_narrow_share_share_episodes_paper_master,S1b,docs/PAPER_MASTER.md,| C1 | coverage-clean | narrow MH share | share | {} |,data/reference/confirmatory_results.csv,int(d[(d.stratum=='C1_clean')&(d.spec=='sens_coverage_clean')&(d.outcome=='mh_narrow_share')&(d.estimator=='OLS_share')]['n_episodes'].iloc[0]),{},"Phase I table cell (conf_sens_C1_sens_coverage_clean_mh_narrow_share_share, episodes); generated by ops/phase_i_tables.py"
C434_conf_sens_C1_sens_coverage_clean_mh_narrow_share_share_episodes_supplement,S1b,docs/SUPPLEMENT.md,| C1 | coverage-clean | narrow MH share | share | {} |,data/reference/confirmatory_results.csv,int(d[(d.stratum=='C1_clean')&(d.spec=='sens_coverage_clean')&(d.outcome=='mh_narrow_share')&(d.estimator=='OLS_share')]['n_episodes'].iloc[0]),{},"Phase I table cell (conf_sens_C1_sens_coverage_clean_mh_narrow_share_share, episodes); generated by ops/phase_i_tables.py"
C435_conf_sens_C1_sens_coverage_clean_mh_narrow_share_share_mean_paper_master,S1b,docs/PAPER_MASTER.md,| C1 | coverage-clean | narrow MH share | share | 12 | {} |,data/reference/confirmatory_results.csv,float(d[(d.stratum=='C1_clean')&(d.spec=='sens_coverage_clean')&(d.outcome=='mh_narrow_share')&(d.estimator=='OLS_share')]['first_week_mean_coef'].iloc[0]),{:.5f},"Phase I table cell (conf_sens_C1_sens_coverage_clean_mh_narrow_share_share, mean); generated by ops/phase_i_tables.py"
C435_conf_sens_C1_sens_coverage_clean_mh_narrow_share_share_mean_supplement,S1b,docs/SUPPLEMENT.md,| C1 | coverage-clean | narrow MH share | share | 12 | {} |,data/reference/confirmatory_results.csv,float(d[(d.stratum=='C1_clean')&(d.spec=='sens_coverage_clean')&(d.outcome=='mh_narrow_share')&(d.estimator=='OLS_share')]['first_week_mean_coef'].iloc[0]),{:.5f},"Phase I table cell (conf_sens_C1_sens_coverage_clean_mh_narrow_share_share, mean); generated by ops/phase_i_tables.py"
C436_conf_sens_C1_sens_coverage_clean_mh_narrow_share_share_p_ri_paper_master,S1b,docs/PAPER_MASTER.md,| C1 | coverage-clean | narrow MH share | share | 12 | −0.00036 | {} |,data/reference/confirmatory_results.csv,float(d[(d.stratum=='C1_clean')&(d.spec=='sens_coverage_clean')&(d.outcome=='mh_narrow_share')&(d.estimator=='OLS_share')]['p_randomization'].iloc[0]),{:.4f},"Phase I table cell (conf_sens_C1_sens_coverage_clean_mh_narrow_share_share, p_ri); generated by ops/phase_i_tables.py"
C436_conf_sens_C1_sens_coverage_clean_mh_narrow_share_share_p_ri_supplement,S1b,docs/SUPPLEMENT.md,| C1 | coverage-clean | narrow MH share | share | 12 | −0.00036 | {} |,data/reference/confirmatory_results.csv,float(d[(d.stratum=='C1_clean')&(d.spec=='sens_coverage_clean')&(d.outcome=='mh_narrow_share')&(d.estimator=='OLS_share')]['p_randomization'].iloc[0]),{:.4f},"Phase I table cell (conf_sens_C1_sens_coverage_clean_mh_narrow_share_share, p_ri); generated by ops/phase_i_tables.py"
C437_conf_sens_C1_sens_coverage_clean_mh_narrow_count_episodes_paper_master,S1b,docs/PAPER_MASTER.md,| C1 | coverage-clean | narrow MH count | count | {} |,data/reference/confirmatory_results.csv,int(d[(d.stratum=='C1_clean')&(d.spec=='sens_coverage_clean')&(d.outcome=='mh_narrow')&(d.estimator=='PPML_count_offset')]['n_episodes'].iloc[0]),{},"Phase I table cell (conf_sens_C1_sens_coverage_clean_mh_narrow_count, episodes); generated by ops/phase_i_tables.py"
C437_conf_sens_C1_sens_coverage_clean_mh_narrow_count_episodes_supplement,S1b,docs/SUPPLEMENT.md,| C1 | coverage-clean | narrow MH count | count | {} |,data/reference/confirmatory_results.csv,int(d[(d.stratum=='C1_clean')&(d.spec=='sens_coverage_clean')&(d.outcome=='mh_narrow')&(d.estimator=='PPML_count_offset')]['n_episodes'].iloc[0]),{},"Phase I table cell (conf_sens_C1_sens_coverage_clean_mh_narrow_count, episodes); generated by ops/phase_i_tables.py"
C438_conf_sens_C1_sens_coverage_clean_mh_narrow_count_mean_paper_master,S1b,docs/PAPER_MASTER.md,| C1 | coverage-clean | narrow MH count | count | 12 | {} |,data/reference/confirmatory_results.csv,float(d[(d.stratum=='C1_clean')&(d.spec=='sens_coverage_clean')&(d.outcome=='mh_narrow')&(d.estimator=='PPML_count_offset')]['first_week_mean_coef'].iloc[0]),{:.5f},"Phase I table cell (conf_sens_C1_sens_coverage_clean_mh_narrow_count, mean); generated by ops/phase_i_tables.py"
C438_conf_sens_C1_sens_coverage_clean_mh_narrow_count_mean_supplement,S1b,docs/SUPPLEMENT.md,| C1 | coverage-clean | narrow MH count | count | 12 | {} |,data/reference/confirmatory_results.csv,float(d[(d.stratum=='C1_clean')&(d.spec=='sens_coverage_clean')&(d.outcome=='mh_narrow')&(d.estimator=='PPML_count_offset')]['first_week_mean_coef'].iloc[0]),{:.5f},"Phase I table cell (conf_sens_C1_sens_coverage_clean_mh_narrow_count, mean); generated by ops/phase_i_tables.py"
C439_conf_sens_C1_sens_coverage_clean_mh_narrow_count_p_ri_paper_master,S1b,docs/PAPER_MASTER.md,| C1 | coverage-clean | narrow MH count | count | 12 | −0.00014 | {} |,data/reference/confirmatory_results.csv,float(d[(d.stratum=='C1_clean')&(d.spec=='sens_coverage_clean')&(d.outcome=='mh_narrow')&(d.estimator=='PPML_count_offset')]['p_randomization'].iloc[0]),{:.4f},"Phase I table cell (conf_sens_C1_sens_coverage_clean_mh_narrow_count, p_ri); generated by ops/phase_i_tables.py"
C439_conf_sens_C1_sens_coverage_clean_mh_narrow_count_p_ri_supplement,S1b,docs/SUPPLEMENT.md,| C1 | coverage-clean | narrow MH count | count | 12 | −0.00014 | {} |,data/reference/confirmatory_results.csv,float(d[(d.stratum=='C1_clean')&(d.spec=='sens_coverage_clean')&(d.outcome=='mh_narrow')&(d.estimator=='PPML_count_offset')]['p_randomization'].iloc[0]),{:.4f},"Phase I table cell (conf_sens_C1_sens_coverage_clean_mh_narrow_count, p_ri); generated by ops/phase_i_tables.py"
C440_conf_sens_C1_sens_geocoding_clean_mh_narrow_share_share_episodes_paper_master,S1b,docs/PAPER_MASTER.md,| C1 | geocoding-clean | narrow MH share | share | {} |,data/reference/confirmatory_results.csv,int(d[(d.stratum=='C1_clean')&(d.spec=='sens_geocoding_clean')&(d.outcome=='mh_narrow_share')&(d.estimator=='OLS_share')]['n_episodes'].iloc[0]),{},"Phase I table cell (conf_sens_C1_sens_geocoding_clean_mh_narrow_share_share, episodes); generated by ops/phase_i_tables.py"
C440_conf_sens_C1_sens_geocoding_clean_mh_narrow_share_share_episodes_supplement,S1b,docs/SUPPLEMENT.md,| C1 | geocoding-clean | narrow MH share | share | {} |,data/reference/confirmatory_results.csv,int(d[(d.stratum=='C1_clean')&(d.spec=='sens_geocoding_clean')&(d.outcome=='mh_narrow_share')&(d.estimator=='OLS_share')]['n_episodes'].iloc[0]),{},"Phase I table cell (conf_sens_C1_sens_geocoding_clean_mh_narrow_share_share, episodes); generated by ops/phase_i_tables.py"
C441_conf_sens_C1_sens_geocoding_clean_mh_narrow_share_share_mean_paper_master,S1b,docs/PAPER_MASTER.md,| C1 | geocoding-clean | narrow MH share | share | 14 | {} |,data/reference/confirmatory_results.csv,float(d[(d.stratum=='C1_clean')&(d.spec=='sens_geocoding_clean')&(d.outcome=='mh_narrow_share')&(d.estimator=='OLS_share')]['first_week_mean_coef'].iloc[0]),{:.5f},"Phase I table cell (conf_sens_C1_sens_geocoding_clean_mh_narrow_share_share, mean); generated by ops/phase_i_tables.py"
C441_conf_sens_C1_sens_geocoding_clean_mh_narrow_share_share_mean_supplement,S1b,docs/SUPPLEMENT.md,| C1 | geocoding-clean | narrow MH share | share | 14 | {} |,data/reference/confirmatory_results.csv,float(d[(d.stratum=='C1_clean')&(d.spec=='sens_geocoding_clean')&(d.outcome=='mh_narrow_share')&(d.estimator=='OLS_share')]['first_week_mean_coef'].iloc[0]),{:.5f},"Phase I table cell (conf_sens_C1_sens_geocoding_clean_mh_narrow_share_share, mean); generated by ops/phase_i_tables.py"
C442_conf_sens_C1_sens_geocoding_clean_mh_narrow_share_share_p_ri_paper_master,S1b,docs/PAPER_MASTER.md,| C1 | geocoding-clean | narrow MH share | share | 14 | −0.00036 | {} |,data/reference/confirmatory_results.csv,float(d[(d.stratum=='C1_clean')&(d.spec=='sens_geocoding_clean')&(d.outcome=='mh_narrow_share')&(d.estimator=='OLS_share')]['p_randomization'].iloc[0]),{:.4f},"Phase I table cell (conf_sens_C1_sens_geocoding_clean_mh_narrow_share_share, p_ri); generated by ops/phase_i_tables.py"
C442_conf_sens_C1_sens_geocoding_clean_mh_narrow_share_share_p_ri_supplement,S1b,docs/SUPPLEMENT.md,| C1 | geocoding-clean | narrow MH share | share | 14 | −0.00036 | {} |,data/reference/confirmatory_results.csv,float(d[(d.stratum=='C1_clean')&(d.spec=='sens_geocoding_clean')&(d.outcome=='mh_narrow_share')&(d.estimator=='OLS_share')]['p_randomization'].iloc[0]),{:.4f},"Phase I table cell (conf_sens_C1_sens_geocoding_clean_mh_narrow_share_share, p_ri); generated by ops/phase_i_tables.py"
C443_conf_sens_C1_sens_geocoding_clean_mh_narrow_count_episodes_paper_master,S1b,docs/PAPER_MASTER.md,| C1 | geocoding-clean | narrow MH count | count | {} |,data/reference/confirmatory_results.csv,int(d[(d.stratum=='C1_clean')&(d.spec=='sens_geocoding_clean')&(d.outcome=='mh_narrow')&(d.estimator=='PPML_count_offset')]['n_episodes'].iloc[0]),{},"Phase I table cell (conf_sens_C1_sens_geocoding_clean_mh_narrow_count, episodes); generated by ops/phase_i_tables.py"
C443_conf_sens_C1_sens_geocoding_clean_mh_narrow_count_episodes_supplement,S1b,docs/SUPPLEMENT.md,| C1 | geocoding-clean | narrow MH count | count | {} |,data/reference/confirmatory_results.csv,int(d[(d.stratum=='C1_clean')&(d.spec=='sens_geocoding_clean')&(d.outcome=='mh_narrow')&(d.estimator=='PPML_count_offset')]['n_episodes'].iloc[0]),{},"Phase I table cell (conf_sens_C1_sens_geocoding_clean_mh_narrow_count, episodes); generated by ops/phase_i_tables.py"
C444_conf_sens_C1_sens_geocoding_clean_mh_narrow_count_mean_paper_master,S1b,docs/PAPER_MASTER.md,| C1 | geocoding-clean | narrow MH count | count | 14 | {} |,data/reference/confirmatory_results.csv,float(d[(d.stratum=='C1_clean')&(d.spec=='sens_geocoding_clean')&(d.outcome=='mh_narrow')&(d.estimator=='PPML_count_offset')]['first_week_mean_coef'].iloc[0]),{:.5f},"Phase I table cell (conf_sens_C1_sens_geocoding_clean_mh_narrow_count, mean); generated by ops/phase_i_tables.py"
C444_conf_sens_C1_sens_geocoding_clean_mh_narrow_count_mean_supplement,S1b,docs/SUPPLEMENT.md,| C1 | geocoding-clean | narrow MH count | count | 14 | {} |,data/reference/confirmatory_results.csv,float(d[(d.stratum=='C1_clean')&(d.spec=='sens_geocoding_clean')&(d.outcome=='mh_narrow')&(d.estimator=='PPML_count_offset')]['first_week_mean_coef'].iloc[0]),{:.5f},"Phase I table cell (conf_sens_C1_sens_geocoding_clean_mh_narrow_count, mean); generated by ops/phase_i_tables.py"
C445_conf_sens_C1_sens_geocoding_clean_mh_narrow_count_p_ri_paper_master,S1b,docs/PAPER_MASTER.md,| C1 | geocoding-clean | narrow MH count | count | 14 | 0.00282 | {} |,data/reference/confirmatory_results.csv,float(d[(d.stratum=='C1_clean')&(d.spec=='sens_geocoding_clean')&(d.outcome=='mh_narrow')&(d.estimator=='PPML_count_offset')]['p_randomization'].iloc[0]),{:.4f},"Phase I table cell (conf_sens_C1_sens_geocoding_clean_mh_narrow_count, p_ri); generated by ops/phase_i_tables.py"
C445_conf_sens_C1_sens_geocoding_clean_mh_narrow_count_p_ri_supplement,S1b,docs/SUPPLEMENT.md,| C1 | geocoding-clean | narrow MH count | count | 14 | 0.00282 | {} |,data/reference/confirmatory_results.csv,float(d[(d.stratum=='C1_clean')&(d.spec=='sens_geocoding_clean')&(d.outcome=='mh_narrow')&(d.estimator=='PPML_count_offset')]['p_randomization'].iloc[0]),{:.4f},"Phase I table cell (conf_sens_C1_sens_geocoding_clean_mh_narrow_count, p_ri); generated by ops/phase_i_tables.py"
C446_conf_sens_C1_sens_coverage_clean_cardiac_share_share_episodes_paper_master,S1b,docs/PAPER_MASTER.md,| C1 | coverage-clean | cardiac share | share | {} |,data/reference/confirmatory_results.csv,int(d[(d.stratum=='C1_clean')&(d.spec=='sens_coverage_clean')&(d.outcome=='cardiac_share')&(d.estimator=='OLS_share')]['n_episodes'].iloc[0]),{},"Phase I table cell (conf_sens_C1_sens_coverage_clean_cardiac_share_share, episodes); generated by ops/phase_i_tables.py"
C446_conf_sens_C1_sens_coverage_clean_cardiac_share_share_episodes_supplement,S1b,docs/SUPPLEMENT.md,| C1 | coverage-clean | cardiac share | share | {} |,data/reference/confirmatory_results.csv,int(d[(d.stratum=='C1_clean')&(d.spec=='sens_coverage_clean')&(d.outcome=='cardiac_share')&(d.estimator=='OLS_share')]['n_episodes'].iloc[0]),{},"Phase I table cell (conf_sens_C1_sens_coverage_clean_cardiac_share_share, episodes); generated by ops/phase_i_tables.py"
C447_conf_sens_C1_sens_coverage_clean_cardiac_share_share_mean_paper_master,S1b,docs/PAPER_MASTER.md,| C1 | coverage-clean | cardiac share | share | 13 | {} |,data/reference/confirmatory_results.csv,float(d[(d.stratum=='C1_clean')&(d.spec=='sens_coverage_clean')&(d.outcome=='cardiac_share')&(d.estimator=='OLS_share')]['first_week_mean_coef'].iloc[0]),{:.5f},"Phase I table cell (conf_sens_C1_sens_coverage_clean_cardiac_share_share, mean); generated by ops/phase_i_tables.py"
C447_conf_sens_C1_sens_coverage_clean_cardiac_share_share_mean_supplement,S1b,docs/SUPPLEMENT.md,| C1 | coverage-clean | cardiac share | share | 13 | {} |,data/reference/confirmatory_results.csv,float(d[(d.stratum=='C1_clean')&(d.spec=='sens_coverage_clean')&(d.outcome=='cardiac_share')&(d.estimator=='OLS_share')]['first_week_mean_coef'].iloc[0]),{:.5f},"Phase I table cell (conf_sens_C1_sens_coverage_clean_cardiac_share_share, mean); generated by ops/phase_i_tables.py"
C448_conf_sens_C1_sens_coverage_clean_cardiac_share_share_p_ri_paper_master,S1b,docs/PAPER_MASTER.md,| C1 | coverage-clean | cardiac share | share | 13 | 0.00202 | {} |,data/reference/confirmatory_results.csv,float(d[(d.stratum=='C1_clean')&(d.spec=='sens_coverage_clean')&(d.outcome=='cardiac_share')&(d.estimator=='OLS_share')]['p_randomization'].iloc[0]),{:.4f},"Phase I table cell (conf_sens_C1_sens_coverage_clean_cardiac_share_share, p_ri); generated by ops/phase_i_tables.py"
C448_conf_sens_C1_sens_coverage_clean_cardiac_share_share_p_ri_supplement,S1b,docs/SUPPLEMENT.md,| C1 | coverage-clean | cardiac share | share | 13 | 0.00202 | {} |,data/reference/confirmatory_results.csv,float(d[(d.stratum=='C1_clean')&(d.spec=='sens_coverage_clean')&(d.outcome=='cardiac_share')&(d.estimator=='OLS_share')]['p_randomization'].iloc[0]),{:.4f},"Phase I table cell (conf_sens_C1_sens_coverage_clean_cardiac_share_share, p_ri); generated by ops/phase_i_tables.py"
C449_conf_sens_C1_sens_coverage_clean_cardiac_count_episodes_paper_master,S1b,docs/PAPER_MASTER.md,| C1 | coverage-clean | cardiac count | count | {} |,data/reference/confirmatory_results.csv,int(d[(d.stratum=='C1_clean')&(d.spec=='sens_coverage_clean')&(d.outcome=='cardiac')&(d.estimator=='PPML_count_offset')]['n_episodes'].iloc[0]),{},"Phase I table cell (conf_sens_C1_sens_coverage_clean_cardiac_count, episodes); generated by ops/phase_i_tables.py"
C449_conf_sens_C1_sens_coverage_clean_cardiac_count_episodes_supplement,S1b,docs/SUPPLEMENT.md,| C1 | coverage-clean | cardiac count | count | {} |,data/reference/confirmatory_results.csv,int(d[(d.stratum=='C1_clean')&(d.spec=='sens_coverage_clean')&(d.outcome=='cardiac')&(d.estimator=='PPML_count_offset')]['n_episodes'].iloc[0]),{},"Phase I table cell (conf_sens_C1_sens_coverage_clean_cardiac_count, episodes); generated by ops/phase_i_tables.py"
C450_conf_sens_C1_sens_coverage_clean_cardiac_count_mean_paper_master,S1b,docs/PAPER_MASTER.md,| C1 | coverage-clean | cardiac count | count | 13 | {} |,data/reference/confirmatory_results.csv,float(d[(d.stratum=='C1_clean')&(d.spec=='sens_coverage_clean')&(d.outcome=='cardiac')&(d.estimator=='PPML_count_offset')]['first_week_mean_coef'].iloc[0]),{:.5f},"Phase I table cell (conf_sens_C1_sens_coverage_clean_cardiac_count, mean); generated by ops/phase_i_tables.py"
C450_conf_sens_C1_sens_coverage_clean_cardiac_count_mean_supplement,S1b,docs/SUPPLEMENT.md,| C1 | coverage-clean | cardiac count | count | 13 | {} |,data/reference/confirmatory_results.csv,float(d[(d.stratum=='C1_clean')&(d.spec=='sens_coverage_clean')&(d.outcome=='cardiac')&(d.estimator=='PPML_count_offset')]['first_week_mean_coef'].iloc[0]),{:.5f},"Phase I table cell (conf_sens_C1_sens_coverage_clean_cardiac_count, mean); generated by ops/phase_i_tables.py"
C451_conf_sens_C1_sens_coverage_clean_cardiac_count_p_ri_paper_master,S1b,docs/PAPER_MASTER.md,| C1 | coverage-clean | cardiac count | count | 13 | 0.02326 | {} |,data/reference/confirmatory_results.csv,float(d[(d.stratum=='C1_clean')&(d.spec=='sens_coverage_clean')&(d.outcome=='cardiac')&(d.estimator=='PPML_count_offset')]['p_randomization'].iloc[0]),{:.4f},"Phase I table cell (conf_sens_C1_sens_coverage_clean_cardiac_count, p_ri); generated by ops/phase_i_tables.py"
C451_conf_sens_C1_sens_coverage_clean_cardiac_count_p_ri_supplement,S1b,docs/SUPPLEMENT.md,| C1 | coverage-clean | cardiac count | count | 13 | 0.02326 | {} |,data/reference/confirmatory_results.csv,float(d[(d.stratum=='C1_clean')&(d.spec=='sens_coverage_clean')&(d.outcome=='cardiac')&(d.estimator=='PPML_count_offset')]['p_randomization'].iloc[0]),{:.4f},"Phase I table cell (conf_sens_C1_sens_coverage_clean_cardiac_count, p_ri); generated by ops/phase_i_tables.py"
C452_conf_sens_C1_sens_coverage_clean_injury_share_share_episodes_paper_master,S1b,docs/PAPER_MASTER.md,| C1 | coverage-clean | injury share | share | {} |,data/reference/confirmatory_results.csv,int(d[(d.stratum=='C1_clean')&(d.spec=='sens_coverage_clean')&(d.outcome=='injury_share')&(d.estimator=='OLS_share')]['n_episodes'].iloc[0]),{},"Phase I table cell (conf_sens_C1_sens_coverage_clean_injury_share_share, episodes); generated by ops/phase_i_tables.py"
C452_conf_sens_C1_sens_coverage_clean_injury_share_share_episodes_supplement,S1b,docs/SUPPLEMENT.md,| C1 | coverage-clean | injury share | share | {} |,data/reference/confirmatory_results.csv,int(d[(d.stratum=='C1_clean')&(d.spec=='sens_coverage_clean')&(d.outcome=='injury_share')&(d.estimator=='OLS_share')]['n_episodes'].iloc[0]),{},"Phase I table cell (conf_sens_C1_sens_coverage_clean_injury_share_share, episodes); generated by ops/phase_i_tables.py"
C453_conf_sens_C1_sens_coverage_clean_injury_share_share_mean_paper_master,S1b,docs/PAPER_MASTER.md,| C1 | coverage-clean | injury share | share | 14 | {} |,data/reference/confirmatory_results.csv,float(d[(d.stratum=='C1_clean')&(d.spec=='sens_coverage_clean')&(d.outcome=='injury_share')&(d.estimator=='OLS_share')]['first_week_mean_coef'].iloc[0]),{:.5f},"Phase I table cell (conf_sens_C1_sens_coverage_clean_injury_share_share, mean); generated by ops/phase_i_tables.py"
C453_conf_sens_C1_sens_coverage_clean_injury_share_share_mean_supplement,S1b,docs/SUPPLEMENT.md,| C1 | coverage-clean | injury share | share | 14 | {} |,data/reference/confirmatory_results.csv,float(d[(d.stratum=='C1_clean')&(d.spec=='sens_coverage_clean')&(d.outcome=='injury_share')&(d.estimator=='OLS_share')]['first_week_mean_coef'].iloc[0]),{:.5f},"Phase I table cell (conf_sens_C1_sens_coverage_clean_injury_share_share, mean); generated by ops/phase_i_tables.py"
C454_conf_sens_C1_sens_coverage_clean_injury_share_share_p_ri_paper_master,S1b,docs/PAPER_MASTER.md,| C1 | coverage-clean | injury share | share | 14 | −0.00122 | {} |,data/reference/confirmatory_results.csv,float(d[(d.stratum=='C1_clean')&(d.spec=='sens_coverage_clean')&(d.outcome=='injury_share')&(d.estimator=='OLS_share')]['p_randomization'].iloc[0]),{:.4f},"Phase I table cell (conf_sens_C1_sens_coverage_clean_injury_share_share, p_ri); generated by ops/phase_i_tables.py"
C454_conf_sens_C1_sens_coverage_clean_injury_share_share_p_ri_supplement,S1b,docs/SUPPLEMENT.md,| C1 | coverage-clean | injury share | share | 14 | −0.00122 | {} |,data/reference/confirmatory_results.csv,float(d[(d.stratum=='C1_clean')&(d.spec=='sens_coverage_clean')&(d.outcome=='injury_share')&(d.estimator=='OLS_share')]['p_randomization'].iloc[0]),{:.4f},"Phase I table cell (conf_sens_C1_sens_coverage_clean_injury_share_share, p_ri); generated by ops/phase_i_tables.py"
C455_conf_sens_C1_sens_coverage_clean_injury_count_episodes_paper_master,S1b,docs/PAPER_MASTER.md,| C1 | coverage-clean | injury count | count | {} |,data/reference/confirmatory_results.csv,int(d[(d.stratum=='C1_clean')&(d.spec=='sens_coverage_clean')&(d.outcome=='injury')&(d.estimator=='PPML_count_offset')]['n_episodes'].iloc[0]),{},"Phase I table cell (conf_sens_C1_sens_coverage_clean_injury_count, episodes); generated by ops/phase_i_tables.py"
C455_conf_sens_C1_sens_coverage_clean_injury_count_episodes_supplement,S1b,docs/SUPPLEMENT.md,| C1 | coverage-clean | injury count | count | {} |,data/reference/confirmatory_results.csv,int(d[(d.stratum=='C1_clean')&(d.spec=='sens_coverage_clean')&(d.outcome=='injury')&(d.estimator=='PPML_count_offset')]['n_episodes'].iloc[0]),{},"Phase I table cell (conf_sens_C1_sens_coverage_clean_injury_count, episodes); generated by ops/phase_i_tables.py"
C456_conf_sens_C1_sens_coverage_clean_injury_count_mean_paper_master,S1b,docs/PAPER_MASTER.md,| C1 | coverage-clean | injury count | count | 14 | {} |,data/reference/confirmatory_results.csv,float(d[(d.stratum=='C1_clean')&(d.spec=='sens_coverage_clean')&(d.outcome=='injury')&(d.estimator=='PPML_count_offset')]['first_week_mean_coef'].iloc[0]),{:.5f},"Phase I table cell (conf_sens_C1_sens_coverage_clean_injury_count, mean); generated by ops/phase_i_tables.py"
C456_conf_sens_C1_sens_coverage_clean_injury_count_mean_supplement,S1b,docs/SUPPLEMENT.md,| C1 | coverage-clean | injury count | count | 14 | {} |,data/reference/confirmatory_results.csv,float(d[(d.stratum=='C1_clean')&(d.spec=='sens_coverage_clean')&(d.outcome=='injury')&(d.estimator=='PPML_count_offset')]['first_week_mean_coef'].iloc[0]),{:.5f},"Phase I table cell (conf_sens_C1_sens_coverage_clean_injury_count, mean); generated by ops/phase_i_tables.py"
C457_conf_sens_C1_sens_coverage_clean_injury_count_p_ri_paper_master,S1b,docs/PAPER_MASTER.md,| C1 | coverage-clean | injury count | count | 14 | −0.00737 | {} |,data/reference/confirmatory_results.csv,float(d[(d.stratum=='C1_clean')&(d.spec=='sens_coverage_clean')&(d.outcome=='injury')&(d.estimator=='PPML_count_offset')]['p_randomization'].iloc[0]),{:.4f},"Phase I table cell (conf_sens_C1_sens_coverage_clean_injury_count, p_ri); generated by ops/phase_i_tables.py"
C457_conf_sens_C1_sens_coverage_clean_injury_count_p_ri_supplement,S1b,docs/SUPPLEMENT.md,| C1 | coverage-clean | injury count | count | 14 | −0.00737 | {} |,data/reference/confirmatory_results.csv,float(d[(d.stratum=='C1_clean')&(d.spec=='sens_coverage_clean')&(d.outcome=='injury')&(d.estimator=='PPML_count_offset')]['p_randomization'].iloc[0]),{:.4f},"Phase I table cell (conf_sens_C1_sens_coverage_clean_injury_count, p_ri); generated by ops/phase_i_tables.py"
C458_conf_sens_C1_sens_coverage_clean_asthma_share_share_episodes_paper_master,S1b,docs/PAPER_MASTER.md,| C1 | coverage-clean | asthma share | share | {} |,data/reference/confirmatory_results.csv,int(d[(d.stratum=='C1_clean')&(d.spec=='sens_coverage_clean')&(d.outcome=='asthma_share')&(d.estimator=='OLS_share')]['n_episodes'].iloc[0]),{},"Phase I table cell (conf_sens_C1_sens_coverage_clean_asthma_share_share, episodes); generated by ops/phase_i_tables.py"
C458_conf_sens_C1_sens_coverage_clean_asthma_share_share_episodes_supplement,S1b,docs/SUPPLEMENT.md,| C1 | coverage-clean | asthma share | share | {} |,data/reference/confirmatory_results.csv,int(d[(d.stratum=='C1_clean')&(d.spec=='sens_coverage_clean')&(d.outcome=='asthma_share')&(d.estimator=='OLS_share')]['n_episodes'].iloc[0]),{},"Phase I table cell (conf_sens_C1_sens_coverage_clean_asthma_share_share, episodes); generated by ops/phase_i_tables.py"
C459_conf_sens_C1_sens_coverage_clean_asthma_share_share_mean_paper_master,S1b,docs/PAPER_MASTER.md,| C1 | coverage-clean | asthma share | share | 14 | {} |,data/reference/confirmatory_results.csv,float(d[(d.stratum=='C1_clean')&(d.spec=='sens_coverage_clean')&(d.outcome=='asthma_share')&(d.estimator=='OLS_share')]['first_week_mean_coef'].iloc[0]),{:.5f},"Phase I table cell (conf_sens_C1_sens_coverage_clean_asthma_share_share, mean); generated by ops/phase_i_tables.py"
C459_conf_sens_C1_sens_coverage_clean_asthma_share_share_mean_supplement,S1b,docs/SUPPLEMENT.md,| C1 | coverage-clean | asthma share | share | 14 | {} |,data/reference/confirmatory_results.csv,float(d[(d.stratum=='C1_clean')&(d.spec=='sens_coverage_clean')&(d.outcome=='asthma_share')&(d.estimator=='OLS_share')]['first_week_mean_coef'].iloc[0]),{:.5f},"Phase I table cell (conf_sens_C1_sens_coverage_clean_asthma_share_share, mean); generated by ops/phase_i_tables.py"
C460_conf_sens_C1_sens_coverage_clean_asthma_share_share_p_ri_paper_master,S1b,docs/PAPER_MASTER.md,| C1 | coverage-clean | asthma share | share | 14 | 0.00010 | {} |,data/reference/confirmatory_results.csv,float(d[(d.stratum=='C1_clean')&(d.spec=='sens_coverage_clean')&(d.outcome=='asthma_share')&(d.estimator=='OLS_share')]['p_randomization'].iloc[0]),{:.4f},"Phase I table cell (conf_sens_C1_sens_coverage_clean_asthma_share_share, p_ri); generated by ops/phase_i_tables.py"
C460_conf_sens_C1_sens_coverage_clean_asthma_share_share_p_ri_supplement,S1b,docs/SUPPLEMENT.md,| C1 | coverage-clean | asthma share | share | 14 | 0.00010 | {} |,data/reference/confirmatory_results.csv,float(d[(d.stratum=='C1_clean')&(d.spec=='sens_coverage_clean')&(d.outcome=='asthma_share')&(d.estimator=='OLS_share')]['p_randomization'].iloc[0]),{:.4f},"Phase I table cell (conf_sens_C1_sens_coverage_clean_asthma_share_share, p_ri); generated by ops/phase_i_tables.py"
C461_conf_sens_C1_sens_coverage_clean_asthma_count_episodes_paper_master,S1b,docs/PAPER_MASTER.md,| C1 | coverage-clean | asthma count | count | {} |,data/reference/confirmatory_results.csv,int(d[(d.stratum=='C1_clean')&(d.spec=='sens_coverage_clean')&(d.outcome=='asthma')&(d.estimator=='PPML_count_offset')]['n_episodes'].iloc[0]),{},"Phase I table cell (conf_sens_C1_sens_coverage_clean_asthma_count, episodes); generated by ops/phase_i_tables.py"
C461_conf_sens_C1_sens_coverage_clean_asthma_count_episodes_supplement,S1b,docs/SUPPLEMENT.md,| C1 | coverage-clean | asthma count | count | {} |,data/reference/confirmatory_results.csv,int(d[(d.stratum=='C1_clean')&(d.spec=='sens_coverage_clean')&(d.outcome=='asthma')&(d.estimator=='PPML_count_offset')]['n_episodes'].iloc[0]),{},"Phase I table cell (conf_sens_C1_sens_coverage_clean_asthma_count, episodes); generated by ops/phase_i_tables.py"
C462_conf_sens_C1_sens_coverage_clean_asthma_count_mean_paper_master,S1b,docs/PAPER_MASTER.md,| C1 | coverage-clean | asthma count | count | 14 | {} |,data/reference/confirmatory_results.csv,float(d[(d.stratum=='C1_clean')&(d.spec=='sens_coverage_clean')&(d.outcome=='asthma')&(d.estimator=='PPML_count_offset')]['first_week_mean_coef'].iloc[0]),{:.5f},"Phase I table cell (conf_sens_C1_sens_coverage_clean_asthma_count, mean); generated by ops/phase_i_tables.py"
C462_conf_sens_C1_sens_coverage_clean_asthma_count_mean_supplement,S1b,docs/SUPPLEMENT.md,| C1 | coverage-clean | asthma count | count | 14 | {} |,data/reference/confirmatory_results.csv,float(d[(d.stratum=='C1_clean')&(d.spec=='sens_coverage_clean')&(d.outcome=='asthma')&(d.estimator=='PPML_count_offset')]['first_week_mean_coef'].iloc[0]),{:.5f},"Phase I table cell (conf_sens_C1_sens_coverage_clean_asthma_count, mean); generated by ops/phase_i_tables.py"
C463_conf_sens_C1_sens_coverage_clean_asthma_count_p_ri_paper_master,S1b,docs/PAPER_MASTER.md,| C1 | coverage-clean | asthma count | count | 14 | 0.02959 | {} |,data/reference/confirmatory_results.csv,float(d[(d.stratum=='C1_clean')&(d.spec=='sens_coverage_clean')&(d.outcome=='asthma')&(d.estimator=='PPML_count_offset')]['p_randomization'].iloc[0]),{:.4f},"Phase I table cell (conf_sens_C1_sens_coverage_clean_asthma_count, p_ri); generated by ops/phase_i_tables.py"
C463_conf_sens_C1_sens_coverage_clean_asthma_count_p_ri_supplement,S1b,docs/SUPPLEMENT.md,| C1 | coverage-clean | asthma count | count | 14 | 0.02959 | {} |,data/reference/confirmatory_results.csv,float(d[(d.stratum=='C1_clean')&(d.spec=='sens_coverage_clean')&(d.outcome=='asthma')&(d.estimator=='PPML_count_offset')]['p_randomization'].iloc[0]),{:.4f},"Phase I table cell (conf_sens_C1_sens_coverage_clean_asthma_count, p_ri); generated by ops/phase_i_tables.py"
C464_conf_sens_C1_sens_incl_cancelled_edp_share_incl_cancelled_share_episodes_paper_master,S1b,docs/PAPER_MASTER.md,"| C1 | cancelled dispositions included | EDP share, cancelled included | share | {} |",data/reference/confirmatory_results.csv,int(d[(d.stratum=='C1_clean')&(d.spec=='sens_incl_cancelled')&(d.outcome=='edp_share_incl_cancelled')&(d.estimator=='OLS_share')]['n_episodes'].iloc[0]),{},"Phase I table cell (conf_sens_C1_sens_incl_cancelled_edp_share_incl_cancelled_share, episodes); generated by ops/phase_i_tables.py"
C464_conf_sens_C1_sens_incl_cancelled_edp_share_incl_cancelled_share_episodes_supplement,S1b,docs/SUPPLEMENT.md,"| C1 | cancelled dispositions included | EDP share, cancelled included | share | {} |",data/reference/confirmatory_results.csv,int(d[(d.stratum=='C1_clean')&(d.spec=='sens_incl_cancelled')&(d.outcome=='edp_share_incl_cancelled')&(d.estimator=='OLS_share')]['n_episodes'].iloc[0]),{},"Phase I table cell (conf_sens_C1_sens_incl_cancelled_edp_share_incl_cancelled_share, episodes); generated by ops/phase_i_tables.py"
C465_conf_sens_C1_sens_incl_cancelled_edp_share_incl_cancelled_share_mean_paper_master,S1b,docs/PAPER_MASTER.md,"| C1 | cancelled dispositions included | EDP share, cancelled included | share | 15 | {} |",data/reference/confirmatory_results.csv,float(d[(d.stratum=='C1_clean')&(d.spec=='sens_incl_cancelled')&(d.outcome=='edp_share_incl_cancelled')&(d.estimator=='OLS_share')]['first_week_mean_coef'].iloc[0]),{:.5f},"Phase I table cell (conf_sens_C1_sens_incl_cancelled_edp_share_incl_cancelled_share, mean); generated by ops/phase_i_tables.py"
C465_conf_sens_C1_sens_incl_cancelled_edp_share_incl_cancelled_share_mean_supplement,S1b,docs/SUPPLEMENT.md,"| C1 | cancelled dispositions included | EDP share, cancelled included | share | 15 | {} |",data/reference/confirmatory_results.csv,float(d[(d.stratum=='C1_clean')&(d.spec=='sens_incl_cancelled')&(d.outcome=='edp_share_incl_cancelled')&(d.estimator=='OLS_share')]['first_week_mean_coef'].iloc[0]),{:.5f},"Phase I table cell (conf_sens_C1_sens_incl_cancelled_edp_share_incl_cancelled_share, mean); generated by ops/phase_i_tables.py"
C466_conf_sens_C1_sens_incl_cancelled_edp_share_incl_cancelled_share_p_ri_paper_master,S1b,docs/PAPER_MASTER.md,"| C1 | cancelled dispositions included | EDP share, cancelled included | share | 15 | −0.00094 | {} |",data/reference/confirmatory_results.csv,float(d[(d.stratum=='C1_clean')&(d.spec=='sens_incl_cancelled')&(d.outcome=='edp_share_incl_cancelled')&(d.estimator=='OLS_share')]['p_randomization'].iloc[0]),{:.4f},"Phase I table cell (conf_sens_C1_sens_incl_cancelled_edp_share_incl_cancelled_share, p_ri); generated by ops/phase_i_tables.py"
C466_conf_sens_C1_sens_incl_cancelled_edp_share_incl_cancelled_share_p_ri_supplement,S1b,docs/SUPPLEMENT.md,"| C1 | cancelled dispositions included | EDP share, cancelled included | share | 15 | −0.00094 | {} |",data/reference/confirmatory_results.csv,float(d[(d.stratum=='C1_clean')&(d.spec=='sens_incl_cancelled')&(d.outcome=='edp_share_incl_cancelled')&(d.estimator=='OLS_share')]['p_randomization'].iloc[0]),{:.4f},"Phase I table cell (conf_sens_C1_sens_incl_cancelled_edp_share_incl_cancelled_share, p_ri); generated by ops/phase_i_tables.py"
C467_conf_sens_C1_sens_incl_cancelled_edp_incl_cancelled_count_episodes_paper_master,S1b,docs/PAPER_MASTER.md,"| C1 | cancelled dispositions included | EDP count, cancelled included | count | {} |",data/reference/confirmatory_results.csv,int(d[(d.stratum=='C1_clean')&(d.spec=='sens_incl_cancelled')&(d.outcome=='edp_incl_cancelled')&(d.estimator=='PPML_count_offset')]['n_episodes'].iloc[0]),{},"Phase I table cell (conf_sens_C1_sens_incl_cancelled_edp_incl_cancelled_count, episodes); generated by ops/phase_i_tables.py"
C467_conf_sens_C1_sens_incl_cancelled_edp_incl_cancelled_count_episodes_supplement,S1b,docs/SUPPLEMENT.md,"| C1 | cancelled dispositions included | EDP count, cancelled included | count | {} |",data/reference/confirmatory_results.csv,int(d[(d.stratum=='C1_clean')&(d.spec=='sens_incl_cancelled')&(d.outcome=='edp_incl_cancelled')&(d.estimator=='PPML_count_offset')]['n_episodes'].iloc[0]),{},"Phase I table cell (conf_sens_C1_sens_incl_cancelled_edp_incl_cancelled_count, episodes); generated by ops/phase_i_tables.py"
C468_conf_sens_C1_sens_incl_cancelled_edp_incl_cancelled_count_mean_paper_master,S1b,docs/PAPER_MASTER.md,"| C1 | cancelled dispositions included | EDP count, cancelled included | count | 15 | {} |",data/reference/confirmatory_results.csv,float(d[(d.stratum=='C1_clean')&(d.spec=='sens_incl_cancelled')&(d.outcome=='edp_incl_cancelled')&(d.estimator=='PPML_count_offset')]['first_week_mean_coef'].iloc[0]),{:.5f},"Phase I table cell (conf_sens_C1_sens_incl_cancelled_edp_incl_cancelled_count, mean); generated by ops/phase_i_tables.py"
C468_conf_sens_C1_sens_incl_cancelled_edp_incl_cancelled_count_mean_supplement,S1b,docs/SUPPLEMENT.md,"| C1 | cancelled dispositions included | EDP count, cancelled included | count | 15 | {} |",data/reference/confirmatory_results.csv,float(d[(d.stratum=='C1_clean')&(d.spec=='sens_incl_cancelled')&(d.outcome=='edp_incl_cancelled')&(d.estimator=='PPML_count_offset')]['first_week_mean_coef'].iloc[0]),{:.5f},"Phase I table cell (conf_sens_C1_sens_incl_cancelled_edp_incl_cancelled_count, mean); generated by ops/phase_i_tables.py"
C469_conf_sens_C1_sens_incl_cancelled_edp_incl_cancelled_count_p_ri_paper_master,S1b,docs/PAPER_MASTER.md,"| C1 | cancelled dispositions included | EDP count, cancelled included | count | 15 | 0.00471 | {} |",data/reference/confirmatory_results.csv,float(d[(d.stratum=='C1_clean')&(d.spec=='sens_incl_cancelled')&(d.outcome=='edp_incl_cancelled')&(d.estimator=='PPML_count_offset')]['p_randomization'].iloc[0]),{:.4f},"Phase I table cell (conf_sens_C1_sens_incl_cancelled_edp_incl_cancelled_count, p_ri); generated by ops/phase_i_tables.py"
C469_conf_sens_C1_sens_incl_cancelled_edp_incl_cancelled_count_p_ri_supplement,S1b,docs/SUPPLEMENT.md,"| C1 | cancelled dispositions included | EDP count, cancelled included | count | 15 | 0.00471 | {} |",data/reference/confirmatory_results.csv,float(d[(d.stratum=='C1_clean')&(d.spec=='sens_incl_cancelled')&(d.outcome=='edp_incl_cancelled')&(d.estimator=='PPML_count_offset')]['p_randomization'].iloc[0]),{:.4f},"Phase I table cell (conf_sens_C1_sens_incl_cancelled_edp_incl_cancelled_count, p_ri); generated by ops/phase_i_tables.py"
C470_conf_sens_C1_sens_incl_cancelled_mh_narrow_share_incl_cancelled_share_episodes_paper_master,S1b,docs/PAPER_MASTER.md,"| C1 | cancelled dispositions included | narrow MH share, cancelled included | share | {} |",data/reference/confirmatory_results.csv,int(d[(d.stratum=='C1_clean')&(d.spec=='sens_incl_cancelled')&(d.outcome=='mh_narrow_share_incl_cancelled')&(d.estimator=='OLS_share')]['n_episodes'].iloc[0]),{},"Phase I table cell (conf_sens_C1_sens_incl_cancelled_mh_narrow_share_incl_cancelled_share, episodes); generated by ops/phase_i_tables.py"
C470_conf_sens_C1_sens_incl_cancelled_mh_narrow_share_incl_cancelled_share_episodes_supplement,S1b,docs/SUPPLEMENT.md,"| C1 | cancelled dispositions included | narrow MH share, cancelled included | share | {} |",data/reference/confirmatory_results.csv,int(d[(d.stratum=='C1_clean')&(d.spec=='sens_incl_cancelled')&(d.outcome=='mh_narrow_share_incl_cancelled')&(d.estimator=='OLS_share')]['n_episodes'].iloc[0]),{},"Phase I table cell (conf_sens_C1_sens_incl_cancelled_mh_narrow_share_incl_cancelled_share, episodes); generated by ops/phase_i_tables.py"
C471_conf_sens_C1_sens_incl_cancelled_mh_narrow_share_incl_cancelled_share_mean_paper_master,S1b,docs/PAPER_MASTER.md,"| C1 | cancelled dispositions included | narrow MH share, cancelled included | share | 15 | {} |",data/reference/confirmatory_results.csv,float(d[(d.stratum=='C1_clean')&(d.spec=='sens_incl_cancelled')&(d.outcome=='mh_narrow_share_incl_cancelled')&(d.estimator=='OLS_share')]['first_week_mean_coef'].iloc[0]),{:.5f},"Phase I table cell (conf_sens_C1_sens_incl_cancelled_mh_narrow_share_incl_cancelled_share, mean); generated by ops/phase_i_tables.py"
C471_conf_sens_C1_sens_incl_cancelled_mh_narrow_share_incl_cancelled_share_mean_supplement,S1b,docs/SUPPLEMENT.md,"| C1 | cancelled dispositions included | narrow MH share, cancelled included | share | 15 | {} |",data/reference/confirmatory_results.csv,float(d[(d.stratum=='C1_clean')&(d.spec=='sens_incl_cancelled')&(d.outcome=='mh_narrow_share_incl_cancelled')&(d.estimator=='OLS_share')]['first_week_mean_coef'].iloc[0]),{:.5f},"Phase I table cell (conf_sens_C1_sens_incl_cancelled_mh_narrow_share_incl_cancelled_share, mean); generated by ops/phase_i_tables.py"
C472_conf_sens_C1_sens_incl_cancelled_mh_narrow_share_incl_cancelled_share_p_ri_paper_master,S1b,docs/PAPER_MASTER.md,"| C1 | cancelled dispositions included | narrow MH share, cancelled included | share | 15 | −0.00105 | {} |",data/reference/confirmatory_results.csv,float(d[(d.stratum=='C1_clean')&(d.spec=='sens_incl_cancelled')&(d.outcome=='mh_narrow_share_incl_cancelled')&(d.estimator=='OLS_share')]['p_randomization'].iloc[0]),{:.4f},"Phase I table cell (conf_sens_C1_sens_incl_cancelled_mh_narrow_share_incl_cancelled_share, p_ri); generated by ops/phase_i_tables.py"
C472_conf_sens_C1_sens_incl_cancelled_mh_narrow_share_incl_cancelled_share_p_ri_supplement,S1b,docs/SUPPLEMENT.md,"| C1 | cancelled dispositions included | narrow MH share, cancelled included | share | 15 | −0.00105 | {} |",data/reference/confirmatory_results.csv,float(d[(d.stratum=='C1_clean')&(d.spec=='sens_incl_cancelled')&(d.outcome=='mh_narrow_share_incl_cancelled')&(d.estimator=='OLS_share')]['p_randomization'].iloc[0]),{:.4f},"Phase I table cell (conf_sens_C1_sens_incl_cancelled_mh_narrow_share_incl_cancelled_share, p_ri); generated by ops/phase_i_tables.py"
C473_conf_sens_C1_sens_incl_cancelled_mh_narrow_incl_cancelled_count_episodes_paper_master,S1b,docs/PAPER_MASTER.md,"| C1 | cancelled dispositions included | narrow MH count, cancelled included | count | {} |",data/reference/confirmatory_results.csv,int(d[(d.stratum=='C1_clean')&(d.spec=='sens_incl_cancelled')&(d.outcome=='mh_narrow_incl_cancelled')&(d.estimator=='PPML_count_offset')]['n_episodes'].iloc[0]),{},"Phase I table cell (conf_sens_C1_sens_incl_cancelled_mh_narrow_incl_cancelled_count, episodes); generated by ops/phase_i_tables.py"
C473_conf_sens_C1_sens_incl_cancelled_mh_narrow_incl_cancelled_count_episodes_supplement,S1b,docs/SUPPLEMENT.md,"| C1 | cancelled dispositions included | narrow MH count, cancelled included | count | {} |",data/reference/confirmatory_results.csv,int(d[(d.stratum=='C1_clean')&(d.spec=='sens_incl_cancelled')&(d.outcome=='mh_narrow_incl_cancelled')&(d.estimator=='PPML_count_offset')]['n_episodes'].iloc[0]),{},"Phase I table cell (conf_sens_C1_sens_incl_cancelled_mh_narrow_incl_cancelled_count, episodes); generated by ops/phase_i_tables.py"
C474_conf_sens_C1_sens_incl_cancelled_mh_narrow_incl_cancelled_count_mean_paper_master,S1b,docs/PAPER_MASTER.md,"| C1 | cancelled dispositions included | narrow MH count, cancelled included | count | 15 | {} |",data/reference/confirmatory_results.csv,float(d[(d.stratum=='C1_clean')&(d.spec=='sens_incl_cancelled')&(d.outcome=='mh_narrow_incl_cancelled')&(d.estimator=='PPML_count_offset')]['first_week_mean_coef'].iloc[0]),{:.5f},"Phase I table cell (conf_sens_C1_sens_incl_cancelled_mh_narrow_incl_cancelled_count, mean); generated by ops/phase_i_tables.py"
C474_conf_sens_C1_sens_incl_cancelled_mh_narrow_incl_cancelled_count_mean_supplement,S1b,docs/SUPPLEMENT.md,"| C1 | cancelled dispositions included | narrow MH count, cancelled included | count | 15 | {} |",data/reference/confirmatory_results.csv,float(d[(d.stratum=='C1_clean')&(d.spec=='sens_incl_cancelled')&(d.outcome=='mh_narrow_incl_cancelled')&(d.estimator=='PPML_count_offset')]['first_week_mean_coef'].iloc[0]),{:.5f},"Phase I table cell (conf_sens_C1_sens_incl_cancelled_mh_narrow_incl_cancelled_count, mean); generated by ops/phase_i_tables.py"
C475_conf_sens_C1_sens_incl_cancelled_mh_narrow_incl_cancelled_count_p_ri_paper_master,S1b,docs/PAPER_MASTER.md,"| C1 | cancelled dispositions included | narrow MH count, cancelled included | count | 15 | −0.00251 | {} |",data/reference/confirmatory_results.csv,float(d[(d.stratum=='C1_clean')&(d.spec=='sens_incl_cancelled')&(d.outcome=='mh_narrow_incl_cancelled')&(d.estimator=='PPML_count_offset')]['p_randomization'].iloc[0]),{:.4f},"Phase I table cell (conf_sens_C1_sens_incl_cancelled_mh_narrow_incl_cancelled_count, p_ri); generated by ops/phase_i_tables.py"
C475_conf_sens_C1_sens_incl_cancelled_mh_narrow_incl_cancelled_count_p_ri_supplement,S1b,docs/SUPPLEMENT.md,"| C1 | cancelled dispositions included | narrow MH count, cancelled included | count | 15 | −0.00251 | {} |",data/reference/confirmatory_results.csv,float(d[(d.stratum=='C1_clean')&(d.spec=='sens_incl_cancelled')&(d.outcome=='mh_narrow_incl_cancelled')&(d.estimator=='PPML_count_offset')]['p_randomization'].iloc[0]),{:.4f},"Phase I table cell (conf_sens_C1_sens_incl_cancelled_mh_narrow_incl_cancelled_count, p_ri); generated by ops/phase_i_tables.py"
C476_conf_sens_C2_sens_post28_edp_share_share_episodes_paper_master,S1b,docs/PAPER_MASTER.md,| C2 | post window 28 days | EDP share | share | {} |,data/reference/confirmatory_results.csv,int(d[(d.stratum=='C2_exposed')&(d.spec=='sens_post28')&(d.outcome=='edp_share')&(d.estimator=='OLS_share')]['n_episodes'].iloc[0]),{},"Phase I table cell (conf_sens_C2_sens_post28_edp_share_share, episodes); generated by ops/phase_i_tables.py"
C476_conf_sens_C2_sens_post28_edp_share_share_episodes_supplement,S1b,docs/SUPPLEMENT.md,| C2 | post window 28 days | EDP share | share | {} |,data/reference/confirmatory_results.csv,int(d[(d.stratum=='C2_exposed')&(d.spec=='sens_post28')&(d.outcome=='edp_share')&(d.estimator=='OLS_share')]['n_episodes'].iloc[0]),{},"Phase I table cell (conf_sens_C2_sens_post28_edp_share_share, episodes); generated by ops/phase_i_tables.py"
C477_conf_sens_C2_sens_post28_edp_share_share_mean_paper_master,S1b,docs/PAPER_MASTER.md,| C2 | post window 28 days | EDP share | share | 30 | {} |,data/reference/confirmatory_results.csv,float(d[(d.stratum=='C2_exposed')&(d.spec=='sens_post28')&(d.outcome=='edp_share')&(d.estimator=='OLS_share')]['first_week_mean_coef'].iloc[0]),{:.5f},"Phase I table cell (conf_sens_C2_sens_post28_edp_share_share, mean); generated by ops/phase_i_tables.py"
C477_conf_sens_C2_sens_post28_edp_share_share_mean_supplement,S1b,docs/SUPPLEMENT.md,| C2 | post window 28 days | EDP share | share | 30 | {} |,data/reference/confirmatory_results.csv,float(d[(d.stratum=='C2_exposed')&(d.spec=='sens_post28')&(d.outcome=='edp_share')&(d.estimator=='OLS_share')]['first_week_mean_coef'].iloc[0]),{:.5f},"Phase I table cell (conf_sens_C2_sens_post28_edp_share_share, mean); generated by ops/phase_i_tables.py"
C478_conf_sens_C2_sens_post28_edp_share_share_p_ri_paper_master,S1b,docs/PAPER_MASTER.md,| C2 | post window 28 days | EDP share | share | 30 | −0.00021 | {} |,data/reference/confirmatory_results.csv,float(d[(d.stratum=='C2_exposed')&(d.spec=='sens_post28')&(d.outcome=='edp_share')&(d.estimator=='OLS_share')]['p_randomization'].iloc[0]),{:.4f},"Phase I table cell (conf_sens_C2_sens_post28_edp_share_share, p_ri); generated by ops/phase_i_tables.py"
C478_conf_sens_C2_sens_post28_edp_share_share_p_ri_supplement,S1b,docs/SUPPLEMENT.md,| C2 | post window 28 days | EDP share | share | 30 | −0.00021 | {} |,data/reference/confirmatory_results.csv,float(d[(d.stratum=='C2_exposed')&(d.spec=='sens_post28')&(d.outcome=='edp_share')&(d.estimator=='OLS_share')]['p_randomization'].iloc[0]),{:.4f},"Phase I table cell (conf_sens_C2_sens_post28_edp_share_share, p_ri); generated by ops/phase_i_tables.py"
C479_conf_sens_C2_sens_post28_edp_count_episodes_paper_master,S1b,docs/PAPER_MASTER.md,| C2 | post window 28 days | EDP count | count | {} |,data/reference/confirmatory_results.csv,int(d[(d.stratum=='C2_exposed')&(d.spec=='sens_post28')&(d.outcome=='edp')&(d.estimator=='PPML_count_offset')]['n_episodes'].iloc[0]),{},"Phase I table cell (conf_sens_C2_sens_post28_edp_count, episodes); generated by ops/phase_i_tables.py"
C479_conf_sens_C2_sens_post28_edp_count_episodes_supplement,S1b,docs/SUPPLEMENT.md,| C2 | post window 28 days | EDP count | count | {} |,data/reference/confirmatory_results.csv,int(d[(d.stratum=='C2_exposed')&(d.spec=='sens_post28')&(d.outcome=='edp')&(d.estimator=='PPML_count_offset')]['n_episodes'].iloc[0]),{},"Phase I table cell (conf_sens_C2_sens_post28_edp_count, episodes); generated by ops/phase_i_tables.py"
C480_conf_sens_C2_sens_post28_edp_count_mean_paper_master,S1b,docs/PAPER_MASTER.md,| C2 | post window 28 days | EDP count | count | 30 | {} |,data/reference/confirmatory_results.csv,float(d[(d.stratum=='C2_exposed')&(d.spec=='sens_post28')&(d.outcome=='edp')&(d.estimator=='PPML_count_offset')]['first_week_mean_coef'].iloc[0]),{:.5f},"Phase I table cell (conf_sens_C2_sens_post28_edp_count, mean); generated by ops/phase_i_tables.py"
C480_conf_sens_C2_sens_post28_edp_count_mean_supplement,S1b,docs/SUPPLEMENT.md,| C2 | post window 28 days | EDP count | count | 30 | {} |,data/reference/confirmatory_results.csv,float(d[(d.stratum=='C2_exposed')&(d.spec=='sens_post28')&(d.outcome=='edp')&(d.estimator=='PPML_count_offset')]['first_week_mean_coef'].iloc[0]),{:.5f},"Phase I table cell (conf_sens_C2_sens_post28_edp_count, mean); generated by ops/phase_i_tables.py"
C481_conf_sens_C2_sens_post28_edp_count_p_ri_paper_master,S1b,docs/PAPER_MASTER.md,| C2 | post window 28 days | EDP count | count | 30 | 0.00572 | {} |,data/reference/confirmatory_results.csv,float(d[(d.stratum=='C2_exposed')&(d.spec=='sens_post28')&(d.outcome=='edp')&(d.estimator=='PPML_count_offset')]['p_randomization'].iloc[0]),{:.4f},"Phase I table cell (conf_sens_C2_sens_post28_edp_count, p_ri); generated by ops/phase_i_tables.py"
C481_conf_sens_C2_sens_post28_edp_count_p_ri_supplement,S1b,docs/SUPPLEMENT.md,| C2 | post window 28 days | EDP count | count | 30 | 0.00572 | {} |,data/reference/confirmatory_results.csv,float(d[(d.stratum=='C2_exposed')&(d.spec=='sens_post28')&(d.outcome=='edp')&(d.estimator=='PPML_count_offset')]['p_randomization'].iloc[0]),{:.4f},"Phase I table cell (conf_sens_C2_sens_post28_edp_count, p_ri); generated by ops/phase_i_tables.py"
C482_conf_sens_C2_sens_post28_mh_narrow_share_share_episodes_paper_master,S1b,docs/PAPER_MASTER.md,| C2 | post window 28 days | narrow MH share | share | {} |,data/reference/confirmatory_results.csv,int(d[(d.stratum=='C2_exposed')&(d.spec=='sens_post28')&(d.outcome=='mh_narrow_share')&(d.estimator=='OLS_share')]['n_episodes'].iloc[0]),{},"Phase I table cell (conf_sens_C2_sens_post28_mh_narrow_share_share, episodes); generated by ops/phase_i_tables.py"
C482_conf_sens_C2_sens_post28_mh_narrow_share_share_episodes_supplement,S1b,docs/SUPPLEMENT.md,| C2 | post window 28 days | narrow MH share | share | {} |,data/reference/confirmatory_results.csv,int(d[(d.stratum=='C2_exposed')&(d.spec=='sens_post28')&(d.outcome=='mh_narrow_share')&(d.estimator=='OLS_share')]['n_episodes'].iloc[0]),{},"Phase I table cell (conf_sens_C2_sens_post28_mh_narrow_share_share, episodes); generated by ops/phase_i_tables.py"
C483_conf_sens_C2_sens_post28_mh_narrow_share_share_mean_paper_master,S1b,docs/PAPER_MASTER.md,| C2 | post window 28 days | narrow MH share | share | 30 | {} |,data/reference/confirmatory_results.csv,float(d[(d.stratum=='C2_exposed')&(d.spec=='sens_post28')&(d.outcome=='mh_narrow_share')&(d.estimator=='OLS_share')]['first_week_mean_coef'].iloc[0]),{:.5f},"Phase I table cell (conf_sens_C2_sens_post28_mh_narrow_share_share, mean); generated by ops/phase_i_tables.py"
C483_conf_sens_C2_sens_post28_mh_narrow_share_share_mean_supplement,S1b,docs/SUPPLEMENT.md,| C2 | post window 28 days | narrow MH share | share | 30 | {} |,data/reference/confirmatory_results.csv,float(d[(d.stratum=='C2_exposed')&(d.spec=='sens_post28')&(d.outcome=='mh_narrow_share')&(d.estimator=='OLS_share')]['first_week_mean_coef'].iloc[0]),{:.5f},"Phase I table cell (conf_sens_C2_sens_post28_mh_narrow_share_share, mean); generated by ops/phase_i_tables.py"
C484_conf_sens_C2_sens_post28_mh_narrow_share_share_p_ri_paper_master,S1b,docs/PAPER_MASTER.md,| C2 | post window 28 days | narrow MH share | share | 30 | −0.00071 | {} |,data/reference/confirmatory_results.csv,float(d[(d.stratum=='C2_exposed')&(d.spec=='sens_post28')&(d.outcome=='mh_narrow_share')&(d.estimator=='OLS_share')]['p_randomization'].iloc[0]),{:.4f},"Phase I table cell (conf_sens_C2_sens_post28_mh_narrow_share_share, p_ri); generated by ops/phase_i_tables.py"
C484_conf_sens_C2_sens_post28_mh_narrow_share_share_p_ri_supplement,S1b,docs/SUPPLEMENT.md,| C2 | post window 28 days | narrow MH share | share | 30 | −0.00071 | {} |,data/reference/confirmatory_results.csv,float(d[(d.stratum=='C2_exposed')&(d.spec=='sens_post28')&(d.outcome=='mh_narrow_share')&(d.estimator=='OLS_share')]['p_randomization'].iloc[0]),{:.4f},"Phase I table cell (conf_sens_C2_sens_post28_mh_narrow_share_share, p_ri); generated by ops/phase_i_tables.py"
C485_conf_sens_C2_sens_post28_mh_narrow_count_episodes_paper_master,S1b,docs/PAPER_MASTER.md,| C2 | post window 28 days | narrow MH count | count | {} |,data/reference/confirmatory_results.csv,int(d[(d.stratum=='C2_exposed')&(d.spec=='sens_post28')&(d.outcome=='mh_narrow')&(d.estimator=='PPML_count_offset')]['n_episodes'].iloc[0]),{},"Phase I table cell (conf_sens_C2_sens_post28_mh_narrow_count, episodes); generated by ops/phase_i_tables.py"
C485_conf_sens_C2_sens_post28_mh_narrow_count_episodes_supplement,S1b,docs/SUPPLEMENT.md,| C2 | post window 28 days | narrow MH count | count | {} |,data/reference/confirmatory_results.csv,int(d[(d.stratum=='C2_exposed')&(d.spec=='sens_post28')&(d.outcome=='mh_narrow')&(d.estimator=='PPML_count_offset')]['n_episodes'].iloc[0]),{},"Phase I table cell (conf_sens_C2_sens_post28_mh_narrow_count, episodes); generated by ops/phase_i_tables.py"
C486_conf_sens_C2_sens_post28_mh_narrow_count_mean_paper_master,S1b,docs/PAPER_MASTER.md,| C2 | post window 28 days | narrow MH count | count | 30 | {} |,data/reference/confirmatory_results.csv,float(d[(d.stratum=='C2_exposed')&(d.spec=='sens_post28')&(d.outcome=='mh_narrow')&(d.estimator=='PPML_count_offset')]['first_week_mean_coef'].iloc[0]),{:.5f},"Phase I table cell (conf_sens_C2_sens_post28_mh_narrow_count, mean); generated by ops/phase_i_tables.py"
C486_conf_sens_C2_sens_post28_mh_narrow_count_mean_supplement,S1b,docs/SUPPLEMENT.md,| C2 | post window 28 days | narrow MH count | count | 30 | {} |,data/reference/confirmatory_results.csv,float(d[(d.stratum=='C2_exposed')&(d.spec=='sens_post28')&(d.outcome=='mh_narrow')&(d.estimator=='PPML_count_offset')]['first_week_mean_coef'].iloc[0]),{:.5f},"Phase I table cell (conf_sens_C2_sens_post28_mh_narrow_count, mean); generated by ops/phase_i_tables.py"
C487_conf_sens_C2_sens_post28_mh_narrow_count_p_ri_paper_master,S1b,docs/PAPER_MASTER.md,| C2 | post window 28 days | narrow MH count | count | 30 | 0.00183 | {} |,data/reference/confirmatory_results.csv,float(d[(d.stratum=='C2_exposed')&(d.spec=='sens_post28')&(d.outcome=='mh_narrow')&(d.estimator=='PPML_count_offset')]['p_randomization'].iloc[0]),{:.4f},"Phase I table cell (conf_sens_C2_sens_post28_mh_narrow_count, p_ri); generated by ops/phase_i_tables.py"
C487_conf_sens_C2_sens_post28_mh_narrow_count_p_ri_supplement,S1b,docs/SUPPLEMENT.md,| C2 | post window 28 days | narrow MH count | count | 30 | 0.00183 | {} |,data/reference/confirmatory_results.csv,float(d[(d.stratum=='C2_exposed')&(d.spec=='sens_post28')&(d.outcome=='mh_narrow')&(d.estimator=='PPML_count_offset')]['p_randomization'].iloc[0]),{:.4f},"Phase I table cell (conf_sens_C2_sens_post28_mh_narrow_count, p_ri); generated by ops/phase_i_tables.py"
C488_conf_sens_C2_sens_post60_edp_share_share_episodes_paper_master,S1b,docs/PAPER_MASTER.md,| C2 | post window 60 days | EDP share | share | {} |,data/reference/confirmatory_results.csv,int(d[(d.stratum=='C2_exposed')&(d.spec=='sens_post60')&(d.outcome=='edp_share')&(d.estimator=='OLS_share')]['n_episodes'].iloc[0]),{},"Phase I table cell (conf_sens_C2_sens_post60_edp_share_share, episodes); generated by ops/phase_i_tables.py"
C488_conf_sens_C2_sens_post60_edp_share_share_episodes_supplement,S1b,docs/SUPPLEMENT.md,| C2 | post window 60 days | EDP share | share | {} |,data/reference/confirmatory_results.csv,int(d[(d.stratum=='C2_exposed')&(d.spec=='sens_post60')&(d.outcome=='edp_share')&(d.estimator=='OLS_share')]['n_episodes'].iloc[0]),{},"Phase I table cell (conf_sens_C2_sens_post60_edp_share_share, episodes); generated by ops/phase_i_tables.py"
C489_conf_sens_C2_sens_post60_edp_share_share_mean_paper_master,S1b,docs/PAPER_MASTER.md,| C2 | post window 60 days | EDP share | share | 30 | {} |,data/reference/confirmatory_results.csv,float(d[(d.stratum=='C2_exposed')&(d.spec=='sens_post60')&(d.outcome=='edp_share')&(d.estimator=='OLS_share')]['first_week_mean_coef'].iloc[0]),{:.5f},"Phase I table cell (conf_sens_C2_sens_post60_edp_share_share, mean); generated by ops/phase_i_tables.py"
C489_conf_sens_C2_sens_post60_edp_share_share_mean_supplement,S1b,docs/SUPPLEMENT.md,| C2 | post window 60 days | EDP share | share | 30 | {} |,data/reference/confirmatory_results.csv,float(d[(d.stratum=='C2_exposed')&(d.spec=='sens_post60')&(d.outcome=='edp_share')&(d.estimator=='OLS_share')]['first_week_mean_coef'].iloc[0]),{:.5f},"Phase I table cell (conf_sens_C2_sens_post60_edp_share_share, mean); generated by ops/phase_i_tables.py"
C490_conf_sens_C2_sens_post60_edp_share_share_p_ri_paper_master,S1b,docs/PAPER_MASTER.md,| C2 | post window 60 days | EDP share | share | 30 | −0.00018 | {} |,data/reference/confirmatory_results.csv,float(d[(d.stratum=='C2_exposed')&(d.spec=='sens_post60')&(d.outcome=='edp_share')&(d.estimator=='OLS_share')]['p_randomization'].iloc[0]),{:.4f},"Phase I table cell (conf_sens_C2_sens_post60_edp_share_share, p_ri); generated by ops/phase_i_tables.py"
C490_conf_sens_C2_sens_post60_edp_share_share_p_ri_supplement,S1b,docs/SUPPLEMENT.md,| C2 | post window 60 days | EDP share | share | 30 | −0.00018 | {} |,data/reference/confirmatory_results.csv,float(d[(d.stratum=='C2_exposed')&(d.spec=='sens_post60')&(d.outcome=='edp_share')&(d.estimator=='OLS_share')]['p_randomization'].iloc[0]),{:.4f},"Phase I table cell (conf_sens_C2_sens_post60_edp_share_share, p_ri); generated by ops/phase_i_tables.py"
C491_conf_sens_C2_sens_post60_edp_count_episodes_paper_master,S1b,docs/PAPER_MASTER.md,| C2 | post window 60 days | EDP count | count | {} |,data/reference/confirmatory_results.csv,int(d[(d.stratum=='C2_exposed')&(d.spec=='sens_post60')&(d.outcome=='edp')&(d.estimator=='PPML_count_offset')]['n_episodes'].iloc[0]),{},"Phase I table cell (conf_sens_C2_sens_post60_edp_count, episodes); generated by ops/phase_i_tables.py"
C491_conf_sens_C2_sens_post60_edp_count_episodes_supplement,S1b,docs/SUPPLEMENT.md,| C2 | post window 60 days | EDP count | count | {} |,data/reference/confirmatory_results.csv,int(d[(d.stratum=='C2_exposed')&(d.spec=='sens_post60')&(d.outcome=='edp')&(d.estimator=='PPML_count_offset')]['n_episodes'].iloc[0]),{},"Phase I table cell (conf_sens_C2_sens_post60_edp_count, episodes); generated by ops/phase_i_tables.py"
C492_conf_sens_C2_sens_post60_edp_count_mean_paper_master,S1b,docs/PAPER_MASTER.md,| C2 | post window 60 days | EDP count | count | 30 | {} |,data/reference/confirmatory_results.csv,float(d[(d.stratum=='C2_exposed')&(d.spec=='sens_post60')&(d.outcome=='edp')&(d.estimator=='PPML_count_offset')]['first_week_mean_coef'].iloc[0]),{:.5f},"Phase I table cell (conf_sens_C2_sens_post60_edp_count, mean); generated by ops/phase_i_tables.py"
C492_conf_sens_C2_sens_post60_edp_count_mean_supplement,S1b,docs/SUPPLEMENT.md,| C2 | post window 60 days | EDP count | count | 30 | {} |,data/reference/confirmatory_results.csv,float(d[(d.stratum=='C2_exposed')&(d.spec=='sens_post60')&(d.outcome=='edp')&(d.estimator=='PPML_count_offset')]['first_week_mean_coef'].iloc[0]),{:.5f},"Phase I table cell (conf_sens_C2_sens_post60_edp_count, mean); generated by ops/phase_i_tables.py"
C493_conf_sens_C2_sens_post60_edp_count_p_ri_paper_master,S1b,docs/PAPER_MASTER.md,| C2 | post window 60 days | EDP count | count | 30 | 0.00545 | {} |,data/reference/confirmatory_results.csv,float(d[(d.stratum=='C2_exposed')&(d.spec=='sens_post60')&(d.outcome=='edp')&(d.estimator=='PPML_count_offset')]['p_randomization'].iloc[0]),{:.4f},"Phase I table cell (conf_sens_C2_sens_post60_edp_count, p_ri); generated by ops/phase_i_tables.py"
C493_conf_sens_C2_sens_post60_edp_count_p_ri_supplement,S1b,docs/SUPPLEMENT.md,| C2 | post window 60 days | EDP count | count | 30 | 0.00545 | {} |,data/reference/confirmatory_results.csv,float(d[(d.stratum=='C2_exposed')&(d.spec=='sens_post60')&(d.outcome=='edp')&(d.estimator=='PPML_count_offset')]['p_randomization'].iloc[0]),{:.4f},"Phase I table cell (conf_sens_C2_sens_post60_edp_count, p_ri); generated by ops/phase_i_tables.py"
C494_conf_sens_C2_sens_post60_mh_narrow_share_share_episodes_paper_master,S1b,docs/PAPER_MASTER.md,| C2 | post window 60 days | narrow MH share | share | {} |,data/reference/confirmatory_results.csv,int(d[(d.stratum=='C2_exposed')&(d.spec=='sens_post60')&(d.outcome=='mh_narrow_share')&(d.estimator=='OLS_share')]['n_episodes'].iloc[0]),{},"Phase I table cell (conf_sens_C2_sens_post60_mh_narrow_share_share, episodes); generated by ops/phase_i_tables.py"
C494_conf_sens_C2_sens_post60_mh_narrow_share_share_episodes_supplement,S1b,docs/SUPPLEMENT.md,| C2 | post window 60 days | narrow MH share | share | {} |,data/reference/confirmatory_results.csv,int(d[(d.stratum=='C2_exposed')&(d.spec=='sens_post60')&(d.outcome=='mh_narrow_share')&(d.estimator=='OLS_share')]['n_episodes'].iloc[0]),{},"Phase I table cell (conf_sens_C2_sens_post60_mh_narrow_share_share, episodes); generated by ops/phase_i_tables.py"
C495_conf_sens_C2_sens_post60_mh_narrow_share_share_mean_paper_master,S1b,docs/PAPER_MASTER.md,| C2 | post window 60 days | narrow MH share | share | 30 | {} |,data/reference/confirmatory_results.csv,float(d[(d.stratum=='C2_exposed')&(d.spec=='sens_post60')&(d.outcome=='mh_narrow_share')&(d.estimator=='OLS_share')]['first_week_mean_coef'].iloc[0]),{:.5f},"Phase I table cell (conf_sens_C2_sens_post60_mh_narrow_share_share, mean); generated by ops/phase_i_tables.py"
C495_conf_sens_C2_sens_post60_mh_narrow_share_share_mean_supplement,S1b,docs/SUPPLEMENT.md,| C2 | post window 60 days | narrow MH share | share | 30 | {} |,data/reference/confirmatory_results.csv,float(d[(d.stratum=='C2_exposed')&(d.spec=='sens_post60')&(d.outcome=='mh_narrow_share')&(d.estimator=='OLS_share')]['first_week_mean_coef'].iloc[0]),{:.5f},"Phase I table cell (conf_sens_C2_sens_post60_mh_narrow_share_share, mean); generated by ops/phase_i_tables.py"
C496_conf_sens_C2_sens_post60_mh_narrow_share_share_p_ri_paper_master,S1b,docs/PAPER_MASTER.md,| C2 | post window 60 days | narrow MH share | share | 30 | −0.00071 | {} |,data/reference/confirmatory_results.csv,float(d[(d.stratum=='C2_exposed')&(d.spec=='sens_post60')&(d.outcome=='mh_narrow_share')&(d.estimator=='OLS_share')]['p_randomization'].iloc[0]),{:.4f},"Phase I table cell (conf_sens_C2_sens_post60_mh_narrow_share_share, p_ri); generated by ops/phase_i_tables.py"
C496_conf_sens_C2_sens_post60_mh_narrow_share_share_p_ri_supplement,S1b,docs/SUPPLEMENT.md,| C2 | post window 60 days | narrow MH share | share | 30 | −0.00071 | {} |,data/reference/confirmatory_results.csv,float(d[(d.stratum=='C2_exposed')&(d.spec=='sens_post60')&(d.outcome=='mh_narrow_share')&(d.estimator=='OLS_share')]['p_randomization'].iloc[0]),{:.4f},"Phase I table cell (conf_sens_C2_sens_post60_mh_narrow_share_share, p_ri); generated by ops/phase_i_tables.py"
C497_conf_sens_C2_sens_post60_mh_narrow_count_episodes_paper_master,S1b,docs/PAPER_MASTER.md,| C2 | post window 60 days | narrow MH count | count | {} |,data/reference/confirmatory_results.csv,int(d[(d.stratum=='C2_exposed')&(d.spec=='sens_post60')&(d.outcome=='mh_narrow')&(d.estimator=='PPML_count_offset')]['n_episodes'].iloc[0]),{},"Phase I table cell (conf_sens_C2_sens_post60_mh_narrow_count, episodes); generated by ops/phase_i_tables.py"
C497_conf_sens_C2_sens_post60_mh_narrow_count_episodes_supplement,S1b,docs/SUPPLEMENT.md,| C2 | post window 60 days | narrow MH count | count | {} |,data/reference/confirmatory_results.csv,int(d[(d.stratum=='C2_exposed')&(d.spec=='sens_post60')&(d.outcome=='mh_narrow')&(d.estimator=='PPML_count_offset')]['n_episodes'].iloc[0]),{},"Phase I table cell (conf_sens_C2_sens_post60_mh_narrow_count, episodes); generated by ops/phase_i_tables.py"
C498_conf_sens_C2_sens_post60_mh_narrow_count_mean_paper_master,S1b,docs/PAPER_MASTER.md,| C2 | post window 60 days | narrow MH count | count | 30 | {} |,data/reference/confirmatory_results.csv,float(d[(d.stratum=='C2_exposed')&(d.spec=='sens_post60')&(d.outcome=='mh_narrow')&(d.estimator=='PPML_count_offset')]['first_week_mean_coef'].iloc[0]),{:.5f},"Phase I table cell (conf_sens_C2_sens_post60_mh_narrow_count, mean); generated by ops/phase_i_tables.py"
C498_conf_sens_C2_sens_post60_mh_narrow_count_mean_supplement,S1b,docs/SUPPLEMENT.md,| C2 | post window 60 days | narrow MH count | count | 30 | {} |,data/reference/confirmatory_results.csv,float(d[(d.stratum=='C2_exposed')&(d.spec=='sens_post60')&(d.outcome=='mh_narrow')&(d.estimator=='PPML_count_offset')]['first_week_mean_coef'].iloc[0]),{:.5f},"Phase I table cell (conf_sens_C2_sens_post60_mh_narrow_count, mean); generated by ops/phase_i_tables.py"
C499_conf_sens_C2_sens_post60_mh_narrow_count_p_ri_paper_master,S1b,docs/PAPER_MASTER.md,| C2 | post window 60 days | narrow MH count | count | 30 | 0.00136 | {} |,data/reference/confirmatory_results.csv,float(d[(d.stratum=='C2_exposed')&(d.spec=='sens_post60')&(d.outcome=='mh_narrow')&(d.estimator=='PPML_count_offset')]['p_randomization'].iloc[0]),{:.4f},"Phase I table cell (conf_sens_C2_sens_post60_mh_narrow_count, p_ri); generated by ops/phase_i_tables.py"
C499_conf_sens_C2_sens_post60_mh_narrow_count_p_ri_supplement,S1b,docs/SUPPLEMENT.md,| C2 | post window 60 days | narrow MH count | count | 30 | 0.00136 | {} |,data/reference/confirmatory_results.csv,float(d[(d.stratum=='C2_exposed')&(d.spec=='sens_post60')&(d.outcome=='mh_narrow')&(d.estimator=='PPML_count_offset')]['p_randomization'].iloc[0]),{:.4f},"Phase I table cell (conf_sens_C2_sens_post60_mh_narrow_count, p_ri); generated by ops/phase_i_tables.py"
C500_conf_sens_C2_sens_broad_basket_edp_share_share_episodes_paper_master,S1b,docs/PAPER_MASTER.md,| C2 | broad basket | EDP share | share | {} |,data/reference/confirmatory_results.csv,int(d[(d.stratum=='C2_exposed')&(d.spec=='sens_broad_basket')&(d.outcome=='edp_share')&(d.estimator=='OLS_share')]['n_episodes'].iloc[0]),{},"Phase I table cell (conf_sens_C2_sens_broad_basket_edp_share_share, episodes); generated by ops/phase_i_tables.py"
C500_conf_sens_C2_sens_broad_basket_edp_share_share_episodes_supplement,S1b,docs/SUPPLEMENT.md,| C2 | broad basket | EDP share | share | {} |,data/reference/confirmatory_results.csv,int(d[(d.stratum=='C2_exposed')&(d.spec=='sens_broad_basket')&(d.outcome=='edp_share')&(d.estimator=='OLS_share')]['n_episodes'].iloc[0]),{},"Phase I table cell (conf_sens_C2_sens_broad_basket_edp_share_share, episodes); generated by ops/phase_i_tables.py"
C501_conf_sens_C2_sens_broad_basket_edp_share_share_mean_paper_master,S1b,docs/PAPER_MASTER.md,| C2 | broad basket | EDP share | share | 31 | {} |,data/reference/confirmatory_results.csv,float(d[(d.stratum=='C2_exposed')&(d.spec=='sens_broad_basket')&(d.outcome=='edp_share')&(d.estimator=='OLS_share')]['first_week_mean_coef'].iloc[0]),{:.5f},"Phase I table cell (conf_sens_C2_sens_broad_basket_edp_share_share, mean); generated by ops/phase_i_tables.py"
C501_conf_sens_C2_sens_broad_basket_edp_share_share_mean_supplement,S1b,docs/SUPPLEMENT.md,| C2 | broad basket | EDP share | share | 31 | {} |,data/reference/confirmatory_results.csv,float(d[(d.stratum=='C2_exposed')&(d.spec=='sens_broad_basket')&(d.outcome=='edp_share')&(d.estimator=='OLS_share')]['first_week_mean_coef'].iloc[0]),{:.5f},"Phase I table cell (conf_sens_C2_sens_broad_basket_edp_share_share, mean); generated by ops/phase_i_tables.py"
C502_conf_sens_C2_sens_broad_basket_edp_share_share_p_ri_paper_master,S1b,docs/PAPER_MASTER.md,| C2 | broad basket | EDP share | share | 31 | 0.00023 | {} |,data/reference/confirmatory_results.csv,float(d[(d.stratum=='C2_exposed')&(d.spec=='sens_broad_basket')&(d.outcome=='edp_share')&(d.estimator=='OLS_share')]['p_randomization'].iloc[0]),{:.4f},"Phase I table cell (conf_sens_C2_sens_broad_basket_edp_share_share, p_ri); generated by ops/phase_i_tables.py"
C502_conf_sens_C2_sens_broad_basket_edp_share_share_p_ri_supplement,S1b,docs/SUPPLEMENT.md,| C2 | broad basket | EDP share | share | 31 | 0.00023 | {} |,data/reference/confirmatory_results.csv,float(d[(d.stratum=='C2_exposed')&(d.spec=='sens_broad_basket')&(d.outcome=='edp_share')&(d.estimator=='OLS_share')]['p_randomization'].iloc[0]),{:.4f},"Phase I table cell (conf_sens_C2_sens_broad_basket_edp_share_share, p_ri); generated by ops/phase_i_tables.py"
C503_conf_sens_C2_sens_broad_basket_edp_count_episodes_paper_master,S1b,docs/PAPER_MASTER.md,| C2 | broad basket | EDP count | count | {} |,data/reference/confirmatory_results.csv,int(d[(d.stratum=='C2_exposed')&(d.spec=='sens_broad_basket')&(d.outcome=='edp')&(d.estimator=='PPML_count_offset')]['n_episodes'].iloc[0]),{},"Phase I table cell (conf_sens_C2_sens_broad_basket_edp_count, episodes); generated by ops/phase_i_tables.py"
C503_conf_sens_C2_sens_broad_basket_edp_count_episodes_supplement,S1b,docs/SUPPLEMENT.md,| C2 | broad basket | EDP count | count | {} |,data/reference/confirmatory_results.csv,int(d[(d.stratum=='C2_exposed')&(d.spec=='sens_broad_basket')&(d.outcome=='edp')&(d.estimator=='PPML_count_offset')]['n_episodes'].iloc[0]),{},"Phase I table cell (conf_sens_C2_sens_broad_basket_edp_count, episodes); generated by ops/phase_i_tables.py"
C504_conf_sens_C2_sens_broad_basket_edp_count_mean_paper_master,S1b,docs/PAPER_MASTER.md,| C2 | broad basket | EDP count | count | 31 | {} |,data/reference/confirmatory_results.csv,float(d[(d.stratum=='C2_exposed')&(d.spec=='sens_broad_basket')&(d.outcome=='edp')&(d.estimator=='PPML_count_offset')]['first_week_mean_coef'].iloc[0]),{:.5f},"Phase I table cell (conf_sens_C2_sens_broad_basket_edp_count, mean); generated by ops/phase_i_tables.py"
C504_conf_sens_C2_sens_broad_basket_edp_count_mean_supplement,S1b,docs/SUPPLEMENT.md,| C2 | broad basket | EDP count | count | 31 | {} |,data/reference/confirmatory_results.csv,float(d[(d.stratum=='C2_exposed')&(d.spec=='sens_broad_basket')&(d.outcome=='edp')&(d.estimator=='PPML_count_offset')]['first_week_mean_coef'].iloc[0]),{:.5f},"Phase I table cell (conf_sens_C2_sens_broad_basket_edp_count, mean); generated by ops/phase_i_tables.py"
C505_conf_sens_C2_sens_broad_basket_edp_count_p_ri_paper_master,S1b,docs/PAPER_MASTER.md,| C2 | broad basket | EDP count | count | 31 | 0.00786 | {} |,data/reference/confirmatory_results.csv,float(d[(d.stratum=='C2_exposed')&(d.spec=='sens_broad_basket')&(d.outcome=='edp')&(d.estimator=='PPML_count_offset')]['p_randomization'].iloc[0]),{:.4f},"Phase I table cell (conf_sens_C2_sens_broad_basket_edp_count, p_ri); generated by ops/phase_i_tables.py"
C505_conf_sens_C2_sens_broad_basket_edp_count_p_ri_supplement,S1b,docs/SUPPLEMENT.md,| C2 | broad basket | EDP count | count | 31 | 0.00786 | {} |,data/reference/confirmatory_results.csv,float(d[(d.stratum=='C2_exposed')&(d.spec=='sens_broad_basket')&(d.outcome=='edp')&(d.estimator=='PPML_count_offset')]['p_randomization'].iloc[0]),{:.4f},"Phase I table cell (conf_sens_C2_sens_broad_basket_edp_count, p_ri); generated by ops/phase_i_tables.py"
C506_conf_sens_C2_sens_broad_basket_mh_narrow_share_share_episodes_paper_master,S1b,docs/PAPER_MASTER.md,| C2 | broad basket | narrow MH share | share | {} |,data/reference/confirmatory_results.csv,int(d[(d.stratum=='C2_exposed')&(d.spec=='sens_broad_basket')&(d.outcome=='mh_narrow_share')&(d.estimator=='OLS_share')]['n_episodes'].iloc[0]),{},"Phase I table cell (conf_sens_C2_sens_broad_basket_mh_narrow_share_share, episodes); generated by ops/phase_i_tables.py"
C506_conf_sens_C2_sens_broad_basket_mh_narrow_share_share_episodes_supplement,S1b,docs/SUPPLEMENT.md,| C2 | broad basket | narrow MH share | share | {} |,data/reference/confirmatory_results.csv,int(d[(d.stratum=='C2_exposed')&(d.spec=='sens_broad_basket')&(d.outcome=='mh_narrow_share')&(d.estimator=='OLS_share')]['n_episodes'].iloc[0]),{},"Phase I table cell (conf_sens_C2_sens_broad_basket_mh_narrow_share_share, episodes); generated by ops/phase_i_tables.py"
C507_conf_sens_C2_sens_broad_basket_mh_narrow_share_share_mean_paper_master,S1b,docs/PAPER_MASTER.md,| C2 | broad basket | narrow MH share | share | 31 | {} |,data/reference/confirmatory_results.csv,float(d[(d.stratum=='C2_exposed')&(d.spec=='sens_broad_basket')&(d.outcome=='mh_narrow_share')&(d.estimator=='OLS_share')]['first_week_mean_coef'].iloc[0]),{:.5f},"Phase I table cell (conf_sens_C2_sens_broad_basket_mh_narrow_share_share, mean); generated by ops/phase_i_tables.py"
C507_conf_sens_C2_sens_broad_basket_mh_narrow_share_share_mean_supplement,S1b,docs/SUPPLEMENT.md,| C2 | broad basket | narrow MH share | share | 31 | {} |,data/reference/confirmatory_results.csv,float(d[(d.stratum=='C2_exposed')&(d.spec=='sens_broad_basket')&(d.outcome=='mh_narrow_share')&(d.estimator=='OLS_share')]['first_week_mean_coef'].iloc[0]),{:.5f},"Phase I table cell (conf_sens_C2_sens_broad_basket_mh_narrow_share_share, mean); generated by ops/phase_i_tables.py"
C508_conf_sens_C2_sens_broad_basket_mh_narrow_share_share_p_ri_paper_master,S1b,docs/PAPER_MASTER.md,| C2 | broad basket | narrow MH share | share | 31 | −0.00021 | {} |,data/reference/confirmatory_results.csv,float(d[(d.stratum=='C2_exposed')&(d.spec=='sens_broad_basket')&(d.outcome=='mh_narrow_share')&(d.estimator=='OLS_share')]['p_randomization'].iloc[0]),{:.4f},"Phase I table cell (conf_sens_C2_sens_broad_basket_mh_narrow_share_share, p_ri); generated by ops/phase_i_tables.py"
C508_conf_sens_C2_sens_broad_basket_mh_narrow_share_share_p_ri_supplement,S1b,docs/SUPPLEMENT.md,| C2 | broad basket | narrow MH share | share | 31 | −0.00021 | {} |,data/reference/confirmatory_results.csv,float(d[(d.stratum=='C2_exposed')&(d.spec=='sens_broad_basket')&(d.outcome=='mh_narrow_share')&(d.estimator=='OLS_share')]['p_randomization'].iloc[0]),{:.4f},"Phase I table cell (conf_sens_C2_sens_broad_basket_mh_narrow_share_share, p_ri); generated by ops/phase_i_tables.py"
C509_conf_sens_C2_sens_broad_basket_mh_narrow_count_episodes_paper_master,S1b,docs/PAPER_MASTER.md,| C2 | broad basket | narrow MH count | count | {} |,data/reference/confirmatory_results.csv,int(d[(d.stratum=='C2_exposed')&(d.spec=='sens_broad_basket')&(d.outcome=='mh_narrow')&(d.estimator=='PPML_count_offset')]['n_episodes'].iloc[0]),{},"Phase I table cell (conf_sens_C2_sens_broad_basket_mh_narrow_count, episodes); generated by ops/phase_i_tables.py"
C509_conf_sens_C2_sens_broad_basket_mh_narrow_count_episodes_supplement,S1b,docs/SUPPLEMENT.md,| C2 | broad basket | narrow MH count | count | {} |,data/reference/confirmatory_results.csv,int(d[(d.stratum=='C2_exposed')&(d.spec=='sens_broad_basket')&(d.outcome=='mh_narrow')&(d.estimator=='PPML_count_offset')]['n_episodes'].iloc[0]),{},"Phase I table cell (conf_sens_C2_sens_broad_basket_mh_narrow_count, episodes); generated by ops/phase_i_tables.py"
C510_conf_sens_C2_sens_broad_basket_mh_narrow_count_mean_paper_master,S1b,docs/PAPER_MASTER.md,| C2 | broad basket | narrow MH count | count | 31 | {} |,data/reference/confirmatory_results.csv,float(d[(d.stratum=='C2_exposed')&(d.spec=='sens_broad_basket')&(d.outcome=='mh_narrow')&(d.estimator=='PPML_count_offset')]['first_week_mean_coef'].iloc[0]),{:.5f},"Phase I table cell (conf_sens_C2_sens_broad_basket_mh_narrow_count, mean); generated by ops/phase_i_tables.py"
C510_conf_sens_C2_sens_broad_basket_mh_narrow_count_mean_supplement,S1b,docs/SUPPLEMENT.md,| C2 | broad basket | narrow MH count | count | 31 | {} |,data/reference/confirmatory_results.csv,float(d[(d.stratum=='C2_exposed')&(d.spec=='sens_broad_basket')&(d.outcome=='mh_narrow')&(d.estimator=='PPML_count_offset')]['first_week_mean_coef'].iloc[0]),{:.5f},"Phase I table cell (conf_sens_C2_sens_broad_basket_mh_narrow_count, mean); generated by ops/phase_i_tables.py"
C511_conf_sens_C2_sens_broad_basket_mh_narrow_count_p_ri_paper_master,S1b,docs/PAPER_MASTER.md,| C2 | broad basket | narrow MH count | count | 31 | 0.00375 | {} |,data/reference/confirmatory_results.csv,float(d[(d.stratum=='C2_exposed')&(d.spec=='sens_broad_basket')&(d.outcome=='mh_narrow')&(d.estimator=='PPML_count_offset')]['p_randomization'].iloc[0]),{:.4f},"Phase I table cell (conf_sens_C2_sens_broad_basket_mh_narrow_count, p_ri); generated by ops/phase_i_tables.py"
C511_conf_sens_C2_sens_broad_basket_mh_narrow_count_p_ri_supplement,S1b,docs/SUPPLEMENT.md,| C2 | broad basket | narrow MH count | count | 31 | 0.00375 | {} |,data/reference/confirmatory_results.csv,float(d[(d.stratum=='C2_exposed')&(d.spec=='sens_broad_basket')&(d.outcome=='mh_narrow')&(d.estimator=='PPML_count_offset')]['p_randomization'].iloc[0]),{:.4f},"Phase I table cell (conf_sens_C2_sens_broad_basket_mh_narrow_count, p_ri); generated by ops/phase_i_tables.py"
C512_conf_sens_C2_sens_spliced_wiki_edp_share_share_episodes_paper_master,S1b,docs/PAPER_MASTER.md,| C2 | spliced Wikipedia series | EDP share | share | {} |,data/reference/confirmatory_results.csv,int(d[(d.stratum=='C2_exposed')&(d.spec=='sens_spliced_wiki')&(d.outcome=='edp_share')&(d.estimator=='OLS_share')]['n_episodes'].iloc[0]),{},"Phase I table cell (conf_sens_C2_sens_spliced_wiki_edp_share_share, episodes); generated by ops/phase_i_tables.py"
C512_conf_sens_C2_sens_spliced_wiki_edp_share_share_episodes_supplement,S1b,docs/SUPPLEMENT.md,| C2 | spliced Wikipedia series | EDP share | share | {} |,data/reference/confirmatory_results.csv,int(d[(d.stratum=='C2_exposed')&(d.spec=='sens_spliced_wiki')&(d.outcome=='edp_share')&(d.estimator=='OLS_share')]['n_episodes'].iloc[0]),{},"Phase I table cell (conf_sens_C2_sens_spliced_wiki_edp_share_share, episodes); generated by ops/phase_i_tables.py"
C513_conf_sens_C2_sens_spliced_wiki_edp_share_share_mean_paper_master,S1b,docs/PAPER_MASTER.md,| C2 | spliced Wikipedia series | EDP share | share | 30 | {} |,data/reference/confirmatory_results.csv,float(d[(d.stratum=='C2_exposed')&(d.spec=='sens_spliced_wiki')&(d.outcome=='edp_share')&(d.estimator=='OLS_share')]['first_week_mean_coef'].iloc[0]),{:.5f},"Phase I table cell (conf_sens_C2_sens_spliced_wiki_edp_share_share, mean); generated by ops/phase_i_tables.py"
C513_conf_sens_C2_sens_spliced_wiki_edp_share_share_mean_supplement,S1b,docs/SUPPLEMENT.md,| C2 | spliced Wikipedia series | EDP share | share | 30 | {} |,data/reference/confirmatory_results.csv,float(d[(d.stratum=='C2_exposed')&(d.spec=='sens_spliced_wiki')&(d.outcome=='edp_share')&(d.estimator=='OLS_share')]['first_week_mean_coef'].iloc[0]),{:.5f},"Phase I table cell (conf_sens_C2_sens_spliced_wiki_edp_share_share, mean); generated by ops/phase_i_tables.py"
C514_conf_sens_C2_sens_spliced_wiki_edp_share_share_p_ri_paper_master,S1b,docs/PAPER_MASTER.md,| C2 | spliced Wikipedia series | EDP share | share | 30 | 0.00004 | {} |,data/reference/confirmatory_results.csv,float(d[(d.stratum=='C2_exposed')&(d.spec=='sens_spliced_wiki')&(d.outcome=='edp_share')&(d.estimator=='OLS_share')]['p_randomization'].iloc[0]),{:.4f},"Phase I table cell (conf_sens_C2_sens_spliced_wiki_edp_share_share, p_ri); generated by ops/phase_i_tables.py"
C514_conf_sens_C2_sens_spliced_wiki_edp_share_share_p_ri_supplement,S1b,docs/SUPPLEMENT.md,| C2 | spliced Wikipedia series | EDP share | share | 30 | 0.00004 | {} |,data/reference/confirmatory_results.csv,float(d[(d.stratum=='C2_exposed')&(d.spec=='sens_spliced_wiki')&(d.outcome=='edp_share')&(d.estimator=='OLS_share')]['p_randomization'].iloc[0]),{:.4f},"Phase I table cell (conf_sens_C2_sens_spliced_wiki_edp_share_share, p_ri); generated by ops/phase_i_tables.py"
C515_conf_sens_C2_sens_spliced_wiki_edp_count_episodes_paper_master,S1b,docs/PAPER_MASTER.md,| C2 | spliced Wikipedia series | EDP count | count | {} |,data/reference/confirmatory_results.csv,int(d[(d.stratum=='C2_exposed')&(d.spec=='sens_spliced_wiki')&(d.outcome=='edp')&(d.estimator=='PPML_count_offset')]['n_episodes'].iloc[0]),{},"Phase I table cell (conf_sens_C2_sens_spliced_wiki_edp_count, episodes); generated by ops/phase_i_tables.py"
C515_conf_sens_C2_sens_spliced_wiki_edp_count_episodes_supplement,S1b,docs/SUPPLEMENT.md,| C2 | spliced Wikipedia series | EDP count | count | {} |,data/reference/confirmatory_results.csv,int(d[(d.stratum=='C2_exposed')&(d.spec=='sens_spliced_wiki')&(d.outcome=='edp')&(d.estimator=='PPML_count_offset')]['n_episodes'].iloc[0]),{},"Phase I table cell (conf_sens_C2_sens_spliced_wiki_edp_count, episodes); generated by ops/phase_i_tables.py"
C516_conf_sens_C2_sens_spliced_wiki_edp_count_mean_paper_master,S1b,docs/PAPER_MASTER.md,| C2 | spliced Wikipedia series | EDP count | count | 30 | {} |,data/reference/confirmatory_results.csv,float(d[(d.stratum=='C2_exposed')&(d.spec=='sens_spliced_wiki')&(d.outcome=='edp')&(d.estimator=='PPML_count_offset')]['first_week_mean_coef'].iloc[0]),{:.5f},"Phase I table cell (conf_sens_C2_sens_spliced_wiki_edp_count, mean); generated by ops/phase_i_tables.py"
C516_conf_sens_C2_sens_spliced_wiki_edp_count_mean_supplement,S1b,docs/SUPPLEMENT.md,| C2 | spliced Wikipedia series | EDP count | count | 30 | {} |,data/reference/confirmatory_results.csv,float(d[(d.stratum=='C2_exposed')&(d.spec=='sens_spliced_wiki')&(d.outcome=='edp')&(d.estimator=='PPML_count_offset')]['first_week_mean_coef'].iloc[0]),{:.5f},"Phase I table cell (conf_sens_C2_sens_spliced_wiki_edp_count, mean); generated by ops/phase_i_tables.py"
C517_conf_sens_C2_sens_spliced_wiki_edp_count_p_ri_paper_master,S1b,docs/PAPER_MASTER.md,| C2 | spliced Wikipedia series | EDP count | count | 30 | 0.00723 | {} |,data/reference/confirmatory_results.csv,float(d[(d.stratum=='C2_exposed')&(d.spec=='sens_spliced_wiki')&(d.outcome=='edp')&(d.estimator=='PPML_count_offset')]['p_randomization'].iloc[0]),{:.4f},"Phase I table cell (conf_sens_C2_sens_spliced_wiki_edp_count, p_ri); generated by ops/phase_i_tables.py"
C517_conf_sens_C2_sens_spliced_wiki_edp_count_p_ri_supplement,S1b,docs/SUPPLEMENT.md,| C2 | spliced Wikipedia series | EDP count | count | 30 | 0.00723 | {} |,data/reference/confirmatory_results.csv,float(d[(d.stratum=='C2_exposed')&(d.spec=='sens_spliced_wiki')&(d.outcome=='edp')&(d.estimator=='PPML_count_offset')]['p_randomization'].iloc[0]),{:.4f},"Phase I table cell (conf_sens_C2_sens_spliced_wiki_edp_count, p_ri); generated by ops/phase_i_tables.py"
C518_conf_sens_C2_sens_spliced_wiki_mh_narrow_share_share_episodes_paper_master,S1b,docs/PAPER_MASTER.md,| C2 | spliced Wikipedia series | narrow MH share | share | {} |,data/reference/confirmatory_results.csv,int(d[(d.stratum=='C2_exposed')&(d.spec=='sens_spliced_wiki')&(d.outcome=='mh_narrow_share')&(d.estimator=='OLS_share')]['n_episodes'].iloc[0]),{},"Phase I table cell (conf_sens_C2_sens_spliced_wiki_mh_narrow_share_share, episodes); generated by ops/phase_i_tables.py"
C518_conf_sens_C2_sens_spliced_wiki_mh_narrow_share_share_episodes_supplement,S1b,docs/SUPPLEMENT.md,| C2 | spliced Wikipedia series | narrow MH share | share | {} |,data/reference/confirmatory_results.csv,int(d[(d.stratum=='C2_exposed')&(d.spec=='sens_spliced_wiki')&(d.outcome=='mh_narrow_share')&(d.estimator=='OLS_share')]['n_episodes'].iloc[0]),{},"Phase I table cell (conf_sens_C2_sens_spliced_wiki_mh_narrow_share_share, episodes); generated by ops/phase_i_tables.py"
C519_conf_sens_C2_sens_spliced_wiki_mh_narrow_share_share_mean_paper_master,S1b,docs/PAPER_MASTER.md,| C2 | spliced Wikipedia series | narrow MH share | share | 30 | {} |,data/reference/confirmatory_results.csv,float(d[(d.stratum=='C2_exposed')&(d.spec=='sens_spliced_wiki')&(d.outcome=='mh_narrow_share')&(d.estimator=='OLS_share')]['first_week_mean_coef'].iloc[0]),{:.5f},"Phase I table cell (conf_sens_C2_sens_spliced_wiki_mh_narrow_share_share, mean); generated by ops/phase_i_tables.py"
C519_conf_sens_C2_sens_spliced_wiki_mh_narrow_share_share_mean_supplement,S1b,docs/SUPPLEMENT.md,| C2 | spliced Wikipedia series | narrow MH share | share | 30 | {} |,data/reference/confirmatory_results.csv,float(d[(d.stratum=='C2_exposed')&(d.spec=='sens_spliced_wiki')&(d.outcome=='mh_narrow_share')&(d.estimator=='OLS_share')]['first_week_mean_coef'].iloc[0]),{:.5f},"Phase I table cell (conf_sens_C2_sens_spliced_wiki_mh_narrow_share_share, mean); generated by ops/phase_i_tables.py"
C520_conf_sens_C2_sens_spliced_wiki_mh_narrow_share_share_p_ri_paper_master,S1b,docs/PAPER_MASTER.md,| C2 | spliced Wikipedia series | narrow MH share | share | 30 | −0.00048 | {} |,data/reference/confirmatory_results.csv,float(d[(d.stratum=='C2_exposed')&(d.spec=='sens_spliced_wiki')&(d.outcome=='mh_narrow_share')&(d.estimator=='OLS_share')]['p_randomization'].iloc[0]),{:.4f},"Phase I table cell (conf_sens_C2_sens_spliced_wiki_mh_narrow_share_share, p_ri); generated by ops/phase_i_tables.py"
C520_conf_sens_C2_sens_spliced_wiki_mh_narrow_share_share_p_ri_supplement,S1b,docs/SUPPLEMENT.md,| C2 | spliced Wikipedia series | narrow MH share | share | 30 | −0.00048 | {} |,data/reference/confirmatory_results.csv,float(d[(d.stratum=='C2_exposed')&(d.spec=='sens_spliced_wiki')&(d.outcome=='mh_narrow_share')&(d.estimator=='OLS_share')]['p_randomization'].iloc[0]),{:.4f},"Phase I table cell (conf_sens_C2_sens_spliced_wiki_mh_narrow_share_share, p_ri); generated by ops/phase_i_tables.py"
C521_conf_sens_C2_sens_spliced_wiki_mh_narrow_count_episodes_paper_master,S1b,docs/PAPER_MASTER.md,| C2 | spliced Wikipedia series | narrow MH count | count | {} |,data/reference/confirmatory_results.csv,int(d[(d.stratum=='C2_exposed')&(d.spec=='sens_spliced_wiki')&(d.outcome=='mh_narrow')&(d.estimator=='PPML_count_offset')]['n_episodes'].iloc[0]),{},"Phase I table cell (conf_sens_C2_sens_spliced_wiki_mh_narrow_count, episodes); generated by ops/phase_i_tables.py"
C521_conf_sens_C2_sens_spliced_wiki_mh_narrow_count_episodes_supplement,S1b,docs/SUPPLEMENT.md,| C2 | spliced Wikipedia series | narrow MH count | count | {} |,data/reference/confirmatory_results.csv,int(d[(d.stratum=='C2_exposed')&(d.spec=='sens_spliced_wiki')&(d.outcome=='mh_narrow')&(d.estimator=='PPML_count_offset')]['n_episodes'].iloc[0]),{},"Phase I table cell (conf_sens_C2_sens_spliced_wiki_mh_narrow_count, episodes); generated by ops/phase_i_tables.py"
C522_conf_sens_C2_sens_spliced_wiki_mh_narrow_count_mean_paper_master,S1b,docs/PAPER_MASTER.md,| C2 | spliced Wikipedia series | narrow MH count | count | 30 | {} |,data/reference/confirmatory_results.csv,float(d[(d.stratum=='C2_exposed')&(d.spec=='sens_spliced_wiki')&(d.outcome=='mh_narrow')&(d.estimator=='PPML_count_offset')]['first_week_mean_coef'].iloc[0]),{:.5f},"Phase I table cell (conf_sens_C2_sens_spliced_wiki_mh_narrow_count, mean); generated by ops/phase_i_tables.py"
C522_conf_sens_C2_sens_spliced_wiki_mh_narrow_count_mean_supplement,S1b,docs/SUPPLEMENT.md,| C2 | spliced Wikipedia series | narrow MH count | count | 30 | {} |,data/reference/confirmatory_results.csv,float(d[(d.stratum=='C2_exposed')&(d.spec=='sens_spliced_wiki')&(d.outcome=='mh_narrow')&(d.estimator=='PPML_count_offset')]['first_week_mean_coef'].iloc[0]),{:.5f},"Phase I table cell (conf_sens_C2_sens_spliced_wiki_mh_narrow_count, mean); generated by ops/phase_i_tables.py"
C523_conf_sens_C2_sens_spliced_wiki_mh_narrow_count_p_ri_paper_master,S1b,docs/PAPER_MASTER.md,| C2 | spliced Wikipedia series | narrow MH count | count | 30 | 0.00247 | {} |,data/reference/confirmatory_results.csv,float(d[(d.stratum=='C2_exposed')&(d.spec=='sens_spliced_wiki')&(d.outcome=='mh_narrow')&(d.estimator=='PPML_count_offset')]['p_randomization'].iloc[0]),{:.4f},"Phase I table cell (conf_sens_C2_sens_spliced_wiki_mh_narrow_count, p_ri); generated by ops/phase_i_tables.py"
C523_conf_sens_C2_sens_spliced_wiki_mh_narrow_count_p_ri_supplement,S1b,docs/SUPPLEMENT.md,| C2 | spliced Wikipedia series | narrow MH count | count | 30 | 0.00247 | {} |,data/reference/confirmatory_results.csv,float(d[(d.stratum=='C2_exposed')&(d.spec=='sens_spliced_wiki')&(d.outcome=='mh_narrow')&(d.estimator=='PPML_count_offset')]['p_randomization'].iloc[0]),{:.4f},"Phase I table cell (conf_sens_C2_sens_spliced_wiki_mh_narrow_count, p_ri); generated by ops/phase_i_tables.py"
C524_conf_sens_C2_sens_coverage_clean_edp_share_share_episodes_paper_master,S1b,docs/PAPER_MASTER.md,| C2 | coverage-clean | EDP share | share | {} |,data/reference/confirmatory_results.csv,int(d[(d.stratum=='C2_exposed')&(d.spec=='sens_coverage_clean')&(d.outcome=='edp_share')&(d.estimator=='OLS_share')]['n_episodes'].iloc[0]),{},"Phase I table cell (conf_sens_C2_sens_coverage_clean_edp_share_share, episodes); generated by ops/phase_i_tables.py"
C524_conf_sens_C2_sens_coverage_clean_edp_share_share_episodes_supplement,S1b,docs/SUPPLEMENT.md,| C2 | coverage-clean | EDP share | share | {} |,data/reference/confirmatory_results.csv,int(d[(d.stratum=='C2_exposed')&(d.spec=='sens_coverage_clean')&(d.outcome=='edp_share')&(d.estimator=='OLS_share')]['n_episodes'].iloc[0]),{},"Phase I table cell (conf_sens_C2_sens_coverage_clean_edp_share_share, episodes); generated by ops/phase_i_tables.py"
C525_conf_sens_C2_sens_coverage_clean_edp_share_share_mean_paper_master,S1b,docs/PAPER_MASTER.md,| C2 | coverage-clean | EDP share | share | 28 | {} |,data/reference/confirmatory_results.csv,float(d[(d.stratum=='C2_exposed')&(d.spec=='sens_coverage_clean')&(d.outcome=='edp_share')&(d.estimator=='OLS_share')]['first_week_mean_coef'].iloc[0]),{:.5f},"Phase I table cell (conf_sens_C2_sens_coverage_clean_edp_share_share, mean); generated by ops/phase_i_tables.py"
C525_conf_sens_C2_sens_coverage_clean_edp_share_share_mean_supplement,S1b,docs/SUPPLEMENT.md,| C2 | coverage-clean | EDP share | share | 28 | {} |,data/reference/confirmatory_results.csv,float(d[(d.stratum=='C2_exposed')&(d.spec=='sens_coverage_clean')&(d.outcome=='edp_share')&(d.estimator=='OLS_share')]['first_week_mean_coef'].iloc[0]),{:.5f},"Phase I table cell (conf_sens_C2_sens_coverage_clean_edp_share_share, mean); generated by ops/phase_i_tables.py"
C526_conf_sens_C2_sens_coverage_clean_edp_share_share_p_ri_paper_master,S1b,docs/PAPER_MASTER.md,| C2 | coverage-clean | EDP share | share | 28 | −0.00016 | {} |,data/reference/confirmatory_results.csv,float(d[(d.stratum=='C2_exposed')&(d.spec=='sens_coverage_clean')&(d.outcome=='edp_share')&(d.estimator=='OLS_share')]['p_randomization'].iloc[0]),{:.4f},"Phase I table cell (conf_sens_C2_sens_coverage_clean_edp_share_share, p_ri); generated by ops/phase_i_tables.py"
C526_conf_sens_C2_sens_coverage_clean_edp_share_share_p_ri_supplement,S1b,docs/SUPPLEMENT.md,| C2 | coverage-clean | EDP share | share | 28 | −0.00016 | {} |,data/reference/confirmatory_results.csv,float(d[(d.stratum=='C2_exposed')&(d.spec=='sens_coverage_clean')&(d.outcome=='edp_share')&(d.estimator=='OLS_share')]['p_randomization'].iloc[0]),{:.4f},"Phase I table cell (conf_sens_C2_sens_coverage_clean_edp_share_share, p_ri); generated by ops/phase_i_tables.py"
C527_conf_sens_C2_sens_coverage_clean_edp_count_episodes_paper_master,S1b,docs/PAPER_MASTER.md,| C2 | coverage-clean | EDP count | count | {} |,data/reference/confirmatory_results.csv,int(d[(d.stratum=='C2_exposed')&(d.spec=='sens_coverage_clean')&(d.outcome=='edp')&(d.estimator=='PPML_count_offset')]['n_episodes'].iloc[0]),{},"Phase I table cell (conf_sens_C2_sens_coverage_clean_edp_count, episodes); generated by ops/phase_i_tables.py"
C527_conf_sens_C2_sens_coverage_clean_edp_count_episodes_supplement,S1b,docs/SUPPLEMENT.md,| C2 | coverage-clean | EDP count | count | {} |,data/reference/confirmatory_results.csv,int(d[(d.stratum=='C2_exposed')&(d.spec=='sens_coverage_clean')&(d.outcome=='edp')&(d.estimator=='PPML_count_offset')]['n_episodes'].iloc[0]),{},"Phase I table cell (conf_sens_C2_sens_coverage_clean_edp_count, episodes); generated by ops/phase_i_tables.py"
C528_conf_sens_C2_sens_coverage_clean_edp_count_mean_paper_master,S1b,docs/PAPER_MASTER.md,| C2 | coverage-clean | EDP count | count | 28 | {} |,data/reference/confirmatory_results.csv,float(d[(d.stratum=='C2_exposed')&(d.spec=='sens_coverage_clean')&(d.outcome=='edp')&(d.estimator=='PPML_count_offset')]['first_week_mean_coef'].iloc[0]),{:.5f},"Phase I table cell (conf_sens_C2_sens_coverage_clean_edp_count, mean); generated by ops/phase_i_tables.py"
C528_conf_sens_C2_sens_coverage_clean_edp_count_mean_supplement,S1b,docs/SUPPLEMENT.md,| C2 | coverage-clean | EDP count | count | 28 | {} |,data/reference/confirmatory_results.csv,float(d[(d.stratum=='C2_exposed')&(d.spec=='sens_coverage_clean')&(d.outcome=='edp')&(d.estimator=='PPML_count_offset')]['first_week_mean_coef'].iloc[0]),{:.5f},"Phase I table cell (conf_sens_C2_sens_coverage_clean_edp_count, mean); generated by ops/phase_i_tables.py"
C529_conf_sens_C2_sens_coverage_clean_edp_count_p_ri_paper_master,S1b,docs/PAPER_MASTER.md,| C2 | coverage-clean | EDP count | count | 28 | 0.00688 | {} |,data/reference/confirmatory_results.csv,float(d[(d.stratum=='C2_exposed')&(d.spec=='sens_coverage_clean')&(d.outcome=='edp')&(d.estimator=='PPML_count_offset')]['p_randomization'].iloc[0]),{:.4f},"Phase I table cell (conf_sens_C2_sens_coverage_clean_edp_count, p_ri); generated by ops/phase_i_tables.py"
C529_conf_sens_C2_sens_coverage_clean_edp_count_p_ri_supplement,S1b,docs/SUPPLEMENT.md,| C2 | coverage-clean | EDP count | count | 28 | 0.00688 | {} |,data/reference/confirmatory_results.csv,float(d[(d.stratum=='C2_exposed')&(d.spec=='sens_coverage_clean')&(d.outcome=='edp')&(d.estimator=='PPML_count_offset')]['p_randomization'].iloc[0]),{:.4f},"Phase I table cell (conf_sens_C2_sens_coverage_clean_edp_count, p_ri); generated by ops/phase_i_tables.py"
C530_conf_sens_C2_sens_coverage_clean_mh_narrow_share_share_episodes_paper_master,S1b,docs/PAPER_MASTER.md,| C2 | coverage-clean | narrow MH share | share | {} |,data/reference/confirmatory_results.csv,int(d[(d.stratum=='C2_exposed')&(d.spec=='sens_coverage_clean')&(d.outcome=='mh_narrow_share')&(d.estimator=='OLS_share')]['n_episodes'].iloc[0]),{},"Phase I table cell (conf_sens_C2_sens_coverage_clean_mh_narrow_share_share, episodes); generated by ops/phase_i_tables.py"
C530_conf_sens_C2_sens_coverage_clean_mh_narrow_share_share_episodes_supplement,S1b,docs/SUPPLEMENT.md,| C2 | coverage-clean | narrow MH share | share | {} |,data/reference/confirmatory_results.csv,int(d[(d.stratum=='C2_exposed')&(d.spec=='sens_coverage_clean')&(d.outcome=='mh_narrow_share')&(d.estimator=='OLS_share')]['n_episodes'].iloc[0]),{},"Phase I table cell (conf_sens_C2_sens_coverage_clean_mh_narrow_share_share, episodes); generated by ops/phase_i_tables.py"
C531_conf_sens_C2_sens_coverage_clean_mh_narrow_share_share_mean_paper_master,S1b,docs/PAPER_MASTER.md,| C2 | coverage-clean | narrow MH share | share | 27 | {} |,data/reference/confirmatory_results.csv,float(d[(d.stratum=='C2_exposed')&(d.spec=='sens_coverage_clean')&(d.outcome=='mh_narrow_share')&(d.estimator=='OLS_share')]['first_week_mean_coef'].iloc[0]),{:.5f},"Phase I table cell (conf_sens_C2_sens_coverage_clean_mh_narrow_share_share, mean); generated by ops/phase_i_tables.py"
C531_conf_sens_C2_sens_coverage_clean_mh_narrow_share_share_mean_supplement,S1b,docs/SUPPLEMENT.md,| C2 | coverage-clean | narrow MH share | share | 27 | {} |,data/reference/confirmatory_results.csv,float(d[(d.stratum=='C2_exposed')&(d.spec=='sens_coverage_clean')&(d.outcome=='mh_narrow_share')&(d.estimator=='OLS_share')]['first_week_mean_coef'].iloc[0]),{:.5f},"Phase I table cell (conf_sens_C2_sens_coverage_clean_mh_narrow_share_share, mean); generated by ops/phase_i_tables.py"
C532_conf_sens_C2_sens_coverage_clean_mh_narrow_share_share_p_ri_paper_master,S1b,docs/PAPER_MASTER.md,| C2 | coverage-clean | narrow MH share | share | 27 | −0.00047 | {} |,data/reference/confirmatory_results.csv,float(d[(d.stratum=='C2_exposed')&(d.spec=='sens_coverage_clean')&(d.outcome=='mh_narrow_share')&(d.estimator=='OLS_share')]['p_randomization'].iloc[0]),{:.4f},"Phase I table cell (conf_sens_C2_sens_coverage_clean_mh_narrow_share_share, p_ri); generated by ops/phase_i_tables.py"
C532_conf_sens_C2_sens_coverage_clean_mh_narrow_share_share_p_ri_supplement,S1b,docs/SUPPLEMENT.md,| C2 | coverage-clean | narrow MH share | share | 27 | −0.00047 | {} |,data/reference/confirmatory_results.csv,float(d[(d.stratum=='C2_exposed')&(d.spec=='sens_coverage_clean')&(d.outcome=='mh_narrow_share')&(d.estimator=='OLS_share')]['p_randomization'].iloc[0]),{:.4f},"Phase I table cell (conf_sens_C2_sens_coverage_clean_mh_narrow_share_share, p_ri); generated by ops/phase_i_tables.py"
C533_conf_sens_C2_sens_coverage_clean_mh_narrow_count_episodes_paper_master,S1b,docs/PAPER_MASTER.md,| C2 | coverage-clean | narrow MH count | count | {} |,data/reference/confirmatory_results.csv,int(d[(d.stratum=='C2_exposed')&(d.spec=='sens_coverage_clean')&(d.outcome=='mh_narrow')&(d.estimator=='PPML_count_offset')]['n_episodes'].iloc[0]),{},"Phase I table cell (conf_sens_C2_sens_coverage_clean_mh_narrow_count, episodes); generated by ops/phase_i_tables.py"
C533_conf_sens_C2_sens_coverage_clean_mh_narrow_count_episodes_supplement,S1b,docs/SUPPLEMENT.md,| C2 | coverage-clean | narrow MH count | count | {} |,data/reference/confirmatory_results.csv,int(d[(d.stratum=='C2_exposed')&(d.spec=='sens_coverage_clean')&(d.outcome=='mh_narrow')&(d.estimator=='PPML_count_offset')]['n_episodes'].iloc[0]),{},"Phase I table cell (conf_sens_C2_sens_coverage_clean_mh_narrow_count, episodes); generated by ops/phase_i_tables.py"
C534_conf_sens_C2_sens_coverage_clean_mh_narrow_count_mean_paper_master,S1b,docs/PAPER_MASTER.md,| C2 | coverage-clean | narrow MH count | count | 27 | {} |,data/reference/confirmatory_results.csv,float(d[(d.stratum=='C2_exposed')&(d.spec=='sens_coverage_clean')&(d.outcome=='mh_narrow')&(d.estimator=='PPML_count_offset')]['first_week_mean_coef'].iloc[0]),{:.5f},"Phase I table cell (conf_sens_C2_sens_coverage_clean_mh_narrow_count, mean); generated by ops/phase_i_tables.py"
C534_conf_sens_C2_sens_coverage_clean_mh_narrow_count_mean_supplement,S1b,docs/SUPPLEMENT.md,| C2 | coverage-clean | narrow MH count | count | 27 | {} |,data/reference/confirmatory_results.csv,float(d[(d.stratum=='C2_exposed')&(d.spec=='sens_coverage_clean')&(d.outcome=='mh_narrow')&(d.estimator=='PPML_count_offset')]['first_week_mean_coef'].iloc[0]),{:.5f},"Phase I table cell (conf_sens_C2_sens_coverage_clean_mh_narrow_count, mean); generated by ops/phase_i_tables.py"
C535_conf_sens_C2_sens_coverage_clean_mh_narrow_count_p_ri_paper_master,S1b,docs/PAPER_MASTER.md,| C2 | coverage-clean | narrow MH count | count | 27 | 0.00408 | {} |,data/reference/confirmatory_results.csv,float(d[(d.stratum=='C2_exposed')&(d.spec=='sens_coverage_clean')&(d.outcome=='mh_narrow')&(d.estimator=='PPML_count_offset')]['p_randomization'].iloc[0]),{:.4f},"Phase I table cell (conf_sens_C2_sens_coverage_clean_mh_narrow_count, p_ri); generated by ops/phase_i_tables.py"
C535_conf_sens_C2_sens_coverage_clean_mh_narrow_count_p_ri_supplement,S1b,docs/SUPPLEMENT.md,| C2 | coverage-clean | narrow MH count | count | 27 | 0.00408 | {} |,data/reference/confirmatory_results.csv,float(d[(d.stratum=='C2_exposed')&(d.spec=='sens_coverage_clean')&(d.outcome=='mh_narrow')&(d.estimator=='PPML_count_offset')]['p_randomization'].iloc[0]),{:.4f},"Phase I table cell (conf_sens_C2_sens_coverage_clean_mh_narrow_count, p_ri); generated by ops/phase_i_tables.py"
C536_conf_sens_C2_sens_coverage_clean_cardiac_share_share_episodes_paper_master,S1b,docs/PAPER_MASTER.md,| C2 | coverage-clean | cardiac share | share | {} |,data/reference/confirmatory_results.csv,int(d[(d.stratum=='C2_exposed')&(d.spec=='sens_coverage_clean')&(d.outcome=='cardiac_share')&(d.estimator=='OLS_share')]['n_episodes'].iloc[0]),{},"Phase I table cell (conf_sens_C2_sens_coverage_clean_cardiac_share_share, episodes); generated by ops/phase_i_tables.py"
C536_conf_sens_C2_sens_coverage_clean_cardiac_share_share_episodes_supplement,S1b,docs/SUPPLEMENT.md,| C2 | coverage-clean | cardiac share | share | {} |,data/reference/confirmatory_results.csv,int(d[(d.stratum=='C2_exposed')&(d.spec=='sens_coverage_clean')&(d.outcome=='cardiac_share')&(d.estimator=='OLS_share')]['n_episodes'].iloc[0]),{},"Phase I table cell (conf_sens_C2_sens_coverage_clean_cardiac_share_share, episodes); generated by ops/phase_i_tables.py"
C537_conf_sens_C2_sens_coverage_clean_cardiac_share_share_mean_paper_master,S1b,docs/PAPER_MASTER.md,| C2 | coverage-clean | cardiac share | share | 25 | {} |,data/reference/confirmatory_results.csv,float(d[(d.stratum=='C2_exposed')&(d.spec=='sens_coverage_clean')&(d.outcome=='cardiac_share')&(d.estimator=='OLS_share')]['first_week_mean_coef'].iloc[0]),{:.5f},"Phase I table cell (conf_sens_C2_sens_coverage_clean_cardiac_share_share, mean); generated by ops/phase_i_tables.py"
C537_conf_sens_C2_sens_coverage_clean_cardiac_share_share_mean_supplement,S1b,docs/SUPPLEMENT.md,| C2 | coverage-clean | cardiac share | share | 25 | {} |,data/reference/confirmatory_results.csv,float(d[(d.stratum=='C2_exposed')&(d.spec=='sens_coverage_clean')&(d.outcome=='cardiac_share')&(d.estimator=='OLS_share')]['first_week_mean_coef'].iloc[0]),{:.5f},"Phase I table cell (conf_sens_C2_sens_coverage_clean_cardiac_share_share, mean); generated by ops/phase_i_tables.py"
C538_conf_sens_C2_sens_coverage_clean_cardiac_share_share_p_ri_paper_master,S1b,docs/PAPER_MASTER.md,| C2 | coverage-clean | cardiac share | share | 25 | 0.00081 | {} |,data/reference/confirmatory_results.csv,float(d[(d.stratum=='C2_exposed')&(d.spec=='sens_coverage_clean')&(d.outcome=='cardiac_share')&(d.estimator=='OLS_share')]['p_randomization'].iloc[0]),{:.4f},"Phase I table cell (conf_sens_C2_sens_coverage_clean_cardiac_share_share, p_ri); generated by ops/phase_i_tables.py"
C538_conf_sens_C2_sens_coverage_clean_cardiac_share_share_p_ri_supplement,S1b,docs/SUPPLEMENT.md,| C2 | coverage-clean | cardiac share | share | 25 | 0.00081 | {} |,data/reference/confirmatory_results.csv,float(d[(d.stratum=='C2_exposed')&(d.spec=='sens_coverage_clean')&(d.outcome=='cardiac_share')&(d.estimator=='OLS_share')]['p_randomization'].iloc[0]),{:.4f},"Phase I table cell (conf_sens_C2_sens_coverage_clean_cardiac_share_share, p_ri); generated by ops/phase_i_tables.py"
C539_conf_sens_C2_sens_coverage_clean_cardiac_count_episodes_paper_master,S1b,docs/PAPER_MASTER.md,| C2 | coverage-clean | cardiac count | count | {} |,data/reference/confirmatory_results.csv,int(d[(d.stratum=='C2_exposed')&(d.spec=='sens_coverage_clean')&(d.outcome=='cardiac')&(d.estimator=='PPML_count_offset')]['n_episodes'].iloc[0]),{},"Phase I table cell (conf_sens_C2_sens_coverage_clean_cardiac_count, episodes); generated by ops/phase_i_tables.py"
C539_conf_sens_C2_sens_coverage_clean_cardiac_count_episodes_supplement,S1b,docs/SUPPLEMENT.md,| C2 | coverage-clean | cardiac count | count | {} |,data/reference/confirmatory_results.csv,int(d[(d.stratum=='C2_exposed')&(d.spec=='sens_coverage_clean')&(d.outcome=='cardiac')&(d.estimator=='PPML_count_offset')]['n_episodes'].iloc[0]),{},"Phase I table cell (conf_sens_C2_sens_coverage_clean_cardiac_count, episodes); generated by ops/phase_i_tables.py"
C540_conf_sens_C2_sens_coverage_clean_cardiac_count_mean_paper_master,S1b,docs/PAPER_MASTER.md,| C2 | coverage-clean | cardiac count | count | 25 | {} |,data/reference/confirmatory_results.csv,float(d[(d.stratum=='C2_exposed')&(d.spec=='sens_coverage_clean')&(d.outcome=='cardiac')&(d.estimator=='PPML_count_offset')]['first_week_mean_coef'].iloc[0]),{:.5f},"Phase I table cell (conf_sens_C2_sens_coverage_clean_cardiac_count, mean); generated by ops/phase_i_tables.py"
C540_conf_sens_C2_sens_coverage_clean_cardiac_count_mean_supplement,S1b,docs/SUPPLEMENT.md,| C2 | coverage-clean | cardiac count | count | 25 | {} |,data/reference/confirmatory_results.csv,float(d[(d.stratum=='C2_exposed')&(d.spec=='sens_coverage_clean')&(d.outcome=='cardiac')&(d.estimator=='PPML_count_offset')]['first_week_mean_coef'].iloc[0]),{:.5f},"Phase I table cell (conf_sens_C2_sens_coverage_clean_cardiac_count, mean); generated by ops/phase_i_tables.py"
C541_conf_sens_C2_sens_coverage_clean_cardiac_count_p_ri_paper_master,S1b,docs/PAPER_MASTER.md,| C2 | coverage-clean | cardiac count | count | 25 | 0.00242 | {} |,data/reference/confirmatory_results.csv,float(d[(d.stratum=='C2_exposed')&(d.spec=='sens_coverage_clean')&(d.outcome=='cardiac')&(d.estimator=='PPML_count_offset')]['p_randomization'].iloc[0]),{:.4f},"Phase I table cell (conf_sens_C2_sens_coverage_clean_cardiac_count, p_ri); generated by ops/phase_i_tables.py"
C541_conf_sens_C2_sens_coverage_clean_cardiac_count_p_ri_supplement,S1b,docs/SUPPLEMENT.md,| C2 | coverage-clean | cardiac count | count | 25 | 0.00242 | {} |,data/reference/confirmatory_results.csv,float(d[(d.stratum=='C2_exposed')&(d.spec=='sens_coverage_clean')&(d.outcome=='cardiac')&(d.estimator=='PPML_count_offset')]['p_randomization'].iloc[0]),{:.4f},"Phase I table cell (conf_sens_C2_sens_coverage_clean_cardiac_count, p_ri); generated by ops/phase_i_tables.py"
C542_conf_sens_C2_sens_coverage_clean_asthma_share_share_episodes_paper_master,S1b,docs/PAPER_MASTER.md,| C2 | coverage-clean | asthma share | share | {} |,data/reference/confirmatory_results.csv,int(d[(d.stratum=='C2_exposed')&(d.spec=='sens_coverage_clean')&(d.outcome=='asthma_share')&(d.estimator=='OLS_share')]['n_episodes'].iloc[0]),{},"Phase I table cell (conf_sens_C2_sens_coverage_clean_asthma_share_share, episodes); generated by ops/phase_i_tables.py"
C542_conf_sens_C2_sens_coverage_clean_asthma_share_share_episodes_supplement,S1b,docs/SUPPLEMENT.md,| C2 | coverage-clean | asthma share | share | {} |,data/reference/confirmatory_results.csv,int(d[(d.stratum=='C2_exposed')&(d.spec=='sens_coverage_clean')&(d.outcome=='asthma_share')&(d.estimator=='OLS_share')]['n_episodes'].iloc[0]),{},"Phase I table cell (conf_sens_C2_sens_coverage_clean_asthma_share_share, episodes); generated by ops/phase_i_tables.py"
C543_conf_sens_C2_sens_coverage_clean_asthma_share_share_mean_paper_master,S1b,docs/PAPER_MASTER.md,| C2 | coverage-clean | asthma share | share | 28 | {} |,data/reference/confirmatory_results.csv,float(d[(d.stratum=='C2_exposed')&(d.spec=='sens_coverage_clean')&(d.outcome=='asthma_share')&(d.estimator=='OLS_share')]['first_week_mean_coef'].iloc[0]),{:.5f},"Phase I table cell (conf_sens_C2_sens_coverage_clean_asthma_share_share, mean); generated by ops/phase_i_tables.py"
C543_conf_sens_C2_sens_coverage_clean_asthma_share_share_mean_supplement,S1b,docs/SUPPLEMENT.md,| C2 | coverage-clean | asthma share | share | 28 | {} |,data/reference/confirmatory_results.csv,float(d[(d.stratum=='C2_exposed')&(d.spec=='sens_coverage_clean')&(d.outcome=='asthma_share')&(d.estimator=='OLS_share')]['first_week_mean_coef'].iloc[0]),{:.5f},"Phase I table cell (conf_sens_C2_sens_coverage_clean_asthma_share_share, mean); generated by ops/phase_i_tables.py"
C544_conf_sens_C2_sens_coverage_clean_asthma_share_share_p_ri_paper_master,S1b,docs/PAPER_MASTER.md,| C2 | coverage-clean | asthma share | share | 28 | 0.00020 | {} |,data/reference/confirmatory_results.csv,float(d[(d.stratum=='C2_exposed')&(d.spec=='sens_coverage_clean')&(d.outcome=='asthma_share')&(d.estimator=='OLS_share')]['p_randomization'].iloc[0]),{:.4f},"Phase I table cell (conf_sens_C2_sens_coverage_clean_asthma_share_share, p_ri); generated by ops/phase_i_tables.py"
C544_conf_sens_C2_sens_coverage_clean_asthma_share_share_p_ri_supplement,S1b,docs/SUPPLEMENT.md,| C2 | coverage-clean | asthma share | share | 28 | 0.00020 | {} |,data/reference/confirmatory_results.csv,float(d[(d.stratum=='C2_exposed')&(d.spec=='sens_coverage_clean')&(d.outcome=='asthma_share')&(d.estimator=='OLS_share')]['p_randomization'].iloc[0]),{:.4f},"Phase I table cell (conf_sens_C2_sens_coverage_clean_asthma_share_share, p_ri); generated by ops/phase_i_tables.py"
C545_conf_sens_C2_sens_coverage_clean_asthma_count_episodes_paper_master,S1b,docs/PAPER_MASTER.md,| C2 | coverage-clean | asthma count | count | {} |,data/reference/confirmatory_results.csv,int(d[(d.stratum=='C2_exposed')&(d.spec=='sens_coverage_clean')&(d.outcome=='asthma')&(d.estimator=='PPML_count_offset')]['n_episodes'].iloc[0]),{},"Phase I table cell (conf_sens_C2_sens_coverage_clean_asthma_count, episodes); generated by ops/phase_i_tables.py"
C545_conf_sens_C2_sens_coverage_clean_asthma_count_episodes_supplement,S1b,docs/SUPPLEMENT.md,| C2 | coverage-clean | asthma count | count | {} |,data/reference/confirmatory_results.csv,int(d[(d.stratum=='C2_exposed')&(d.spec=='sens_coverage_clean')&(d.outcome=='asthma')&(d.estimator=='PPML_count_offset')]['n_episodes'].iloc[0]),{},"Phase I table cell (conf_sens_C2_sens_coverage_clean_asthma_count, episodes); generated by ops/phase_i_tables.py"
C546_conf_sens_C2_sens_coverage_clean_asthma_count_mean_paper_master,S1b,docs/PAPER_MASTER.md,| C2 | coverage-clean | asthma count | count | 28 | {} |,data/reference/confirmatory_results.csv,float(d[(d.stratum=='C2_exposed')&(d.spec=='sens_coverage_clean')&(d.outcome=='asthma')&(d.estimator=='PPML_count_offset')]['first_week_mean_coef'].iloc[0]),{:.5f},"Phase I table cell (conf_sens_C2_sens_coverage_clean_asthma_count, mean); generated by ops/phase_i_tables.py"
C546_conf_sens_C2_sens_coverage_clean_asthma_count_mean_supplement,S1b,docs/SUPPLEMENT.md,| C2 | coverage-clean | asthma count | count | 28 | {} |,data/reference/confirmatory_results.csv,float(d[(d.stratum=='C2_exposed')&(d.spec=='sens_coverage_clean')&(d.outcome=='asthma')&(d.estimator=='PPML_count_offset')]['first_week_mean_coef'].iloc[0]),{:.5f},"Phase I table cell (conf_sens_C2_sens_coverage_clean_asthma_count, mean); generated by ops/phase_i_tables.py"
C547_conf_sens_C2_sens_coverage_clean_asthma_count_p_ri_paper_master,S1b,docs/PAPER_MASTER.md,| C2 | coverage-clean | asthma count | count | 28 | 0.01475 | {} |,data/reference/confirmatory_results.csv,float(d[(d.stratum=='C2_exposed')&(d.spec=='sens_coverage_clean')&(d.outcome=='asthma')&(d.estimator=='PPML_count_offset')]['p_randomization'].iloc[0]),{:.4f},"Phase I table cell (conf_sens_C2_sens_coverage_clean_asthma_count, p_ri); generated by ops/phase_i_tables.py"
C547_conf_sens_C2_sens_coverage_clean_asthma_count_p_ri_supplement,S1b,docs/SUPPLEMENT.md,| C2 | coverage-clean | asthma count | count | 28 | 0.01475 | {} |,data/reference/confirmatory_results.csv,float(d[(d.stratum=='C2_exposed')&(d.spec=='sens_coverage_clean')&(d.outcome=='asthma')&(d.estimator=='PPML_count_offset')]['p_randomization'].iloc[0]),{:.4f},"Phase I table cell (conf_sens_C2_sens_coverage_clean_asthma_count, p_ri); generated by ops/phase_i_tables.py"
C548_conf_sens_C2_sens_incl_cancelled_edp_share_incl_cancelled_share_episodes_paper_master,S1b,docs/PAPER_MASTER.md,"| C2 | cancelled dispositions included | EDP share, cancelled included | share | {} |",data/reference/confirmatory_results.csv,int(d[(d.stratum=='C2_exposed')&(d.spec=='sens_incl_cancelled')&(d.outcome=='edp_share_incl_cancelled')&(d.estimator=='OLS_share')]['n_episodes'].iloc[0]),{},"Phase I table cell (conf_sens_C2_sens_incl_cancelled_edp_share_incl_cancelled_share, episodes); generated by ops/phase_i_tables.py"
C548_conf_sens_C2_sens_incl_cancelled_edp_share_incl_cancelled_share_episodes_supplement,S1b,docs/SUPPLEMENT.md,"| C2 | cancelled dispositions included | EDP share, cancelled included | share | {} |",data/reference/confirmatory_results.csv,int(d[(d.stratum=='C2_exposed')&(d.spec=='sens_incl_cancelled')&(d.outcome=='edp_share_incl_cancelled')&(d.estimator=='OLS_share')]['n_episodes'].iloc[0]),{},"Phase I table cell (conf_sens_C2_sens_incl_cancelled_edp_share_incl_cancelled_share, episodes); generated by ops/phase_i_tables.py"
C549_conf_sens_C2_sens_incl_cancelled_edp_share_incl_cancelled_share_mean_paper_master,S1b,docs/PAPER_MASTER.md,"| C2 | cancelled dispositions included | EDP share, cancelled included | share | 30 | {} |",data/reference/confirmatory_results.csv,float(d[(d.stratum=='C2_exposed')&(d.spec=='sens_incl_cancelled')&(d.outcome=='edp_share_incl_cancelled')&(d.estimator=='OLS_share')]['first_week_mean_coef'].iloc[0]),{:.5f},"Phase I table cell (conf_sens_C2_sens_incl_cancelled_edp_share_incl_cancelled_share, mean); generated by ops/phase_i_tables.py"
C549_conf_sens_C2_sens_incl_cancelled_edp_share_incl_cancelled_share_mean_supplement,S1b,docs/SUPPLEMENT.md,"| C2 | cancelled dispositions included | EDP share, cancelled included | share | 30 | {} |",data/reference/confirmatory_results.csv,float(d[(d.stratum=='C2_exposed')&(d.spec=='sens_incl_cancelled')&(d.outcome=='edp_share_incl_cancelled')&(d.estimator=='OLS_share')]['first_week_mean_coef'].iloc[0]),{:.5f},"Phase I table cell (conf_sens_C2_sens_incl_cancelled_edp_share_incl_cancelled_share, mean); generated by ops/phase_i_tables.py"
C550_conf_sens_C2_sens_incl_cancelled_edp_share_incl_cancelled_share_p_ri_paper_master,S1b,docs/PAPER_MASTER.md,"| C2 | cancelled dispositions included | EDP share, cancelled included | share | 30 | −0.00039 | {} |",data/reference/confirmatory_results.csv,float(d[(d.stratum=='C2_exposed')&(d.spec=='sens_incl_cancelled')&(d.outcome=='edp_share_incl_cancelled')&(d.estimator=='OLS_share')]['p_randomization'].iloc[0]),{:.4f},"Phase I table cell (conf_sens_C2_sens_incl_cancelled_edp_share_incl_cancelled_share, p_ri); generated by ops/phase_i_tables.py"
C550_conf_sens_C2_sens_incl_cancelled_edp_share_incl_cancelled_share_p_ri_supplement,S1b,docs/SUPPLEMENT.md,"| C2 | cancelled dispositions included | EDP share, cancelled included | share | 30 | −0.00039 | {} |",data/reference/confirmatory_results.csv,float(d[(d.stratum=='C2_exposed')&(d.spec=='sens_incl_cancelled')&(d.outcome=='edp_share_incl_cancelled')&(d.estimator=='OLS_share')]['p_randomization'].iloc[0]),{:.4f},"Phase I table cell (conf_sens_C2_sens_incl_cancelled_edp_share_incl_cancelled_share, p_ri); generated by ops/phase_i_tables.py"
C551_conf_sens_C2_sens_incl_cancelled_edp_incl_cancelled_count_episodes_paper_master,S1b,docs/PAPER_MASTER.md,"| C2 | cancelled dispositions included | EDP count, cancelled included | count | {} |",data/reference/confirmatory_results.csv,int(d[(d.stratum=='C2_exposed')&(d.spec=='sens_incl_cancelled')&(d.outcome=='edp_incl_cancelled')&(d.estimator=='PPML_count_offset')]['n_episodes'].iloc[0]),{},"Phase I table cell (conf_sens_C2_sens_incl_cancelled_edp_incl_cancelled_count, episodes); generated by ops/phase_i_tables.py"
C551_conf_sens_C2_sens_incl_cancelled_edp_incl_cancelled_count_episodes_supplement,S1b,docs/SUPPLEMENT.md,"| C2 | cancelled dispositions included | EDP count, cancelled included | count | {} |",data/reference/confirmatory_results.csv,int(d[(d.stratum=='C2_exposed')&(d.spec=='sens_incl_cancelled')&(d.outcome=='edp_incl_cancelled')&(d.estimator=='PPML_count_offset')]['n_episodes'].iloc[0]),{},"Phase I table cell (conf_sens_C2_sens_incl_cancelled_edp_incl_cancelled_count, episodes); generated by ops/phase_i_tables.py"
C552_conf_sens_C2_sens_incl_cancelled_edp_incl_cancelled_count_mean_paper_master,S1b,docs/PAPER_MASTER.md,"| C2 | cancelled dispositions included | EDP count, cancelled included | count | 30 | {} |",data/reference/confirmatory_results.csv,float(d[(d.stratum=='C2_exposed')&(d.spec=='sens_incl_cancelled')&(d.outcome=='edp_incl_cancelled')&(d.estimator=='PPML_count_offset')]['first_week_mean_coef'].iloc[0]),{:.5f},"Phase I table cell (conf_sens_C2_sens_incl_cancelled_edp_incl_cancelled_count, mean); generated by ops/phase_i_tables.py"
C552_conf_sens_C2_sens_incl_cancelled_edp_incl_cancelled_count_mean_supplement,S1b,docs/SUPPLEMENT.md,"| C2 | cancelled dispositions included | EDP count, cancelled included | count | 30 | {} |",data/reference/confirmatory_results.csv,float(d[(d.stratum=='C2_exposed')&(d.spec=='sens_incl_cancelled')&(d.outcome=='edp_incl_cancelled')&(d.estimator=='PPML_count_offset')]['first_week_mean_coef'].iloc[0]),{:.5f},"Phase I table cell (conf_sens_C2_sens_incl_cancelled_edp_incl_cancelled_count, mean); generated by ops/phase_i_tables.py"
C553_conf_sens_C2_sens_incl_cancelled_edp_incl_cancelled_count_p_ri_paper_master,S1b,docs/PAPER_MASTER.md,"| C2 | cancelled dispositions included | EDP count, cancelled included | count | 30 | 0.00408 | {} |",data/reference/confirmatory_results.csv,float(d[(d.stratum=='C2_exposed')&(d.spec=='sens_incl_cancelled')&(d.outcome=='edp_incl_cancelled')&(d.estimator=='PPML_count_offset')]['p_randomization'].iloc[0]),{:.4f},"Phase I table cell (conf_sens_C2_sens_incl_cancelled_edp_incl_cancelled_count, p_ri); generated by ops/phase_i_tables.py"
C553_conf_sens_C2_sens_incl_cancelled_edp_incl_cancelled_count_p_ri_supplement,S1b,docs/SUPPLEMENT.md,"| C2 | cancelled dispositions included | EDP count, cancelled included | count | 30 | 0.00408 | {} |",data/reference/confirmatory_results.csv,float(d[(d.stratum=='C2_exposed')&(d.spec=='sens_incl_cancelled')&(d.outcome=='edp_incl_cancelled')&(d.estimator=='PPML_count_offset')]['p_randomization'].iloc[0]),{:.4f},"Phase I table cell (conf_sens_C2_sens_incl_cancelled_edp_incl_cancelled_count, p_ri); generated by ops/phase_i_tables.py"
C554_conf_sens_C2_sens_incl_cancelled_mh_narrow_share_incl_cancelled_share_episodes_paper_master,S1b,docs/PAPER_MASTER.md,"| C2 | cancelled dispositions included | narrow MH share, cancelled included | share | {} |",data/reference/confirmatory_results.csv,int(d[(d.stratum=='C2_exposed')&(d.spec=='sens_incl_cancelled')&(d.outcome=='mh_narrow_share_incl_cancelled')&(d.estimator=='OLS_share')]['n_episodes'].iloc[0]),{},"Phase I table cell (conf_sens_C2_sens_incl_cancelled_mh_narrow_share_incl_cancelled_share, episodes); generated by ops/phase_i_tables.py"
C554_conf_sens_C2_sens_incl_cancelled_mh_narrow_share_incl_cancelled_share_episodes_supplement,S1b,docs/SUPPLEMENT.md,"| C2 | cancelled dispositions included | narrow MH share, cancelled included | share | {} |",data/reference/confirmatory_results.csv,int(d[(d.stratum=='C2_exposed')&(d.spec=='sens_incl_cancelled')&(d.outcome=='mh_narrow_share_incl_cancelled')&(d.estimator=='OLS_share')]['n_episodes'].iloc[0]),{},"Phase I table cell (conf_sens_C2_sens_incl_cancelled_mh_narrow_share_incl_cancelled_share, episodes); generated by ops/phase_i_tables.py"
C555_conf_sens_C2_sens_incl_cancelled_mh_narrow_share_incl_cancelled_share_mean_paper_master,S1b,docs/PAPER_MASTER.md,"| C2 | cancelled dispositions included | narrow MH share, cancelled included | share | 30 | {} |",data/reference/confirmatory_results.csv,float(d[(d.stratum=='C2_exposed')&(d.spec=='sens_incl_cancelled')&(d.outcome=='mh_narrow_share_incl_cancelled')&(d.estimator=='OLS_share')]['first_week_mean_coef'].iloc[0]),{:.5f},"Phase I table cell (conf_sens_C2_sens_incl_cancelled_mh_narrow_share_incl_cancelled_share, mean); generated by ops/phase_i_tables.py"
C555_conf_sens_C2_sens_incl_cancelled_mh_narrow_share_incl_cancelled_share_mean_supplement,S1b,docs/SUPPLEMENT.md,"| C2 | cancelled dispositions included | narrow MH share, cancelled included | share | 30 | {} |",data/reference/confirmatory_results.csv,float(d[(d.stratum=='C2_exposed')&(d.spec=='sens_incl_cancelled')&(d.outcome=='mh_narrow_share_incl_cancelled')&(d.estimator=='OLS_share')]['first_week_mean_coef'].iloc[0]),{:.5f},"Phase I table cell (conf_sens_C2_sens_incl_cancelled_mh_narrow_share_incl_cancelled_share, mean); generated by ops/phase_i_tables.py"
C556_conf_sens_C2_sens_incl_cancelled_mh_narrow_share_incl_cancelled_share_p_ri_paper_master,S1b,docs/PAPER_MASTER.md,"| C2 | cancelled dispositions included | narrow MH share, cancelled included | share | 30 | −0.00083 | {} |",data/reference/confirmatory_results.csv,float(d[(d.stratum=='C2_exposed')&(d.spec=='sens_incl_cancelled')&(d.outcome=='mh_narrow_share_incl_cancelled')&(d.estimator=='OLS_share')]['p_randomization'].iloc[0]),{:.4f},"Phase I table cell (conf_sens_C2_sens_incl_cancelled_mh_narrow_share_incl_cancelled_share, p_ri); generated by ops/phase_i_tables.py"
C556_conf_sens_C2_sens_incl_cancelled_mh_narrow_share_incl_cancelled_share_p_ri_supplement,S1b,docs/SUPPLEMENT.md,"| C2 | cancelled dispositions included | narrow MH share, cancelled included | share | 30 | −0.00083 | {} |",data/reference/confirmatory_results.csv,float(d[(d.stratum=='C2_exposed')&(d.spec=='sens_incl_cancelled')&(d.outcome=='mh_narrow_share_incl_cancelled')&(d.estimator=='OLS_share')]['p_randomization'].iloc[0]),{:.4f},"Phase I table cell (conf_sens_C2_sens_incl_cancelled_mh_narrow_share_incl_cancelled_share, p_ri); generated by ops/phase_i_tables.py"
C557_conf_sens_C2_sens_incl_cancelled_mh_narrow_incl_cancelled_count_episodes_paper_master,S1b,docs/PAPER_MASTER.md,"| C2 | cancelled dispositions included | narrow MH count, cancelled included | count | {} |",data/reference/confirmatory_results.csv,int(d[(d.stratum=='C2_exposed')&(d.spec=='sens_incl_cancelled')&(d.outcome=='mh_narrow_incl_cancelled')&(d.estimator=='PPML_count_offset')]['n_episodes'].iloc[0]),{},"Phase I table cell (conf_sens_C2_sens_incl_cancelled_mh_narrow_incl_cancelled_count, episodes); generated by ops/phase_i_tables.py"
C557_conf_sens_C2_sens_incl_cancelled_mh_narrow_incl_cancelled_count_episodes_supplement,S1b,docs/SUPPLEMENT.md,"| C2 | cancelled dispositions included | narrow MH count, cancelled included | count | {} |",data/reference/confirmatory_results.csv,int(d[(d.stratum=='C2_exposed')&(d.spec=='sens_incl_cancelled')&(d.outcome=='mh_narrow_incl_cancelled')&(d.estimator=='PPML_count_offset')]['n_episodes'].iloc[0]),{},"Phase I table cell (conf_sens_C2_sens_incl_cancelled_mh_narrow_incl_cancelled_count, episodes); generated by ops/phase_i_tables.py"
C558_conf_sens_C2_sens_incl_cancelled_mh_narrow_incl_cancelled_count_mean_paper_master,S1b,docs/PAPER_MASTER.md,"| C2 | cancelled dispositions included | narrow MH count, cancelled included | count | 30 | {} |",data/reference/confirmatory_results.csv,float(d[(d.stratum=='C2_exposed')&(d.spec=='sens_incl_cancelled')&(d.outcome=='mh_narrow_incl_cancelled')&(d.estimator=='PPML_count_offset')]['first_week_mean_coef'].iloc[0]),{:.5f},"Phase I table cell (conf_sens_C2_sens_incl_cancelled_mh_narrow_incl_cancelled_count, mean); generated by ops/phase_i_tables.py"
C558_conf_sens_C2_sens_incl_cancelled_mh_narrow_incl_cancelled_count_mean_supplement,S1b,docs/SUPPLEMENT.md,"| C2 | cancelled dispositions included | narrow MH count, cancelled included | count | 30 | {} |",data/reference/confirmatory_results.csv,float(d[(d.stratum=='C2_exposed')&(d.spec=='sens_incl_cancelled')&(d.outcome=='mh_narrow_incl_cancelled')&(d.estimator=='PPML_count_offset')]['first_week_mean_coef'].iloc[0]),{:.5f},"Phase I table cell (conf_sens_C2_sens_incl_cancelled_mh_narrow_incl_cancelled_count, mean); generated by ops/phase_i_tables.py"
C559_conf_sens_C2_sens_incl_cancelled_mh_narrow_incl_cancelled_count_p_ri_paper_master,S1b,docs/PAPER_MASTER.md,"| C2 | cancelled dispositions included | narrow MH count, cancelled included | count | 30 | 0.00093 | {} |",data/reference/confirmatory_results.csv,float(d[(d.stratum=='C2_exposed')&(d.spec=='sens_incl_cancelled')&(d.outcome=='mh_narrow_incl_cancelled')&(d.estimator=='PPML_count_offset')]['p_randomization'].iloc[0]),{:.4f},"Phase I table cell (conf_sens_C2_sens_incl_cancelled_mh_narrow_incl_cancelled_count, p_ri); generated by ops/phase_i_tables.py"
C559_conf_sens_C2_sens_incl_cancelled_mh_narrow_incl_cancelled_count_p_ri_supplement,S1b,docs/SUPPLEMENT.md,"| C2 | cancelled dispositions included | narrow MH count, cancelled included | count | 30 | 0.00093 | {} |",data/reference/confirmatory_results.csv,float(d[(d.stratum=='C2_exposed')&(d.spec=='sens_incl_cancelled')&(d.outcome=='mh_narrow_incl_cancelled')&(d.estimator=='PPML_count_offset')]['p_randomization'].iloc[0]),{:.4f},"Phase I table cell (conf_sens_C2_sens_incl_cancelled_mh_narrow_incl_cancelled_count, p_ri); generated by ops/phase_i_tables.py"
C560_conf_sens_C2_sens_no_edpm_edp_ex_edpm_share_share_episodes_paper_master,S1b,docs/PAPER_MASTER.md,| C2 | EDP without EDPM | EDP share without EDPM | share | {} |,data/reference/confirmatory_results.csv,int(d[(d.stratum=='C2_exposed')&(d.spec=='sens_no_edpm')&(d.outcome=='edp_ex_edpm_share')&(d.estimator=='OLS_share')]['n_episodes'].iloc[0]),{},"Phase I table cell (conf_sens_C2_sens_no_edpm_edp_ex_edpm_share_share, episodes); generated by ops/phase_i_tables.py"
C560_conf_sens_C2_sens_no_edpm_edp_ex_edpm_share_share_episodes_supplement,S1b,docs/SUPPLEMENT.md,| C2 | EDP without EDPM | EDP share without EDPM | share | {} |,data/reference/confirmatory_results.csv,int(d[(d.stratum=='C2_exposed')&(d.spec=='sens_no_edpm')&(d.outcome=='edp_ex_edpm_share')&(d.estimator=='OLS_share')]['n_episodes'].iloc[0]),{},"Phase I table cell (conf_sens_C2_sens_no_edpm_edp_ex_edpm_share_share, episodes); generated by ops/phase_i_tables.py"
C561_conf_sens_C2_sens_no_edpm_edp_ex_edpm_share_share_mean_paper_master,S1b,docs/PAPER_MASTER.md,| C2 | EDP without EDPM | EDP share without EDPM | share | 30 | {} |,data/reference/confirmatory_results.csv,float(d[(d.stratum=='C2_exposed')&(d.spec=='sens_no_edpm')&(d.outcome=='edp_ex_edpm_share')&(d.estimator=='OLS_share')]['first_week_mean_coef'].iloc[0]),{:.5f},"Phase I table cell (conf_sens_C2_sens_no_edpm_edp_ex_edpm_share_share, mean); generated by ops/phase_i_tables.py"
C561_conf_sens_C2_sens_no_edpm_edp_ex_edpm_share_share_mean_supplement,S1b,docs/SUPPLEMENT.md,| C2 | EDP without EDPM | EDP share without EDPM | share | 30 | {} |,data/reference/confirmatory_results.csv,float(d[(d.stratum=='C2_exposed')&(d.spec=='sens_no_edpm')&(d.outcome=='edp_ex_edpm_share')&(d.estimator=='OLS_share')]['first_week_mean_coef'].iloc[0]),{:.5f},"Phase I table cell (conf_sens_C2_sens_no_edpm_edp_ex_edpm_share_share, mean); generated by ops/phase_i_tables.py"
C562_conf_sens_C2_sens_no_edpm_edp_ex_edpm_share_share_p_ri_paper_master,S1b,docs/PAPER_MASTER.md,| C2 | EDP without EDPM | EDP share without EDPM | share | 30 | −0.00096 | {} |,data/reference/confirmatory_results.csv,float(d[(d.stratum=='C2_exposed')&(d.spec=='sens_no_edpm')&(d.outcome=='edp_ex_edpm_share')&(d.estimator=='OLS_share')]['p_randomization'].iloc[0]),{:.4f},"Phase I table cell (conf_sens_C2_sens_no_edpm_edp_ex_edpm_share_share, p_ri); generated by ops/phase_i_tables.py"
C562_conf_sens_C2_sens_no_edpm_edp_ex_edpm_share_share_p_ri_supplement,S1b,docs/SUPPLEMENT.md,| C2 | EDP without EDPM | EDP share without EDPM | share | 30 | −0.00096 | {} |,data/reference/confirmatory_results.csv,float(d[(d.stratum=='C2_exposed')&(d.spec=='sens_no_edpm')&(d.outcome=='edp_ex_edpm_share')&(d.estimator=='OLS_share')]['p_randomization'].iloc[0]),{:.4f},"Phase I table cell (conf_sens_C2_sens_no_edpm_edp_ex_edpm_share_share, p_ri); generated by ops/phase_i_tables.py"
C563_conf_sens_C2_sens_no_edpm_edp_ex_edpm_count_episodes_paper_master,S1b,docs/PAPER_MASTER.md,| C2 | EDP without EDPM | EDP count without EDPM | count | {} |,data/reference/confirmatory_results.csv,int(d[(d.stratum=='C2_exposed')&(d.spec=='sens_no_edpm')&(d.outcome=='edp_ex_edpm')&(d.estimator=='PPML_count_offset')]['n_episodes'].iloc[0]),{},"Phase I table cell (conf_sens_C2_sens_no_edpm_edp_ex_edpm_count, episodes); generated by ops/phase_i_tables.py"
C563_conf_sens_C2_sens_no_edpm_edp_ex_edpm_count_episodes_supplement,S1b,docs/SUPPLEMENT.md,| C2 | EDP without EDPM | EDP count without EDPM | count | {} |,data/reference/confirmatory_results.csv,int(d[(d.stratum=='C2_exposed')&(d.spec=='sens_no_edpm')&(d.outcome=='edp_ex_edpm')&(d.estimator=='PPML_count_offset')]['n_episodes'].iloc[0]),{},"Phase I table cell (conf_sens_C2_sens_no_edpm_edp_ex_edpm_count, episodes); generated by ops/phase_i_tables.py"
C564_conf_sens_C2_sens_no_edpm_edp_ex_edpm_count_mean_paper_master,S1b,docs/PAPER_MASTER.md,| C2 | EDP without EDPM | EDP count without EDPM | count | 30 | {} |,data/reference/confirmatory_results.csv,float(d[(d.stratum=='C2_exposed')&(d.spec=='sens_no_edpm')&(d.outcome=='edp_ex_edpm')&(d.estimator=='PPML_count_offset')]['first_week_mean_coef'].iloc[0]),{:.5f},"Phase I table cell (conf_sens_C2_sens_no_edpm_edp_ex_edpm_count, mean); generated by ops/phase_i_tables.py"
C564_conf_sens_C2_sens_no_edpm_edp_ex_edpm_count_mean_supplement,S1b,docs/SUPPLEMENT.md,| C2 | EDP without EDPM | EDP count without EDPM | count | 30 | {} |,data/reference/confirmatory_results.csv,float(d[(d.stratum=='C2_exposed')&(d.spec=='sens_no_edpm')&(d.outcome=='edp_ex_edpm')&(d.estimator=='PPML_count_offset')]['first_week_mean_coef'].iloc[0]),{:.5f},"Phase I table cell (conf_sens_C2_sens_no_edpm_edp_ex_edpm_count, mean); generated by ops/phase_i_tables.py"
C565_conf_sens_C2_sens_no_edpm_edp_ex_edpm_count_p_ri_paper_master,S1b,docs/PAPER_MASTER.md,| C2 | EDP without EDPM | EDP count without EDPM | count | 30 | −0.00060 | {} |,data/reference/confirmatory_results.csv,float(d[(d.stratum=='C2_exposed')&(d.spec=='sens_no_edpm')&(d.outcome=='edp_ex_edpm')&(d.estimator=='PPML_count_offset')]['p_randomization'].iloc[0]),{:.4f},"Phase I table cell (conf_sens_C2_sens_no_edpm_edp_ex_edpm_count, p_ri); generated by ops/phase_i_tables.py"
C565_conf_sens_C2_sens_no_edpm_edp_ex_edpm_count_p_ri_supplement,S1b,docs/SUPPLEMENT.md,| C2 | EDP without EDPM | EDP count without EDPM | count | 30 | −0.00060 | {} |,data/reference/confirmatory_results.csv,float(d[(d.stratum=='C2_exposed')&(d.spec=='sens_no_edpm')&(d.outcome=='edp_ex_edpm')&(d.estimator=='PPML_count_offset')]['p_randomization'].iloc[0]),{:.4f},"Phase I table cell (conf_sens_C2_sens_no_edpm_edp_ex_edpm_count, p_ri); generated by ops/phase_i_tables.py"
C566_conf_sens_C2_sens_bheard_late_bound_edp_share_share_episodes_paper_master,S1b,docs/PAPER_MASTER.md,| C2 | late B-HEARD bound | EDP share | share | {} |,data/reference/confirmatory_results.csv,int(d[(d.stratum=='C2_exposed')&(d.spec=='sens_bheard_late_bound')&(d.outcome=='edp_share')&(d.estimator=='OLS_share')]['n_episodes'].iloc[0]),{},"Phase I table cell (conf_sens_C2_sens_bheard_late_bound_edp_share_share, episodes); generated by ops/phase_i_tables.py"
C566_conf_sens_C2_sens_bheard_late_bound_edp_share_share_episodes_supplement,S1b,docs/SUPPLEMENT.md,| C2 | late B-HEARD bound | EDP share | share | {} |,data/reference/confirmatory_results.csv,int(d[(d.stratum=='C2_exposed')&(d.spec=='sens_bheard_late_bound')&(d.outcome=='edp_share')&(d.estimator=='OLS_share')]['n_episodes'].iloc[0]),{},"Phase I table cell (conf_sens_C2_sens_bheard_late_bound_edp_share_share, episodes); generated by ops/phase_i_tables.py"
C567_conf_sens_C2_sens_bheard_late_bound_edp_share_share_mean_paper_master,S1b,docs/PAPER_MASTER.md,| C2 | late B-HEARD bound | EDP share | share | 30 | {} |,data/reference/confirmatory_results.csv,float(d[(d.stratum=='C2_exposed')&(d.spec=='sens_bheard_late_bound')&(d.outcome=='edp_share')&(d.estimator=='OLS_share')]['first_week_mean_coef'].iloc[0]),{:.5f},"Phase I table cell (conf_sens_C2_sens_bheard_late_bound_edp_share_share, mean); generated by ops/phase_i_tables.py"
C567_conf_sens_C2_sens_bheard_late_bound_edp_share_share_mean_supplement,S1b,docs/SUPPLEMENT.md,| C2 | late B-HEARD bound | EDP share | share | 30 | {} |,data/reference/confirmatory_results.csv,float(d[(d.stratum=='C2_exposed')&(d.spec=='sens_bheard_late_bound')&(d.outcome=='edp_share')&(d.estimator=='OLS_share')]['first_week_mean_coef'].iloc[0]),{:.5f},"Phase I table cell (conf_sens_C2_sens_bheard_late_bound_edp_share_share, mean); generated by ops/phase_i_tables.py"
C568_conf_sens_C2_sens_bheard_late_bound_edp_share_share_p_ri_paper_master,S1b,docs/PAPER_MASTER.md,| C2 | late B-HEARD bound | EDP share | share | 30 | −0.00019 | {} |,data/reference/confirmatory_results.csv,float(d[(d.stratum=='C2_exposed')&(d.spec=='sens_bheard_late_bound')&(d.outcome=='edp_share')&(d.estimator=='OLS_share')]['p_randomization'].iloc[0]),{:.4f},"Phase I table cell (conf_sens_C2_sens_bheard_late_bound_edp_share_share, p_ri); generated by ops/phase_i_tables.py"
C568_conf_sens_C2_sens_bheard_late_bound_edp_share_share_p_ri_supplement,S1b,docs/SUPPLEMENT.md,| C2 | late B-HEARD bound | EDP share | share | 30 | −0.00019 | {} |,data/reference/confirmatory_results.csv,float(d[(d.stratum=='C2_exposed')&(d.spec=='sens_bheard_late_bound')&(d.outcome=='edp_share')&(d.estimator=='OLS_share')]['p_randomization'].iloc[0]),{:.4f},"Phase I table cell (conf_sens_C2_sens_bheard_late_bound_edp_share_share, p_ri); generated by ops/phase_i_tables.py"
C569_conf_sens_C2_sens_bheard_late_bound_edp_count_episodes_paper_master,S1b,docs/PAPER_MASTER.md,| C2 | late B-HEARD bound | EDP count | count | {} |,data/reference/confirmatory_results.csv,int(d[(d.stratum=='C2_exposed')&(d.spec=='sens_bheard_late_bound')&(d.outcome=='edp')&(d.estimator=='PPML_count_offset')]['n_episodes'].iloc[0]),{},"Phase I table cell (conf_sens_C2_sens_bheard_late_bound_edp_count, episodes); generated by ops/phase_i_tables.py"
C569_conf_sens_C2_sens_bheard_late_bound_edp_count_episodes_supplement,S1b,docs/SUPPLEMENT.md,| C2 | late B-HEARD bound | EDP count | count | {} |,data/reference/confirmatory_results.csv,int(d[(d.stratum=='C2_exposed')&(d.spec=='sens_bheard_late_bound')&(d.outcome=='edp')&(d.estimator=='PPML_count_offset')]['n_episodes'].iloc[0]),{},"Phase I table cell (conf_sens_C2_sens_bheard_late_bound_edp_count, episodes); generated by ops/phase_i_tables.py"
C570_conf_sens_C2_sens_bheard_late_bound_edp_count_mean_paper_master,S1b,docs/PAPER_MASTER.md,| C2 | late B-HEARD bound | EDP count | count | 30 | {} |,data/reference/confirmatory_results.csv,float(d[(d.stratum=='C2_exposed')&(d.spec=='sens_bheard_late_bound')&(d.outcome=='edp')&(d.estimator=='PPML_count_offset')]['first_week_mean_coef'].iloc[0]),{:.5f},"Phase I table cell (conf_sens_C2_sens_bheard_late_bound_edp_count, mean); generated by ops/phase_i_tables.py"
C570_conf_sens_C2_sens_bheard_late_bound_edp_count_mean_supplement,S1b,docs/SUPPLEMENT.md,| C2 | late B-HEARD bound | EDP count | count | 30 | {} |,data/reference/confirmatory_results.csv,float(d[(d.stratum=='C2_exposed')&(d.spec=='sens_bheard_late_bound')&(d.outcome=='edp')&(d.estimator=='PPML_count_offset')]['first_week_mean_coef'].iloc[0]),{:.5f},"Phase I table cell (conf_sens_C2_sens_bheard_late_bound_edp_count, mean); generated by ops/phase_i_tables.py"
C571_conf_sens_C2_sens_bheard_late_bound_edp_count_p_ri_paper_master,S1b,docs/PAPER_MASTER.md,| C2 | late B-HEARD bound | EDP count | count | 30 | 0.00582 | {} |,data/reference/confirmatory_results.csv,float(d[(d.stratum=='C2_exposed')&(d.spec=='sens_bheard_late_bound')&(d.outcome=='edp')&(d.estimator=='PPML_count_offset')]['p_randomization'].iloc[0]),{:.4f},"Phase I table cell (conf_sens_C2_sens_bheard_late_bound_edp_count, p_ri); generated by ops/phase_i_tables.py"
C571_conf_sens_C2_sens_bheard_late_bound_edp_count_p_ri_supplement,S1b,docs/SUPPLEMENT.md,| C2 | late B-HEARD bound | EDP count | count | 30 | 0.00582 | {} |,data/reference/confirmatory_results.csv,float(d[(d.stratum=='C2_exposed')&(d.spec=='sens_bheard_late_bound')&(d.outcome=='edp')&(d.estimator=='PPML_count_offset')]['p_randomization'].iloc[0]),{:.4f},"Phase I table cell (conf_sens_C2_sens_bheard_late_bound_edp_count, p_ri); generated by ops/phase_i_tables.py"
C572_conf_sens_C2_sens_bheard_late_bound_mh_narrow_share_share_episodes_paper_master,S1b,docs/PAPER_MASTER.md,| C2 | late B-HEARD bound | narrow MH share | share | {} |,data/reference/confirmatory_results.csv,int(d[(d.stratum=='C2_exposed')&(d.spec=='sens_bheard_late_bound')&(d.outcome=='mh_narrow_share')&(d.estimator=='OLS_share')]['n_episodes'].iloc[0]),{},"Phase I table cell (conf_sens_C2_sens_bheard_late_bound_mh_narrow_share_share, episodes); generated by ops/phase_i_tables.py"
C572_conf_sens_C2_sens_bheard_late_bound_mh_narrow_share_share_episodes_supplement,S1b,docs/SUPPLEMENT.md,| C2 | late B-HEARD bound | narrow MH share | share | {} |,data/reference/confirmatory_results.csv,int(d[(d.stratum=='C2_exposed')&(d.spec=='sens_bheard_late_bound')&(d.outcome=='mh_narrow_share')&(d.estimator=='OLS_share')]['n_episodes'].iloc[0]),{},"Phase I table cell (conf_sens_C2_sens_bheard_late_bound_mh_narrow_share_share, episodes); generated by ops/phase_i_tables.py"
C573_conf_sens_C2_sens_bheard_late_bound_mh_narrow_share_share_mean_paper_master,S1b,docs/PAPER_MASTER.md,| C2 | late B-HEARD bound | narrow MH share | share | 30 | {} |,data/reference/confirmatory_results.csv,float(d[(d.stratum=='C2_exposed')&(d.spec=='sens_bheard_late_bound')&(d.outcome=='mh_narrow_share')&(d.estimator=='OLS_share')]['first_week_mean_coef'].iloc[0]),{:.5f},"Phase I table cell (conf_sens_C2_sens_bheard_late_bound_mh_narrow_share_share, mean); generated by ops/phase_i_tables.py"
C573_conf_sens_C2_sens_bheard_late_bound_mh_narrow_share_share_mean_supplement,S1b,docs/SUPPLEMENT.md,| C2 | late B-HEARD bound | narrow MH share | share | 30 | {} |,data/reference/confirmatory_results.csv,float(d[(d.stratum=='C2_exposed')&(d.spec=='sens_bheard_late_bound')&(d.outcome=='mh_narrow_share')&(d.estimator=='OLS_share')]['first_week_mean_coef'].iloc[0]),{:.5f},"Phase I table cell (conf_sens_C2_sens_bheard_late_bound_mh_narrow_share_share, mean); generated by ops/phase_i_tables.py"
C574_conf_sens_C2_sens_bheard_late_bound_mh_narrow_share_share_p_ri_paper_master,S1b,docs/PAPER_MASTER.md,| C2 | late B-HEARD bound | narrow MH share | share | 30 | −0.00068 | {} |,data/reference/confirmatory_results.csv,float(d[(d.stratum=='C2_exposed')&(d.spec=='sens_bheard_late_bound')&(d.outcome=='mh_narrow_share')&(d.estimator=='OLS_share')]['p_randomization'].iloc[0]),{:.4f},"Phase I table cell (conf_sens_C2_sens_bheard_late_bound_mh_narrow_share_share, p_ri); generated by ops/phase_i_tables.py"
C574_conf_sens_C2_sens_bheard_late_bound_mh_narrow_share_share_p_ri_supplement,S1b,docs/SUPPLEMENT.md,| C2 | late B-HEARD bound | narrow MH share | share | 30 | −0.00068 | {} |,data/reference/confirmatory_results.csv,float(d[(d.stratum=='C2_exposed')&(d.spec=='sens_bheard_late_bound')&(d.outcome=='mh_narrow_share')&(d.estimator=='OLS_share')]['p_randomization'].iloc[0]),{:.4f},"Phase I table cell (conf_sens_C2_sens_bheard_late_bound_mh_narrow_share_share, p_ri); generated by ops/phase_i_tables.py"
C575_conf_sens_C2_sens_bheard_late_bound_mh_narrow_count_episodes_paper_master,S1b,docs/PAPER_MASTER.md,| C2 | late B-HEARD bound | narrow MH count | count | {} |,data/reference/confirmatory_results.csv,int(d[(d.stratum=='C2_exposed')&(d.spec=='sens_bheard_late_bound')&(d.outcome=='mh_narrow')&(d.estimator=='PPML_count_offset')]['n_episodes'].iloc[0]),{},"Phase I table cell (conf_sens_C2_sens_bheard_late_bound_mh_narrow_count, episodes); generated by ops/phase_i_tables.py"
C575_conf_sens_C2_sens_bheard_late_bound_mh_narrow_count_episodes_supplement,S1b,docs/SUPPLEMENT.md,| C2 | late B-HEARD bound | narrow MH count | count | {} |,data/reference/confirmatory_results.csv,int(d[(d.stratum=='C2_exposed')&(d.spec=='sens_bheard_late_bound')&(d.outcome=='mh_narrow')&(d.estimator=='PPML_count_offset')]['n_episodes'].iloc[0]),{},"Phase I table cell (conf_sens_C2_sens_bheard_late_bound_mh_narrow_count, episodes); generated by ops/phase_i_tables.py"
C576_conf_sens_C2_sens_bheard_late_bound_mh_narrow_count_mean_paper_master,S1b,docs/PAPER_MASTER.md,| C2 | late B-HEARD bound | narrow MH count | count | 30 | {} |,data/reference/confirmatory_results.csv,float(d[(d.stratum=='C2_exposed')&(d.spec=='sens_bheard_late_bound')&(d.outcome=='mh_narrow')&(d.estimator=='PPML_count_offset')]['first_week_mean_coef'].iloc[0]),{:.5f},"Phase I table cell (conf_sens_C2_sens_bheard_late_bound_mh_narrow_count, mean); generated by ops/phase_i_tables.py"
C576_conf_sens_C2_sens_bheard_late_bound_mh_narrow_count_mean_supplement,S1b,docs/SUPPLEMENT.md,| C2 | late B-HEARD bound | narrow MH count | count | 30 | {} |,data/reference/confirmatory_results.csv,float(d[(d.stratum=='C2_exposed')&(d.spec=='sens_bheard_late_bound')&(d.outcome=='mh_narrow')&(d.estimator=='PPML_count_offset')]['first_week_mean_coef'].iloc[0]),{:.5f},"Phase I table cell (conf_sens_C2_sens_bheard_late_bound_mh_narrow_count, mean); generated by ops/phase_i_tables.py"
C577_conf_sens_C2_sens_bheard_late_bound_mh_narrow_count_p_ri_paper_master,S1b,docs/PAPER_MASTER.md,| C2 | late B-HEARD bound | narrow MH count | count | 30 | 0.00189 | {} |,data/reference/confirmatory_results.csv,float(d[(d.stratum=='C2_exposed')&(d.spec=='sens_bheard_late_bound')&(d.outcome=='mh_narrow')&(d.estimator=='PPML_count_offset')]['p_randomization'].iloc[0]),{:.4f},"Phase I table cell (conf_sens_C2_sens_bheard_late_bound_mh_narrow_count, p_ri); generated by ops/phase_i_tables.py"
C577_conf_sens_C2_sens_bheard_late_bound_mh_narrow_count_p_ri_supplement,S1b,docs/SUPPLEMENT.md,| C2 | late B-HEARD bound | narrow MH count | count | 30 | 0.00189 | {} |,data/reference/confirmatory_results.csv,float(d[(d.stratum=='C2_exposed')&(d.spec=='sens_bheard_late_bound')&(d.outcome=='mh_narrow')&(d.estimator=='PPML_count_offset')]['p_randomization'].iloc[0]),{:.4f},"Phase I table cell (conf_sens_C2_sens_bheard_late_bound_mh_narrow_count, p_ri); generated by ops/phase_i_tables.py"
C578_conf_sens_pooled_sens_post28_edp_share_share_episodes_paper_master,S1b,docs/PAPER_MASTER.md,| pooled | post window 28 days | EDP share | share | {} |,data/reference/confirmatory_results.csv,int(d[(d.stratum=='pooled')&(d.spec=='sens_post28')&(d.outcome=='edp_share')&(d.estimator=='OLS_share')]['n_episodes'].iloc[0]),{},"Phase I table cell (conf_sens_pooled_sens_post28_edp_share_share, episodes); generated by ops/phase_i_tables.py"
C578_conf_sens_pooled_sens_post28_edp_share_share_episodes_supplement,S1b,docs/SUPPLEMENT.md,| pooled | post window 28 days | EDP share | share | {} |,data/reference/confirmatory_results.csv,int(d[(d.stratum=='pooled')&(d.spec=='sens_post28')&(d.outcome=='edp_share')&(d.estimator=='OLS_share')]['n_episodes'].iloc[0]),{},"Phase I table cell (conf_sens_pooled_sens_post28_edp_share_share, episodes); generated by ops/phase_i_tables.py"
C579_conf_sens_pooled_sens_post28_edp_share_share_mean_paper_master,S1b,docs/PAPER_MASTER.md,| pooled | post window 28 days | EDP share | share | 45 | {} |,data/reference/confirmatory_results.csv,float(d[(d.stratum=='pooled')&(d.spec=='sens_post28')&(d.outcome=='edp_share')&(d.estimator=='OLS_share')]['first_week_mean_coef'].iloc[0]),{:.5f},"Phase I table cell (conf_sens_pooled_sens_post28_edp_share_share, mean); generated by ops/phase_i_tables.py"
C579_conf_sens_pooled_sens_post28_edp_share_share_mean_supplement,S1b,docs/SUPPLEMENT.md,| pooled | post window 28 days | EDP share | share | 45 | {} |,data/reference/confirmatory_results.csv,float(d[(d.stratum=='pooled')&(d.spec=='sens_post28')&(d.outcome=='edp_share')&(d.estimator=='OLS_share')]['first_week_mean_coef'].iloc[0]),{:.5f},"Phase I table cell (conf_sens_pooled_sens_post28_edp_share_share, mean); generated by ops/phase_i_tables.py"
C580_conf_sens_pooled_sens_post28_edp_share_share_p_ri_paper_master,S1b,docs/PAPER_MASTER.md,| pooled | post window 28 days | EDP share | share | 45 | −0.00037 | {} |,data/reference/confirmatory_results.csv,float(d[(d.stratum=='pooled')&(d.spec=='sens_post28')&(d.outcome=='edp_share')&(d.estimator=='OLS_share')]['p_randomization'].iloc[0]),{:.4f},"Phase I table cell (conf_sens_pooled_sens_post28_edp_share_share, p_ri); generated by ops/phase_i_tables.py"
C580_conf_sens_pooled_sens_post28_edp_share_share_p_ri_supplement,S1b,docs/SUPPLEMENT.md,| pooled | post window 28 days | EDP share | share | 45 | −0.00037 | {} |,data/reference/confirmatory_results.csv,float(d[(d.stratum=='pooled')&(d.spec=='sens_post28')&(d.outcome=='edp_share')&(d.estimator=='OLS_share')]['p_randomization'].iloc[0]),{:.4f},"Phase I table cell (conf_sens_pooled_sens_post28_edp_share_share, p_ri); generated by ops/phase_i_tables.py"
C581_conf_sens_pooled_sens_post28_edp_count_episodes_paper_master,S1b,docs/PAPER_MASTER.md,| pooled | post window 28 days | EDP count | count | {} |,data/reference/confirmatory_results.csv,int(d[(d.stratum=='pooled')&(d.spec=='sens_post28')&(d.outcome=='edp')&(d.estimator=='PPML_count_offset')]['n_episodes'].iloc[0]),{},"Phase I table cell (conf_sens_pooled_sens_post28_edp_count, episodes); generated by ops/phase_i_tables.py"
C581_conf_sens_pooled_sens_post28_edp_count_episodes_supplement,S1b,docs/SUPPLEMENT.md,| pooled | post window 28 days | EDP count | count | {} |,data/reference/confirmatory_results.csv,int(d[(d.stratum=='pooled')&(d.spec=='sens_post28')&(d.outcome=='edp')&(d.estimator=='PPML_count_offset')]['n_episodes'].iloc[0]),{},"Phase I table cell (conf_sens_pooled_sens_post28_edp_count, episodes); generated by ops/phase_i_tables.py"
C582_conf_sens_pooled_sens_post28_edp_count_mean_paper_master,S1b,docs/PAPER_MASTER.md,| pooled | post window 28 days | EDP count | count | 45 | {} |,data/reference/confirmatory_results.csv,float(d[(d.stratum=='pooled')&(d.spec=='sens_post28')&(d.outcome=='edp')&(d.estimator=='PPML_count_offset')]['first_week_mean_coef'].iloc[0]),{:.5f},"Phase I table cell (conf_sens_pooled_sens_post28_edp_count, mean); generated by ops/phase_i_tables.py"
C582_conf_sens_pooled_sens_post28_edp_count_mean_supplement,S1b,docs/SUPPLEMENT.md,| pooled | post window 28 days | EDP count | count | 45 | {} |,data/reference/confirmatory_results.csv,float(d[(d.stratum=='pooled')&(d.spec=='sens_post28')&(d.outcome=='edp')&(d.estimator=='PPML_count_offset')]['first_week_mean_coef'].iloc[0]),{:.5f},"Phase I table cell (conf_sens_pooled_sens_post28_edp_count, mean); generated by ops/phase_i_tables.py"
C583_conf_sens_pooled_sens_post28_edp_count_p_ri_paper_master,S1b,docs/PAPER_MASTER.md,| pooled | post window 28 days | EDP count | count | 45 | 0.00762 | {} |,data/reference/confirmatory_results.csv,float(d[(d.stratum=='pooled')&(d.spec=='sens_post28')&(d.outcome=='edp')&(d.estimator=='PPML_count_offset')]['p_randomization'].iloc[0]),{:.4f},"Phase I table cell (conf_sens_pooled_sens_post28_edp_count, p_ri); generated by ops/phase_i_tables.py"
C583_conf_sens_pooled_sens_post28_edp_count_p_ri_supplement,S1b,docs/SUPPLEMENT.md,| pooled | post window 28 days | EDP count | count | 45 | 0.00762 | {} |,data/reference/confirmatory_results.csv,float(d[(d.stratum=='pooled')&(d.spec=='sens_post28')&(d.outcome=='edp')&(d.estimator=='PPML_count_offset')]['p_randomization'].iloc[0]),{:.4f},"Phase I table cell (conf_sens_pooled_sens_post28_edp_count, p_ri); generated by ops/phase_i_tables.py"
C584_conf_sens_pooled_sens_post28_mh_narrow_share_share_episodes_paper_master,S1b,docs/PAPER_MASTER.md,| pooled | post window 28 days | narrow MH share | share | {} |,data/reference/confirmatory_results.csv,int(d[(d.stratum=='pooled')&(d.spec=='sens_post28')&(d.outcome=='mh_narrow_share')&(d.estimator=='OLS_share')]['n_episodes'].iloc[0]),{},"Phase I table cell (conf_sens_pooled_sens_post28_mh_narrow_share_share, episodes); generated by ops/phase_i_tables.py"
C584_conf_sens_pooled_sens_post28_mh_narrow_share_share_episodes_supplement,S1b,docs/SUPPLEMENT.md,| pooled | post window 28 days | narrow MH share | share | {} |,data/reference/confirmatory_results.csv,int(d[(d.stratum=='pooled')&(d.spec=='sens_post28')&(d.outcome=='mh_narrow_share')&(d.estimator=='OLS_share')]['n_episodes'].iloc[0]),{},"Phase I table cell (conf_sens_pooled_sens_post28_mh_narrow_share_share, episodes); generated by ops/phase_i_tables.py"
C585_conf_sens_pooled_sens_post28_mh_narrow_share_share_mean_paper_master,S1b,docs/PAPER_MASTER.md,| pooled | post window 28 days | narrow MH share | share | 45 | {} |,data/reference/confirmatory_results.csv,float(d[(d.stratum=='pooled')&(d.spec=='sens_post28')&(d.outcome=='mh_narrow_share')&(d.estimator=='OLS_share')]['first_week_mean_coef'].iloc[0]),{:.5f},"Phase I table cell (conf_sens_pooled_sens_post28_mh_narrow_share_share, mean); generated by ops/phase_i_tables.py"
C585_conf_sens_pooled_sens_post28_mh_narrow_share_share_mean_supplement,S1b,docs/SUPPLEMENT.md,| pooled | post window 28 days | narrow MH share | share | 45 | {} |,data/reference/confirmatory_results.csv,float(d[(d.stratum=='pooled')&(d.spec=='sens_post28')&(d.outcome=='mh_narrow_share')&(d.estimator=='OLS_share')]['first_week_mean_coef'].iloc[0]),{:.5f},"Phase I table cell (conf_sens_pooled_sens_post28_mh_narrow_share_share, mean); generated by ops/phase_i_tables.py"
C586_conf_sens_pooled_sens_post28_mh_narrow_share_share_p_ri_paper_master,S1b,docs/PAPER_MASTER.md,| pooled | post window 28 days | narrow MH share | share | 45 | −0.00078 | {} |,data/reference/confirmatory_results.csv,float(d[(d.stratum=='pooled')&(d.spec=='sens_post28')&(d.outcome=='mh_narrow_share')&(d.estimator=='OLS_share')]['p_randomization'].iloc[0]),{:.4f},"Phase I table cell (conf_sens_pooled_sens_post28_mh_narrow_share_share, p_ri); generated by ops/phase_i_tables.py"
C586_conf_sens_pooled_sens_post28_mh_narrow_share_share_p_ri_supplement,S1b,docs/SUPPLEMENT.md,| pooled | post window 28 days | narrow MH share | share | 45 | −0.00078 | {} |,data/reference/confirmatory_results.csv,float(d[(d.stratum=='pooled')&(d.spec=='sens_post28')&(d.outcome=='mh_narrow_share')&(d.estimator=='OLS_share')]['p_randomization'].iloc[0]),{:.4f},"Phase I table cell (conf_sens_pooled_sens_post28_mh_narrow_share_share, p_ri); generated by ops/phase_i_tables.py"
C587_conf_sens_pooled_sens_post28_mh_narrow_count_episodes_paper_master,S1b,docs/PAPER_MASTER.md,| pooled | post window 28 days | narrow MH count | count | {} |,data/reference/confirmatory_results.csv,int(d[(d.stratum=='pooled')&(d.spec=='sens_post28')&(d.outcome=='mh_narrow')&(d.estimator=='PPML_count_offset')]['n_episodes'].iloc[0]),{},"Phase I table cell (conf_sens_pooled_sens_post28_mh_narrow_count, episodes); generated by ops/phase_i_tables.py"
C587_conf_sens_pooled_sens_post28_mh_narrow_count_episodes_supplement,S1b,docs/SUPPLEMENT.md,| pooled | post window 28 days | narrow MH count | count | {} |,data/reference/confirmatory_results.csv,int(d[(d.stratum=='pooled')&(d.spec=='sens_post28')&(d.outcome=='mh_narrow')&(d.estimator=='PPML_count_offset')]['n_episodes'].iloc[0]),{},"Phase I table cell (conf_sens_pooled_sens_post28_mh_narrow_count, episodes); generated by ops/phase_i_tables.py"
C588_conf_sens_pooled_sens_post28_mh_narrow_count_mean_paper_master,S1b,docs/PAPER_MASTER.md,| pooled | post window 28 days | narrow MH count | count | 45 | {} |,data/reference/confirmatory_results.csv,float(d[(d.stratum=='pooled')&(d.spec=='sens_post28')&(d.outcome=='mh_narrow')&(d.estimator=='PPML_count_offset')]['first_week_mean_coef'].iloc[0]),{:.5f},"Phase I table cell (conf_sens_pooled_sens_post28_mh_narrow_count, mean); generated by ops/phase_i_tables.py"
C588_conf_sens_pooled_sens_post28_mh_narrow_count_mean_supplement,S1b,docs/SUPPLEMENT.md,| pooled | post window 28 days | narrow MH count | count | 45 | {} |,data/reference/confirmatory_results.csv,float(d[(d.stratum=='pooled')&(d.spec=='sens_post28')&(d.outcome=='mh_narrow')&(d.estimator=='PPML_count_offset')]['first_week_mean_coef'].iloc[0]),{:.5f},"Phase I table cell (conf_sens_pooled_sens_post28_mh_narrow_count, mean); generated by ops/phase_i_tables.py"
C589_conf_sens_pooled_sens_post28_mh_narrow_count_p_ri_paper_master,S1b,docs/PAPER_MASTER.md,| pooled | post window 28 days | narrow MH count | count | 45 | 0.00158 | {} |,data/reference/confirmatory_results.csv,float(d[(d.stratum=='pooled')&(d.spec=='sens_post28')&(d.outcome=='mh_narrow')&(d.estimator=='PPML_count_offset')]['p_randomization'].iloc[0]),{:.4f},"Phase I table cell (conf_sens_pooled_sens_post28_mh_narrow_count, p_ri); generated by ops/phase_i_tables.py"
C589_conf_sens_pooled_sens_post28_mh_narrow_count_p_ri_supplement,S1b,docs/SUPPLEMENT.md,| pooled | post window 28 days | narrow MH count | count | 45 | 0.00158 | {} |,data/reference/confirmatory_results.csv,float(d[(d.stratum=='pooled')&(d.spec=='sens_post28')&(d.outcome=='mh_narrow')&(d.estimator=='PPML_count_offset')]['p_randomization'].iloc[0]),{:.4f},"Phase I table cell (conf_sens_pooled_sens_post28_mh_narrow_count, p_ri); generated by ops/phase_i_tables.py"
C590_conf_sens_pooled_sens_post60_edp_share_share_episodes_paper_master,S1b,docs/PAPER_MASTER.md,| pooled | post window 60 days | EDP share | share | {} |,data/reference/confirmatory_results.csv,int(d[(d.stratum=='pooled')&(d.spec=='sens_post60')&(d.outcome=='edp_share')&(d.estimator=='OLS_share')]['n_episodes'].iloc[0]),{},"Phase I table cell (conf_sens_pooled_sens_post60_edp_share_share, episodes); generated by ops/phase_i_tables.py"
C590_conf_sens_pooled_sens_post60_edp_share_share_episodes_supplement,S1b,docs/SUPPLEMENT.md,| pooled | post window 60 days | EDP share | share | {} |,data/reference/confirmatory_results.csv,int(d[(d.stratum=='pooled')&(d.spec=='sens_post60')&(d.outcome=='edp_share')&(d.estimator=='OLS_share')]['n_episodes'].iloc[0]),{},"Phase I table cell (conf_sens_pooled_sens_post60_edp_share_share, episodes); generated by ops/phase_i_tables.py"
C591_conf_sens_pooled_sens_post60_edp_share_share_mean_paper_master,S1b,docs/PAPER_MASTER.md,| pooled | post window 60 days | EDP share | share | 45 | {} |,data/reference/confirmatory_results.csv,float(d[(d.stratum=='pooled')&(d.spec=='sens_post60')&(d.outcome=='edp_share')&(d.estimator=='OLS_share')]['first_week_mean_coef'].iloc[0]),{:.5f},"Phase I table cell (conf_sens_pooled_sens_post60_edp_share_share, mean); generated by ops/phase_i_tables.py"
C591_conf_sens_pooled_sens_post60_edp_share_share_mean_supplement,S1b,docs/SUPPLEMENT.md,| pooled | post window 60 days | EDP share | share | 45 | {} |,data/reference/confirmatory_results.csv,float(d[(d.stratum=='pooled')&(d.spec=='sens_post60')&(d.outcome=='edp_share')&(d.estimator=='OLS_share')]['first_week_mean_coef'].iloc[0]),{:.5f},"Phase I table cell (conf_sens_pooled_sens_post60_edp_share_share, mean); generated by ops/phase_i_tables.py"
C592_conf_sens_pooled_sens_post60_edp_share_share_p_ri_paper_master,S1b,docs/PAPER_MASTER.md,| pooled | post window 60 days | EDP share | share | 45 | −0.00031 | {} |,data/reference/confirmatory_results.csv,float(d[(d.stratum=='pooled')&(d.spec=='sens_post60')&(d.outcome=='edp_share')&(d.estimator=='OLS_share')]['p_randomization'].iloc[0]),{:.4f},"Phase I table cell (conf_sens_pooled_sens_post60_edp_share_share, p_ri); generated by ops/phase_i_tables.py"
C592_conf_sens_pooled_sens_post60_edp_share_share_p_ri_supplement,S1b,docs/SUPPLEMENT.md,| pooled | post window 60 days | EDP share | share | 45 | −0.00031 | {} |,data/reference/confirmatory_results.csv,float(d[(d.stratum=='pooled')&(d.spec=='sens_post60')&(d.outcome=='edp_share')&(d.estimator=='OLS_share')]['p_randomization'].iloc[0]),{:.4f},"Phase I table cell (conf_sens_pooled_sens_post60_edp_share_share, p_ri); generated by ops/phase_i_tables.py"
C593_conf_sens_pooled_sens_post60_edp_count_episodes_paper_master,S1b,docs/PAPER_MASTER.md,| pooled | post window 60 days | EDP count | count | {} |,data/reference/confirmatory_results.csv,int(d[(d.stratum=='pooled')&(d.spec=='sens_post60')&(d.outcome=='edp')&(d.estimator=='PPML_count_offset')]['n_episodes'].iloc[0]),{},"Phase I table cell (conf_sens_pooled_sens_post60_edp_count, episodes); generated by ops/phase_i_tables.py"
C593_conf_sens_pooled_sens_post60_edp_count_episodes_supplement,S1b,docs/SUPPLEMENT.md,| pooled | post window 60 days | EDP count | count | {} |,data/reference/confirmatory_results.csv,int(d[(d.stratum=='pooled')&(d.spec=='sens_post60')&(d.outcome=='edp')&(d.estimator=='PPML_count_offset')]['n_episodes'].iloc[0]),{},"Phase I table cell (conf_sens_pooled_sens_post60_edp_count, episodes); generated by ops/phase_i_tables.py"
C594_conf_sens_pooled_sens_post60_edp_count_mean_paper_master,S1b,docs/PAPER_MASTER.md,| pooled | post window 60 days | EDP count | count | 45 | {} |,data/reference/confirmatory_results.csv,float(d[(d.stratum=='pooled')&(d.spec=='sens_post60')&(d.outcome=='edp')&(d.estimator=='PPML_count_offset')]['first_week_mean_coef'].iloc[0]),{:.5f},"Phase I table cell (conf_sens_pooled_sens_post60_edp_count, mean); generated by ops/phase_i_tables.py"
C594_conf_sens_pooled_sens_post60_edp_count_mean_supplement,S1b,docs/SUPPLEMENT.md,| pooled | post window 60 days | EDP count | count | 45 | {} |,data/reference/confirmatory_results.csv,float(d[(d.stratum=='pooled')&(d.spec=='sens_post60')&(d.outcome=='edp')&(d.estimator=='PPML_count_offset')]['first_week_mean_coef'].iloc[0]),{:.5f},"Phase I table cell (conf_sens_pooled_sens_post60_edp_count, mean); generated by ops/phase_i_tables.py"
C595_conf_sens_pooled_sens_post60_edp_count_p_ri_paper_master,S1b,docs/PAPER_MASTER.md,| pooled | post window 60 days | EDP count | count | 45 | 0.00776 | {} |,data/reference/confirmatory_results.csv,float(d[(d.stratum=='pooled')&(d.spec=='sens_post60')&(d.outcome=='edp')&(d.estimator=='PPML_count_offset')]['p_randomization'].iloc[0]),{:.4f},"Phase I table cell (conf_sens_pooled_sens_post60_edp_count, p_ri); generated by ops/phase_i_tables.py"
C595_conf_sens_pooled_sens_post60_edp_count_p_ri_supplement,S1b,docs/SUPPLEMENT.md,| pooled | post window 60 days | EDP count | count | 45 | 0.00776 | {} |,data/reference/confirmatory_results.csv,float(d[(d.stratum=='pooled')&(d.spec=='sens_post60')&(d.outcome=='edp')&(d.estimator=='PPML_count_offset')]['p_randomization'].iloc[0]),{:.4f},"Phase I table cell (conf_sens_pooled_sens_post60_edp_count, p_ri); generated by ops/phase_i_tables.py"
C596_conf_sens_pooled_sens_post60_mh_narrow_share_share_episodes_paper_master,S1b,docs/PAPER_MASTER.md,| pooled | post window 60 days | narrow MH share | share | {} |,data/reference/confirmatory_results.csv,int(d[(d.stratum=='pooled')&(d.spec=='sens_post60')&(d.outcome=='mh_narrow_share')&(d.estimator=='OLS_share')]['n_episodes'].iloc[0]),{},"Phase I table cell (conf_sens_pooled_sens_post60_mh_narrow_share_share, episodes); generated by ops/phase_i_tables.py"
C596_conf_sens_pooled_sens_post60_mh_narrow_share_share_episodes_supplement,S1b,docs/SUPPLEMENT.md,| pooled | post window 60 days | narrow MH share | share | {} |,data/reference/confirmatory_results.csv,int(d[(d.stratum=='pooled')&(d.spec=='sens_post60')&(d.outcome=='mh_narrow_share')&(d.estimator=='OLS_share')]['n_episodes'].iloc[0]),{},"Phase I table cell (conf_sens_pooled_sens_post60_mh_narrow_share_share, episodes); generated by ops/phase_i_tables.py"
C597_conf_sens_pooled_sens_post60_mh_narrow_share_share_mean_paper_master,S1b,docs/PAPER_MASTER.md,| pooled | post window 60 days | narrow MH share | share | 45 | {} |,data/reference/confirmatory_results.csv,float(d[(d.stratum=='pooled')&(d.spec=='sens_post60')&(d.outcome=='mh_narrow_share')&(d.estimator=='OLS_share')]['first_week_mean_coef'].iloc[0]),{:.5f},"Phase I table cell (conf_sens_pooled_sens_post60_mh_narrow_share_share, mean); generated by ops/phase_i_tables.py"
C597_conf_sens_pooled_sens_post60_mh_narrow_share_share_mean_supplement,S1b,docs/SUPPLEMENT.md,| pooled | post window 60 days | narrow MH share | share | 45 | {} |,data/reference/confirmatory_results.csv,float(d[(d.stratum=='pooled')&(d.spec=='sens_post60')&(d.outcome=='mh_narrow_share')&(d.estimator=='OLS_share')]['first_week_mean_coef'].iloc[0]),{:.5f},"Phase I table cell (conf_sens_pooled_sens_post60_mh_narrow_share_share, mean); generated by ops/phase_i_tables.py"
C598_conf_sens_pooled_sens_post60_mh_narrow_share_share_p_ri_paper_master,S1b,docs/PAPER_MASTER.md,| pooled | post window 60 days | narrow MH share | share | 45 | −0.00074 | {} |,data/reference/confirmatory_results.csv,float(d[(d.stratum=='pooled')&(d.spec=='sens_post60')&(d.outcome=='mh_narrow_share')&(d.estimator=='OLS_share')]['p_randomization'].iloc[0]),{:.4f},"Phase I table cell (conf_sens_pooled_sens_post60_mh_narrow_share_share, p_ri); generated by ops/phase_i_tables.py"
C598_conf_sens_pooled_sens_post60_mh_narrow_share_share_p_ri_supplement,S1b,docs/SUPPLEMENT.md,| pooled | post window 60 days | narrow MH share | share | 45 | −0.00074 | {} |,data/reference/confirmatory_results.csv,float(d[(d.stratum=='pooled')&(d.spec=='sens_post60')&(d.outcome=='mh_narrow_share')&(d.estimator=='OLS_share')]['p_randomization'].iloc[0]),{:.4f},"Phase I table cell (conf_sens_pooled_sens_post60_mh_narrow_share_share, p_ri); generated by ops/phase_i_tables.py"
C599_conf_sens_pooled_sens_post60_mh_narrow_count_episodes_paper_master,S1b,docs/PAPER_MASTER.md,| pooled | post window 60 days | narrow MH count | count | {} |,data/reference/confirmatory_results.csv,int(d[(d.stratum=='pooled')&(d.spec=='sens_post60')&(d.outcome=='mh_narrow')&(d.estimator=='PPML_count_offset')]['n_episodes'].iloc[0]),{},"Phase I table cell (conf_sens_pooled_sens_post60_mh_narrow_count, episodes); generated by ops/phase_i_tables.py"
C599_conf_sens_pooled_sens_post60_mh_narrow_count_episodes_supplement,S1b,docs/SUPPLEMENT.md,| pooled | post window 60 days | narrow MH count | count | {} |,data/reference/confirmatory_results.csv,int(d[(d.stratum=='pooled')&(d.spec=='sens_post60')&(d.outcome=='mh_narrow')&(d.estimator=='PPML_count_offset')]['n_episodes'].iloc[0]),{},"Phase I table cell (conf_sens_pooled_sens_post60_mh_narrow_count, episodes); generated by ops/phase_i_tables.py"
C600_conf_sens_pooled_sens_post60_mh_narrow_count_mean_paper_master,S1b,docs/PAPER_MASTER.md,| pooled | post window 60 days | narrow MH count | count | 45 | {} |,data/reference/confirmatory_results.csv,float(d[(d.stratum=='pooled')&(d.spec=='sens_post60')&(d.outcome=='mh_narrow')&(d.estimator=='PPML_count_offset')]['first_week_mean_coef'].iloc[0]),{:.5f},"Phase I table cell (conf_sens_pooled_sens_post60_mh_narrow_count, mean); generated by ops/phase_i_tables.py"
C600_conf_sens_pooled_sens_post60_mh_narrow_count_mean_supplement,S1b,docs/SUPPLEMENT.md,| pooled | post window 60 days | narrow MH count | count | 45 | {} |,data/reference/confirmatory_results.csv,float(d[(d.stratum=='pooled')&(d.spec=='sens_post60')&(d.outcome=='mh_narrow')&(d.estimator=='PPML_count_offset')]['first_week_mean_coef'].iloc[0]),{:.5f},"Phase I table cell (conf_sens_pooled_sens_post60_mh_narrow_count, mean); generated by ops/phase_i_tables.py"
C601_conf_sens_pooled_sens_post60_mh_narrow_count_p_ri_paper_master,S1b,docs/PAPER_MASTER.md,| pooled | post window 60 days | narrow MH count | count | 45 | 0.00155 | {} |,data/reference/confirmatory_results.csv,float(d[(d.stratum=='pooled')&(d.spec=='sens_post60')&(d.outcome=='mh_narrow')&(d.estimator=='PPML_count_offset')]['p_randomization'].iloc[0]),{:.4f},"Phase I table cell (conf_sens_pooled_sens_post60_mh_narrow_count, p_ri); generated by ops/phase_i_tables.py"
C601_conf_sens_pooled_sens_post60_mh_narrow_count_p_ri_supplement,S1b,docs/SUPPLEMENT.md,| pooled | post window 60 days | narrow MH count | count | 45 | 0.00155 | {} |,data/reference/confirmatory_results.csv,float(d[(d.stratum=='pooled')&(d.spec=='sens_post60')&(d.outcome=='mh_narrow')&(d.estimator=='PPML_count_offset')]['p_randomization'].iloc[0]),{:.4f},"Phase I table cell (conf_sens_pooled_sens_post60_mh_narrow_count, p_ri); generated by ops/phase_i_tables.py"
C602_conf_sens_pooled_sens_drop_jul2016_edp_share_share_episodes_paper_master,S1b,docs/PAPER_MASTER.md,| pooled | drop July 2016 | EDP share | share | {} |,data/reference/confirmatory_results.csv,int(d[(d.stratum=='pooled')&(d.spec=='sens_drop_jul2016')&(d.outcome=='edp_share')&(d.estimator=='OLS_share')]['n_episodes'].iloc[0]),{},"Phase I table cell (conf_sens_pooled_sens_drop_jul2016_edp_share_share, episodes); generated by ops/phase_i_tables.py"
C602_conf_sens_pooled_sens_drop_jul2016_edp_share_share_episodes_supplement,S1b,docs/SUPPLEMENT.md,| pooled | drop July 2016 | EDP share | share | {} |,data/reference/confirmatory_results.csv,int(d[(d.stratum=='pooled')&(d.spec=='sens_drop_jul2016')&(d.outcome=='edp_share')&(d.estimator=='OLS_share')]['n_episodes'].iloc[0]),{},"Phase I table cell (conf_sens_pooled_sens_drop_jul2016_edp_share_share, episodes); generated by ops/phase_i_tables.py"
C603_conf_sens_pooled_sens_drop_jul2016_edp_share_share_mean_paper_master,S1b,docs/PAPER_MASTER.md,| pooled | drop July 2016 | EDP share | share | 44 | {} |,data/reference/confirmatory_results.csv,float(d[(d.stratum=='pooled')&(d.spec=='sens_drop_jul2016')&(d.outcome=='edp_share')&(d.estimator=='OLS_share')]['first_week_mean_coef'].iloc[0]),{:.5f},"Phase I table cell (conf_sens_pooled_sens_drop_jul2016_edp_share_share, mean); generated by ops/phase_i_tables.py"
C603_conf_sens_pooled_sens_drop_jul2016_edp_share_share_mean_supplement,S1b,docs/SUPPLEMENT.md,| pooled | drop July 2016 | EDP share | share | 44 | {} |,data/reference/confirmatory_results.csv,float(d[(d.stratum=='pooled')&(d.spec=='sens_drop_jul2016')&(d.outcome=='edp_share')&(d.estimator=='OLS_share')]['first_week_mean_coef'].iloc[0]),{:.5f},"Phase I table cell (conf_sens_pooled_sens_drop_jul2016_edp_share_share, mean); generated by ops/phase_i_tables.py"
C604_conf_sens_pooled_sens_drop_jul2016_edp_share_share_p_ri_paper_master,S1b,docs/PAPER_MASTER.md,| pooled | drop July 2016 | EDP share | share | 44 | −0.00067 | {} |,data/reference/confirmatory_results.csv,float(d[(d.stratum=='pooled')&(d.spec=='sens_drop_jul2016')&(d.outcome=='edp_share')&(d.estimator=='OLS_share')]['p_randomization'].iloc[0]),{:.4f},"Phase I table cell (conf_sens_pooled_sens_drop_jul2016_edp_share_share, p_ri); generated by ops/phase_i_tables.py"
C604_conf_sens_pooled_sens_drop_jul2016_edp_share_share_p_ri_supplement,S1b,docs/SUPPLEMENT.md,| pooled | drop July 2016 | EDP share | share | 44 | −0.00067 | {} |,data/reference/confirmatory_results.csv,float(d[(d.stratum=='pooled')&(d.spec=='sens_drop_jul2016')&(d.outcome=='edp_share')&(d.estimator=='OLS_share')]['p_randomization'].iloc[0]),{:.4f},"Phase I table cell (conf_sens_pooled_sens_drop_jul2016_edp_share_share, p_ri); generated by ops/phase_i_tables.py"
C605_conf_sens_pooled_sens_drop_jul2016_edp_count_episodes_paper_master,S1b,docs/PAPER_MASTER.md,| pooled | drop July 2016 | EDP count | count | {} |,data/reference/confirmatory_results.csv,int(d[(d.stratum=='pooled')&(d.spec=='sens_drop_jul2016')&(d.outcome=='edp')&(d.estimator=='PPML_count_offset')]['n_episodes'].iloc[0]),{},"Phase I table cell (conf_sens_pooled_sens_drop_jul2016_edp_count, episodes); generated by ops/phase_i_tables.py"
C605_conf_sens_pooled_sens_drop_jul2016_edp_count_episodes_supplement,S1b,docs/SUPPLEMENT.md,| pooled | drop July 2016 | EDP count | count | {} |,data/reference/confirmatory_results.csv,int(d[(d.stratum=='pooled')&(d.spec=='sens_drop_jul2016')&(d.outcome=='edp')&(d.estimator=='PPML_count_offset')]['n_episodes'].iloc[0]),{},"Phase I table cell (conf_sens_pooled_sens_drop_jul2016_edp_count, episodes); generated by ops/phase_i_tables.py"
C606_conf_sens_pooled_sens_drop_jul2016_edp_count_mean_paper_master,S1b,docs/PAPER_MASTER.md,| pooled | drop July 2016 | EDP count | count | 44 | {} |,data/reference/confirmatory_results.csv,float(d[(d.stratum=='pooled')&(d.spec=='sens_drop_jul2016')&(d.outcome=='edp')&(d.estimator=='PPML_count_offset')]['first_week_mean_coef'].iloc[0]),{:.5f},"Phase I table cell (conf_sens_pooled_sens_drop_jul2016_edp_count, mean); generated by ops/phase_i_tables.py"
C606_conf_sens_pooled_sens_drop_jul2016_edp_count_mean_supplement,S1b,docs/SUPPLEMENT.md,| pooled | drop July 2016 | EDP count | count | 44 | {} |,data/reference/confirmatory_results.csv,float(d[(d.stratum=='pooled')&(d.spec=='sens_drop_jul2016')&(d.outcome=='edp')&(d.estimator=='PPML_count_offset')]['first_week_mean_coef'].iloc[0]),{:.5f},"Phase I table cell (conf_sens_pooled_sens_drop_jul2016_edp_count, mean); generated by ops/phase_i_tables.py"
C607_conf_sens_pooled_sens_drop_jul2016_edp_count_p_ri_paper_master,S1b,docs/PAPER_MASTER.md,| pooled | drop July 2016 | EDP count | count | 44 | 0.00465 | {} |,data/reference/confirmatory_results.csv,float(d[(d.stratum=='pooled')&(d.spec=='sens_drop_jul2016')&(d.outcome=='edp')&(d.estimator=='PPML_count_offset')]['p_randomization'].iloc[0]),{:.4f},"Phase I table cell (conf_sens_pooled_sens_drop_jul2016_edp_count, p_ri); generated by ops/phase_i_tables.py"
C607_conf_sens_pooled_sens_drop_jul2016_edp_count_p_ri_supplement,S1b,docs/SUPPLEMENT.md,| pooled | drop July 2016 | EDP count | count | 44 | 0.00465 | {} |,data/reference/confirmatory_results.csv,float(d[(d.stratum=='pooled')&(d.spec=='sens_drop_jul2016')&(d.outcome=='edp')&(d.estimator=='PPML_count_offset')]['p_randomization'].iloc[0]),{:.4f},"Phase I table cell (conf_sens_pooled_sens_drop_jul2016_edp_count, p_ri); generated by ops/phase_i_tables.py"
C608_conf_sens_pooled_sens_drop_jul2016_mh_narrow_share_share_episodes_paper_master,S1b,docs/PAPER_MASTER.md,| pooled | drop July 2016 | narrow MH share | share | {} |,data/reference/confirmatory_results.csv,int(d[(d.stratum=='pooled')&(d.spec=='sens_drop_jul2016')&(d.outcome=='mh_narrow_share')&(d.estimator=='OLS_share')]['n_episodes'].iloc[0]),{},"Phase I table cell (conf_sens_pooled_sens_drop_jul2016_mh_narrow_share_share, episodes); generated by ops/phase_i_tables.py"
C608_conf_sens_pooled_sens_drop_jul2016_mh_narrow_share_share_episodes_supplement,S1b,docs/SUPPLEMENT.md,| pooled | drop July 2016 | narrow MH share | share | {} |,data/reference/confirmatory_results.csv,int(d[(d.stratum=='pooled')&(d.spec=='sens_drop_jul2016')&(d.outcome=='mh_narrow_share')&(d.estimator=='OLS_share')]['n_episodes'].iloc[0]),{},"Phase I table cell (conf_sens_pooled_sens_drop_jul2016_mh_narrow_share_share, episodes); generated by ops/phase_i_tables.py"
C609_conf_sens_pooled_sens_drop_jul2016_mh_narrow_share_share_mean_paper_master,S1b,docs/PAPER_MASTER.md,| pooled | drop July 2016 | narrow MH share | share | 44 | {} |,data/reference/confirmatory_results.csv,float(d[(d.stratum=='pooled')&(d.spec=='sens_drop_jul2016')&(d.outcome=='mh_narrow_share')&(d.estimator=='OLS_share')]['first_week_mean_coef'].iloc[0]),{:.5f},"Phase I table cell (conf_sens_pooled_sens_drop_jul2016_mh_narrow_share_share, mean); generated by ops/phase_i_tables.py"
C609_conf_sens_pooled_sens_drop_jul2016_mh_narrow_share_share_mean_supplement,S1b,docs/SUPPLEMENT.md,| pooled | drop July 2016 | narrow MH share | share | 44 | {} |,data/reference/confirmatory_results.csv,float(d[(d.stratum=='pooled')&(d.spec=='sens_drop_jul2016')&(d.outcome=='mh_narrow_share')&(d.estimator=='OLS_share')]['first_week_mean_coef'].iloc[0]),{:.5f},"Phase I table cell (conf_sens_pooled_sens_drop_jul2016_mh_narrow_share_share, mean); generated by ops/phase_i_tables.py"
C610_conf_sens_pooled_sens_drop_jul2016_mh_narrow_share_share_p_ri_paper_master,S1b,docs/PAPER_MASTER.md,| pooled | drop July 2016 | narrow MH share | share | 44 | −0.00115 | {} |,data/reference/confirmatory_results.csv,float(d[(d.stratum=='pooled')&(d.spec=='sens_drop_jul2016')&(d.outcome=='mh_narrow_share')&(d.estimator=='OLS_share')]['p_randomization'].iloc[0]),{:.4f},"Phase I table cell (conf_sens_pooled_sens_drop_jul2016_mh_narrow_share_share, p_ri); generated by ops/phase_i_tables.py"
C610_conf_sens_pooled_sens_drop_jul2016_mh_narrow_share_share_p_ri_supplement,S1b,docs/SUPPLEMENT.md,| pooled | drop July 2016 | narrow MH share | share | 44 | −0.00115 | {} |,data/reference/confirmatory_results.csv,float(d[(d.stratum=='pooled')&(d.spec=='sens_drop_jul2016')&(d.outcome=='mh_narrow_share')&(d.estimator=='OLS_share')]['p_randomization'].iloc[0]),{:.4f},"Phase I table cell (conf_sens_pooled_sens_drop_jul2016_mh_narrow_share_share, p_ri); generated by ops/phase_i_tables.py"
C611_conf_sens_pooled_sens_drop_jul2016_mh_narrow_count_episodes_paper_master,S1b,docs/PAPER_MASTER.md,| pooled | drop July 2016 | narrow MH count | count | {} |,data/reference/confirmatory_results.csv,int(d[(d.stratum=='pooled')&(d.spec=='sens_drop_jul2016')&(d.outcome=='mh_narrow')&(d.estimator=='PPML_count_offset')]['n_episodes'].iloc[0]),{},"Phase I table cell (conf_sens_pooled_sens_drop_jul2016_mh_narrow_count, episodes); generated by ops/phase_i_tables.py"
C611_conf_sens_pooled_sens_drop_jul2016_mh_narrow_count_episodes_supplement,S1b,docs/SUPPLEMENT.md,| pooled | drop July 2016 | narrow MH count | count | {} |,data/reference/confirmatory_results.csv,int(d[(d.stratum=='pooled')&(d.spec=='sens_drop_jul2016')&(d.outcome=='mh_narrow')&(d.estimator=='PPML_count_offset')]['n_episodes'].iloc[0]),{},"Phase I table cell (conf_sens_pooled_sens_drop_jul2016_mh_narrow_count, episodes); generated by ops/phase_i_tables.py"
C612_conf_sens_pooled_sens_drop_jul2016_mh_narrow_count_mean_paper_master,S1b,docs/PAPER_MASTER.md,| pooled | drop July 2016 | narrow MH count | count | 44 | {} |,data/reference/confirmatory_results.csv,float(d[(d.stratum=='pooled')&(d.spec=='sens_drop_jul2016')&(d.outcome=='mh_narrow')&(d.estimator=='PPML_count_offset')]['first_week_mean_coef'].iloc[0]),{:.5f},"Phase I table cell (conf_sens_pooled_sens_drop_jul2016_mh_narrow_count, mean); generated by ops/phase_i_tables.py"
C612_conf_sens_pooled_sens_drop_jul2016_mh_narrow_count_mean_supplement,S1b,docs/SUPPLEMENT.md,| pooled | drop July 2016 | narrow MH count | count | 44 | {} |,data/reference/confirmatory_results.csv,float(d[(d.stratum=='pooled')&(d.spec=='sens_drop_jul2016')&(d.outcome=='mh_narrow')&(d.estimator=='PPML_count_offset')]['first_week_mean_coef'].iloc[0]),{:.5f},"Phase I table cell (conf_sens_pooled_sens_drop_jul2016_mh_narrow_count, mean); generated by ops/phase_i_tables.py"
C613_conf_sens_pooled_sens_drop_jul2016_mh_narrow_count_p_ri_paper_master,S1b,docs/PAPER_MASTER.md,| pooled | drop July 2016 | narrow MH count | count | 44 | −0.00112 | {} |,data/reference/confirmatory_results.csv,float(d[(d.stratum=='pooled')&(d.spec=='sens_drop_jul2016')&(d.outcome=='mh_narrow')&(d.estimator=='PPML_count_offset')]['p_randomization'].iloc[0]),{:.4f},"Phase I table cell (conf_sens_pooled_sens_drop_jul2016_mh_narrow_count, p_ri); generated by ops/phase_i_tables.py"
C613_conf_sens_pooled_sens_drop_jul2016_mh_narrow_count_p_ri_supplement,S1b,docs/SUPPLEMENT.md,| pooled | drop July 2016 | narrow MH count | count | 44 | −0.00112 | {} |,data/reference/confirmatory_results.csv,float(d[(d.stratum=='pooled')&(d.spec=='sens_drop_jul2016')&(d.outcome=='mh_narrow')&(d.estimator=='PPML_count_offset')]['p_randomization'].iloc[0]),{:.4f},"Phase I table cell (conf_sens_pooled_sens_drop_jul2016_mh_narrow_count, p_ri); generated by ops/phase_i_tables.py"
C614_conf_sens_pooled_sens_broad_basket_edp_share_share_episodes_paper_master,S1b,docs/PAPER_MASTER.md,| pooled | broad basket | EDP share | share | {} |,data/reference/confirmatory_results.csv,int(d[(d.stratum=='pooled')&(d.spec=='sens_broad_basket')&(d.outcome=='edp_share')&(d.estimator=='OLS_share')]['n_episodes'].iloc[0]),{},"Phase I table cell (conf_sens_pooled_sens_broad_basket_edp_share_share, episodes); generated by ops/phase_i_tables.py"
C614_conf_sens_pooled_sens_broad_basket_edp_share_share_episodes_supplement,S1b,docs/SUPPLEMENT.md,| pooled | broad basket | EDP share | share | {} |,data/reference/confirmatory_results.csv,int(d[(d.stratum=='pooled')&(d.spec=='sens_broad_basket')&(d.outcome=='edp_share')&(d.estimator=='OLS_share')]['n_episodes'].iloc[0]),{},"Phase I table cell (conf_sens_pooled_sens_broad_basket_edp_share_share, episodes); generated by ops/phase_i_tables.py"
C615_conf_sens_pooled_sens_broad_basket_edp_share_share_mean_paper_master,S1b,docs/PAPER_MASTER.md,| pooled | broad basket | EDP share | share | 46 | {} |,data/reference/confirmatory_results.csv,float(d[(d.stratum=='pooled')&(d.spec=='sens_broad_basket')&(d.outcome=='edp_share')&(d.estimator=='OLS_share')]['first_week_mean_coef'].iloc[0]),{:.5f},"Phase I table cell (conf_sens_pooled_sens_broad_basket_edp_share_share, mean); generated by ops/phase_i_tables.py"
C615_conf_sens_pooled_sens_broad_basket_edp_share_share_mean_supplement,S1b,docs/SUPPLEMENT.md,| pooled | broad basket | EDP share | share | 46 | {} |,data/reference/confirmatory_results.csv,float(d[(d.stratum=='pooled')&(d.spec=='sens_broad_basket')&(d.outcome=='edp_share')&(d.estimator=='OLS_share')]['first_week_mean_coef'].iloc[0]),{:.5f},"Phase I table cell (conf_sens_pooled_sens_broad_basket_edp_share_share, mean); generated by ops/phase_i_tables.py"
C616_conf_sens_pooled_sens_broad_basket_edp_share_share_p_ri_paper_master,S1b,docs/PAPER_MASTER.md,| pooled | broad basket | EDP share | share | 46 | −0.00005 | {} |,data/reference/confirmatory_results.csv,float(d[(d.stratum=='pooled')&(d.spec=='sens_broad_basket')&(d.outcome=='edp_share')&(d.estimator=='OLS_share')]['p_randomization'].iloc[0]),{:.4f},"Phase I table cell (conf_sens_pooled_sens_broad_basket_edp_share_share, p_ri); generated by ops/phase_i_tables.py"
C616_conf_sens_pooled_sens_broad_basket_edp_share_share_p_ri_supplement,S1b,docs/SUPPLEMENT.md,| pooled | broad basket | EDP share | share | 46 | −0.00005 | {} |,data/reference/confirmatory_results.csv,float(d[(d.stratum=='pooled')&(d.spec=='sens_broad_basket')&(d.outcome=='edp_share')&(d.estimator=='OLS_share')]['p_randomization'].iloc[0]),{:.4f},"Phase I table cell (conf_sens_pooled_sens_broad_basket_edp_share_share, p_ri); generated by ops/phase_i_tables.py"
C617_conf_sens_pooled_sens_broad_basket_edp_count_episodes_paper_master,S1b,docs/PAPER_MASTER.md,| pooled | broad basket | EDP count | count | {} |,data/reference/confirmatory_results.csv,int(d[(d.stratum=='pooled')&(d.spec=='sens_broad_basket')&(d.outcome=='edp')&(d.estimator=='PPML_count_offset')]['n_episodes'].iloc[0]),{},"Phase I table cell (conf_sens_pooled_sens_broad_basket_edp_count, episodes); generated by ops/phase_i_tables.py"
C617_conf_sens_pooled_sens_broad_basket_edp_count_episodes_supplement,S1b,docs/SUPPLEMENT.md,| pooled | broad basket | EDP count | count | {} |,data/reference/confirmatory_results.csv,int(d[(d.stratum=='pooled')&(d.spec=='sens_broad_basket')&(d.outcome=='edp')&(d.estimator=='PPML_count_offset')]['n_episodes'].iloc[0]),{},"Phase I table cell (conf_sens_pooled_sens_broad_basket_edp_count, episodes); generated by ops/phase_i_tables.py"
C618_conf_sens_pooled_sens_broad_basket_edp_count_mean_paper_master,S1b,docs/PAPER_MASTER.md,| pooled | broad basket | EDP count | count | 46 | {} |,data/reference/confirmatory_results.csv,float(d[(d.stratum=='pooled')&(d.spec=='sens_broad_basket')&(d.outcome=='edp')&(d.estimator=='PPML_count_offset')]['first_week_mean_coef'].iloc[0]),{:.5f},"Phase I table cell (conf_sens_pooled_sens_broad_basket_edp_count, mean); generated by ops/phase_i_tables.py"
C618_conf_sens_pooled_sens_broad_basket_edp_count_mean_supplement,S1b,docs/SUPPLEMENT.md,| pooled | broad basket | EDP count | count | 46 | {} |,data/reference/confirmatory_results.csv,float(d[(d.stratum=='pooled')&(d.spec=='sens_broad_basket')&(d.outcome=='edp')&(d.estimator=='PPML_count_offset')]['first_week_mean_coef'].iloc[0]),{:.5f},"Phase I table cell (conf_sens_pooled_sens_broad_basket_edp_count, mean); generated by ops/phase_i_tables.py"
C619_conf_sens_pooled_sens_broad_basket_edp_count_p_ri_paper_master,S1b,docs/PAPER_MASTER.md,| pooled | broad basket | EDP count | count | 46 | 0.00908 | {} |,data/reference/confirmatory_results.csv,float(d[(d.stratum=='pooled')&(d.spec=='sens_broad_basket')&(d.outcome=='edp')&(d.estimator=='PPML_count_offset')]['p_randomization'].iloc[0]),{:.4f},"Phase I table cell (conf_sens_pooled_sens_broad_basket_edp_count, p_ri); generated by ops/phase_i_tables.py"
C619_conf_sens_pooled_sens_broad_basket_edp_count_p_ri_supplement,S1b,docs/SUPPLEMENT.md,| pooled | broad basket | EDP count | count | 46 | 0.00908 | {} |,data/reference/confirmatory_results.csv,float(d[(d.stratum=='pooled')&(d.spec=='sens_broad_basket')&(d.outcome=='edp')&(d.estimator=='PPML_count_offset')]['p_randomization'].iloc[0]),{:.4f},"Phase I table cell (conf_sens_pooled_sens_broad_basket_edp_count, p_ri); generated by ops/phase_i_tables.py"
C620_conf_sens_pooled_sens_broad_basket_mh_narrow_share_share_episodes_paper_master,S1b,docs/PAPER_MASTER.md,| pooled | broad basket | narrow MH share | share | {} |,data/reference/confirmatory_results.csv,int(d[(d.stratum=='pooled')&(d.spec=='sens_broad_basket')&(d.outcome=='mh_narrow_share')&(d.estimator=='OLS_share')]['n_episodes'].iloc[0]),{},"Phase I table cell (conf_sens_pooled_sens_broad_basket_mh_narrow_share_share, episodes); generated by ops/phase_i_tables.py"
C620_conf_sens_pooled_sens_broad_basket_mh_narrow_share_share_episodes_supplement,S1b,docs/SUPPLEMENT.md,| pooled | broad basket | narrow MH share | share | {} |,data/reference/confirmatory_results.csv,int(d[(d.stratum=='pooled')&(d.spec=='sens_broad_basket')&(d.outcome=='mh_narrow_share')&(d.estimator=='OLS_share')]['n_episodes'].iloc[0]),{},"Phase I table cell (conf_sens_pooled_sens_broad_basket_mh_narrow_share_share, episodes); generated by ops/phase_i_tables.py"
C621_conf_sens_pooled_sens_broad_basket_mh_narrow_share_share_mean_paper_master,S1b,docs/PAPER_MASTER.md,| pooled | broad basket | narrow MH share | share | 46 | {} |,data/reference/confirmatory_results.csv,float(d[(d.stratum=='pooled')&(d.spec=='sens_broad_basket')&(d.outcome=='mh_narrow_share')&(d.estimator=='OLS_share')]['first_week_mean_coef'].iloc[0]),{:.5f},"Phase I table cell (conf_sens_pooled_sens_broad_basket_mh_narrow_share_share, mean); generated by ops/phase_i_tables.py"
C621_conf_sens_pooled_sens_broad_basket_mh_narrow_share_share_mean_supplement,S1b,docs/SUPPLEMENT.md,| pooled | broad basket | narrow MH share | share | 46 | {} |,data/reference/confirmatory_results.csv,float(d[(d.stratum=='pooled')&(d.spec=='sens_broad_basket')&(d.outcome=='mh_narrow_share')&(d.estimator=='OLS_share')]['first_week_mean_coef'].iloc[0]),{:.5f},"Phase I table cell (conf_sens_pooled_sens_broad_basket_mh_narrow_share_share, mean); generated by ops/phase_i_tables.py"
C622_conf_sens_pooled_sens_broad_basket_mh_narrow_share_share_p_ri_paper_master,S1b,docs/PAPER_MASTER.md,| pooled | broad basket | narrow MH share | share | 46 | −0.00043 | {} |,data/reference/confirmatory_results.csv,float(d[(d.stratum=='pooled')&(d.spec=='sens_broad_basket')&(d.outcome=='mh_narrow_share')&(d.estimator=='OLS_share')]['p_randomization'].iloc[0]),{:.4f},"Phase I table cell (conf_sens_pooled_sens_broad_basket_mh_narrow_share_share, p_ri); generated by ops/phase_i_tables.py"
C622_conf_sens_pooled_sens_broad_basket_mh_narrow_share_share_p_ri_supplement,S1b,docs/SUPPLEMENT.md,| pooled | broad basket | narrow MH share | share | 46 | −0.00043 | {} |,data/reference/confirmatory_results.csv,float(d[(d.stratum=='pooled')&(d.spec=='sens_broad_basket')&(d.outcome=='mh_narrow_share')&(d.estimator=='OLS_share')]['p_randomization'].iloc[0]),{:.4f},"Phase I table cell (conf_sens_pooled_sens_broad_basket_mh_narrow_share_share, p_ri); generated by ops/phase_i_tables.py"
C623_conf_sens_pooled_sens_broad_basket_mh_narrow_count_episodes_paper_master,S1b,docs/PAPER_MASTER.md,| pooled | broad basket | narrow MH count | count | {} |,data/reference/confirmatory_results.csv,int(d[(d.stratum=='pooled')&(d.spec=='sens_broad_basket')&(d.outcome=='mh_narrow')&(d.estimator=='PPML_count_offset')]['n_episodes'].iloc[0]),{},"Phase I table cell (conf_sens_pooled_sens_broad_basket_mh_narrow_count, episodes); generated by ops/phase_i_tables.py"
C623_conf_sens_pooled_sens_broad_basket_mh_narrow_count_episodes_supplement,S1b,docs/SUPPLEMENT.md,| pooled | broad basket | narrow MH count | count | {} |,data/reference/confirmatory_results.csv,int(d[(d.stratum=='pooled')&(d.spec=='sens_broad_basket')&(d.outcome=='mh_narrow')&(d.estimator=='PPML_count_offset')]['n_episodes'].iloc[0]),{},"Phase I table cell (conf_sens_pooled_sens_broad_basket_mh_narrow_count, episodes); generated by ops/phase_i_tables.py"
C624_conf_sens_pooled_sens_broad_basket_mh_narrow_count_mean_paper_master,S1b,docs/PAPER_MASTER.md,| pooled | broad basket | narrow MH count | count | 46 | {} |,data/reference/confirmatory_results.csv,float(d[(d.stratum=='pooled')&(d.spec=='sens_broad_basket')&(d.outcome=='mh_narrow')&(d.estimator=='PPML_count_offset')]['first_week_mean_coef'].iloc[0]),{:.5f},"Phase I table cell (conf_sens_pooled_sens_broad_basket_mh_narrow_count, mean); generated by ops/phase_i_tables.py"
C624_conf_sens_pooled_sens_broad_basket_mh_narrow_count_mean_supplement,S1b,docs/SUPPLEMENT.md,| pooled | broad basket | narrow MH count | count | 46 | {} |,data/reference/confirmatory_results.csv,float(d[(d.stratum=='pooled')&(d.spec=='sens_broad_basket')&(d.outcome=='mh_narrow')&(d.estimator=='PPML_count_offset')]['first_week_mean_coef'].iloc[0]),{:.5f},"Phase I table cell (conf_sens_pooled_sens_broad_basket_mh_narrow_count, mean); generated by ops/phase_i_tables.py"
C625_conf_sens_pooled_sens_broad_basket_mh_narrow_count_p_ri_paper_master,S1b,docs/PAPER_MASTER.md,| pooled | broad basket | narrow MH count | count | 46 | 0.00301 | {} |,data/reference/confirmatory_results.csv,float(d[(d.stratum=='pooled')&(d.spec=='sens_broad_basket')&(d.outcome=='mh_narrow')&(d.estimator=='PPML_count_offset')]['p_randomization'].iloc[0]),{:.4f},"Phase I table cell (conf_sens_pooled_sens_broad_basket_mh_narrow_count, p_ri); generated by ops/phase_i_tables.py"
C625_conf_sens_pooled_sens_broad_basket_mh_narrow_count_p_ri_supplement,S1b,docs/SUPPLEMENT.md,| pooled | broad basket | narrow MH count | count | 46 | 0.00301 | {} |,data/reference/confirmatory_results.csv,float(d[(d.stratum=='pooled')&(d.spec=='sens_broad_basket')&(d.outcome=='mh_narrow')&(d.estimator=='PPML_count_offset')]['p_randomization'].iloc[0]),{:.4f},"Phase I table cell (conf_sens_pooled_sens_broad_basket_mh_narrow_count, p_ri); generated by ops/phase_i_tables.py"
C626_conf_sens_pooled_sens_spliced_wiki_edp_share_share_episodes_paper_master,S1b,docs/PAPER_MASTER.md,| pooled | spliced Wikipedia series | EDP share | share | {} |,data/reference/confirmatory_results.csv,int(d[(d.stratum=='pooled')&(d.spec=='sens_spliced_wiki')&(d.outcome=='edp_share')&(d.estimator=='OLS_share')]['n_episodes'].iloc[0]),{},"Phase I table cell (conf_sens_pooled_sens_spliced_wiki_edp_share_share, episodes); generated by ops/phase_i_tables.py"
C626_conf_sens_pooled_sens_spliced_wiki_edp_share_share_episodes_supplement,S1b,docs/SUPPLEMENT.md,| pooled | spliced Wikipedia series | EDP share | share | {} |,data/reference/confirmatory_results.csv,int(d[(d.stratum=='pooled')&(d.spec=='sens_spliced_wiki')&(d.outcome=='edp_share')&(d.estimator=='OLS_share')]['n_episodes'].iloc[0]),{},"Phase I table cell (conf_sens_pooled_sens_spliced_wiki_edp_share_share, episodes); generated by ops/phase_i_tables.py"
C627_conf_sens_pooled_sens_spliced_wiki_edp_share_share_mean_paper_master,S1b,docs/PAPER_MASTER.md,| pooled | spliced Wikipedia series | EDP share | share | 45 | {} |,data/reference/confirmatory_results.csv,float(d[(d.stratum=='pooled')&(d.spec=='sens_spliced_wiki')&(d.outcome=='edp_share')&(d.estimator=='OLS_share')]['first_week_mean_coef'].iloc[0]),{:.5f},"Phase I table cell (conf_sens_pooled_sens_spliced_wiki_edp_share_share, mean); generated by ops/phase_i_tables.py"
C627_conf_sens_pooled_sens_spliced_wiki_edp_share_share_mean_supplement,S1b,docs/SUPPLEMENT.md,| pooled | spliced Wikipedia series | EDP share | share | 45 | {} |,data/reference/confirmatory_results.csv,float(d[(d.stratum=='pooled')&(d.spec=='sens_spliced_wiki')&(d.outcome=='edp_share')&(d.estimator=='OLS_share')]['first_week_mean_coef'].iloc[0]),{:.5f},"Phase I table cell (conf_sens_pooled_sens_spliced_wiki_edp_share_share, mean); generated by ops/phase_i_tables.py"
C628_conf_sens_pooled_sens_spliced_wiki_edp_share_share_p_ri_paper_master,S1b,docs/PAPER_MASTER.md,| pooled | spliced Wikipedia series | EDP share | share | 45 | −0.00018 | {} |,data/reference/confirmatory_results.csv,float(d[(d.stratum=='pooled')&(d.spec=='sens_spliced_wiki')&(d.outcome=='edp_share')&(d.estimator=='OLS_share')]['p_randomization'].iloc[0]),{:.4f},"Phase I table cell (conf_sens_pooled_sens_spliced_wiki_edp_share_share, p_ri); generated by ops/phase_i_tables.py"
C628_conf_sens_pooled_sens_spliced_wiki_edp_share_share_p_ri_supplement,S1b,docs/SUPPLEMENT.md,| pooled | spliced Wikipedia series | EDP share | share | 45 | −0.00018 | {} |,data/reference/confirmatory_results.csv,float(d[(d.stratum=='pooled')&(d.spec=='sens_spliced_wiki')&(d.outcome=='edp_share')&(d.estimator=='OLS_share')]['p_randomization'].iloc[0]),{:.4f},"Phase I table cell (conf_sens_pooled_sens_spliced_wiki_edp_share_share, p_ri); generated by ops/phase_i_tables.py"
C629_conf_sens_pooled_sens_spliced_wiki_edp_count_episodes_paper_master,S1b,docs/PAPER_MASTER.md,| pooled | spliced Wikipedia series | EDP count | count | {} |,data/reference/confirmatory_results.csv,int(d[(d.stratum=='pooled')&(d.spec=='sens_spliced_wiki')&(d.outcome=='edp')&(d.estimator=='PPML_count_offset')]['n_episodes'].iloc[0]),{},"Phase I table cell (conf_sens_pooled_sens_spliced_wiki_edp_count, episodes); generated by ops/phase_i_tables.py"
C629_conf_sens_pooled_sens_spliced_wiki_edp_count_episodes_supplement,S1b,docs/SUPPLEMENT.md,| pooled | spliced Wikipedia series | EDP count | count | {} |,data/reference/confirmatory_results.csv,int(d[(d.stratum=='pooled')&(d.spec=='sens_spliced_wiki')&(d.outcome=='edp')&(d.estimator=='PPML_count_offset')]['n_episodes'].iloc[0]),{},"Phase I table cell (conf_sens_pooled_sens_spliced_wiki_edp_count, episodes); generated by ops/phase_i_tables.py"
C630_conf_sens_pooled_sens_spliced_wiki_edp_count_mean_paper_master,S1b,docs/PAPER_MASTER.md,| pooled | spliced Wikipedia series | EDP count | count | 45 | {} |,data/reference/confirmatory_results.csv,float(d[(d.stratum=='pooled')&(d.spec=='sens_spliced_wiki')&(d.outcome=='edp')&(d.estimator=='PPML_count_offset')]['first_week_mean_coef'].iloc[0]),{:.5f},"Phase I table cell (conf_sens_pooled_sens_spliced_wiki_edp_count, mean); generated by ops/phase_i_tables.py"
C630_conf_sens_pooled_sens_spliced_wiki_edp_count_mean_supplement,S1b,docs/SUPPLEMENT.md,| pooled | spliced Wikipedia series | EDP count | count | 45 | {} |,data/reference/confirmatory_results.csv,float(d[(d.stratum=='pooled')&(d.spec=='sens_spliced_wiki')&(d.outcome=='edp')&(d.estimator=='PPML_count_offset')]['first_week_mean_coef'].iloc[0]),{:.5f},"Phase I table cell (conf_sens_pooled_sens_spliced_wiki_edp_count, mean); generated by ops/phase_i_tables.py"
C631_conf_sens_pooled_sens_spliced_wiki_edp_count_p_ri_paper_master,S1b,docs/PAPER_MASTER.md,| pooled | spliced Wikipedia series | EDP count | count | 45 | 0.00869 | {} |,data/reference/confirmatory_results.csv,float(d[(d.stratum=='pooled')&(d.spec=='sens_spliced_wiki')&(d.outcome=='edp')&(d.estimator=='PPML_count_offset')]['p_randomization'].iloc[0]),{:.4f},"Phase I table cell (conf_sens_pooled_sens_spliced_wiki_edp_count, p_ri); generated by ops/phase_i_tables.py"
C631_conf_sens_pooled_sens_spliced_wiki_edp_count_p_ri_supplement,S1b,docs/SUPPLEMENT.md,| pooled | spliced Wikipedia series | EDP count | count | 45 | 0.00869 | {} |,data/reference/confirmatory_results.csv,float(d[(d.stratum=='pooled')&(d.spec=='sens_spliced_wiki')&(d.outcome=='edp')&(d.estimator=='PPML_count_offset')]['p_randomization'].iloc[0]),{:.4f},"Phase I table cell (conf_sens_pooled_sens_spliced_wiki_edp_count, p_ri); generated by ops/phase_i_tables.py"
C632_conf_sens_pooled_sens_spliced_wiki_mh_narrow_share_share_episodes_paper_master,S1b,docs/PAPER_MASTER.md,| pooled | spliced Wikipedia series | narrow MH share | share | {} |,data/reference/confirmatory_results.csv,int(d[(d.stratum=='pooled')&(d.spec=='sens_spliced_wiki')&(d.outcome=='mh_narrow_share')&(d.estimator=='OLS_share')]['n_episodes'].iloc[0]),{},"Phase I table cell (conf_sens_pooled_sens_spliced_wiki_mh_narrow_share_share, episodes); generated by ops/phase_i_tables.py"
C632_conf_sens_pooled_sens_spliced_wiki_mh_narrow_share_share_episodes_supplement,S1b,docs/SUPPLEMENT.md,| pooled | spliced Wikipedia series | narrow MH share | share | {} |,data/reference/confirmatory_results.csv,int(d[(d.stratum=='pooled')&(d.spec=='sens_spliced_wiki')&(d.outcome=='mh_narrow_share')&(d.estimator=='OLS_share')]['n_episodes'].iloc[0]),{},"Phase I table cell (conf_sens_pooled_sens_spliced_wiki_mh_narrow_share_share, episodes); generated by ops/phase_i_tables.py"
C633_conf_sens_pooled_sens_spliced_wiki_mh_narrow_share_share_mean_paper_master,S1b,docs/PAPER_MASTER.md,| pooled | spliced Wikipedia series | narrow MH share | share | 45 | {} |,data/reference/confirmatory_results.csv,float(d[(d.stratum=='pooled')&(d.spec=='sens_spliced_wiki')&(d.outcome=='mh_narrow_share')&(d.estimator=='OLS_share')]['first_week_mean_coef'].iloc[0]),{:.5f},"Phase I table cell (conf_sens_pooled_sens_spliced_wiki_mh_narrow_share_share, mean); generated by ops/phase_i_tables.py"
C633_conf_sens_pooled_sens_spliced_wiki_mh_narrow_share_share_mean_supplement,S1b,docs/SUPPLEMENT.md,| pooled | spliced Wikipedia series | narrow MH share | share | 45 | {} |,data/reference/confirmatory_results.csv,float(d[(d.stratum=='pooled')&(d.spec=='sens_spliced_wiki')&(d.outcome=='mh_narrow_share')&(d.estimator=='OLS_share')]['first_week_mean_coef'].iloc[0]),{:.5f},"Phase I table cell (conf_sens_pooled_sens_spliced_wiki_mh_narrow_share_share, mean); generated by ops/phase_i_tables.py"
C634_conf_sens_pooled_sens_spliced_wiki_mh_narrow_share_share_p_ri_paper_master,S1b,docs/PAPER_MASTER.md,| pooled | spliced Wikipedia series | narrow MH share | share | 45 | −0.00060 | {} |,data/reference/confirmatory_results.csv,float(d[(d.stratum=='pooled')&(d.spec=='sens_spliced_wiki')&(d.outcome=='mh_narrow_share')&(d.estimator=='OLS_share')]['p_randomization'].iloc[0]),{:.4f},"Phase I table cell (conf_sens_pooled_sens_spliced_wiki_mh_narrow_share_share, p_ri); generated by ops/phase_i_tables.py"
C634_conf_sens_pooled_sens_spliced_wiki_mh_narrow_share_share_p_ri_supplement,S1b,docs/SUPPLEMENT.md,| pooled | spliced Wikipedia series | narrow MH share | share | 45 | −0.00060 | {} |,data/reference/confirmatory_results.csv,float(d[(d.stratum=='pooled')&(d.spec=='sens_spliced_wiki')&(d.outcome=='mh_narrow_share')&(d.estimator=='OLS_share')]['p_randomization'].iloc[0]),{:.4f},"Phase I table cell (conf_sens_pooled_sens_spliced_wiki_mh_narrow_share_share, p_ri); generated by ops/phase_i_tables.py"
C635_conf_sens_pooled_sens_spliced_wiki_mh_narrow_count_episodes_paper_master,S1b,docs/PAPER_MASTER.md,| pooled | spliced Wikipedia series | narrow MH count | count | {} |,data/reference/confirmatory_results.csv,int(d[(d.stratum=='pooled')&(d.spec=='sens_spliced_wiki')&(d.outcome=='mh_narrow')&(d.estimator=='PPML_count_offset')]['n_episodes'].iloc[0]),{},"Phase I table cell (conf_sens_pooled_sens_spliced_wiki_mh_narrow_count, episodes); generated by ops/phase_i_tables.py"
C635_conf_sens_pooled_sens_spliced_wiki_mh_narrow_count_episodes_supplement,S1b,docs/SUPPLEMENT.md,| pooled | spliced Wikipedia series | narrow MH count | count | {} |,data/reference/confirmatory_results.csv,int(d[(d.stratum=='pooled')&(d.spec=='sens_spliced_wiki')&(d.outcome=='mh_narrow')&(d.estimator=='PPML_count_offset')]['n_episodes'].iloc[0]),{},"Phase I table cell (conf_sens_pooled_sens_spliced_wiki_mh_narrow_count, episodes); generated by ops/phase_i_tables.py"
C636_conf_sens_pooled_sens_spliced_wiki_mh_narrow_count_mean_paper_master,S1b,docs/PAPER_MASTER.md,| pooled | spliced Wikipedia series | narrow MH count | count | 45 | {} |,data/reference/confirmatory_results.csv,float(d[(d.stratum=='pooled')&(d.spec=='sens_spliced_wiki')&(d.outcome=='mh_narrow')&(d.estimator=='PPML_count_offset')]['first_week_mean_coef'].iloc[0]),{:.5f},"Phase I table cell (conf_sens_pooled_sens_spliced_wiki_mh_narrow_count, mean); generated by ops/phase_i_tables.py"
C636_conf_sens_pooled_sens_spliced_wiki_mh_narrow_count_mean_supplement,S1b,docs/SUPPLEMENT.md,| pooled | spliced Wikipedia series | narrow MH count | count | 45 | {} |,data/reference/confirmatory_results.csv,float(d[(d.stratum=='pooled')&(d.spec=='sens_spliced_wiki')&(d.outcome=='mh_narrow')&(d.estimator=='PPML_count_offset')]['first_week_mean_coef'].iloc[0]),{:.5f},"Phase I table cell (conf_sens_pooled_sens_spliced_wiki_mh_narrow_count, mean); generated by ops/phase_i_tables.py"
C637_conf_sens_pooled_sens_spliced_wiki_mh_narrow_count_p_ri_paper_master,S1b,docs/PAPER_MASTER.md,| pooled | spliced Wikipedia series | narrow MH count | count | 45 | 0.00219 | {} |,data/reference/confirmatory_results.csv,float(d[(d.stratum=='pooled')&(d.spec=='sens_spliced_wiki')&(d.outcome=='mh_narrow')&(d.estimator=='PPML_count_offset')]['p_randomization'].iloc[0]),{:.4f},"Phase I table cell (conf_sens_pooled_sens_spliced_wiki_mh_narrow_count, p_ri); generated by ops/phase_i_tables.py"
C637_conf_sens_pooled_sens_spliced_wiki_mh_narrow_count_p_ri_supplement,S1b,docs/SUPPLEMENT.md,| pooled | spliced Wikipedia series | narrow MH count | count | 45 | 0.00219 | {} |,data/reference/confirmatory_results.csv,float(d[(d.stratum=='pooled')&(d.spec=='sens_spliced_wiki')&(d.outcome=='mh_narrow')&(d.estimator=='PPML_count_offset')]['p_randomization'].iloc[0]),{:.4f},"Phase I table cell (conf_sens_pooled_sens_spliced_wiki_mh_narrow_count, p_ri); generated by ops/phase_i_tables.py"
C638_conf_sens_pooled_sens_coverage_clean_edp_share_share_episodes_paper_master,S1b,docs/PAPER_MASTER.md,| pooled | coverage-clean | EDP share | share | {} |,data/reference/confirmatory_results.csv,int(d[(d.stratum=='pooled')&(d.spec=='sens_coverage_clean')&(d.outcome=='edp_share')&(d.estimator=='OLS_share')]['n_episodes'].iloc[0]),{},"Phase I table cell (conf_sens_pooled_sens_coverage_clean_edp_share_share, episodes); generated by ops/phase_i_tables.py"
C638_conf_sens_pooled_sens_coverage_clean_edp_share_share_episodes_supplement,S1b,docs/SUPPLEMENT.md,| pooled | coverage-clean | EDP share | share | {} |,data/reference/confirmatory_results.csv,int(d[(d.stratum=='pooled')&(d.spec=='sens_coverage_clean')&(d.outcome=='edp_share')&(d.estimator=='OLS_share')]['n_episodes'].iloc[0]),{},"Phase I table cell (conf_sens_pooled_sens_coverage_clean_edp_share_share, episodes); generated by ops/phase_i_tables.py"
C639_conf_sens_pooled_sens_coverage_clean_edp_share_share_mean_paper_master,S1b,docs/PAPER_MASTER.md,| pooled | coverage-clean | EDP share | share | 41 | {} |,data/reference/confirmatory_results.csv,float(d[(d.stratum=='pooled')&(d.spec=='sens_coverage_clean')&(d.outcome=='edp_share')&(d.estimator=='OLS_share')]['first_week_mean_coef'].iloc[0]),{:.5f},"Phase I table cell (conf_sens_pooled_sens_coverage_clean_edp_share_share, mean); generated by ops/phase_i_tables.py"
C639_conf_sens_pooled_sens_coverage_clean_edp_share_share_mean_supplement,S1b,docs/SUPPLEMENT.md,| pooled | coverage-clean | EDP share | share | 41 | {} |,data/reference/confirmatory_results.csv,float(d[(d.stratum=='pooled')&(d.spec=='sens_coverage_clean')&(d.outcome=='edp_share')&(d.estimator=='OLS_share')]['first_week_mean_coef'].iloc[0]),{:.5f},"Phase I table cell (conf_sens_pooled_sens_coverage_clean_edp_share_share, mean); generated by ops/phase_i_tables.py"
C640_conf_sens_pooled_sens_coverage_clean_edp_share_share_p_ri_paper_master,S1b,docs/PAPER_MASTER.md,| pooled | coverage-clean | EDP share | share | 41 | −0.00034 | {} |,data/reference/confirmatory_results.csv,float(d[(d.stratum=='pooled')&(d.spec=='sens_coverage_clean')&(d.outcome=='edp_share')&(d.estimator=='OLS_share')]['p_randomization'].iloc[0]),{:.4f},"Phase I table cell (conf_sens_pooled_sens_coverage_clean_edp_share_share, p_ri); generated by ops/phase_i_tables.py"
C640_conf_sens_pooled_sens_coverage_clean_edp_share_share_p_ri_supplement,S1b,docs/SUPPLEMENT.md,| pooled | coverage-clean | EDP share | share | 41 | −0.00034 | {} |,data/reference/confirmatory_results.csv,float(d[(d.stratum=='pooled')&(d.spec=='sens_coverage_clean')&(d.outcome=='edp_share')&(d.estimator=='OLS_share')]['p_randomization'].iloc[0]),{:.4f},"Phase I table cell (conf_sens_pooled_sens_coverage_clean_edp_share_share, p_ri); generated by ops/phase_i_tables.py"
C641_conf_sens_pooled_sens_coverage_clean_edp_count_episodes_paper_master,S1b,docs/PAPER_MASTER.md,| pooled | coverage-clean | EDP count | count | {} |,data/reference/confirmatory_results.csv,int(d[(d.stratum=='pooled')&(d.spec=='sens_coverage_clean')&(d.outcome=='edp')&(d.estimator=='PPML_count_offset')]['n_episodes'].iloc[0]),{},"Phase I table cell (conf_sens_pooled_sens_coverage_clean_edp_count, episodes); generated by ops/phase_i_tables.py"
C641_conf_sens_pooled_sens_coverage_clean_edp_count_episodes_supplement,S1b,docs/SUPPLEMENT.md,| pooled | coverage-clean | EDP count | count | {} |,data/reference/confirmatory_results.csv,int(d[(d.stratum=='pooled')&(d.spec=='sens_coverage_clean')&(d.outcome=='edp')&(d.estimator=='PPML_count_offset')]['n_episodes'].iloc[0]),{},"Phase I table cell (conf_sens_pooled_sens_coverage_clean_edp_count, episodes); generated by ops/phase_i_tables.py"
C642_conf_sens_pooled_sens_coverage_clean_edp_count_mean_paper_master,S1b,docs/PAPER_MASTER.md,| pooled | coverage-clean | EDP count | count | 41 | {} |,data/reference/confirmatory_results.csv,float(d[(d.stratum=='pooled')&(d.spec=='sens_coverage_clean')&(d.outcome=='edp')&(d.estimator=='PPML_count_offset')]['first_week_mean_coef'].iloc[0]),{:.5f},"Phase I table cell (conf_sens_pooled_sens_coverage_clean_edp_count, mean); generated by ops/phase_i_tables.py"
C642_conf_sens_pooled_sens_coverage_clean_edp_count_mean_supplement,S1b,docs/SUPPLEMENT.md,| pooled | coverage-clean | EDP count | count | 41 | {} |,data/reference/confirmatory_results.csv,float(d[(d.stratum=='pooled')&(d.spec=='sens_coverage_clean')&(d.outcome=='edp')&(d.estimator=='PPML_count_offset')]['first_week_mean_coef'].iloc[0]),{:.5f},"Phase I table cell (conf_sens_pooled_sens_coverage_clean_edp_count, mean); generated by ops/phase_i_tables.py"
C643_conf_sens_pooled_sens_coverage_clean_edp_count_p_ri_paper_master,S1b,docs/PAPER_MASTER.md,| pooled | coverage-clean | EDP count | count | 41 | 0.00856 | {} |,data/reference/confirmatory_results.csv,float(d[(d.stratum=='pooled')&(d.spec=='sens_coverage_clean')&(d.outcome=='edp')&(d.estimator=='PPML_count_offset')]['p_randomization'].iloc[0]),{:.4f},"Phase I table cell (conf_sens_pooled_sens_coverage_clean_edp_count, p_ri); generated by ops/phase_i_tables.py"
C643_conf_sens_pooled_sens_coverage_clean_edp_count_p_ri_supplement,S1b,docs/SUPPLEMENT.md,| pooled | coverage-clean | EDP count | count | 41 | 0.00856 | {} |,data/reference/confirmatory_results.csv,float(d[(d.stratum=='pooled')&(d.spec=='sens_coverage_clean')&(d.outcome=='edp')&(d.estimator=='PPML_count_offset')]['p_randomization'].iloc[0]),{:.4f},"Phase I table cell (conf_sens_pooled_sens_coverage_clean_edp_count, p_ri); generated by ops/phase_i_tables.py"
C644_conf_sens_pooled_sens_geocoding_clean_edp_share_share_episodes_paper_master,S1b,docs/PAPER_MASTER.md,| pooled | geocoding-clean | EDP share | share | {} |,data/reference/confirmatory_results.csv,int(d[(d.stratum=='pooled')&(d.spec=='sens_geocoding_clean')&(d.outcome=='edp_share')&(d.estimator=='OLS_share')]['n_episodes'].iloc[0]),{},"Phase I table cell (conf_sens_pooled_sens_geocoding_clean_edp_share_share, episodes); generated by ops/phase_i_tables.py"
C644_conf_sens_pooled_sens_geocoding_clean_edp_share_share_episodes_supplement,S1b,docs/SUPPLEMENT.md,| pooled | geocoding-clean | EDP share | share | {} |,data/reference/confirmatory_results.csv,int(d[(d.stratum=='pooled')&(d.spec=='sens_geocoding_clean')&(d.outcome=='edp_share')&(d.estimator=='OLS_share')]['n_episodes'].iloc[0]),{},"Phase I table cell (conf_sens_pooled_sens_geocoding_clean_edp_share_share, episodes); generated by ops/phase_i_tables.py"
C645_conf_sens_pooled_sens_geocoding_clean_edp_share_share_mean_paper_master,S1b,docs/PAPER_MASTER.md,| pooled | geocoding-clean | EDP share | share | 44 | {} |,data/reference/confirmatory_results.csv,float(d[(d.stratum=='pooled')&(d.spec=='sens_geocoding_clean')&(d.outcome=='edp_share')&(d.estimator=='OLS_share')]['first_week_mean_coef'].iloc[0]),{:.5f},"Phase I table cell (conf_sens_pooled_sens_geocoding_clean_edp_share_share, mean); generated by ops/phase_i_tables.py"
C645_conf_sens_pooled_sens_geocoding_clean_edp_share_share_mean_supplement,S1b,docs/SUPPLEMENT.md,| pooled | geocoding-clean | EDP share | share | 44 | {} |,data/reference/confirmatory_results.csv,float(d[(d.stratum=='pooled')&(d.spec=='sens_geocoding_clean')&(d.outcome=='edp_share')&(d.estimator=='OLS_share')]['first_week_mean_coef'].iloc[0]),{:.5f},"Phase I table cell (conf_sens_pooled_sens_geocoding_clean_edp_share_share, mean); generated by ops/phase_i_tables.py"
C646_conf_sens_pooled_sens_geocoding_clean_edp_share_share_p_ri_paper_master,S1b,docs/PAPER_MASTER.md,| pooled | geocoding-clean | EDP share | share | 44 | −0.00028 | {} |,data/reference/confirmatory_results.csv,float(d[(d.stratum=='pooled')&(d.spec=='sens_geocoding_clean')&(d.outcome=='edp_share')&(d.estimator=='OLS_share')]['p_randomization'].iloc[0]),{:.4f},"Phase I table cell (conf_sens_pooled_sens_geocoding_clean_edp_share_share, p_ri); generated by ops/phase_i_tables.py"
C646_conf_sens_pooled_sens_geocoding_clean_edp_share_share_p_ri_supplement,S1b,docs/SUPPLEMENT.md,| pooled | geocoding-clean | EDP share | share | 44 | −0.00028 | {} |,data/reference/confirmatory_results.csv,float(d[(d.stratum=='pooled')&(d.spec=='sens_geocoding_clean')&(d.outcome=='edp_share')&(d.estimator=='OLS_share')]['p_randomization'].iloc[0]),{:.4f},"Phase I table cell (conf_sens_pooled_sens_geocoding_clean_edp_share_share, p_ri); generated by ops/phase_i_tables.py"
C647_conf_sens_pooled_sens_geocoding_clean_edp_count_episodes_paper_master,S1b,docs/PAPER_MASTER.md,| pooled | geocoding-clean | EDP count | count | {} |,data/reference/confirmatory_results.csv,int(d[(d.stratum=='pooled')&(d.spec=='sens_geocoding_clean')&(d.outcome=='edp')&(d.estimator=='PPML_count_offset')]['n_episodes'].iloc[0]),{},"Phase I table cell (conf_sens_pooled_sens_geocoding_clean_edp_count, episodes); generated by ops/phase_i_tables.py"
C647_conf_sens_pooled_sens_geocoding_clean_edp_count_episodes_supplement,S1b,docs/SUPPLEMENT.md,| pooled | geocoding-clean | EDP count | count | {} |,data/reference/confirmatory_results.csv,int(d[(d.stratum=='pooled')&(d.spec=='sens_geocoding_clean')&(d.outcome=='edp')&(d.estimator=='PPML_count_offset')]['n_episodes'].iloc[0]),{},"Phase I table cell (conf_sens_pooled_sens_geocoding_clean_edp_count, episodes); generated by ops/phase_i_tables.py"
C648_conf_sens_pooled_sens_geocoding_clean_edp_count_mean_paper_master,S1b,docs/PAPER_MASTER.md,| pooled | geocoding-clean | EDP count | count | 44 | {} |,data/reference/confirmatory_results.csv,float(d[(d.stratum=='pooled')&(d.spec=='sens_geocoding_clean')&(d.outcome=='edp')&(d.estimator=='PPML_count_offset')]['first_week_mean_coef'].iloc[0]),{:.5f},"Phase I table cell (conf_sens_pooled_sens_geocoding_clean_edp_count, mean); generated by ops/phase_i_tables.py"
C648_conf_sens_pooled_sens_geocoding_clean_edp_count_mean_supplement,S1b,docs/SUPPLEMENT.md,| pooled | geocoding-clean | EDP count | count | 44 | {} |,data/reference/confirmatory_results.csv,float(d[(d.stratum=='pooled')&(d.spec=='sens_geocoding_clean')&(d.outcome=='edp')&(d.estimator=='PPML_count_offset')]['first_week_mean_coef'].iloc[0]),{:.5f},"Phase I table cell (conf_sens_pooled_sens_geocoding_clean_edp_count, mean); generated by ops/phase_i_tables.py"
C649_conf_sens_pooled_sens_geocoding_clean_edp_count_p_ri_paper_master,S1b,docs/PAPER_MASTER.md,| pooled | geocoding-clean | EDP count | count | 44 | 0.00829 | {} |,data/reference/confirmatory_results.csv,float(d[(d.stratum=='pooled')&(d.spec=='sens_geocoding_clean')&(d.outcome=='edp')&(d.estimator=='PPML_count_offset')]['p_randomization'].iloc[0]),{:.4f},"Phase I table cell (conf_sens_pooled_sens_geocoding_clean_edp_count, p_ri); generated by ops/phase_i_tables.py"
C649_conf_sens_pooled_sens_geocoding_clean_edp_count_p_ri_supplement,S1b,docs/SUPPLEMENT.md,| pooled | geocoding-clean | EDP count | count | 44 | 0.00829 | {} |,data/reference/confirmatory_results.csv,float(d[(d.stratum=='pooled')&(d.spec=='sens_geocoding_clean')&(d.outcome=='edp')&(d.estimator=='PPML_count_offset')]['p_randomization'].iloc[0]),{:.4f},"Phase I table cell (conf_sens_pooled_sens_geocoding_clean_edp_count, p_ri); generated by ops/phase_i_tables.py"
C650_conf_sens_pooled_sens_coverage_clean_mh_narrow_share_share_episodes_paper_master,S1b,docs/PAPER_MASTER.md,| pooled | coverage-clean | narrow MH share | share | {} |,data/reference/confirmatory_results.csv,int(d[(d.stratum=='pooled')&(d.spec=='sens_coverage_clean')&(d.outcome=='mh_narrow_share')&(d.estimator=='OLS_share')]['n_episodes'].iloc[0]),{},"Phase I table cell (conf_sens_pooled_sens_coverage_clean_mh_narrow_share_share, episodes); generated by ops/phase_i_tables.py"
C650_conf_sens_pooled_sens_coverage_clean_mh_narrow_share_share_episodes_supplement,S1b,docs/SUPPLEMENT.md,| pooled | coverage-clean | narrow MH share | share | {} |,data/reference/confirmatory_results.csv,int(d[(d.stratum=='pooled')&(d.spec=='sens_coverage_clean')&(d.outcome=='mh_narrow_share')&(d.estimator=='OLS_share')]['n_episodes'].iloc[0]),{},"Phase I table cell (conf_sens_pooled_sens_coverage_clean_mh_narrow_share_share, episodes); generated by ops/phase_i_tables.py"
C651_conf_sens_pooled_sens_coverage_clean_mh_narrow_share_share_mean_paper_master,S1b,docs/PAPER_MASTER.md,| pooled | coverage-clean | narrow MH share | share | 39 | {} |,data/reference/confirmatory_results.csv,float(d[(d.stratum=='pooled')&(d.spec=='sens_coverage_clean')&(d.outcome=='mh_narrow_share')&(d.estimator=='OLS_share')]['first_week_mean_coef'].iloc[0]),{:.5f},"Phase I table cell (conf_sens_pooled_sens_coverage_clean_mh_narrow_share_share, mean); generated by ops/phase_i_tables.py"
C651_conf_sens_pooled_sens_coverage_clean_mh_narrow_share_share_mean_supplement,S1b,docs/SUPPLEMENT.md,| pooled | coverage-clean | narrow MH share | share | 39 | {} |,data/reference/confirmatory_results.csv,float(d[(d.stratum=='pooled')&(d.spec=='sens_coverage_clean')&(d.outcome=='mh_narrow_share')&(d.estimator=='OLS_share')]['first_week_mean_coef'].iloc[0]),{:.5f},"Phase I table cell (conf_sens_pooled_sens_coverage_clean_mh_narrow_share_share, mean); generated by ops/phase_i_tables.py"
C652_conf_sens_pooled_sens_coverage_clean_mh_narrow_share_share_p_ri_paper_master,S1b,docs/PAPER_MASTER.md,| pooled | coverage-clean | narrow MH share | share | 39 | −0.00042 | {} |,data/reference/confirmatory_results.csv,float(d[(d.stratum=='pooled')&(d.spec=='sens_coverage_clean')&(d.outcome=='mh_narrow_share')&(d.estimator=='OLS_share')]['p_randomization'].iloc[0]),{:.4f},"Phase I table cell (conf_sens_pooled_sens_coverage_clean_mh_narrow_share_share, p_ri); generated by ops/phase_i_tables.py"
C652_conf_sens_pooled_sens_coverage_clean_mh_narrow_share_share_p_ri_supplement,S1b,docs/SUPPLEMENT.md,| pooled | coverage-clean | narrow MH share | share | 39 | −0.00042 | {} |,data/reference/confirmatory_results.csv,float(d[(d.stratum=='pooled')&(d.spec=='sens_coverage_clean')&(d.outcome=='mh_narrow_share')&(d.estimator=='OLS_share')]['p_randomization'].iloc[0]),{:.4f},"Phase I table cell (conf_sens_pooled_sens_coverage_clean_mh_narrow_share_share, p_ri); generated by ops/phase_i_tables.py"
C653_conf_sens_pooled_sens_coverage_clean_mh_narrow_count_episodes_paper_master,S1b,docs/PAPER_MASTER.md,| pooled | coverage-clean | narrow MH count | count | {} |,data/reference/confirmatory_results.csv,int(d[(d.stratum=='pooled')&(d.spec=='sens_coverage_clean')&(d.outcome=='mh_narrow')&(d.estimator=='PPML_count_offset')]['n_episodes'].iloc[0]),{},"Phase I table cell (conf_sens_pooled_sens_coverage_clean_mh_narrow_count, episodes); generated by ops/phase_i_tables.py"
C653_conf_sens_pooled_sens_coverage_clean_mh_narrow_count_episodes_supplement,S1b,docs/SUPPLEMENT.md,| pooled | coverage-clean | narrow MH count | count | {} |,data/reference/confirmatory_results.csv,int(d[(d.stratum=='pooled')&(d.spec=='sens_coverage_clean')&(d.outcome=='mh_narrow')&(d.estimator=='PPML_count_offset')]['n_episodes'].iloc[0]),{},"Phase I table cell (conf_sens_pooled_sens_coverage_clean_mh_narrow_count, episodes); generated by ops/phase_i_tables.py"
C654_conf_sens_pooled_sens_coverage_clean_mh_narrow_count_mean_paper_master,S1b,docs/PAPER_MASTER.md,| pooled | coverage-clean | narrow MH count | count | 39 | {} |,data/reference/confirmatory_results.csv,float(d[(d.stratum=='pooled')&(d.spec=='sens_coverage_clean')&(d.outcome=='mh_narrow')&(d.estimator=='PPML_count_offset')]['first_week_mean_coef'].iloc[0]),{:.5f},"Phase I table cell (conf_sens_pooled_sens_coverage_clean_mh_narrow_count, mean); generated by ops/phase_i_tables.py"
C654_conf_sens_pooled_sens_coverage_clean_mh_narrow_count_mean_supplement,S1b,docs/SUPPLEMENT.md,| pooled | coverage-clean | narrow MH count | count | 39 | {} |,data/reference/confirmatory_results.csv,float(d[(d.stratum=='pooled')&(d.spec=='sens_coverage_clean')&(d.outcome=='mh_narrow')&(d.estimator=='PPML_count_offset')]['first_week_mean_coef'].iloc[0]),{:.5f},"Phase I table cell (conf_sens_pooled_sens_coverage_clean_mh_narrow_count, mean); generated by ops/phase_i_tables.py"
C655_conf_sens_pooled_sens_coverage_clean_mh_narrow_count_p_ri_paper_master,S1b,docs/PAPER_MASTER.md,| pooled | coverage-clean | narrow MH count | count | 39 | 0.00393 | {} |,data/reference/confirmatory_results.csv,float(d[(d.stratum=='pooled')&(d.spec=='sens_coverage_clean')&(d.outcome=='mh_narrow')&(d.estimator=='PPML_count_offset')]['p_randomization'].iloc[0]),{:.4f},"Phase I table cell (conf_sens_pooled_sens_coverage_clean_mh_narrow_count, p_ri); generated by ops/phase_i_tables.py"
C655_conf_sens_pooled_sens_coverage_clean_mh_narrow_count_p_ri_supplement,S1b,docs/SUPPLEMENT.md,| pooled | coverage-clean | narrow MH count | count | 39 | 0.00393 | {} |,data/reference/confirmatory_results.csv,float(d[(d.stratum=='pooled')&(d.spec=='sens_coverage_clean')&(d.outcome=='mh_narrow')&(d.estimator=='PPML_count_offset')]['p_randomization'].iloc[0]),{:.4f},"Phase I table cell (conf_sens_pooled_sens_coverage_clean_mh_narrow_count, p_ri); generated by ops/phase_i_tables.py"
C656_conf_sens_pooled_sens_geocoding_clean_mh_narrow_share_share_episodes_paper_master,S1b,docs/PAPER_MASTER.md,| pooled | geocoding-clean | narrow MH share | share | {} |,data/reference/confirmatory_results.csv,int(d[(d.stratum=='pooled')&(d.spec=='sens_geocoding_clean')&(d.outcome=='mh_narrow_share')&(d.estimator=='OLS_share')]['n_episodes'].iloc[0]),{},"Phase I table cell (conf_sens_pooled_sens_geocoding_clean_mh_narrow_share_share, episodes); generated by ops/phase_i_tables.py"
C656_conf_sens_pooled_sens_geocoding_clean_mh_narrow_share_share_episodes_supplement,S1b,docs/SUPPLEMENT.md,| pooled | geocoding-clean | narrow MH share | share | {} |,data/reference/confirmatory_results.csv,int(d[(d.stratum=='pooled')&(d.spec=='sens_geocoding_clean')&(d.outcome=='mh_narrow_share')&(d.estimator=='OLS_share')]['n_episodes'].iloc[0]),{},"Phase I table cell (conf_sens_pooled_sens_geocoding_clean_mh_narrow_share_share, episodes); generated by ops/phase_i_tables.py"
C657_conf_sens_pooled_sens_geocoding_clean_mh_narrow_share_share_mean_paper_master,S1b,docs/PAPER_MASTER.md,| pooled | geocoding-clean | narrow MH share | share | 44 | {} |,data/reference/confirmatory_results.csv,float(d[(d.stratum=='pooled')&(d.spec=='sens_geocoding_clean')&(d.outcome=='mh_narrow_share')&(d.estimator=='OLS_share')]['first_week_mean_coef'].iloc[0]),{:.5f},"Phase I table cell (conf_sens_pooled_sens_geocoding_clean_mh_narrow_share_share, mean); generated by ops/phase_i_tables.py"
C657_conf_sens_pooled_sens_geocoding_clean_mh_narrow_share_share_mean_supplement,S1b,docs/SUPPLEMENT.md,| pooled | geocoding-clean | narrow MH share | share | 44 | {} |,data/reference/confirmatory_results.csv,float(d[(d.stratum=='pooled')&(d.spec=='sens_geocoding_clean')&(d.outcome=='mh_narrow_share')&(d.estimator=='OLS_share')]['first_week_mean_coef'].iloc[0]),{:.5f},"Phase I table cell (conf_sens_pooled_sens_geocoding_clean_mh_narrow_share_share, mean); generated by ops/phase_i_tables.py"
C658_conf_sens_pooled_sens_geocoding_clean_mh_narrow_share_share_p_ri_paper_master,S1b,docs/PAPER_MASTER.md,| pooled | geocoding-clean | narrow MH share | share | 44 | −0.00060 | {} |,data/reference/confirmatory_results.csv,float(d[(d.stratum=='pooled')&(d.spec=='sens_geocoding_clean')&(d.outcome=='mh_narrow_share')&(d.estimator=='OLS_share')]['p_randomization'].iloc[0]),{:.4f},"Phase I table cell (conf_sens_pooled_sens_geocoding_clean_mh_narrow_share_share, p_ri); generated by ops/phase_i_tables.py"
C658_conf_sens_pooled_sens_geocoding_clean_mh_narrow_share_share_p_ri_supplement,S1b,docs/SUPPLEMENT.md,| pooled | geocoding-clean | narrow MH share | share | 44 | −0.00060 | {} |,data/reference/confirmatory_results.csv,float(d[(d.stratum=='pooled')&(d.spec=='sens_geocoding_clean')&(d.outcome=='mh_narrow_share')&(d.estimator=='OLS_share')]['p_randomization'].iloc[0]),{:.4f},"Phase I table cell (conf_sens_pooled_sens_geocoding_clean_mh_narrow_share_share, p_ri); generated by ops/phase_i_tables.py"
C659_conf_sens_pooled_sens_geocoding_clean_mh_narrow_count_episodes_paper_master,S1b,docs/PAPER_MASTER.md,| pooled | geocoding-clean | narrow MH count | count | {} |,data/reference/confirmatory_results.csv,int(d[(d.stratum=='pooled')&(d.spec=='sens_geocoding_clean')&(d.outcome=='mh_narrow')&(d.estimator=='PPML_count_offset')]['n_episodes'].iloc[0]),{},"Phase I table cell (conf_sens_pooled_sens_geocoding_clean_mh_narrow_count, episodes); generated by ops/phase_i_tables.py"
C659_conf_sens_pooled_sens_geocoding_clean_mh_narrow_count_episodes_supplement,S1b,docs/SUPPLEMENT.md,| pooled | geocoding-clean | narrow MH count | count | {} |,data/reference/confirmatory_results.csv,int(d[(d.stratum=='pooled')&(d.spec=='sens_geocoding_clean')&(d.outcome=='mh_narrow')&(d.estimator=='PPML_count_offset')]['n_episodes'].iloc[0]),{},"Phase I table cell (conf_sens_pooled_sens_geocoding_clean_mh_narrow_count, episodes); generated by ops/phase_i_tables.py"
C660_conf_sens_pooled_sens_geocoding_clean_mh_narrow_count_mean_paper_master,S1b,docs/PAPER_MASTER.md,| pooled | geocoding-clean | narrow MH count | count | 44 | {} |,data/reference/confirmatory_results.csv,float(d[(d.stratum=='pooled')&(d.spec=='sens_geocoding_clean')&(d.outcome=='mh_narrow')&(d.estimator=='PPML_count_offset')]['first_week_mean_coef'].iloc[0]),{:.5f},"Phase I table cell (conf_sens_pooled_sens_geocoding_clean_mh_narrow_count, mean); generated by ops/phase_i_tables.py"
C660_conf_sens_pooled_sens_geocoding_clean_mh_narrow_count_mean_supplement,S1b,docs/SUPPLEMENT.md,| pooled | geocoding-clean | narrow MH count | count | 44 | {} |,data/reference/confirmatory_results.csv,float(d[(d.stratum=='pooled')&(d.spec=='sens_geocoding_clean')&(d.outcome=='mh_narrow')&(d.estimator=='PPML_count_offset')]['first_week_mean_coef'].iloc[0]),{:.5f},"Phase I table cell (conf_sens_pooled_sens_geocoding_clean_mh_narrow_count, mean); generated by ops/phase_i_tables.py"
C661_conf_sens_pooled_sens_geocoding_clean_mh_narrow_count_p_ri_paper_master,S1b,docs/PAPER_MASTER.md,| pooled | geocoding-clean | narrow MH count | count | 44 | 0.00275 | {} |,data/reference/confirmatory_results.csv,float(d[(d.stratum=='pooled')&(d.spec=='sens_geocoding_clean')&(d.outcome=='mh_narrow')&(d.estimator=='PPML_count_offset')]['p_randomization'].iloc[0]),{:.4f},"Phase I table cell (conf_sens_pooled_sens_geocoding_clean_mh_narrow_count, p_ri); generated by ops/phase_i_tables.py"
C661_conf_sens_pooled_sens_geocoding_clean_mh_narrow_count_p_ri_supplement,S1b,docs/SUPPLEMENT.md,| pooled | geocoding-clean | narrow MH count | count | 44 | 0.00275 | {} |,data/reference/confirmatory_results.csv,float(d[(d.stratum=='pooled')&(d.spec=='sens_geocoding_clean')&(d.outcome=='mh_narrow')&(d.estimator=='PPML_count_offset')]['p_randomization'].iloc[0]),{:.4f},"Phase I table cell (conf_sens_pooled_sens_geocoding_clean_mh_narrow_count, p_ri); generated by ops/phase_i_tables.py"
C662_conf_sens_pooled_sens_coverage_clean_cardiac_share_share_episodes_paper_master,S1b,docs/PAPER_MASTER.md,| pooled | coverage-clean | cardiac share | share | {} |,data/reference/confirmatory_results.csv,int(d[(d.stratum=='pooled')&(d.spec=='sens_coverage_clean')&(d.outcome=='cardiac_share')&(d.estimator=='OLS_share')]['n_episodes'].iloc[0]),{},"Phase I table cell (conf_sens_pooled_sens_coverage_clean_cardiac_share_share, episodes); generated by ops/phase_i_tables.py"
C662_conf_sens_pooled_sens_coverage_clean_cardiac_share_share_episodes_supplement,S1b,docs/SUPPLEMENT.md,| pooled | coverage-clean | cardiac share | share | {} |,data/reference/confirmatory_results.csv,int(d[(d.stratum=='pooled')&(d.spec=='sens_coverage_clean')&(d.outcome=='cardiac_share')&(d.estimator=='OLS_share')]['n_episodes'].iloc[0]),{},"Phase I table cell (conf_sens_pooled_sens_coverage_clean_cardiac_share_share, episodes); generated by ops/phase_i_tables.py"
C663_conf_sens_pooled_sens_coverage_clean_cardiac_share_share_mean_paper_master,S1b,docs/PAPER_MASTER.md,| pooled | coverage-clean | cardiac share | share | 38 | {} |,data/reference/confirmatory_results.csv,float(d[(d.stratum=='pooled')&(d.spec=='sens_coverage_clean')&(d.outcome=='cardiac_share')&(d.estimator=='OLS_share')]['first_week_mean_coef'].iloc[0]),{:.5f},"Phase I table cell (conf_sens_pooled_sens_coverage_clean_cardiac_share_share, mean); generated by ops/phase_i_tables.py"
C663_conf_sens_pooled_sens_coverage_clean_cardiac_share_share_mean_supplement,S1b,docs/SUPPLEMENT.md,| pooled | coverage-clean | cardiac share | share | 38 | {} |,data/reference/confirmatory_results.csv,float(d[(d.stratum=='pooled')&(d.spec=='sens_coverage_clean')&(d.outcome=='cardiac_share')&(d.estimator=='OLS_share')]['first_week_mean_coef'].iloc[0]),{:.5f},"Phase I table cell (conf_sens_pooled_sens_coverage_clean_cardiac_share_share, mean); generated by ops/phase_i_tables.py"
C664_conf_sens_pooled_sens_coverage_clean_cardiac_share_share_p_ri_paper_master,S1b,docs/PAPER_MASTER.md,| pooled | coverage-clean | cardiac share | share | 38 | 0.00127 | {} |,data/reference/confirmatory_results.csv,float(d[(d.stratum=='pooled')&(d.spec=='sens_coverage_clean')&(d.outcome=='cardiac_share')&(d.estimator=='OLS_share')]['p_randomization'].iloc[0]),{:.4f},"Phase I table cell (conf_sens_pooled_sens_coverage_clean_cardiac_share_share, p_ri); generated by ops/phase_i_tables.py"
C664_conf_sens_pooled_sens_coverage_clean_cardiac_share_share_p_ri_supplement,S1b,docs/SUPPLEMENT.md,| pooled | coverage-clean | cardiac share | share | 38 | 0.00127 | {} |,data/reference/confirmatory_results.csv,float(d[(d.stratum=='pooled')&(d.spec=='sens_coverage_clean')&(d.outcome=='cardiac_share')&(d.estimator=='OLS_share')]['p_randomization'].iloc[0]),{:.4f},"Phase I table cell (conf_sens_pooled_sens_coverage_clean_cardiac_share_share, p_ri); generated by ops/phase_i_tables.py"
C665_conf_sens_pooled_sens_coverage_clean_cardiac_count_episodes_paper_master,S1b,docs/PAPER_MASTER.md,| pooled | coverage-clean | cardiac count | count | {} |,data/reference/confirmatory_results.csv,int(d[(d.stratum=='pooled')&(d.spec=='sens_coverage_clean')&(d.outcome=='cardiac')&(d.estimator=='PPML_count_offset')]['n_episodes'].iloc[0]),{},"Phase I table cell (conf_sens_pooled_sens_coverage_clean_cardiac_count, episodes); generated by ops/phase_i_tables.py"
C665_conf_sens_pooled_sens_coverage_clean_cardiac_count_episodes_supplement,S1b,docs/SUPPLEMENT.md,| pooled | coverage-clean | cardiac count | count | {} |,data/reference/confirmatory_results.csv,int(d[(d.stratum=='pooled')&(d.spec=='sens_coverage_clean')&(d.outcome=='cardiac')&(d.estimator=='PPML_count_offset')]['n_episodes'].iloc[0]),{},"Phase I table cell (conf_sens_pooled_sens_coverage_clean_cardiac_count, episodes); generated by ops/phase_i_tables.py"
C666_conf_sens_pooled_sens_coverage_clean_cardiac_count_mean_paper_master,S1b,docs/PAPER_MASTER.md,| pooled | coverage-clean | cardiac count | count | 38 | {} |,data/reference/confirmatory_results.csv,float(d[(d.stratum=='pooled')&(d.spec=='sens_coverage_clean')&(d.outcome=='cardiac')&(d.estimator=='PPML_count_offset')]['first_week_mean_coef'].iloc[0]),{:.5f},"Phase I table cell (conf_sens_pooled_sens_coverage_clean_cardiac_count, mean); generated by ops/phase_i_tables.py"
C666_conf_sens_pooled_sens_coverage_clean_cardiac_count_mean_supplement,S1b,docs/SUPPLEMENT.md,| pooled | coverage-clean | cardiac count | count | 38 | {} |,data/reference/confirmatory_results.csv,float(d[(d.stratum=='pooled')&(d.spec=='sens_coverage_clean')&(d.outcome=='cardiac')&(d.estimator=='PPML_count_offset')]['first_week_mean_coef'].iloc[0]),{:.5f},"Phase I table cell (conf_sens_pooled_sens_coverage_clean_cardiac_count, mean); generated by ops/phase_i_tables.py"
C667_conf_sens_pooled_sens_coverage_clean_cardiac_count_p_ri_paper_master,S1b,docs/PAPER_MASTER.md,| pooled | coverage-clean | cardiac count | count | 38 | 0.00892 | {} |,data/reference/confirmatory_results.csv,float(d[(d.stratum=='pooled')&(d.spec=='sens_coverage_clean')&(d.outcome=='cardiac')&(d.estimator=='PPML_count_offset')]['p_randomization'].iloc[0]),{:.4f},"Phase I table cell (conf_sens_pooled_sens_coverage_clean_cardiac_count, p_ri); generated by ops/phase_i_tables.py"
C667_conf_sens_pooled_sens_coverage_clean_cardiac_count_p_ri_supplement,S1b,docs/SUPPLEMENT.md,| pooled | coverage-clean | cardiac count | count | 38 | 0.00892 | {} |,data/reference/confirmatory_results.csv,float(d[(d.stratum=='pooled')&(d.spec=='sens_coverage_clean')&(d.outcome=='cardiac')&(d.estimator=='PPML_count_offset')]['p_randomization'].iloc[0]),{:.4f},"Phase I table cell (conf_sens_pooled_sens_coverage_clean_cardiac_count, p_ri); generated by ops/phase_i_tables.py"
C668_conf_sens_pooled_sens_coverage_clean_injury_share_share_episodes_paper_master,S1b,docs/PAPER_MASTER.md,| pooled | coverage-clean | injury share | share | {} |,data/reference/confirmatory_results.csv,int(d[(d.stratum=='pooled')&(d.spec=='sens_coverage_clean')&(d.outcome=='injury_share')&(d.estimator=='OLS_share')]['n_episodes'].iloc[0]),{},"Phase I table cell (conf_sens_pooled_sens_coverage_clean_injury_share_share, episodes); generated by ops/phase_i_tables.py"
C668_conf_sens_pooled_sens_coverage_clean_injury_share_share_episodes_supplement,S1b,docs/SUPPLEMENT.md,| pooled | coverage-clean | injury share | share | {} |,data/reference/confirmatory_results.csv,int(d[(d.stratum=='pooled')&(d.spec=='sens_coverage_clean')&(d.outcome=='injury_share')&(d.estimator=='OLS_share')]['n_episodes'].iloc[0]),{},"Phase I table cell (conf_sens_pooled_sens_coverage_clean_injury_share_share, episodes); generated by ops/phase_i_tables.py"
C669_conf_sens_pooled_sens_coverage_clean_injury_share_share_mean_paper_master,S1b,docs/PAPER_MASTER.md,| pooled | coverage-clean | injury share | share | 44 | {} |,data/reference/confirmatory_results.csv,float(d[(d.stratum=='pooled')&(d.spec=='sens_coverage_clean')&(d.outcome=='injury_share')&(d.estimator=='OLS_share')]['first_week_mean_coef'].iloc[0]),{:.5f},"Phase I table cell (conf_sens_pooled_sens_coverage_clean_injury_share_share, mean); generated by ops/phase_i_tables.py"
C669_conf_sens_pooled_sens_coverage_clean_injury_share_share_mean_supplement,S1b,docs/SUPPLEMENT.md,| pooled | coverage-clean | injury share | share | 44 | {} |,data/reference/confirmatory_results.csv,float(d[(d.stratum=='pooled')&(d.spec=='sens_coverage_clean')&(d.outcome=='injury_share')&(d.estimator=='OLS_share')]['first_week_mean_coef'].iloc[0]),{:.5f},"Phase I table cell (conf_sens_pooled_sens_coverage_clean_injury_share_share, mean); generated by ops/phase_i_tables.py"
C670_conf_sens_pooled_sens_coverage_clean_injury_share_share_p_ri_paper_master,S1b,docs/PAPER_MASTER.md,| pooled | coverage-clean | injury share | share | 44 | −0.00001 | {} |,data/reference/confirmatory_results.csv,float(d[(d.stratum=='pooled')&(d.spec=='sens_coverage_clean')&(d.outcome=='injury_share')&(d.estimator=='OLS_share')]['p_randomization'].iloc[0]),{:.4f},"Phase I table cell (conf_sens_pooled_sens_coverage_clean_injury_share_share, p_ri); generated by ops/phase_i_tables.py"
C670_conf_sens_pooled_sens_coverage_clean_injury_share_share_p_ri_supplement,S1b,docs/SUPPLEMENT.md,| pooled | coverage-clean | injury share | share | 44 | −0.00001 | {} |,data/reference/confirmatory_results.csv,float(d[(d.stratum=='pooled')&(d.spec=='sens_coverage_clean')&(d.outcome=='injury_share')&(d.estimator=='OLS_share')]['p_randomization'].iloc[0]),{:.4f},"Phase I table cell (conf_sens_pooled_sens_coverage_clean_injury_share_share, p_ri); generated by ops/phase_i_tables.py"
C671_conf_sens_pooled_sens_coverage_clean_injury_count_episodes_paper_master,S1b,docs/PAPER_MASTER.md,| pooled | coverage-clean | injury count | count | {} |,data/reference/confirmatory_results.csv,int(d[(d.stratum=='pooled')&(d.spec=='sens_coverage_clean')&(d.outcome=='injury')&(d.estimator=='PPML_count_offset')]['n_episodes'].iloc[0]),{},"Phase I table cell (conf_sens_pooled_sens_coverage_clean_injury_count, episodes); generated by ops/phase_i_tables.py"
C671_conf_sens_pooled_sens_coverage_clean_injury_count_episodes_supplement,S1b,docs/SUPPLEMENT.md,| pooled | coverage-clean | injury count | count | {} |,data/reference/confirmatory_results.csv,int(d[(d.stratum=='pooled')&(d.spec=='sens_coverage_clean')&(d.outcome=='injury')&(d.estimator=='PPML_count_offset')]['n_episodes'].iloc[0]),{},"Phase I table cell (conf_sens_pooled_sens_coverage_clean_injury_count, episodes); generated by ops/phase_i_tables.py"
C672_conf_sens_pooled_sens_coverage_clean_injury_count_mean_paper_master,S1b,docs/PAPER_MASTER.md,| pooled | coverage-clean | injury count | count | 44 | {} |,data/reference/confirmatory_results.csv,float(d[(d.stratum=='pooled')&(d.spec=='sens_coverage_clean')&(d.outcome=='injury')&(d.estimator=='PPML_count_offset')]['first_week_mean_coef'].iloc[0]),{:.5f},"Phase I table cell (conf_sens_pooled_sens_coverage_clean_injury_count, mean); generated by ops/phase_i_tables.py"
C672_conf_sens_pooled_sens_coverage_clean_injury_count_mean_supplement,S1b,docs/SUPPLEMENT.md,| pooled | coverage-clean | injury count | count | 44 | {} |,data/reference/confirmatory_results.csv,float(d[(d.stratum=='pooled')&(d.spec=='sens_coverage_clean')&(d.outcome=='injury')&(d.estimator=='PPML_count_offset')]['first_week_mean_coef'].iloc[0]),{:.5f},"Phase I table cell (conf_sens_pooled_sens_coverage_clean_injury_count, mean); generated by ops/phase_i_tables.py"
C673_conf_sens_pooled_sens_coverage_clean_injury_count_p_ri_paper_master,S1b,docs/PAPER_MASTER.md,| pooled | coverage-clean | injury count | count | 44 | −0.00076 | {} |,data/reference/confirmatory_results.csv,float(d[(d.stratum=='pooled')&(d.spec=='sens_coverage_clean')&(d.outcome=='injury')&(d.estimator=='PPML_count_offset')]['p_randomization'].iloc[0]),{:.4f},"Phase I table cell (conf_sens_pooled_sens_coverage_clean_injury_count, p_ri); generated by ops/phase_i_tables.py"
C673_conf_sens_pooled_sens_coverage_clean_injury_count_p_ri_supplement,S1b,docs/SUPPLEMENT.md,| pooled | coverage-clean | injury count | count | 44 | −0.00076 | {} |,data/reference/confirmatory_results.csv,float(d[(d.stratum=='pooled')&(d.spec=='sens_coverage_clean')&(d.outcome=='injury')&(d.estimator=='PPML_count_offset')]['p_randomization'].iloc[0]),{:.4f},"Phase I table cell (conf_sens_pooled_sens_coverage_clean_injury_count, p_ri); generated by ops/phase_i_tables.py"
C674_conf_sens_pooled_sens_coverage_clean_asthma_share_share_episodes_paper_master,S1b,docs/PAPER_MASTER.md,| pooled | coverage-clean | asthma share | share | {} |,data/reference/confirmatory_results.csv,int(d[(d.stratum=='pooled')&(d.spec=='sens_coverage_clean')&(d.outcome=='asthma_share')&(d.estimator=='OLS_share')]['n_episodes'].iloc[0]),{},"Phase I table cell (conf_sens_pooled_sens_coverage_clean_asthma_share_share, episodes); generated by ops/phase_i_tables.py"
C674_conf_sens_pooled_sens_coverage_clean_asthma_share_share_episodes_supplement,S1b,docs/SUPPLEMENT.md,| pooled | coverage-clean | asthma share | share | {} |,data/reference/confirmatory_results.csv,int(d[(d.stratum=='pooled')&(d.spec=='sens_coverage_clean')&(d.outcome=='asthma_share')&(d.estimator=='OLS_share')]['n_episodes'].iloc[0]),{},"Phase I table cell (conf_sens_pooled_sens_coverage_clean_asthma_share_share, episodes); generated by ops/phase_i_tables.py"
C675_conf_sens_pooled_sens_coverage_clean_asthma_share_share_mean_paper_master,S1b,docs/PAPER_MASTER.md,| pooled | coverage-clean | asthma share | share | 42 | {} |,data/reference/confirmatory_results.csv,float(d[(d.stratum=='pooled')&(d.spec=='sens_coverage_clean')&(d.outcome=='asthma_share')&(d.estimator=='OLS_share')]['first_week_mean_coef'].iloc[0]),{:.5f},"Phase I table cell (conf_sens_pooled_sens_coverage_clean_asthma_share_share, mean); generated by ops/phase_i_tables.py"
C675_conf_sens_pooled_sens_coverage_clean_asthma_share_share_mean_supplement,S1b,docs/SUPPLEMENT.md,| pooled | coverage-clean | asthma share | share | 42 | {} |,data/reference/confirmatory_results.csv,float(d[(d.stratum=='pooled')&(d.spec=='sens_coverage_clean')&(d.outcome=='asthma_share')&(d.estimator=='OLS_share')]['first_week_mean_coef'].iloc[0]),{:.5f},"Phase I table cell (conf_sens_pooled_sens_coverage_clean_asthma_share_share, mean); generated by ops/phase_i_tables.py"
C676_conf_sens_pooled_sens_coverage_clean_asthma_share_share_p_ri_paper_master,S1b,docs/PAPER_MASTER.md,| pooled | coverage-clean | asthma share | share | 42 | 0.00014 | {} |,data/reference/confirmatory_results.csv,float(d[(d.stratum=='pooled')&(d.spec=='sens_coverage_clean')&(d.outcome=='asthma_share')&(d.estimator=='OLS_share')]['p_randomization'].iloc[0]),{:.4f},"Phase I table cell (conf_sens_pooled_sens_coverage_clean_asthma_share_share, p_ri); generated by ops/phase_i_tables.py"
C676_conf_sens_pooled_sens_coverage_clean_asthma_share_share_p_ri_supplement,S1b,docs/SUPPLEMENT.md,| pooled | coverage-clean | asthma share | share | 42 | 0.00014 | {} |,data/reference/confirmatory_results.csv,float(d[(d.stratum=='pooled')&(d.spec=='sens_coverage_clean')&(d.outcome=='asthma_share')&(d.estimator=='OLS_share')]['p_randomization'].iloc[0]),{:.4f},"Phase I table cell (conf_sens_pooled_sens_coverage_clean_asthma_share_share, p_ri); generated by ops/phase_i_tables.py"
C677_conf_sens_pooled_sens_coverage_clean_asthma_count_episodes_paper_master,S1b,docs/PAPER_MASTER.md,| pooled | coverage-clean | asthma count | count | {} |,data/reference/confirmatory_results.csv,int(d[(d.stratum=='pooled')&(d.spec=='sens_coverage_clean')&(d.outcome=='asthma')&(d.estimator=='PPML_count_offset')]['n_episodes'].iloc[0]),{},"Phase I table cell (conf_sens_pooled_sens_coverage_clean_asthma_count, episodes); generated by ops/phase_i_tables.py"
C677_conf_sens_pooled_sens_coverage_clean_asthma_count_episodes_supplement,S1b,docs/SUPPLEMENT.md,| pooled | coverage-clean | asthma count | count | {} |,data/reference/confirmatory_results.csv,int(d[(d.stratum=='pooled')&(d.spec=='sens_coverage_clean')&(d.outcome=='asthma')&(d.estimator=='PPML_count_offset')]['n_episodes'].iloc[0]),{},"Phase I table cell (conf_sens_pooled_sens_coverage_clean_asthma_count, episodes); generated by ops/phase_i_tables.py"
C678_conf_sens_pooled_sens_coverage_clean_asthma_count_mean_paper_master,S1b,docs/PAPER_MASTER.md,| pooled | coverage-clean | asthma count | count | 42 | {} |,data/reference/confirmatory_results.csv,float(d[(d.stratum=='pooled')&(d.spec=='sens_coverage_clean')&(d.outcome=='asthma')&(d.estimator=='PPML_count_offset')]['first_week_mean_coef'].iloc[0]),{:.5f},"Phase I table cell (conf_sens_pooled_sens_coverage_clean_asthma_count, mean); generated by ops/phase_i_tables.py"
C678_conf_sens_pooled_sens_coverage_clean_asthma_count_mean_supplement,S1b,docs/SUPPLEMENT.md,| pooled | coverage-clean | asthma count | count | 42 | {} |,data/reference/confirmatory_results.csv,float(d[(d.stratum=='pooled')&(d.spec=='sens_coverage_clean')&(d.outcome=='asthma')&(d.estimator=='PPML_count_offset')]['first_week_mean_coef'].iloc[0]),{:.5f},"Phase I table cell (conf_sens_pooled_sens_coverage_clean_asthma_count, mean); generated by ops/phase_i_tables.py"
C679_conf_sens_pooled_sens_coverage_clean_asthma_count_p_ri_paper_master,S1b,docs/PAPER_MASTER.md,| pooled | coverage-clean | asthma count | count | 42 | 0.02183 | {} |,data/reference/confirmatory_results.csv,float(d[(d.stratum=='pooled')&(d.spec=='sens_coverage_clean')&(d.outcome=='asthma')&(d.estimator=='PPML_count_offset')]['p_randomization'].iloc[0]),{:.4f},"Phase I table cell (conf_sens_pooled_sens_coverage_clean_asthma_count, p_ri); generated by ops/phase_i_tables.py"
C679_conf_sens_pooled_sens_coverage_clean_asthma_count_p_ri_supplement,S1b,docs/SUPPLEMENT.md,| pooled | coverage-clean | asthma count | count | 42 | 0.02183 | {} |,data/reference/confirmatory_results.csv,float(d[(d.stratum=='pooled')&(d.spec=='sens_coverage_clean')&(d.outcome=='asthma')&(d.estimator=='PPML_count_offset')]['p_randomization'].iloc[0]),{:.4f},"Phase I table cell (conf_sens_pooled_sens_coverage_clean_asthma_count, p_ri); generated by ops/phase_i_tables.py"
C680_conf_sens_pooled_sens_incl_cancelled_edp_share_incl_cancelled_share_episodes_paper_master,S1b,docs/PAPER_MASTER.md,"| pooled | cancelled dispositions included | EDP share, cancelled included | share | {} |",data/reference/confirmatory_results.csv,int(d[(d.stratum=='pooled')&(d.spec=='sens_incl_cancelled')&(d.outcome=='edp_share_incl_cancelled')&(d.estimator=='OLS_share')]['n_episodes'].iloc[0]),{},"Phase I table cell (conf_sens_pooled_sens_incl_cancelled_edp_share_incl_cancelled_share, episodes); generated by ops/phase_i_tables.py"
C680_conf_sens_pooled_sens_incl_cancelled_edp_share_incl_cancelled_share_episodes_supplement,S1b,docs/SUPPLEMENT.md,"| pooled | cancelled dispositions included | EDP share, cancelled included | share | {} |",data/reference/confirmatory_results.csv,int(d[(d.stratum=='pooled')&(d.spec=='sens_incl_cancelled')&(d.outcome=='edp_share_incl_cancelled')&(d.estimator=='OLS_share')]['n_episodes'].iloc[0]),{},"Phase I table cell (conf_sens_pooled_sens_incl_cancelled_edp_share_incl_cancelled_share, episodes); generated by ops/phase_i_tables.py"
C681_conf_sens_pooled_sens_incl_cancelled_edp_share_incl_cancelled_share_mean_paper_master,S1b,docs/PAPER_MASTER.md,"| pooled | cancelled dispositions included | EDP share, cancelled included | share | 45 | {} |",data/reference/confirmatory_results.csv,float(d[(d.stratum=='pooled')&(d.spec=='sens_incl_cancelled')&(d.outcome=='edp_share_incl_cancelled')&(d.estimator=='OLS_share')]['first_week_mean_coef'].iloc[0]),{:.5f},"Phase I table cell (conf_sens_pooled_sens_incl_cancelled_edp_share_incl_cancelled_share, mean); generated by ops/phase_i_tables.py"
C681_conf_sens_pooled_sens_incl_cancelled_edp_share_incl_cancelled_share_mean_supplement,S1b,docs/SUPPLEMENT.md,"| pooled | cancelled dispositions included | EDP share, cancelled included | share | 45 | {} |",data/reference/confirmatory_results.csv,float(d[(d.stratum=='pooled')&(d.spec=='sens_incl_cancelled')&(d.outcome=='edp_share_incl_cancelled')&(d.estimator=='OLS_share')]['first_week_mean_coef'].iloc[0]),{:.5f},"Phase I table cell (conf_sens_pooled_sens_incl_cancelled_edp_share_incl_cancelled_share, mean); generated by ops/phase_i_tables.py"
C682_conf_sens_pooled_sens_incl_cancelled_edp_share_incl_cancelled_share_p_ri_paper_master,S1b,docs/PAPER_MASTER.md,"| pooled | cancelled dispositions included | EDP share, cancelled included | share | 45 | −0.00063 | {} |",data/reference/confirmatory_results.csv,float(d[(d.stratum=='pooled')&(d.spec=='sens_incl_cancelled')&(d.outcome=='edp_share_incl_cancelled')&(d.estimator=='OLS_share')]['p_randomization'].iloc[0]),{:.4f},"Phase I table cell (conf_sens_pooled_sens_incl_cancelled_edp_share_incl_cancelled_share, p_ri); generated by ops/phase_i_tables.py"
C682_conf_sens_pooled_sens_incl_cancelled_edp_share_incl_cancelled_share_p_ri_supplement,S1b,docs/SUPPLEMENT.md,"| pooled | cancelled dispositions included | EDP share, cancelled included | share | 45 | −0.00063 | {} |",data/reference/confirmatory_results.csv,float(d[(d.stratum=='pooled')&(d.spec=='sens_incl_cancelled')&(d.outcome=='edp_share_incl_cancelled')&(d.estimator=='OLS_share')]['p_randomization'].iloc[0]),{:.4f},"Phase I table cell (conf_sens_pooled_sens_incl_cancelled_edp_share_incl_cancelled_share, p_ri); generated by ops/phase_i_tables.py"
C683_conf_sens_pooled_sens_incl_cancelled_edp_incl_cancelled_count_episodes_paper_master,S1b,docs/PAPER_MASTER.md,"| pooled | cancelled dispositions included | EDP count, cancelled included | count | {} |",data/reference/confirmatory_results.csv,int(d[(d.stratum=='pooled')&(d.spec=='sens_incl_cancelled')&(d.outcome=='edp_incl_cancelled')&(d.estimator=='PPML_count_offset')]['n_episodes'].iloc[0]),{},"Phase I table cell (conf_sens_pooled_sens_incl_cancelled_edp_incl_cancelled_count, episodes); generated by ops/phase_i_tables.py"
C683_conf_sens_pooled_sens_incl_cancelled_edp_incl_cancelled_count_episodes_supplement,S1b,docs/SUPPLEMENT.md,"| pooled | cancelled dispositions included | EDP count, cancelled included | count | {} |",data/reference/confirmatory_results.csv,int(d[(d.stratum=='pooled')&(d.spec=='sens_incl_cancelled')&(d.outcome=='edp_incl_cancelled')&(d.estimator=='PPML_count_offset')]['n_episodes'].iloc[0]),{},"Phase I table cell (conf_sens_pooled_sens_incl_cancelled_edp_incl_cancelled_count, episodes); generated by ops/phase_i_tables.py"
C684_conf_sens_pooled_sens_incl_cancelled_edp_incl_cancelled_count_mean_paper_master,S1b,docs/PAPER_MASTER.md,"| pooled | cancelled dispositions included | EDP count, cancelled included | count | 45 | {} |",data/reference/confirmatory_results.csv,float(d[(d.stratum=='pooled')&(d.spec=='sens_incl_cancelled')&(d.outcome=='edp_incl_cancelled')&(d.estimator=='PPML_count_offset')]['first_week_mean_coef'].iloc[0]),{:.5f},"Phase I table cell (conf_sens_pooled_sens_incl_cancelled_edp_incl_cancelled_count, mean); generated by ops/phase_i_tables.py"
C684_conf_sens_pooled_sens_incl_cancelled_edp_incl_cancelled_count_mean_supplement,S1b,docs/SUPPLEMENT.md,"| pooled | cancelled dispositions included | EDP count, cancelled included | count | 45 | {} |",data/reference/confirmatory_results.csv,float(d[(d.stratum=='pooled')&(d.spec=='sens_incl_cancelled')&(d.outcome=='edp_incl_cancelled')&(d.estimator=='PPML_count_offset')]['first_week_mean_coef'].iloc[0]),{:.5f},"Phase I table cell (conf_sens_pooled_sens_incl_cancelled_edp_incl_cancelled_count, mean); generated by ops/phase_i_tables.py"
C685_conf_sens_pooled_sens_incl_cancelled_edp_incl_cancelled_count_p_ri_paper_master,S1b,docs/PAPER_MASTER.md,"| pooled | cancelled dispositions included | EDP count, cancelled included | count | 45 | 0.00516 | {} |",data/reference/confirmatory_results.csv,float(d[(d.stratum=='pooled')&(d.spec=='sens_incl_cancelled')&(d.outcome=='edp_incl_cancelled')&(d.estimator=='PPML_count_offset')]['p_randomization'].iloc[0]),{:.4f},"Phase I table cell (conf_sens_pooled_sens_incl_cancelled_edp_incl_cancelled_count, p_ri); generated by ops/phase_i_tables.py"
C685_conf_sens_pooled_sens_incl_cancelled_edp_incl_cancelled_count_p_ri_supplement,S1b,docs/SUPPLEMENT.md,"| pooled | cancelled dispositions included | EDP count, cancelled included | count | 45 | 0.00516 | {} |",data/reference/confirmatory_results.csv,float(d[(d.stratum=='pooled')&(d.spec=='sens_incl_cancelled')&(d.outcome=='edp_incl_cancelled')&(d.estimator=='PPML_count_offset')]['p_randomization'].iloc[0]),{:.4f},"Phase I table cell (conf_sens_pooled_sens_incl_cancelled_edp_incl_cancelled_count, p_ri); generated by ops/phase_i_tables.py"
C686_conf_sens_pooled_sens_incl_cancelled_mh_narrow_share_incl_cancelled_share_episodes_paper_master,S1b,docs/PAPER_MASTER.md,"| pooled | cancelled dispositions included | narrow MH share, cancelled included | share | {} |",data/reference/confirmatory_results.csv,int(d[(d.stratum=='pooled')&(d.spec=='sens_incl_cancelled')&(d.outcome=='mh_narrow_share_incl_cancelled')&(d.estimator=='OLS_share')]['n_episodes'].iloc[0]),{},"Phase I table cell (conf_sens_pooled_sens_incl_cancelled_mh_narrow_share_incl_cancelled_share, episodes); generated by ops/phase_i_tables.py"
C686_conf_sens_pooled_sens_incl_cancelled_mh_narrow_share_incl_cancelled_share_episodes_supplement,S1b,docs/SUPPLEMENT.md,"| pooled | cancelled dispositions included | narrow MH share, cancelled included | share | {} |",data/reference/confirmatory_results.csv,int(d[(d.stratum=='pooled')&(d.spec=='sens_incl_cancelled')&(d.outcome=='mh_narrow_share_incl_cancelled')&(d.estimator=='OLS_share')]['n_episodes'].iloc[0]),{},"Phase I table cell (conf_sens_pooled_sens_incl_cancelled_mh_narrow_share_incl_cancelled_share, episodes); generated by ops/phase_i_tables.py"
C687_conf_sens_pooled_sens_incl_cancelled_mh_narrow_share_incl_cancelled_share_mean_paper_master,S1b,docs/PAPER_MASTER.md,"| pooled | cancelled dispositions included | narrow MH share, cancelled included | share | 45 | {} |",data/reference/confirmatory_results.csv,float(d[(d.stratum=='pooled')&(d.spec=='sens_incl_cancelled')&(d.outcome=='mh_narrow_share_incl_cancelled')&(d.estimator=='OLS_share')]['first_week_mean_coef'].iloc[0]),{:.5f},"Phase I table cell (conf_sens_pooled_sens_incl_cancelled_mh_narrow_share_incl_cancelled_share, mean); generated by ops/phase_i_tables.py"
C687_conf_sens_pooled_sens_incl_cancelled_mh_narrow_share_incl_cancelled_share_mean_supplement,S1b,docs/SUPPLEMENT.md,"| pooled | cancelled dispositions included | narrow MH share, cancelled included | share | 45 | {} |",data/reference/confirmatory_results.csv,float(d[(d.stratum=='pooled')&(d.spec=='sens_incl_cancelled')&(d.outcome=='mh_narrow_share_incl_cancelled')&(d.estimator=='OLS_share')]['first_week_mean_coef'].iloc[0]),{:.5f},"Phase I table cell (conf_sens_pooled_sens_incl_cancelled_mh_narrow_share_incl_cancelled_share, mean); generated by ops/phase_i_tables.py"
C688_conf_sens_pooled_sens_incl_cancelled_mh_narrow_share_incl_cancelled_share_p_ri_paper_master,S1b,docs/PAPER_MASTER.md,"| pooled | cancelled dispositions included | narrow MH share, cancelled included | share | 45 | −0.00100 | {} |",data/reference/confirmatory_results.csv,float(d[(d.stratum=='pooled')&(d.spec=='sens_incl_cancelled')&(d.outcome=='mh_narrow_share_incl_cancelled')&(d.estimator=='OLS_share')]['p_randomization'].iloc[0]),{:.4f},"Phase I table cell (conf_sens_pooled_sens_incl_cancelled_mh_narrow_share_incl_cancelled_share, p_ri); generated by ops/phase_i_tables.py"
C688_conf_sens_pooled_sens_incl_cancelled_mh_narrow_share_incl_cancelled_share_p_ri_supplement,S1b,docs/SUPPLEMENT.md,"| pooled | cancelled dispositions included | narrow MH share, cancelled included | share | 45 | −0.00100 | {} |",data/reference/confirmatory_results.csv,float(d[(d.stratum=='pooled')&(d.spec=='sens_incl_cancelled')&(d.outcome=='mh_narrow_share_incl_cancelled')&(d.estimator=='OLS_share')]['p_randomization'].iloc[0]),{:.4f},"Phase I table cell (conf_sens_pooled_sens_incl_cancelled_mh_narrow_share_incl_cancelled_share, p_ri); generated by ops/phase_i_tables.py"
C689_conf_sens_pooled_sens_incl_cancelled_mh_narrow_incl_cancelled_count_episodes_paper_master,S1b,docs/PAPER_MASTER.md,"| pooled | cancelled dispositions included | narrow MH count, cancelled included | count | {} |",data/reference/confirmatory_results.csv,int(d[(d.stratum=='pooled')&(d.spec=='sens_incl_cancelled')&(d.outcome=='mh_narrow_incl_cancelled')&(d.estimator=='PPML_count_offset')]['n_episodes'].iloc[0]),{},"Phase I table cell (conf_sens_pooled_sens_incl_cancelled_mh_narrow_incl_cancelled_count, episodes); generated by ops/phase_i_tables.py"
C689_conf_sens_pooled_sens_incl_cancelled_mh_narrow_incl_cancelled_count_episodes_supplement,S1b,docs/SUPPLEMENT.md,"| pooled | cancelled dispositions included | narrow MH count, cancelled included | count | {} |",data/reference/confirmatory_results.csv,int(d[(d.stratum=='pooled')&(d.spec=='sens_incl_cancelled')&(d.outcome=='mh_narrow_incl_cancelled')&(d.estimator=='PPML_count_offset')]['n_episodes'].iloc[0]),{},"Phase I table cell (conf_sens_pooled_sens_incl_cancelled_mh_narrow_incl_cancelled_count, episodes); generated by ops/phase_i_tables.py"
C690_conf_sens_pooled_sens_incl_cancelled_mh_narrow_incl_cancelled_count_mean_paper_master,S1b,docs/PAPER_MASTER.md,"| pooled | cancelled dispositions included | narrow MH count, cancelled included | count | 45 | {} |",data/reference/confirmatory_results.csv,float(d[(d.stratum=='pooled')&(d.spec=='sens_incl_cancelled')&(d.outcome=='mh_narrow_incl_cancelled')&(d.estimator=='PPML_count_offset')]['first_week_mean_coef'].iloc[0]),{:.5f},"Phase I table cell (conf_sens_pooled_sens_incl_cancelled_mh_narrow_incl_cancelled_count, mean); generated by ops/phase_i_tables.py"
C690_conf_sens_pooled_sens_incl_cancelled_mh_narrow_incl_cancelled_count_mean_supplement,S1b,docs/SUPPLEMENT.md,"| pooled | cancelled dispositions included | narrow MH count, cancelled included | count | 45 | {} |",data/reference/confirmatory_results.csv,float(d[(d.stratum=='pooled')&(d.spec=='sens_incl_cancelled')&(d.outcome=='mh_narrow_incl_cancelled')&(d.estimator=='PPML_count_offset')]['first_week_mean_coef'].iloc[0]),{:.5f},"Phase I table cell (conf_sens_pooled_sens_incl_cancelled_mh_narrow_incl_cancelled_count, mean); generated by ops/phase_i_tables.py"
C691_conf_sens_pooled_sens_incl_cancelled_mh_narrow_incl_cancelled_count_p_ri_paper_master,S1b,docs/PAPER_MASTER.md,"| pooled | cancelled dispositions included | narrow MH count, cancelled included | count | 45 | 0.00036 | {} |",data/reference/confirmatory_results.csv,float(d[(d.stratum=='pooled')&(d.spec=='sens_incl_cancelled')&(d.outcome=='mh_narrow_incl_cancelled')&(d.estimator=='PPML_count_offset')]['p_randomization'].iloc[0]),{:.4f},"Phase I table cell (conf_sens_pooled_sens_incl_cancelled_mh_narrow_incl_cancelled_count, p_ri); generated by ops/phase_i_tables.py"
C691_conf_sens_pooled_sens_incl_cancelled_mh_narrow_incl_cancelled_count_p_ri_supplement,S1b,docs/SUPPLEMENT.md,"| pooled | cancelled dispositions included | narrow MH count, cancelled included | count | 45 | 0.00036 | {} |",data/reference/confirmatory_results.csv,float(d[(d.stratum=='pooled')&(d.spec=='sens_incl_cancelled')&(d.outcome=='mh_narrow_incl_cancelled')&(d.estimator=='PPML_count_offset')]['p_randomization'].iloc[0]),{:.4f},"Phase I table cell (conf_sens_pooled_sens_incl_cancelled_mh_narrow_incl_cancelled_count, p_ri); generated by ops/phase_i_tables.py"
C692_conf_sens_pooled_sens_no_edpm_edp_ex_edpm_share_share_episodes_paper_master,S1b,docs/PAPER_MASTER.md,| pooled | EDP without EDPM | EDP share without EDPM | share | {} |,data/reference/confirmatory_results.csv,int(d[(d.stratum=='pooled')&(d.spec=='sens_no_edpm')&(d.outcome=='edp_ex_edpm_share')&(d.estimator=='OLS_share')]['n_episodes'].iloc[0]),{},"Phase I table cell (conf_sens_pooled_sens_no_edpm_edp_ex_edpm_share_share, episodes); generated by ops/phase_i_tables.py"
C692_conf_sens_pooled_sens_no_edpm_edp_ex_edpm_share_share_episodes_supplement,S1b,docs/SUPPLEMENT.md,| pooled | EDP without EDPM | EDP share without EDPM | share | {} |,data/reference/confirmatory_results.csv,int(d[(d.stratum=='pooled')&(d.spec=='sens_no_edpm')&(d.outcome=='edp_ex_edpm_share')&(d.estimator=='OLS_share')]['n_episodes'].iloc[0]),{},"Phase I table cell (conf_sens_pooled_sens_no_edpm_edp_ex_edpm_share_share, episodes); generated by ops/phase_i_tables.py"
C693_conf_sens_pooled_sens_no_edpm_edp_ex_edpm_share_share_mean_paper_master,S1b,docs/PAPER_MASTER.md,| pooled | EDP without EDPM | EDP share without EDPM | share | 45 | {} |,data/reference/confirmatory_results.csv,float(d[(d.stratum=='pooled')&(d.spec=='sens_no_edpm')&(d.outcome=='edp_ex_edpm_share')&(d.estimator=='OLS_share')]['first_week_mean_coef'].iloc[0]),{:.5f},"Phase I table cell (conf_sens_pooled_sens_no_edpm_edp_ex_edpm_share_share, mean); generated by ops/phase_i_tables.py"
C693_conf_sens_pooled_sens_no_edpm_edp_ex_edpm_share_share_mean_supplement,S1b,docs/SUPPLEMENT.md,| pooled | EDP without EDPM | EDP share without EDPM | share | 45 | {} |,data/reference/confirmatory_results.csv,float(d[(d.stratum=='pooled')&(d.spec=='sens_no_edpm')&(d.outcome=='edp_ex_edpm_share')&(d.estimator=='OLS_share')]['first_week_mean_coef'].iloc[0]),{:.5f},"Phase I table cell (conf_sens_pooled_sens_no_edpm_edp_ex_edpm_share_share, mean); generated by ops/phase_i_tables.py"
C694_conf_sens_pooled_sens_no_edpm_edp_ex_edpm_share_share_p_ri_paper_master,S1b,docs/PAPER_MASTER.md,| pooled | EDP without EDPM | EDP share without EDPM | share | 45 | −0.00063 | {} |,data/reference/confirmatory_results.csv,float(d[(d.stratum=='pooled')&(d.spec=='sens_no_edpm')&(d.outcome=='edp_ex_edpm_share')&(d.estimator=='OLS_share')]['p_randomization'].iloc[0]),{:.4f},"Phase I table cell (conf_sens_pooled_sens_no_edpm_edp_ex_edpm_share_share, p_ri); generated by ops/phase_i_tables.py"
C694_conf_sens_pooled_sens_no_edpm_edp_ex_edpm_share_share_p_ri_supplement,S1b,docs/SUPPLEMENT.md,| pooled | EDP without EDPM | EDP share without EDPM | share | 45 | −0.00063 | {} |,data/reference/confirmatory_results.csv,float(d[(d.stratum=='pooled')&(d.spec=='sens_no_edpm')&(d.outcome=='edp_ex_edpm_share')&(d.estimator=='OLS_share')]['p_randomization'].iloc[0]),{:.4f},"Phase I table cell (conf_sens_pooled_sens_no_edpm_edp_ex_edpm_share_share, p_ri); generated by ops/phase_i_tables.py"
C695_conf_sens_pooled_sens_no_edpm_edp_ex_edpm_count_episodes_paper_master,S1b,docs/PAPER_MASTER.md,| pooled | EDP without EDPM | EDP count without EDPM | count | {} |,data/reference/confirmatory_results.csv,int(d[(d.stratum=='pooled')&(d.spec=='sens_no_edpm')&(d.outcome=='edp_ex_edpm')&(d.estimator=='PPML_count_offset')]['n_episodes'].iloc[0]),{},"Phase I table cell (conf_sens_pooled_sens_no_edpm_edp_ex_edpm_count, episodes); generated by ops/phase_i_tables.py"
C695_conf_sens_pooled_sens_no_edpm_edp_ex_edpm_count_episodes_supplement,S1b,docs/SUPPLEMENT.md,| pooled | EDP without EDPM | EDP count without EDPM | count | {} |,data/reference/confirmatory_results.csv,int(d[(d.stratum=='pooled')&(d.spec=='sens_no_edpm')&(d.outcome=='edp_ex_edpm')&(d.estimator=='PPML_count_offset')]['n_episodes'].iloc[0]),{},"Phase I table cell (conf_sens_pooled_sens_no_edpm_edp_ex_edpm_count, episodes); generated by ops/phase_i_tables.py"
C696_conf_sens_pooled_sens_no_edpm_edp_ex_edpm_count_mean_paper_master,S1b,docs/PAPER_MASTER.md,| pooled | EDP without EDPM | EDP count without EDPM | count | 45 | {} |,data/reference/confirmatory_results.csv,float(d[(d.stratum=='pooled')&(d.spec=='sens_no_edpm')&(d.outcome=='edp_ex_edpm')&(d.estimator=='PPML_count_offset')]['first_week_mean_coef'].iloc[0]),{:.5f},"Phase I table cell (conf_sens_pooled_sens_no_edpm_edp_ex_edpm_count, mean); generated by ops/phase_i_tables.py"
C696_conf_sens_pooled_sens_no_edpm_edp_ex_edpm_count_mean_supplement,S1b,docs/SUPPLEMENT.md,| pooled | EDP without EDPM | EDP count without EDPM | count | 45 | {} |,data/reference/confirmatory_results.csv,float(d[(d.stratum=='pooled')&(d.spec=='sens_no_edpm')&(d.outcome=='edp_ex_edpm')&(d.estimator=='PPML_count_offset')]['first_week_mean_coef'].iloc[0]),{:.5f},"Phase I table cell (conf_sens_pooled_sens_no_edpm_edp_ex_edpm_count, mean); generated by ops/phase_i_tables.py"
C697_conf_sens_pooled_sens_no_edpm_edp_ex_edpm_count_p_ri_paper_master,S1b,docs/PAPER_MASTER.md,| pooled | EDP without EDPM | EDP count without EDPM | count | 45 | 0.00529 | {} |,data/reference/confirmatory_results.csv,float(d[(d.stratum=='pooled')&(d.spec=='sens_no_edpm')&(d.outcome=='edp_ex_edpm')&(d.estimator=='PPML_count_offset')]['p_randomization'].iloc[0]),{:.4f},"Phase I table cell (conf_sens_pooled_sens_no_edpm_edp_ex_edpm_count, p_ri); generated by ops/phase_i_tables.py"
C697_conf_sens_pooled_sens_no_edpm_edp_ex_edpm_count_p_ri_supplement,S1b,docs/SUPPLEMENT.md,| pooled | EDP without EDPM | EDP count without EDPM | count | 45 | 0.00529 | {} |,data/reference/confirmatory_results.csv,float(d[(d.stratum=='pooled')&(d.spec=='sens_no_edpm')&(d.outcome=='edp_ex_edpm')&(d.estimator=='PPML_count_offset')]['p_randomization'].iloc[0]),{:.4f},"Phase I table cell (conf_sens_pooled_sens_no_edpm_edp_ex_edpm_count, p_ri); generated by ops/phase_i_tables.py"
C698_conf_sens_pooled_sens_bheard_late_bound_edp_share_share_episodes_paper_master,S1b,docs/PAPER_MASTER.md,| pooled | late B-HEARD bound | EDP share | share | {} |,data/reference/confirmatory_results.csv,int(d[(d.stratum=='pooled')&(d.spec=='sens_bheard_late_bound')&(d.outcome=='edp_share')&(d.estimator=='OLS_share')]['n_episodes'].iloc[0]),{},"Phase I table cell (conf_sens_pooled_sens_bheard_late_bound_edp_share_share, episodes); generated by ops/phase_i_tables.py"
C698_conf_sens_pooled_sens_bheard_late_bound_edp_share_share_episodes_supplement,S1b,docs/SUPPLEMENT.md,| pooled | late B-HEARD bound | EDP share | share | {} |,data/reference/confirmatory_results.csv,int(d[(d.stratum=='pooled')&(d.spec=='sens_bheard_late_bound')&(d.outcome=='edp_share')&(d.estimator=='OLS_share')]['n_episodes'].iloc[0]),{},"Phase I table cell (conf_sens_pooled_sens_bheard_late_bound_edp_share_share, episodes); generated by ops/phase_i_tables.py"
C699_conf_sens_pooled_sens_bheard_late_bound_edp_share_share_mean_paper_master,S1b,docs/PAPER_MASTER.md,| pooled | late B-HEARD bound | EDP share | share | 45 | {} |,data/reference/confirmatory_results.csv,float(d[(d.stratum=='pooled')&(d.spec=='sens_bheard_late_bound')&(d.outcome=='edp_share')&(d.estimator=='OLS_share')]['first_week_mean_coef'].iloc[0]),{:.5f},"Phase I table cell (conf_sens_pooled_sens_bheard_late_bound_edp_share_share, mean); generated by ops/phase_i_tables.py"
C699_conf_sens_pooled_sens_bheard_late_bound_edp_share_share_mean_supplement,S1b,docs/SUPPLEMENT.md,| pooled | late B-HEARD bound | EDP share | share | 45 | {} |,data/reference/confirmatory_results.csv,float(d[(d.stratum=='pooled')&(d.spec=='sens_bheard_late_bound')&(d.outcome=='edp_share')&(d.estimator=='OLS_share')]['first_week_mean_coef'].iloc[0]),{:.5f},"Phase I table cell (conf_sens_pooled_sens_bheard_late_bound_edp_share_share, mean); generated by ops/phase_i_tables.py"
C700_conf_sens_pooled_sens_bheard_late_bound_edp_share_share_p_ri_paper_master,S1b,docs/PAPER_MASTER.md,| pooled | late B-HEARD bound | EDP share | share | 45 | −0.00036 | {} |,data/reference/confirmatory_results.csv,float(d[(d.stratum=='pooled')&(d.spec=='sens_bheard_late_bound')&(d.outcome=='edp_share')&(d.estimator=='OLS_share')]['p_randomization'].iloc[0]),{:.4f},"Phase I table cell (conf_sens_pooled_sens_bheard_late_bound_edp_share_share, p_ri); generated by ops/phase_i_tables.py"
C700_conf_sens_pooled_sens_bheard_late_bound_edp_share_share_p_ri_supplement,S1b,docs/SUPPLEMENT.md,| pooled | late B-HEARD bound | EDP share | share | 45 | −0.00036 | {} |,data/reference/confirmatory_results.csv,float(d[(d.stratum=='pooled')&(d.spec=='sens_bheard_late_bound')&(d.outcome=='edp_share')&(d.estimator=='OLS_share')]['p_randomization'].iloc[0]),{:.4f},"Phase I table cell (conf_sens_pooled_sens_bheard_late_bound_edp_share_share, p_ri); generated by ops/phase_i_tables.py"
C701_conf_sens_pooled_sens_bheard_late_bound_edp_count_episodes_paper_master,S1b,docs/PAPER_MASTER.md,| pooled | late B-HEARD bound | EDP count | count | {} |,data/reference/confirmatory_results.csv,int(d[(d.stratum=='pooled')&(d.spec=='sens_bheard_late_bound')&(d.outcome=='edp')&(d.estimator=='PPML_count_offset')]['n_episodes'].iloc[0]),{},"Phase I table cell (conf_sens_pooled_sens_bheard_late_bound_edp_count, episodes); generated by ops/phase_i_tables.py"
C701_conf_sens_pooled_sens_bheard_late_bound_edp_count_episodes_supplement,S1b,docs/SUPPLEMENT.md,| pooled | late B-HEARD bound | EDP count | count | {} |,data/reference/confirmatory_results.csv,int(d[(d.stratum=='pooled')&(d.spec=='sens_bheard_late_bound')&(d.outcome=='edp')&(d.estimator=='PPML_count_offset')]['n_episodes'].iloc[0]),{},"Phase I table cell (conf_sens_pooled_sens_bheard_late_bound_edp_count, episodes); generated by ops/phase_i_tables.py"
C702_conf_sens_pooled_sens_bheard_late_bound_edp_count_mean_paper_master,S1b,docs/PAPER_MASTER.md,| pooled | late B-HEARD bound | EDP count | count | 45 | {} |,data/reference/confirmatory_results.csv,float(d[(d.stratum=='pooled')&(d.spec=='sens_bheard_late_bound')&(d.outcome=='edp')&(d.estimator=='PPML_count_offset')]['first_week_mean_coef'].iloc[0]),{:.5f},"Phase I table cell (conf_sens_pooled_sens_bheard_late_bound_edp_count, mean); generated by ops/phase_i_tables.py"
C702_conf_sens_pooled_sens_bheard_late_bound_edp_count_mean_supplement,S1b,docs/SUPPLEMENT.md,| pooled | late B-HEARD bound | EDP count | count | 45 | {} |,data/reference/confirmatory_results.csv,float(d[(d.stratum=='pooled')&(d.spec=='sens_bheard_late_bound')&(d.outcome=='edp')&(d.estimator=='PPML_count_offset')]['first_week_mean_coef'].iloc[0]),{:.5f},"Phase I table cell (conf_sens_pooled_sens_bheard_late_bound_edp_count, mean); generated by ops/phase_i_tables.py"
C703_conf_sens_pooled_sens_bheard_late_bound_edp_count_p_ri_paper_master,S1b,docs/PAPER_MASTER.md,| pooled | late B-HEARD bound | EDP count | count | 45 | 0.00756 | {} |,data/reference/confirmatory_results.csv,float(d[(d.stratum=='pooled')&(d.spec=='sens_bheard_late_bound')&(d.outcome=='edp')&(d.estimator=='PPML_count_offset')]['p_randomization'].iloc[0]),{:.4f},"Phase I table cell (conf_sens_pooled_sens_bheard_late_bound_edp_count, p_ri); generated by ops/phase_i_tables.py"
C703_conf_sens_pooled_sens_bheard_late_bound_edp_count_p_ri_supplement,S1b,docs/SUPPLEMENT.md,| pooled | late B-HEARD bound | EDP count | count | 45 | 0.00756 | {} |,data/reference/confirmatory_results.csv,float(d[(d.stratum=='pooled')&(d.spec=='sens_bheard_late_bound')&(d.outcome=='edp')&(d.estimator=='PPML_count_offset')]['p_randomization'].iloc[0]),{:.4f},"Phase I table cell (conf_sens_pooled_sens_bheard_late_bound_edp_count, p_ri); generated by ops/phase_i_tables.py"
C704_conf_sens_pooled_sens_bheard_late_bound_mh_narrow_share_share_episodes_paper_master,S1b,docs/PAPER_MASTER.md,| pooled | late B-HEARD bound | narrow MH share | share | {} |,data/reference/confirmatory_results.csv,int(d[(d.stratum=='pooled')&(d.spec=='sens_bheard_late_bound')&(d.outcome=='mh_narrow_share')&(d.estimator=='OLS_share')]['n_episodes'].iloc[0]),{},"Phase I table cell (conf_sens_pooled_sens_bheard_late_bound_mh_narrow_share_share, episodes); generated by ops/phase_i_tables.py"
C704_conf_sens_pooled_sens_bheard_late_bound_mh_narrow_share_share_episodes_supplement,S1b,docs/SUPPLEMENT.md,| pooled | late B-HEARD bound | narrow MH share | share | {} |,data/reference/confirmatory_results.csv,int(d[(d.stratum=='pooled')&(d.spec=='sens_bheard_late_bound')&(d.outcome=='mh_narrow_share')&(d.estimator=='OLS_share')]['n_episodes'].iloc[0]),{},"Phase I table cell (conf_sens_pooled_sens_bheard_late_bound_mh_narrow_share_share, episodes); generated by ops/phase_i_tables.py"
C705_conf_sens_pooled_sens_bheard_late_bound_mh_narrow_share_share_mean_paper_master,S1b,docs/PAPER_MASTER.md,| pooled | late B-HEARD bound | narrow MH share | share | 45 | {} |,data/reference/confirmatory_results.csv,float(d[(d.stratum=='pooled')&(d.spec=='sens_bheard_late_bound')&(d.outcome=='mh_narrow_share')&(d.estimator=='OLS_share')]['first_week_mean_coef'].iloc[0]),{:.5f},"Phase I table cell (conf_sens_pooled_sens_bheard_late_bound_mh_narrow_share_share, mean); generated by ops/phase_i_tables.py"
C705_conf_sens_pooled_sens_bheard_late_bound_mh_narrow_share_share_mean_supplement,S1b,docs/SUPPLEMENT.md,| pooled | late B-HEARD bound | narrow MH share | share | 45 | {} |,data/reference/confirmatory_results.csv,float(d[(d.stratum=='pooled')&(d.spec=='sens_bheard_late_bound')&(d.outcome=='mh_narrow_share')&(d.estimator=='OLS_share')]['first_week_mean_coef'].iloc[0]),{:.5f},"Phase I table cell (conf_sens_pooled_sens_bheard_late_bound_mh_narrow_share_share, mean); generated by ops/phase_i_tables.py"
C706_conf_sens_pooled_sens_bheard_late_bound_mh_narrow_share_share_p_ri_paper_master,S1b,docs/PAPER_MASTER.md,| pooled | late B-HEARD bound | narrow MH share | share | 45 | −0.00077 | {} |,data/reference/confirmatory_results.csv,float(d[(d.stratum=='pooled')&(d.spec=='sens_bheard_late_bound')&(d.outcome=='mh_narrow_share')&(d.estimator=='OLS_share')]['p_randomization'].iloc[0]),{:.4f},"Phase I table cell (conf_sens_pooled_sens_bheard_late_bound_mh_narrow_share_share, p_ri); generated by ops/phase_i_tables.py"
C706_conf_sens_pooled_sens_bheard_late_bound_mh_narrow_share_share_p_ri_supplement,S1b,docs/SUPPLEMENT.md,| pooled | late B-HEARD bound | narrow MH share | share | 45 | −0.00077 | {} |,data/reference/confirmatory_results.csv,float(d[(d.stratum=='pooled')&(d.spec=='sens_bheard_late_bound')&(d.outcome=='mh_narrow_share')&(d.estimator=='OLS_share')]['p_randomization'].iloc[0]),{:.4f},"Phase I table cell (conf_sens_pooled_sens_bheard_late_bound_mh_narrow_share_share, p_ri); generated by ops/phase_i_tables.py"
C707_conf_sens_pooled_sens_bheard_late_bound_mh_narrow_count_episodes_paper_master,S1b,docs/PAPER_MASTER.md,| pooled | late B-HEARD bound | narrow MH count | count | {} |,data/reference/confirmatory_results.csv,int(d[(d.stratum=='pooled')&(d.spec=='sens_bheard_late_bound')&(d.outcome=='mh_narrow')&(d.estimator=='PPML_count_offset')]['n_episodes'].iloc[0]),{},"Phase I table cell (conf_sens_pooled_sens_bheard_late_bound_mh_narrow_count, episodes); generated by ops/phase_i_tables.py"
C707_conf_sens_pooled_sens_bheard_late_bound_mh_narrow_count_episodes_supplement,S1b,docs/SUPPLEMENT.md,| pooled | late B-HEARD bound | narrow MH count | count | {} |,data/reference/confirmatory_results.csv,int(d[(d.stratum=='pooled')&(d.spec=='sens_bheard_late_bound')&(d.outcome=='mh_narrow')&(d.estimator=='PPML_count_offset')]['n_episodes'].iloc[0]),{},"Phase I table cell (conf_sens_pooled_sens_bheard_late_bound_mh_narrow_count, episodes); generated by ops/phase_i_tables.py"
C708_conf_sens_pooled_sens_bheard_late_bound_mh_narrow_count_mean_paper_master,S1b,docs/PAPER_MASTER.md,| pooled | late B-HEARD bound | narrow MH count | count | 45 | {} |,data/reference/confirmatory_results.csv,float(d[(d.stratum=='pooled')&(d.spec=='sens_bheard_late_bound')&(d.outcome=='mh_narrow')&(d.estimator=='PPML_count_offset')]['first_week_mean_coef'].iloc[0]),{:.5f},"Phase I table cell (conf_sens_pooled_sens_bheard_late_bound_mh_narrow_count, mean); generated by ops/phase_i_tables.py"
C708_conf_sens_pooled_sens_bheard_late_bound_mh_narrow_count_mean_supplement,S1b,docs/SUPPLEMENT.md,| pooled | late B-HEARD bound | narrow MH count | count | 45 | {} |,data/reference/confirmatory_results.csv,float(d[(d.stratum=='pooled')&(d.spec=='sens_bheard_late_bound')&(d.outcome=='mh_narrow')&(d.estimator=='PPML_count_offset')]['first_week_mean_coef'].iloc[0]),{:.5f},"Phase I table cell (conf_sens_pooled_sens_bheard_late_bound_mh_narrow_count, mean); generated by ops/phase_i_tables.py"
C709_conf_sens_pooled_sens_bheard_late_bound_mh_narrow_count_p_ri_paper_master,S1b,docs/PAPER_MASTER.md,| pooled | late B-HEARD bound | narrow MH count | count | 45 | 0.00157 | {} |,data/reference/confirmatory_results.csv,float(d[(d.stratum=='pooled')&(d.spec=='sens_bheard_late_bound')&(d.outcome=='mh_narrow')&(d.estimator=='PPML_count_offset')]['p_randomization'].iloc[0]),{:.4f},"Phase I table cell (conf_sens_pooled_sens_bheard_late_bound_mh_narrow_count, p_ri); generated by ops/phase_i_tables.py"
C709_conf_sens_pooled_sens_bheard_late_bound_mh_narrow_count_p_ri_supplement,S1b,docs/SUPPLEMENT.md,| pooled | late B-HEARD bound | narrow MH count | count | 45 | 0.00157 | {} |,data/reference/confirmatory_results.csv,float(d[(d.stratum=='pooled')&(d.spec=='sens_bheard_late_bound')&(d.outcome=='mh_narrow')&(d.estimator=='PPML_count_offset')]['p_randomization'].iloc[0]),{:.4f},"Phase I table cell (conf_sens_pooled_sens_bheard_late_bound_mh_narrow_count, p_ri); generated by ops/phase_i_tables.py"
C710_conf_pooled_edp_share_share_episodes_paper_master,S1b,docs/PAPER_MASTER.md,| pooled | primary design | EDP share | share | {} |,data/reference/confirmatory_results.csv,int(d[(d.stratum=='pooled')&(d.spec=='primary')&(d.outcome=='edp_share')&(d.estimator=='OLS_share')]['n_episodes'].iloc[0]),{},"Phase I table cell (conf_pooled_edp_share_share, episodes); generated by ops/phase_i_tables.py"
C710_conf_pooled_edp_share_share_episodes_supplement,S1b,docs/SUPPLEMENT.md,| pooled | primary design | EDP share | share | {} |,data/reference/confirmatory_results.csv,int(d[(d.stratum=='pooled')&(d.spec=='primary')&(d.outcome=='edp_share')&(d.estimator=='OLS_share')]['n_episodes'].iloc[0]),{},"Phase I table cell (conf_pooled_edp_share_share, episodes); generated by ops/phase_i_tables.py"
C711_conf_pooled_edp_share_share_mean_paper_master,S1b,docs/PAPER_MASTER.md,| pooled | primary design | EDP share | share | 45 | {} |,data/reference/confirmatory_results.csv,float(d[(d.stratum=='pooled')&(d.spec=='primary')&(d.outcome=='edp_share')&(d.estimator=='OLS_share')]['first_week_mean_coef'].iloc[0]),{:.5f},"Phase I table cell (conf_pooled_edp_share_share, mean); generated by ops/phase_i_tables.py"
C711_conf_pooled_edp_share_share_mean_supplement,S1b,docs/SUPPLEMENT.md,| pooled | primary design | EDP share | share | 45 | {} |,data/reference/confirmatory_results.csv,float(d[(d.stratum=='pooled')&(d.spec=='primary')&(d.outcome=='edp_share')&(d.estimator=='OLS_share')]['first_week_mean_coef'].iloc[0]),{:.5f},"Phase I table cell (conf_pooled_edp_share_share, mean); generated by ops/phase_i_tables.py"
C712_conf_pooled_edp_share_share_p_ri_paper_master,S1b,docs/PAPER_MASTER.md,| pooled | primary design | EDP share | share | 45 | −0.00036 | {} |,data/reference/confirmatory_results.csv,float(d[(d.stratum=='pooled')&(d.spec=='primary')&(d.outcome=='edp_share')&(d.estimator=='OLS_share')]['p_randomization'].iloc[0]),{:.4f},"Phase I table cell (conf_pooled_edp_share_share, p_ri); generated by ops/phase_i_tables.py"
C712_conf_pooled_edp_share_share_p_ri_supplement,S1b,docs/SUPPLEMENT.md,| pooled | primary design | EDP share | share | 45 | −0.00036 | {} |,data/reference/confirmatory_results.csv,float(d[(d.stratum=='pooled')&(d.spec=='primary')&(d.outcome=='edp_share')&(d.estimator=='OLS_share')]['p_randomization'].iloc[0]),{:.4f},"Phase I table cell (conf_pooled_edp_share_share, p_ri); generated by ops/phase_i_tables.py"
C713_conf_pooled_edp_share_share_p_asym_paper_master,S1b,docs/PAPER_MASTER.md,| pooled | primary design | EDP share | share | 45 | −0.00036 | 0.2329 | {} |,data/reference/confirmatory_results.csv,float(d[(d.stratum=='pooled')&(d.spec=='primary')&(d.outcome=='edp_share')&(d.estimator=='OLS_share')]['p_asymptotic'].iloc[0]),{:.4f},"Phase I table cell (conf_pooled_edp_share_share, p_asym); generated by ops/phase_i_tables.py"
C713_conf_pooled_edp_share_share_p_asym_supplement,S1b,docs/SUPPLEMENT.md,| pooled | primary design | EDP share | share | 45 | −0.00036 | 0.2329 | {} |,data/reference/confirmatory_results.csv,float(d[(d.stratum=='pooled')&(d.spec=='primary')&(d.outcome=='edp_share')&(d.estimator=='OLS_share')]['p_asymptotic'].iloc[0]),{:.4f},"Phase I table cell (conf_pooled_edp_share_share, p_asym); generated by ops/phase_i_tables.py"
C714_conf_pooled_edp_count_episodes_paper_master,S1b,docs/PAPER_MASTER.md,| pooled | primary design | EDP count | count | {} |,data/reference/confirmatory_results.csv,int(d[(d.stratum=='pooled')&(d.spec=='primary')&(d.outcome=='edp')&(d.estimator=='PPML_count_offset')]['n_episodes'].iloc[0]),{},"Phase I table cell (conf_pooled_edp_count, episodes); generated by ops/phase_i_tables.py"
C714_conf_pooled_edp_count_episodes_supplement,S1b,docs/SUPPLEMENT.md,| pooled | primary design | EDP count | count | {} |,data/reference/confirmatory_results.csv,int(d[(d.stratum=='pooled')&(d.spec=='primary')&(d.outcome=='edp')&(d.estimator=='PPML_count_offset')]['n_episodes'].iloc[0]),{},"Phase I table cell (conf_pooled_edp_count, episodes); generated by ops/phase_i_tables.py"
C715_conf_pooled_edp_count_mean_paper_master,S1b,docs/PAPER_MASTER.md,| pooled | primary design | EDP count | count | 45 | {} |,data/reference/confirmatory_results.csv,float(d[(d.stratum=='pooled')&(d.spec=='primary')&(d.outcome=='edp')&(d.estimator=='PPML_count_offset')]['first_week_mean_coef'].iloc[0]),{:.5f},"Phase I table cell (conf_pooled_edp_count, mean); generated by ops/phase_i_tables.py"
C715_conf_pooled_edp_count_mean_supplement,S1b,docs/SUPPLEMENT.md,| pooled | primary design | EDP count | count | 45 | {} |,data/reference/confirmatory_results.csv,float(d[(d.stratum=='pooled')&(d.spec=='primary')&(d.outcome=='edp')&(d.estimator=='PPML_count_offset')]['first_week_mean_coef'].iloc[0]),{:.5f},"Phase I table cell (conf_pooled_edp_count, mean); generated by ops/phase_i_tables.py"
C716_conf_pooled_edp_count_p_ri_paper_master,S1b,docs/PAPER_MASTER.md,| pooled | primary design | EDP count | count | 45 | 0.00762 | {} |,data/reference/confirmatory_results.csv,float(d[(d.stratum=='pooled')&(d.spec=='primary')&(d.outcome=='edp')&(d.estimator=='PPML_count_offset')]['p_randomization'].iloc[0]),{:.4f},"Phase I table cell (conf_pooled_edp_count, p_ri); generated by ops/phase_i_tables.py"
C716_conf_pooled_edp_count_p_ri_supplement,S1b,docs/SUPPLEMENT.md,| pooled | primary design | EDP count | count | 45 | 0.00762 | {} |,data/reference/confirmatory_results.csv,float(d[(d.stratum=='pooled')&(d.spec=='primary')&(d.outcome=='edp')&(d.estimator=='PPML_count_offset')]['p_randomization'].iloc[0]),{:.4f},"Phase I table cell (conf_pooled_edp_count, p_ri); generated by ops/phase_i_tables.py"
C717_conf_pooled_edp_count_p_asym_paper_master,S1b,docs/PAPER_MASTER.md,| pooled | primary design | EDP count | count | 45 | 0.00762 | 0.1824 | {} |,data/reference/confirmatory_results.csv,float(d[(d.stratum=='pooled')&(d.spec=='primary')&(d.outcome=='edp')&(d.estimator=='PPML_count_offset')]['p_asymptotic'].iloc[0]),{:.4f},"Phase I table cell (conf_pooled_edp_count, p_asym); generated by ops/phase_i_tables.py"
C717_conf_pooled_edp_count_p_asym_supplement,S1b,docs/SUPPLEMENT.md,| pooled | primary design | EDP count | count | 45 | 0.00762 | 0.1824 | {} |,data/reference/confirmatory_results.csv,float(d[(d.stratum=='pooled')&(d.spec=='primary')&(d.outcome=='edp')&(d.estimator=='PPML_count_offset')]['p_asymptotic'].iloc[0]),{:.4f},"Phase I table cell (conf_pooled_edp_count, p_asym); generated by ops/phase_i_tables.py"
C718_conf_pooled_mh_narrow_share_share_episodes_paper_master,S1b,docs/PAPER_MASTER.md,| pooled | primary design | narrow MH share | share | {} |,data/reference/confirmatory_results.csv,int(d[(d.stratum=='pooled')&(d.spec=='primary')&(d.outcome=='mh_narrow_share')&(d.estimator=='OLS_share')]['n_episodes'].iloc[0]),{},"Phase I table cell (conf_pooled_mh_narrow_share_share, episodes); generated by ops/phase_i_tables.py"
C718_conf_pooled_mh_narrow_share_share_episodes_supplement,S1b,docs/SUPPLEMENT.md,| pooled | primary design | narrow MH share | share | {} |,data/reference/confirmatory_results.csv,int(d[(d.stratum=='pooled')&(d.spec=='primary')&(d.outcome=='mh_narrow_share')&(d.estimator=='OLS_share')]['n_episodes'].iloc[0]),{},"Phase I table cell (conf_pooled_mh_narrow_share_share, episodes); generated by ops/phase_i_tables.py"
C719_conf_pooled_mh_narrow_share_share_mean_paper_master,S1b,docs/PAPER_MASTER.md,| pooled | primary design | narrow MH share | share | 45 | {} |,data/reference/confirmatory_results.csv,float(d[(d.stratum=='pooled')&(d.spec=='primary')&(d.outcome=='mh_narrow_share')&(d.estimator=='OLS_share')]['first_week_mean_coef'].iloc[0]),{:.5f},"Phase I table cell (conf_pooled_mh_narrow_share_share, mean); generated by ops/phase_i_tables.py"
C719_conf_pooled_mh_narrow_share_share_mean_supplement,S1b,docs/SUPPLEMENT.md,| pooled | primary design | narrow MH share | share | 45 | {} |,data/reference/confirmatory_results.csv,float(d[(d.stratum=='pooled')&(d.spec=='primary')&(d.outcome=='mh_narrow_share')&(d.estimator=='OLS_share')]['first_week_mean_coef'].iloc[0]),{:.5f},"Phase I table cell (conf_pooled_mh_narrow_share_share, mean); generated by ops/phase_i_tables.py"
C720_conf_pooled_mh_narrow_share_share_p_ri_paper_master,S1b,docs/PAPER_MASTER.md,| pooled | primary design | narrow MH share | share | 45 | −0.00077 | {} |,data/reference/confirmatory_results.csv,float(d[(d.stratum=='pooled')&(d.spec=='primary')&(d.outcome=='mh_narrow_share')&(d.estimator=='OLS_share')]['p_randomization'].iloc[0]),{:.4f},"Phase I table cell (conf_pooled_mh_narrow_share_share, p_ri); generated by ops/phase_i_tables.py"
C720_conf_pooled_mh_narrow_share_share_p_ri_supplement,S1b,docs/SUPPLEMENT.md,| pooled | primary design | narrow MH share | share | 45 | −0.00077 | {} |,data/reference/confirmatory_results.csv,float(d[(d.stratum=='pooled')&(d.spec=='primary')&(d.outcome=='mh_narrow_share')&(d.estimator=='OLS_share')]['p_randomization'].iloc[0]),{:.4f},"Phase I table cell (conf_pooled_mh_narrow_share_share, p_ri); generated by ops/phase_i_tables.py"
C721_conf_pooled_mh_narrow_share_share_p_asym_paper_master,S1b,docs/PAPER_MASTER.md,| pooled | primary design | narrow MH share | share | 45 | −0.00077 | 0.2599 | {} |,data/reference/confirmatory_results.csv,float(d[(d.stratum=='pooled')&(d.spec=='primary')&(d.outcome=='mh_narrow_share')&(d.estimator=='OLS_share')]['p_asymptotic'].iloc[0]),{:.4f},"Phase I table cell (conf_pooled_mh_narrow_share_share, p_asym); generated by ops/phase_i_tables.py"
C721_conf_pooled_mh_narrow_share_share_p_asym_supplement,S1b,docs/SUPPLEMENT.md,| pooled | primary design | narrow MH share | share | 45 | −0.00077 | 0.2599 | {} |,data/reference/confirmatory_results.csv,float(d[(d.stratum=='pooled')&(d.spec=='primary')&(d.outcome=='mh_narrow_share')&(d.estimator=='OLS_share')]['p_asymptotic'].iloc[0]),{:.4f},"Phase I table cell (conf_pooled_mh_narrow_share_share, p_asym); generated by ops/phase_i_tables.py"
C722_conf_pooled_mh_narrow_count_episodes_paper_master,S1b,docs/PAPER_MASTER.md,| pooled | primary design | narrow MH count | count | {} |,data/reference/confirmatory_results.csv,int(d[(d.stratum=='pooled')&(d.spec=='primary')&(d.outcome=='mh_narrow')&(d.estimator=='PPML_count_offset')]['n_episodes'].iloc[0]),{},"Phase I table cell (conf_pooled_mh_narrow_count, episodes); generated by ops/phase_i_tables.py"
C722_conf_pooled_mh_narrow_count_episodes_supplement,S1b,docs/SUPPLEMENT.md,| pooled | primary design | narrow MH count | count | {} |,data/reference/confirmatory_results.csv,int(d[(d.stratum=='pooled')&(d.spec=='primary')&(d.outcome=='mh_narrow')&(d.estimator=='PPML_count_offset')]['n_episodes'].iloc[0]),{},"Phase I table cell (conf_pooled_mh_narrow_count, episodes); generated by ops/phase_i_tables.py"
C723_conf_pooled_mh_narrow_count_mean_paper_master,S1b,docs/PAPER_MASTER.md,| pooled | primary design | narrow MH count | count | 45 | {} |,data/reference/confirmatory_results.csv,float(d[(d.stratum=='pooled')&(d.spec=='primary')&(d.outcome=='mh_narrow')&(d.estimator=='PPML_count_offset')]['first_week_mean_coef'].iloc[0]),{:.5f},"Phase I table cell (conf_pooled_mh_narrow_count, mean); generated by ops/phase_i_tables.py"
C723_conf_pooled_mh_narrow_count_mean_supplement,S1b,docs/SUPPLEMENT.md,| pooled | primary design | narrow MH count | count | 45 | {} |,data/reference/confirmatory_results.csv,float(d[(d.stratum=='pooled')&(d.spec=='primary')&(d.outcome=='mh_narrow')&(d.estimator=='PPML_count_offset')]['first_week_mean_coef'].iloc[0]),{:.5f},"Phase I table cell (conf_pooled_mh_narrow_count, mean); generated by ops/phase_i_tables.py"
C724_conf_pooled_mh_narrow_count_p_ri_paper_master,S1b,docs/PAPER_MASTER.md,| pooled | primary design | narrow MH count | count | 45 | 0.00163 | {} |,data/reference/confirmatory_results.csv,float(d[(d.stratum=='pooled')&(d.spec=='primary')&(d.outcome=='mh_narrow')&(d.estimator=='PPML_count_offset')]['p_randomization'].iloc[0]),{:.4f},"Phase I table cell (conf_pooled_mh_narrow_count, p_ri); generated by ops/phase_i_tables.py"
C724_conf_pooled_mh_narrow_count_p_ri_supplement,S1b,docs/SUPPLEMENT.md,| pooled | primary design | narrow MH count | count | 45 | 0.00163 | {} |,data/reference/confirmatory_results.csv,float(d[(d.stratum=='pooled')&(d.spec=='primary')&(d.outcome=='mh_narrow')&(d.estimator=='PPML_count_offset')]['p_randomization'].iloc[0]),{:.4f},"Phase I table cell (conf_pooled_mh_narrow_count, p_ri); generated by ops/phase_i_tables.py"
C725_conf_pooled_mh_narrow_count_p_asym_paper_master,S1b,docs/PAPER_MASTER.md,| pooled | primary design | narrow MH count | count | 45 | 0.00163 | 0.1124 | {} |,data/reference/confirmatory_results.csv,float(d[(d.stratum=='pooled')&(d.spec=='primary')&(d.outcome=='mh_narrow')&(d.estimator=='PPML_count_offset')]['p_asymptotic'].iloc[0]),{:.4f},"Phase I table cell (conf_pooled_mh_narrow_count, p_asym); generated by ops/phase_i_tables.py"
C725_conf_pooled_mh_narrow_count_p_asym_supplement,S1b,docs/SUPPLEMENT.md,| pooled | primary design | narrow MH count | count | 45 | 0.00163 | 0.1124 | {} |,data/reference/confirmatory_results.csv,float(d[(d.stratum=='pooled')&(d.spec=='primary')&(d.outcome=='mh_narrow')&(d.estimator=='PPML_count_offset')]['p_asymptotic'].iloc[0]),{:.4f},"Phase I table cell (conf_pooled_mh_narrow_count, p_asym); generated by ops/phase_i_tables.py"
"C726_conf_dose_response_C1_edp_share_share,_per_SD_intensity_episodes_paper_master",S1b,docs/PAPER_MASTER.md,"| C1 | dose-response (per SD of peak intensity) | EDP share | share, per SD intensity | {} |",data/reference/confirmatory_results.csv,int(d[(d.stratum=='C1_clean')&(d.spec=='dose_response')&(d.outcome=='edp_share')&(d.estimator=='OLS_share_dose_per_sd')]['n_episodes'].iloc[0]),{},"Phase I table cell (conf_dose_response_C1_edp_share_share,_per_SD_intensity, episodes); generated by ops/phase_i_tables.py"
"C726_conf_dose_response_C1_edp_share_share,_per_SD_intensity_episodes_supplement",S1b,docs/SUPPLEMENT.md,"| C1 | dose-response (per SD of peak intensity) | EDP share | share, per SD intensity | {} |",data/reference/confirmatory_results.csv,int(d[(d.stratum=='C1_clean')&(d.spec=='dose_response')&(d.outcome=='edp_share')&(d.estimator=='OLS_share_dose_per_sd')]['n_episodes'].iloc[0]),{},"Phase I table cell (conf_dose_response_C1_edp_share_share,_per_SD_intensity, episodes); generated by ops/phase_i_tables.py"
"C727_conf_dose_response_C1_edp_share_share,_per_SD_intensity_coef_paper_master",S1b,docs/PAPER_MASTER.md,"| C1 | dose-response (per SD of peak intensity) | EDP share | share, per SD intensity | 15 | {} |",data/reference/confirmatory_results.csv,float(d[(d.stratum=='C1_clean')&(d.spec=='dose_response')&(d.outcome=='edp_share')&(d.estimator=='OLS_share_dose_per_sd')]['first_week_mean_coef'].iloc[0]),{:.5f},"Phase I table cell (conf_dose_response_C1_edp_share_share,_per_SD_intensity, coef); generated by ops/phase_i_tables.py"
"C727_conf_dose_response_C1_edp_share_share,_per_SD_intensity_coef_supplement",S1b,docs/SUPPLEMENT.md,"| C1 | dose-response (per SD of peak intensity) | EDP share | share, per SD intensity | 15 | {} |",data/reference/confirmatory_results.csv,float(d[(d.stratum=='C1_clean')&(d.spec=='dose_response')&(d.outcome=='edp_share')&(d.estimator=='OLS_share_dose_per_sd')]['first_week_mean_coef'].iloc[0]),{:.5f},"Phase I table cell (conf_dose_response_C1_edp_share_share,_per_SD_intensity, coef); generated by ops/phase_i_tables.py"
"C728_conf_dose_response_C1_edp_share_share,_per_SD_intensity_p_asym_paper_master",S1b,docs/PAPER_MASTER.md,"| C1 | dose-response (per SD of peak intensity) | EDP share | share, per SD intensity | 15 | 0.00131 | — | {} |",data/reference/confirmatory_results.csv,float(d[(d.stratum=='C1_clean')&(d.spec=='dose_response')&(d.outcome=='edp_share')&(d.estimator=='OLS_share_dose_per_sd')]['p_asymptotic'].iloc[0]),{:.4f},"Phase I table cell (conf_dose_response_C1_edp_share_share,_per_SD_intensity, p_asym); generated by ops/phase_i_tables.py"
"C728_conf_dose_response_C1_edp_share_share,_per_SD_intensity_p_asym_supplement",S1b,docs/SUPPLEMENT.md,"| C1 | dose-response (per SD of peak intensity) | EDP share | share, per SD intensity | 15 | 0.00131 | — | {} |",data/reference/confirmatory_results.csv,float(d[(d.stratum=='C1_clean')&(d.spec=='dose_response')&(d.outcome=='edp_share')&(d.estimator=='OLS_share_dose_per_sd')]['p_asymptotic'].iloc[0]),{:.4f},"Phase I table cell (conf_dose_response_C1_edp_share_share,_per_SD_intensity, p_asym); generated by ops/phase_i_tables.py"
"C729_conf_dose_response_C1_mh_narrow_share_share,_per_SD_intensity_episodes_paper_master",S1b,docs/PAPER_MASTER.md,"| C1 | dose-response (per SD of peak intensity) | narrow MH share | share, per SD intensity | {} |",data/reference/confirmatory_results.csv,int(d[(d.stratum=='C1_clean')&(d.spec=='dose_response')&(d.outcome=='mh_narrow_share')&(d.estimator=='OLS_share_dose_per_sd')]['n_episodes'].iloc[0]),{},"Phase I table cell (conf_dose_response_C1_mh_narrow_share_share,_per_SD_intensity, episodes); generated by ops/phase_i_tables.py"
"C729_conf_dose_response_C1_mh_narrow_share_share,_per_SD_intensity_episodes_supplement",S1b,docs/SUPPLEMENT.md,"| C1 | dose-response (per SD of peak intensity) | narrow MH share | share, per SD intensity | {} |",data/reference/confirmatory_results.csv,int(d[(d.stratum=='C1_clean')&(d.spec=='dose_response')&(d.outcome=='mh_narrow_share')&(d.estimator=='OLS_share_dose_per_sd')]['n_episodes'].iloc[0]),{},"Phase I table cell (conf_dose_response_C1_mh_narrow_share_share,_per_SD_intensity, episodes); generated by ops/phase_i_tables.py"
"C730_conf_dose_response_C1_mh_narrow_share_share,_per_SD_intensity_coef_paper_master",S1b,docs/PAPER_MASTER.md,"| C1 | dose-response (per SD of peak intensity) | narrow MH share | share, per SD intensity | 15 | {} |",data/reference/confirmatory_results.csv,float(d[(d.stratum=='C1_clean')&(d.spec=='dose_response')&(d.outcome=='mh_narrow_share')&(d.estimator=='OLS_share_dose_per_sd')]['first_week_mean_coef'].iloc[0]),{:.5f},"Phase I table cell (conf_dose_response_C1_mh_narrow_share_share,_per_SD_intensity, coef); generated by ops/phase_i_tables.py"
"C730_conf_dose_response_C1_mh_narrow_share_share,_per_SD_intensity_coef_supplement",S1b,docs/SUPPLEMENT.md,"| C1 | dose-response (per SD of peak intensity) | narrow MH share | share, per SD intensity | 15 | {} |",data/reference/confirmatory_results.csv,float(d[(d.stratum=='C1_clean')&(d.spec=='dose_response')&(d.outcome=='mh_narrow_share')&(d.estimator=='OLS_share_dose_per_sd')]['first_week_mean_coef'].iloc[0]),{:.5f},"Phase I table cell (conf_dose_response_C1_mh_narrow_share_share,_per_SD_intensity, coef); generated by ops/phase_i_tables.py"
"C731_conf_dose_response_C1_mh_narrow_share_share,_per_SD_intensity_p_asym_paper_master",S1b,docs/PAPER_MASTER.md,"| C1 | dose-response (per SD of peak intensity) | narrow MH share | share, per SD intensity | 15 | 0.00151 | — | {} |",data/reference/confirmatory_results.csv,float(d[(d.stratum=='C1_clean')&(d.spec=='dose_response')&(d.outcome=='mh_narrow_share')&(d.estimator=='OLS_share_dose_per_sd')]['p_asymptotic'].iloc[0]),{:.4f},"Phase I table cell (conf_dose_response_C1_mh_narrow_share_share,_per_SD_intensity, p_asym); generated by ops/phase_i_tables.py"
"C731_conf_dose_response_C1_mh_narrow_share_share,_per_SD_intensity_p_asym_supplement",S1b,docs/SUPPLEMENT.md,"| C1 | dose-response (per SD of peak intensity) | narrow MH share | share, per SD intensity | 15 | 0.00151 | — | {} |",data/reference/confirmatory_results.csv,float(d[(d.stratum=='C1_clean')&(d.spec=='dose_response')&(d.outcome=='mh_narrow_share')&(d.estimator=='OLS_share_dose_per_sd')]['p_asymptotic'].iloc[0]),{:.4f},"Phase I table cell (conf_dose_response_C1_mh_narrow_share_share,_per_SD_intensity, p_asym); generated by ops/phase_i_tables.py"
"C732_conf_dose_response_C2_edp_share_share,_per_SD_intensity_episodes_paper_master",S1b,docs/PAPER_MASTER.md,"| C2 | dose-response (per SD of peak intensity) | EDP share | share, per SD intensity | {} |",data/reference/confirmatory_results.csv,int(d[(d.stratum=='C2_exposed')&(d.spec=='dose_response')&(d.outcome=='edp_share')&(d.estimator=='OLS_share_dose_per_sd')]['n_episodes'].iloc[0]),{},"Phase I table cell (conf_dose_response_C2_edp_share_share,_per_SD_intensity, episodes); generated by ops/phase_i_tables.py"
"C732_conf_dose_response_C2_edp_share_share,_per_SD_intensity_episodes_supplement",S1b,docs/SUPPLEMENT.md,"| C2 | dose-response (per SD of peak intensity) | EDP share | share, per SD intensity | {} |",data/reference/confirmatory_results.csv,int(d[(d.stratum=='C2_exposed')&(d.spec=='dose_response')&(d.outcome=='edp_share')&(d.estimator=='OLS_share_dose_per_sd')]['n_episodes'].iloc[0]),{},"Phase I table cell (conf_dose_response_C2_edp_share_share,_per_SD_intensity, episodes); generated by ops/phase_i_tables.py"
"C733_conf_dose_response_C2_edp_share_share,_per_SD_intensity_coef_paper_master",S1b,docs/PAPER_MASTER.md,"| C2 | dose-response (per SD of peak intensity) | EDP share | share, per SD intensity | 30 | {} |",data/reference/confirmatory_results.csv,float(d[(d.stratum=='C2_exposed')&(d.spec=='dose_response')&(d.outcome=='edp_share')&(d.estimator=='OLS_share_dose_per_sd')]['first_week_mean_coef'].iloc[0]),{:.5f},"Phase I table cell (conf_dose_response_C2_edp_share_share,_per_SD_intensity, coef); generated by ops/phase_i_tables.py"
"C733_conf_dose_response_C2_edp_share_share,_per_SD_intensity_coef_supplement",S1b,docs/SUPPLEMENT.md,"| C2 | dose-response (per SD of peak intensity) | EDP share | share, per SD intensity | 30 | {} |",data/reference/confirmatory_results.csv,float(d[(d.stratum=='C2_exposed')&(d.spec=='dose_response')&(d.outcome=='edp_share')&(d.estimator=='OLS_share_dose_per_sd')]['first_week_mean_coef'].iloc[0]),{:.5f},"Phase I table cell (conf_dose_response_C2_edp_share_share,_per_SD_intensity, coef); generated by ops/phase_i_tables.py"
"C734_conf_dose_response_C2_edp_share_share,_per_SD_intensity_p_asym_paper_master",S1b,docs/PAPER_MASTER.md,"| C2 | dose-response (per SD of peak intensity) | EDP share | share, per SD intensity | 30 | 0.00065 | — | {} |",data/reference/confirmatory_results.csv,float(d[(d.stratum=='C2_exposed')&(d.spec=='dose_response')&(d.outcome=='edp_share')&(d.estimator=='OLS_share_dose_per_sd')]['p_asymptotic'].iloc[0]),{:.4f},"Phase I table cell (conf_dose_response_C2_edp_share_share,_per_SD_intensity, p_asym); generated by ops/phase_i_tables.py"
"C734_conf_dose_response_C2_edp_share_share,_per_SD_intensity_p_asym_supplement",S1b,docs/SUPPLEMENT.md,"| C2 | dose-response (per SD of peak intensity) | EDP share | share, per SD intensity | 30 | 0.00065 | — | {} |",data/reference/confirmatory_results.csv,float(d[(d.stratum=='C2_exposed')&(d.spec=='dose_response')&(d.outcome=='edp_share')&(d.estimator=='OLS_share_dose_per_sd')]['p_asymptotic'].iloc[0]),{:.4f},"Phase I table cell (conf_dose_response_C2_edp_share_share,_per_SD_intensity, p_asym); generated by ops/phase_i_tables.py"
"C735_conf_dose_response_C2_mh_narrow_share_share,_per_SD_intensity_episodes_paper_master",S1b,docs/PAPER_MASTER.md,"| C2 | dose-response (per SD of peak intensity) | narrow MH share | share, per SD intensity | {} |",data/reference/confirmatory_results.csv,int(d[(d.stratum=='C2_exposed')&(d.spec=='dose_response')&(d.outcome=='mh_narrow_share')&(d.estimator=='OLS_share_dose_per_sd')]['n_episodes'].iloc[0]),{},"Phase I table cell (conf_dose_response_C2_mh_narrow_share_share,_per_SD_intensity, episodes); generated by ops/phase_i_tables.py"
"C735_conf_dose_response_C2_mh_narrow_share_share,_per_SD_intensity_episodes_supplement",S1b,docs/SUPPLEMENT.md,"| C2 | dose-response (per SD of peak intensity) | narrow MH share | share, per SD intensity | {} |",data/reference/confirmatory_results.csv,int(d[(d.stratum=='C2_exposed')&(d.spec=='dose_response')&(d.outcome=='mh_narrow_share')&(d.estimator=='OLS_share_dose_per_sd')]['n_episodes'].iloc[0]),{},"Phase I table cell (conf_dose_response_C2_mh_narrow_share_share,_per_SD_intensity, episodes); generated by ops/phase_i_tables.py"
"C736_conf_dose_response_C2_mh_narrow_share_share,_per_SD_intensity_coef_paper_master",S1b,docs/PAPER_MASTER.md,"| C2 | dose-response (per SD of peak intensity) | narrow MH share | share, per SD intensity | 30 | {} |",data/reference/confirmatory_results.csv,float(d[(d.stratum=='C2_exposed')&(d.spec=='dose_response')&(d.outcome=='mh_narrow_share')&(d.estimator=='OLS_share_dose_per_sd')]['first_week_mean_coef'].iloc[0]),{:.5f},"Phase I table cell (conf_dose_response_C2_mh_narrow_share_share,_per_SD_intensity, coef); generated by ops/phase_i_tables.py"
"C736_conf_dose_response_C2_mh_narrow_share_share,_per_SD_intensity_coef_supplement",S1b,docs/SUPPLEMENT.md,"| C2 | dose-response (per SD of peak intensity) | narrow MH share | share, per SD intensity | 30 | {} |",data/reference/confirmatory_results.csv,float(d[(d.stratum=='C2_exposed')&(d.spec=='dose_response')&(d.outcome=='mh_narrow_share')&(d.estimator=='OLS_share_dose_per_sd')]['first_week_mean_coef'].iloc[0]),{:.5f},"Phase I table cell (conf_dose_response_C2_mh_narrow_share_share,_per_SD_intensity, coef); generated by ops/phase_i_tables.py"
"C737_conf_dose_response_C2_mh_narrow_share_share,_per_SD_intensity_p_asym_paper_master",S1b,docs/PAPER_MASTER.md,"| C2 | dose-response (per SD of peak intensity) | narrow MH share | share, per SD intensity | 30 | 0.00074 | — | {} |",data/reference/confirmatory_results.csv,float(d[(d.stratum=='C2_exposed')&(d.spec=='dose_response')&(d.outcome=='mh_narrow_share')&(d.estimator=='OLS_share_dose_per_sd')]['p_asymptotic'].iloc[0]),{:.4f},"Phase I table cell (conf_dose_response_C2_mh_narrow_share_share,_per_SD_intensity, p_asym); generated by ops/phase_i_tables.py"
"C737_conf_dose_response_C2_mh_narrow_share_share,_per_SD_intensity_p_asym_supplement",S1b,docs/SUPPLEMENT.md,"| C2 | dose-response (per SD of peak intensity) | narrow MH share | share, per SD intensity | 30 | 0.00074 | — | {} |",data/reference/confirmatory_results.csv,float(d[(d.stratum=='C2_exposed')&(d.spec=='dose_response')&(d.outcome=='mh_narrow_share')&(d.estimator=='OLS_share_dose_per_sd')]['p_asymptotic'].iloc[0]),{:.4f},"Phase I table cell (conf_dose_response_C2_mh_narrow_share_share,_per_SD_intensity, p_asym); generated by ops/phase_i_tables.py"
"C738_conf_dose_response_pooled_edp_share_share,_per_SD_intensity_episodes_paper_master",S1b,docs/PAPER_MASTER.md,"| pooled | dose-response (per SD of peak intensity) | EDP share | share, per SD intensity | {} |",data/reference/confirmatory_results.csv,int(d[(d.stratum=='pooled')&(d.spec=='dose_response')&(d.outcome=='edp_share')&(d.estimator=='OLS_share_dose_per_sd')]['n_episodes'].iloc[0]),{},"Phase I table cell (conf_dose_response_pooled_edp_share_share,_per_SD_intensity, episodes); generated by ops/phase_i_tables.py"
"C738_conf_dose_response_pooled_edp_share_share,_per_SD_intensity_episodes_supplement",S1b,docs/SUPPLEMENT.md,"| pooled | dose-response (per SD of peak intensity) | EDP share | share, per SD intensity | {} |",data/reference/confirmatory_results.csv,int(d[(d.stratum=='pooled')&(d.spec=='dose_response')&(d.outcome=='edp_share')&(d.estimator=='OLS_share_dose_per_sd')]['n_episodes'].iloc[0]),{},"Phase I table cell (conf_dose_response_pooled_edp_share_share,_per_SD_intensity, episodes); generated by ops/phase_i_tables.py"
"C739_conf_dose_response_pooled_edp_share_share,_per_SD_intensity_coef_paper_master",S1b,docs/PAPER_MASTER.md,"| pooled | dose-response (per SD of peak intensity) | EDP share | share, per SD intensity | 45 | {} |",data/reference/confirmatory_results.csv,float(d[(d.stratum=='pooled')&(d.spec=='dose_response')&(d.outcome=='edp_share')&(d.estimator=='OLS_share_dose_per_sd')]['first_week_mean_coef'].iloc[0]),{:.5f},"Phase I table cell (conf_dose_response_pooled_edp_share_share,_per_SD_intensity, coef); generated by ops/phase_i_tables.py"
"C739_conf_dose_response_pooled_edp_share_share,_per_SD_intensity_coef_supplement",S1b,docs/SUPPLEMENT.md,"| pooled | dose-response (per SD of peak intensity) | EDP share | share, per SD intensity | 45 | {} |",data/reference/confirmatory_results.csv,float(d[(d.stratum=='pooled')&(d.spec=='dose_response')&(d.outcome=='edp_share')&(d.estimator=='OLS_share_dose_per_sd')]['first_week_mean_coef'].iloc[0]),{:.5f},"Phase I table cell (conf_dose_response_pooled_edp_share_share,_per_SD_intensity, coef); generated by ops/phase_i_tables.py"
"C740_conf_dose_response_pooled_edp_share_share,_per_SD_intensity_p_asym_paper_master",S1b,docs/PAPER_MASTER.md,"| pooled | dose-response (per SD of peak intensity) | EDP share | share, per SD intensity | 45 | 0.00080 | — | {} |",data/reference/confirmatory_results.csv,float(d[(d.stratum=='pooled')&(d.spec=='dose_response')&(d.outcome=='edp_share')&(d.estimator=='OLS_share_dose_per_sd')]['p_asymptotic'].iloc[0]),{:.4f},"Phase I table cell (conf_dose_response_pooled_edp_share_share,_per_SD_intensity, p_asym); generated by ops/phase_i_tables.py"
"C740_conf_dose_response_pooled_edp_share_share,_per_SD_intensity_p_asym_supplement",S1b,docs/SUPPLEMENT.md,"| pooled | dose-response (per SD of peak intensity) | EDP share | share, per SD intensity | 45 | 0.00080 | — | {} |",data/reference/confirmatory_results.csv,float(d[(d.stratum=='pooled')&(d.spec=='dose_response')&(d.outcome=='edp_share')&(d.estimator=='OLS_share_dose_per_sd')]['p_asymptotic'].iloc[0]),{:.4f},"Phase I table cell (conf_dose_response_pooled_edp_share_share,_per_SD_intensity, p_asym); generated by ops/phase_i_tables.py"
"C741_conf_dose_response_pooled_mh_narrow_share_share,_per_SD_intensity_episodes_paper_master",S1b,docs/PAPER_MASTER.md,"| pooled | dose-response (per SD of peak intensity) | narrow MH share | share, per SD intensity | {} |",data/reference/confirmatory_results.csv,int(d[(d.stratum=='pooled')&(d.spec=='dose_response')&(d.outcome=='mh_narrow_share')&(d.estimator=='OLS_share_dose_per_sd')]['n_episodes'].iloc[0]),{},"Phase I table cell (conf_dose_response_pooled_mh_narrow_share_share,_per_SD_intensity, episodes); generated by ops/phase_i_tables.py"
"C741_conf_dose_response_pooled_mh_narrow_share_share,_per_SD_intensity_episodes_supplement",S1b,docs/SUPPLEMENT.md,"| pooled | dose-response (per SD of peak intensity) | narrow MH share | share, per SD intensity | {} |",data/reference/confirmatory_results.csv,int(d[(d.stratum=='pooled')&(d.spec=='dose_response')&(d.outcome=='mh_narrow_share')&(d.estimator=='OLS_share_dose_per_sd')]['n_episodes'].iloc[0]),{},"Phase I table cell (conf_dose_response_pooled_mh_narrow_share_share,_per_SD_intensity, episodes); generated by ops/phase_i_tables.py"
"C742_conf_dose_response_pooled_mh_narrow_share_share,_per_SD_intensity_coef_paper_master",S1b,docs/PAPER_MASTER.md,"| pooled | dose-response (per SD of peak intensity) | narrow MH share | share, per SD intensity | 45 | {} |",data/reference/confirmatory_results.csv,float(d[(d.stratum=='pooled')&(d.spec=='dose_response')&(d.outcome=='mh_narrow_share')&(d.estimator=='OLS_share_dose_per_sd')]['first_week_mean_coef'].iloc[0]),{:.5f},"Phase I table cell (conf_dose_response_pooled_mh_narrow_share_share,_per_SD_intensity, coef); generated by ops/phase_i_tables.py"
"C742_conf_dose_response_pooled_mh_narrow_share_share,_per_SD_intensity_coef_supplement",S1b,docs/SUPPLEMENT.md,"| pooled | dose-response (per SD of peak intensity) | narrow MH share | share, per SD intensity | 45 | {} |",data/reference/confirmatory_results.csv,float(d[(d.stratum=='pooled')&(d.spec=='dose_response')&(d.outcome=='mh_narrow_share')&(d.estimator=='OLS_share_dose_per_sd')]['first_week_mean_coef'].iloc[0]),{:.5f},"Phase I table cell (conf_dose_response_pooled_mh_narrow_share_share,_per_SD_intensity, coef); generated by ops/phase_i_tables.py"
"C743_conf_dose_response_pooled_mh_narrow_share_share,_per_SD_intensity_p_asym_paper_master",S1b,docs/PAPER_MASTER.md,"| pooled | dose-response (per SD of peak intensity) | narrow MH share | share, per SD intensity | 45 | 0.00110 | — | {} |",data/reference/confirmatory_results.csv,float(d[(d.stratum=='pooled')&(d.spec=='dose_response')&(d.outcome=='mh_narrow_share')&(d.estimator=='OLS_share_dose_per_sd')]['p_asymptotic'].iloc[0]),{:.4f},"Phase I table cell (conf_dose_response_pooled_mh_narrow_share_share,_per_SD_intensity, p_asym); generated by ops/phase_i_tables.py"
"C743_conf_dose_response_pooled_mh_narrow_share_share,_per_SD_intensity_p_asym_supplement",S1b,docs/SUPPLEMENT.md,"| pooled | dose-response (per SD of peak intensity) | narrow MH share | share, per SD intensity | 45 | 0.00110 | — | {} |",data/reference/confirmatory_results.csv,float(d[(d.stratum=='pooled')&(d.spec=='dose_response')&(d.outcome=='mh_narrow_share')&(d.estimator=='OLS_share_dose_per_sd')]['p_asymptotic'].iloc[0]),{:.4f},"Phase I table cell (conf_dose_response_pooled_mh_narrow_share_share,_per_SD_intensity, p_asym); generated by ops/phase_i_tables.py"
C744_conf_bheard_interaction_C2_edp_share_share_episodes_paper_master,S1b,docs/PAPER_MASTER.md,| C2 | B-HEARD interaction | EDP share | share | {} |,data/reference/confirmatory_results.csv,int(d[(d.stratum=='C2_exposed')&(d.spec=='bheard_interaction')&(d.outcome=='edp_share')&(d.estimator=='OLS_share')]['n_episodes'].iloc[0]),{},"Phase I table cell (conf_bheard_interaction_C2_edp_share_share, episodes); generated by ops/phase_i_tables.py"
C744_conf_bheard_interaction_C2_edp_share_share_episodes_supplement,S1b,docs/SUPPLEMENT.md,| C2 | B-HEARD interaction | EDP share | share | {} |,data/reference/confirmatory_results.csv,int(d[(d.stratum=='C2_exposed')&(d.spec=='bheard_interaction')&(d.outcome=='edp_share')&(d.estimator=='OLS_share')]['n_episodes'].iloc[0]),{},"Phase I table cell (conf_bheard_interaction_C2_edp_share_share, episodes); generated by ops/phase_i_tables.py"
C745_conf_bheard_interaction_C2_edp_share_share_coef_paper_master,S1b,docs/PAPER_MASTER.md,| C2 | B-HEARD interaction | EDP share | share | 30 | {} |,data/reference/confirmatory_results.csv,float(d[(d.stratum=='C2_exposed')&(d.spec=='bheard_interaction')&(d.outcome=='edp_share')&(d.estimator=='OLS_share')]['first_week_mean_coef'].iloc[0]),{:.5f},"Phase I table cell (conf_bheard_interaction_C2_edp_share_share, coef); generated by ops/phase_i_tables.py"
C745_conf_bheard_interaction_C2_edp_share_share_coef_supplement,S1b,docs/SUPPLEMENT.md,| C2 | B-HEARD interaction | EDP share | share | 30 | {} |,data/reference/confirmatory_results.csv,float(d[(d.stratum=='C2_exposed')&(d.spec=='bheard_interaction')&(d.outcome=='edp_share')&(d.estimator=='OLS_share')]['first_week_mean_coef'].iloc[0]),{:.5f},"Phase I table cell (conf_bheard_interaction_C2_edp_share_share, coef); generated by ops/phase_i_tables.py"
C746_conf_bheard_interaction_C2_edp_share_share_p_asym_paper_master,S1b,docs/PAPER_MASTER.md,| C2 | B-HEARD interaction | EDP share | share | 30 | 0.00026 | — | {} |,data/reference/confirmatory_results.csv,float(d[(d.stratum=='C2_exposed')&(d.spec=='bheard_interaction')&(d.outcome=='edp_share')&(d.estimator=='OLS_share')]['p_asymptotic'].iloc[0]),{:.4f},"Phase I table cell (conf_bheard_interaction_C2_edp_share_share, p_asym); generated by ops/phase_i_tables.py"
C746_conf_bheard_interaction_C2_edp_share_share_p_asym_supplement,S1b,docs/SUPPLEMENT.md,| C2 | B-HEARD interaction | EDP share | share | 30 | 0.00026 | — | {} |,data/reference/confirmatory_results.csv,float(d[(d.stratum=='C2_exposed')&(d.spec=='bheard_interaction')&(d.outcome=='edp_share')&(d.estimator=='OLS_share')]['p_asymptotic'].iloc[0]),{:.4f},"Phase I table cell (conf_bheard_interaction_C2_edp_share_share, p_asym); generated by ops/phase_i_tables.py"
C747_conf_bheard_interaction_C2_edp_count_episodes_paper_master,S1b,docs/PAPER_MASTER.md,| C2 | B-HEARD interaction | EDP count | count | {} |,data/reference/confirmatory_results.csv,int(d[(d.stratum=='C2_exposed')&(d.spec=='bheard_interaction')&(d.outcome=='edp')&(d.estimator=='PPML_count_offset')]['n_episodes'].iloc[0]),{},"Phase I table cell (conf_bheard_interaction_C2_edp_count, episodes); generated by ops/phase_i_tables.py"
C747_conf_bheard_interaction_C2_edp_count_episodes_supplement,S1b,docs/SUPPLEMENT.md,| C2 | B-HEARD interaction | EDP count | count | {} |,data/reference/confirmatory_results.csv,int(d[(d.stratum=='C2_exposed')&(d.spec=='bheard_interaction')&(d.outcome=='edp')&(d.estimator=='PPML_count_offset')]['n_episodes'].iloc[0]),{},"Phase I table cell (conf_bheard_interaction_C2_edp_count, episodes); generated by ops/phase_i_tables.py"
C748_conf_bheard_interaction_C2_edp_count_coef_paper_master,S1b,docs/PAPER_MASTER.md,| C2 | B-HEARD interaction | EDP count | count | 30 | {} |,data/reference/confirmatory_results.csv,float(d[(d.stratum=='C2_exposed')&(d.spec=='bheard_interaction')&(d.outcome=='edp')&(d.estimator=='PPML_count_offset')]['first_week_mean_coef'].iloc[0]),{:.5f},"Phase I table cell (conf_bheard_interaction_C2_edp_count, coef); generated by ops/phase_i_tables.py"
C748_conf_bheard_interaction_C2_edp_count_coef_supplement,S1b,docs/SUPPLEMENT.md,| C2 | B-HEARD interaction | EDP count | count | 30 | {} |,data/reference/confirmatory_results.csv,float(d[(d.stratum=='C2_exposed')&(d.spec=='bheard_interaction')&(d.outcome=='edp')&(d.estimator=='PPML_count_offset')]['first_week_mean_coef'].iloc[0]),{:.5f},"Phase I table cell (conf_bheard_interaction_C2_edp_count, coef); generated by ops/phase_i_tables.py"
C749_conf_bheard_interaction_C2_edp_count_p_asym_paper_master,S1b,docs/PAPER_MASTER.md,| C2 | B-HEARD interaction | EDP count | count | 30 | 0.00200 | — | {} |,data/reference/confirmatory_results.csv,float(d[(d.stratum=='C2_exposed')&(d.spec=='bheard_interaction')&(d.outcome=='edp')&(d.estimator=='PPML_count_offset')]['p_asymptotic'].iloc[0]),{:.4f},"Phase I table cell (conf_bheard_interaction_C2_edp_count, p_asym); generated by ops/phase_i_tables.py"
C749_conf_bheard_interaction_C2_edp_count_p_asym_supplement,S1b,docs/SUPPLEMENT.md,| C2 | B-HEARD interaction | EDP count | count | 30 | 0.00200 | — | {} |,data/reference/confirmatory_results.csv,float(d[(d.stratum=='C2_exposed')&(d.spec=='bheard_interaction')&(d.outcome=='edp')&(d.estimator=='PPML_count_offset')]['p_asymptotic'].iloc[0]),{:.4f},"Phase I table cell (conf_bheard_interaction_C2_edp_count, p_asym); generated by ops/phase_i_tables.py"
C750_conf_bheard_interaction_C2_mh_narrow_share_share_episodes_paper_master,S1b,docs/PAPER_MASTER.md,| C2 | B-HEARD interaction | narrow MH share | share | {} |,data/reference/confirmatory_results.csv,int(d[(d.stratum=='C2_exposed')&(d.spec=='bheard_interaction')&(d.outcome=='mh_narrow_share')&(d.estimator=='OLS_share')]['n_episodes'].iloc[0]),{},"Phase I table cell (conf_bheard_interaction_C2_mh_narrow_share_share, episodes); generated by ops/phase_i_tables.py"
C750_conf_bheard_interaction_C2_mh_narrow_share_share_episodes_supplement,S1b,docs/SUPPLEMENT.md,| C2 | B-HEARD interaction | narrow MH share | share | {} |,data/reference/confirmatory_results.csv,int(d[(d.stratum=='C2_exposed')&(d.spec=='bheard_interaction')&(d.outcome=='mh_narrow_share')&(d.estimator=='OLS_share')]['n_episodes'].iloc[0]),{},"Phase I table cell (conf_bheard_interaction_C2_mh_narrow_share_share, episodes); generated by ops/phase_i_tables.py"
C751_conf_bheard_interaction_C2_mh_narrow_share_share_coef_paper_master,S1b,docs/PAPER_MASTER.md,| C2 | B-HEARD interaction | narrow MH share | share | 30 | {} |,data/reference/confirmatory_results.csv,float(d[(d.stratum=='C2_exposed')&(d.spec=='bheard_interaction')&(d.outcome=='mh_narrow_share')&(d.estimator=='OLS_share')]['first_week_mean_coef'].iloc[0]),{:.5f},"Phase I table cell (conf_bheard_interaction_C2_mh_narrow_share_share, coef); generated by ops/phase_i_tables.py"
C751_conf_bheard_interaction_C2_mh_narrow_share_share_coef_supplement,S1b,docs/SUPPLEMENT.md,| C2 | B-HEARD interaction | narrow MH share | share | 30 | {} |,data/reference/confirmatory_results.csv,float(d[(d.stratum=='C2_exposed')&(d.spec=='bheard_interaction')&(d.outcome=='mh_narrow_share')&(d.estimator=='OLS_share')]['first_week_mean_coef'].iloc[0]),{:.5f},"Phase I table cell (conf_bheard_interaction_C2_mh_narrow_share_share, coef); generated by ops/phase_i_tables.py"
C752_conf_bheard_interaction_C2_mh_narrow_share_share_p_asym_paper_master,S1b,docs/PAPER_MASTER.md,| C2 | B-HEARD interaction | narrow MH share | share | 30 | 0.00003 | — | {} |,data/reference/confirmatory_results.csv,float(d[(d.stratum=='C2_exposed')&(d.spec=='bheard_interaction')&(d.outcome=='mh_narrow_share')&(d.estimator=='OLS_share')]['p_asymptotic'].iloc[0]),{:.4f},"Phase I table cell (conf_bheard_interaction_C2_mh_narrow_share_share, p_asym); generated by ops/phase_i_tables.py"
C752_conf_bheard_interaction_C2_mh_narrow_share_share_p_asym_supplement,S1b,docs/SUPPLEMENT.md,| C2 | B-HEARD interaction | narrow MH share | share | 30 | 0.00003 | — | {} |,data/reference/confirmatory_results.csv,float(d[(d.stratum=='C2_exposed')&(d.spec=='bheard_interaction')&(d.outcome=='mh_narrow_share')&(d.estimator=='OLS_share')]['p_asymptotic'].iloc[0]),{:.4f},"Phase I table cell (conf_bheard_interaction_C2_mh_narrow_share_share, p_asym); generated by ops/phase_i_tables.py"
C753_conf_bheard_interaction_C2_mh_narrow_count_episodes_paper_master,S1b,docs/PAPER_MASTER.md,| C2 | B-HEARD interaction | narrow MH count | count | {} |,data/reference/confirmatory_results.csv,int(d[(d.stratum=='C2_exposed')&(d.spec=='bheard_interaction')&(d.outcome=='mh_narrow')&(d.estimator=='PPML_count_offset')]['n_episodes'].iloc[0]),{},"Phase I table cell (conf_bheard_interaction_C2_mh_narrow_count, episodes); generated by ops/phase_i_tables.py"
C753_conf_bheard_interaction_C2_mh_narrow_count_episodes_supplement,S1b,docs/SUPPLEMENT.md,| C2 | B-HEARD interaction | narrow MH count | count | {} |,data/reference/confirmatory_results.csv,int(d[(d.stratum=='C2_exposed')&(d.spec=='bheard_interaction')&(d.outcome=='mh_narrow')&(d.estimator=='PPML_count_offset')]['n_episodes'].iloc[0]),{},"Phase I table cell (conf_bheard_interaction_C2_mh_narrow_count, episodes); generated by ops/phase_i_tables.py"
C754_conf_bheard_interaction_C2_mh_narrow_count_coef_paper_master,S1b,docs/PAPER_MASTER.md,| C2 | B-HEARD interaction | narrow MH count | count | 30 | {} |,data/reference/confirmatory_results.csv,float(d[(d.stratum=='C2_exposed')&(d.spec=='bheard_interaction')&(d.outcome=='mh_narrow')&(d.estimator=='PPML_count_offset')]['first_week_mean_coef'].iloc[0]),{:.5f},"Phase I table cell (conf_bheard_interaction_C2_mh_narrow_count, coef); generated by ops/phase_i_tables.py"
C754_conf_bheard_interaction_C2_mh_narrow_count_coef_supplement,S1b,docs/SUPPLEMENT.md,| C2 | B-HEARD interaction | narrow MH count | count | 30 | {} |,data/reference/confirmatory_results.csv,float(d[(d.stratum=='C2_exposed')&(d.spec=='bheard_interaction')&(d.outcome=='mh_narrow')&(d.estimator=='PPML_count_offset')]['first_week_mean_coef'].iloc[0]),{:.5f},"Phase I table cell (conf_bheard_interaction_C2_mh_narrow_count, coef); generated by ops/phase_i_tables.py"
C755_conf_bheard_interaction_C2_mh_narrow_count_p_asym_paper_master,S1b,docs/PAPER_MASTER.md,| C2 | B-HEARD interaction | narrow MH count | count | 30 | −0.00120 | — | {} |,data/reference/confirmatory_results.csv,float(d[(d.stratum=='C2_exposed')&(d.spec=='bheard_interaction')&(d.outcome=='mh_narrow')&(d.estimator=='PPML_count_offset')]['p_asymptotic'].iloc[0]),{:.4f},"Phase I table cell (conf_bheard_interaction_C2_mh_narrow_count, p_asym); generated by ops/phase_i_tables.py"
C755_conf_bheard_interaction_C2_mh_narrow_count_p_asym_supplement,S1b,docs/SUPPLEMENT.md,| C2 | B-HEARD interaction | narrow MH count | count | 30 | −0.00120 | — | {} |,data/reference/confirmatory_results.csv,float(d[(d.stratum=='C2_exposed')&(d.spec=='bheard_interaction')&(d.outcome=='mh_narrow')&(d.estimator=='PPML_count_offset')]['p_asymptotic'].iloc[0]),{:.4f},"Phase I table cell (conf_bheard_interaction_C2_mh_narrow_count, p_asym); generated by ops/phase_i_tables.py"
C756_conf_reading_text_C1_reading_paper_master,S1b,docs/PAPER_MASTER.md,"Primary family (23.1–23.4), C1: “{}”",data/reference/confirmatory_reading.csv,str(d[(d.stratum=='C1_clean')&(d['item']=='reading_9_4_input')]['value'].iloc[0]),{},"the reader's sentence (C1_reading), quoted verbatim; generated by ops/phase_i_tables.py"
C756_conf_reading_text_C1_reading_supplement,S1b,docs/SUPPLEMENT.md,"Primary family (23.1–23.4), C1: “{}”",data/reference/confirmatory_reading.csv,str(d[(d.stratum=='C1_clean')&(d['item']=='reading_9_4_input')]['value'].iloc[0]),{},"the reader's sentence (C1_reading), quoted verbatim; generated by ops/phase_i_tables.py"
C757_conf_reading_text_C1_bound_paper_master,S1b,docs/PAPER_MASTER.md,"Against the pre-freeze power (§19 rule 2), C1: “{}”",data/reference/confirmatory_reading.csv,str(d[(d.stratum=='C1_clean')&(d['item']=='bounded_null')]['detail'].iloc[0]),{},"the reader's sentence (C1_bound), quoted verbatim; generated by ops/phase_i_tables.py"
C757_conf_reading_text_C1_bound_supplement,S1b,docs/SUPPLEMENT.md,"Against the pre-freeze power (§19 rule 2), C1: “{}”",data/reference/confirmatory_reading.csv,str(d[(d.stratum=='C1_clean')&(d['item']=='bounded_null')]['detail'].iloc[0]),{},"the reader's sentence (C1_bound), quoted verbatim; generated by ops/phase_i_tables.py"
C758_conf_reading_text_C1_sens_paper_master,S1b,docs/PAPER_MASTER.md,"Sensitivities (§9.5, 23.1c), C1: “{}”",data/reference/confirmatory_reading.csv,str(d[(d.stratum=='C1_clean')&(d['item']=='sensitivity_summary')]['value'].iloc[0]),{},"the reader's sentence (C1_sens), quoted verbatim; generated by ops/phase_i_tables.py"
C758_conf_reading_text_C1_sens_supplement,S1b,docs/SUPPLEMENT.md,"Sensitivities (§9.5, 23.1c), C1: “{}”",data/reference/confirmatory_reading.csv,str(d[(d.stratum=='C1_clean')&(d['item']=='sensitivity_summary')]['value'].iloc[0]),{},"the reader's sentence (C1_sens), quoted verbatim; generated by ops/phase_i_tables.py"
C759_conf_reading_text_C1_placebo_paper_master,S1b,docs/PAPER_MASTER.md,"Falsification outcomes (23.4), C1: “{}”",data/reference/confirmatory_reading.csv,str(d[(d.stratum=='C1_clean')&(d['item']=='placebo_rejects_any')]['detail'].iloc[0]),{},"the reader's sentence (C1_placebo), quoted verbatim; generated by ops/phase_i_tables.py"
C759_conf_reading_text_C1_placebo_supplement,S1b,docs/SUPPLEMENT.md,"Falsification outcomes (23.4), C1: “{}”",data/reference/confirmatory_reading.csv,str(d[(d.stratum=='C1_clean')&(d['item']=='placebo_rejects_any')]['detail'].iloc[0]),{},"the reader's sentence (C1_placebo), quoted verbatim; generated by ops/phase_i_tables.py"
C760_conf_reading_text_C2_reading_paper_master,S1b,docs/PAPER_MASTER.md,"Primary family (23.1–23.4), C2: “{}”",data/reference/confirmatory_reading.csv,str(d[(d.stratum=='C2_exposed')&(d['item']=='reading_9_4_input')]['value'].iloc[0]),{},"the reader's sentence (C2_reading), quoted verbatim; generated by ops/phase_i_tables.py"
C760_conf_reading_text_C2_reading_supplement,S1b,docs/SUPPLEMENT.md,"Primary family (23.1–23.4), C2: “{}”",data/reference/confirmatory_reading.csv,str(d[(d.stratum=='C2_exposed')&(d['item']=='reading_9_4_input')]['value'].iloc[0]),{},"the reader's sentence (C2_reading), quoted verbatim; generated by ops/phase_i_tables.py"
C761_conf_reading_text_C2_bound_paper_master,S1b,docs/PAPER_MASTER.md,"Against the pre-freeze power (§19 rule 2), C2: “{}”",data/reference/confirmatory_reading.csv,str(d[(d.stratum=='C2_exposed')&(d['item']=='bounded_null')]['detail'].iloc[0]),{},"the reader's sentence (C2_bound), quoted verbatim; generated by ops/phase_i_tables.py"
C761_conf_reading_text_C2_bound_supplement,S1b,docs/SUPPLEMENT.md,"Against the pre-freeze power (§19 rule 2), C2: “{}”",data/reference/confirmatory_reading.csv,str(d[(d.stratum=='C2_exposed')&(d['item']=='bounded_null')]['detail'].iloc[0]),{},"the reader's sentence (C2_bound), quoted verbatim; generated by ops/phase_i_tables.py"
C762_conf_reading_text_C2_sens_paper_master,S1b,docs/PAPER_MASTER.md,"Sensitivities (§9.5, 23.1c), C2: “{}”",data/reference/confirmatory_reading.csv,str(d[(d.stratum=='C2_exposed')&(d['item']=='sensitivity_summary')]['value'].iloc[0]),{},"the reader's sentence (C2_sens), quoted verbatim; generated by ops/phase_i_tables.py"
C762_conf_reading_text_C2_sens_supplement,S1b,docs/SUPPLEMENT.md,"Sensitivities (§9.5, 23.1c), C2: “{}”",data/reference/confirmatory_reading.csv,str(d[(d.stratum=='C2_exposed')&(d['item']=='sensitivity_summary')]['value'].iloc[0]),{},"the reader's sentence (C2_sens), quoted verbatim; generated by ops/phase_i_tables.py"
C763_conf_reading_text_C2_placebo_paper_master,S1b,docs/PAPER_MASTER.md,"Falsification outcomes (23.4), C2: “{}”",data/reference/confirmatory_reading.csv,str(d[(d.stratum=='C2_exposed')&(d['item']=='placebo_rejects_any')]['detail'].iloc[0]),{},"the reader's sentence (C2_placebo), quoted verbatim; generated by ops/phase_i_tables.py"
C763_conf_reading_text_C2_placebo_supplement,S1b,docs/SUPPLEMENT.md,"Falsification outcomes (23.4), C2: “{}”",data/reference/confirmatory_reading.csv,str(d[(d.stratum=='C2_exposed')&(d['item']=='placebo_rejects_any')]['detail'].iloc[0]),{},"the reader's sentence (C2_placebo), quoted verbatim; generated by ops/phase_i_tables.py"
C764_conf_reading_text_pooled_paper_master,S1b,docs/PAPER_MASTER.md,"*Pooled (descriptive, 23.1d).* “{}”",data/reference/confirmatory_reading.csv,str(d[(d.stratum=='pooled')&(d['item']=='pooled_reading')]['value'].iloc[0]),{},"the reader's sentence (pooled), quoted verbatim; generated by ops/phase_i_tables.py"
C764_conf_reading_text_pooled_supplement,S1b,docs/SUPPLEMENT.md,"*Pooled (descriptive, 23.1d).* “{}”",data/reference/confirmatory_reading.csv,str(d[(d.stratum=='pooled')&(d['item']=='pooled_reading')]['value'].iloc[0]),{},"the reader's sentence (pooled), quoted verbatim; generated by ops/phase_i_tables.py"
C765_conf_reading_text_sec_C1_dose_response_edp_share_OLS_share_dose_per_sd_paper_master,S1b,docs/PAPER_MASTER.md,"C1 dose-response (per SD of peak intensity), EDP share (share, per SD intensity): “{}”",data/reference/confirmatory_reading.csv,str(d[(d.stratum=='C1_clean')&(d['item']=='secondary_reading:dose_response:edp_share:OLS_share_dose_per_sd')]['value'].iloc[0]),{},"the reader's sentence (sec_C1_dose_response_edp_share_OLS_share_dose_per_sd), quoted verbatim; generated by ops/phase_i_tables.py"
C765_conf_reading_text_sec_C1_dose_response_edp_share_OLS_share_dose_per_sd_supplement,S1b,docs/SUPPLEMENT.md,"C1 dose-response (per SD of peak intensity), EDP share (share, per SD intensity): “{}”",data/reference/confirmatory_reading.csv,str(d[(d.stratum=='C1_clean')&(d['item']=='secondary_reading:dose_response:edp_share:OLS_share_dose_per_sd')]['value'].iloc[0]),{},"the reader's sentence (sec_C1_dose_response_edp_share_OLS_share_dose_per_sd), quoted verbatim; generated by ops/phase_i_tables.py"
C766_conf_reading_text_sec_C1_dose_response_mh_narrow_share_OLS_share_dose_per_sd_paper_master,S1b,docs/PAPER_MASTER.md,"C1 dose-response (per SD of peak intensity), narrow MH share (share, per SD intensity): “{}”",data/reference/confirmatory_reading.csv,str(d[(d.stratum=='C1_clean')&(d['item']=='secondary_reading:dose_response:mh_narrow_share:OLS_share_dose_per_sd')]['value'].iloc[0]),{},"the reader's sentence (sec_C1_dose_response_mh_narrow_share_OLS_share_dose_per_sd), quoted verbatim; generated by ops/phase_i_tables.py"
C766_conf_reading_text_sec_C1_dose_response_mh_narrow_share_OLS_share_dose_per_sd_supplement,S1b,docs/SUPPLEMENT.md,"C1 dose-response (per SD of peak intensity), narrow MH share (share, per SD intensity): “{}”",data/reference/confirmatory_reading.csv,str(d[(d.stratum=='C1_clean')&(d['item']=='secondary_reading:dose_response:mh_narrow_share:OLS_share_dose_per_sd')]['value'].iloc[0]),{},"the reader's sentence (sec_C1_dose_response_mh_narrow_share_OLS_share_dose_per_sd), quoted verbatim; generated by ops/phase_i_tables.py"
C767_conf_reading_text_sec_C2_dose_response_edp_share_OLS_share_dose_per_sd_paper_master,S1b,docs/PAPER_MASTER.md,"C2 dose-response (per SD of peak intensity), EDP share (share, per SD intensity): “{}”",data/reference/confirmatory_reading.csv,str(d[(d.stratum=='C2_exposed')&(d['item']=='secondary_reading:dose_response:edp_share:OLS_share_dose_per_sd')]['value'].iloc[0]),{},"the reader's sentence (sec_C2_dose_response_edp_share_OLS_share_dose_per_sd), quoted verbatim; generated by ops/phase_i_tables.py"
C767_conf_reading_text_sec_C2_dose_response_edp_share_OLS_share_dose_per_sd_supplement,S1b,docs/SUPPLEMENT.md,"C2 dose-response (per SD of peak intensity), EDP share (share, per SD intensity): “{}”",data/reference/confirmatory_reading.csv,str(d[(d.stratum=='C2_exposed')&(d['item']=='secondary_reading:dose_response:edp_share:OLS_share_dose_per_sd')]['value'].iloc[0]),{},"the reader's sentence (sec_C2_dose_response_edp_share_OLS_share_dose_per_sd), quoted verbatim; generated by ops/phase_i_tables.py"
C768_conf_reading_text_sec_C2_dose_response_mh_narrow_share_OLS_share_dose_per_sd_paper_master,S1b,docs/PAPER_MASTER.md,"C2 dose-response (per SD of peak intensity), narrow MH share (share, per SD intensity): “{}”",data/reference/confirmatory_reading.csv,str(d[(d.stratum=='C2_exposed')&(d['item']=='secondary_reading:dose_response:mh_narrow_share:OLS_share_dose_per_sd')]['value'].iloc[0]),{},"the reader's sentence (sec_C2_dose_response_mh_narrow_share_OLS_share_dose_per_sd), quoted verbatim; generated by ops/phase_i_tables.py"
C768_conf_reading_text_sec_C2_dose_response_mh_narrow_share_OLS_share_dose_per_sd_supplement,S1b,docs/SUPPLEMENT.md,"C2 dose-response (per SD of peak intensity), narrow MH share (share, per SD intensity): “{}”",data/reference/confirmatory_reading.csv,str(d[(d.stratum=='C2_exposed')&(d['item']=='secondary_reading:dose_response:mh_narrow_share:OLS_share_dose_per_sd')]['value'].iloc[0]),{},"the reader's sentence (sec_C2_dose_response_mh_narrow_share_OLS_share_dose_per_sd), quoted verbatim; generated by ops/phase_i_tables.py"
C769_conf_reading_text_sec_C2_bheard_interaction_edp_share_OLS_share_paper_master,S1b,docs/PAPER_MASTER.md,"C2 B-HEARD interaction, EDP share (share): “{}”",data/reference/confirmatory_reading.csv,str(d[(d.stratum=='C2_exposed')&(d['item']=='secondary_reading:bheard_interaction:edp_share:OLS_share')]['value'].iloc[0]),{},"the reader's sentence (sec_C2_bheard_interaction_edp_share_OLS_share), quoted verbatim; generated by ops/phase_i_tables.py"
C769_conf_reading_text_sec_C2_bheard_interaction_edp_share_OLS_share_supplement,S1b,docs/SUPPLEMENT.md,"C2 B-HEARD interaction, EDP share (share): “{}”",data/reference/confirmatory_reading.csv,str(d[(d.stratum=='C2_exposed')&(d['item']=='secondary_reading:bheard_interaction:edp_share:OLS_share')]['value'].iloc[0]),{},"the reader's sentence (sec_C2_bheard_interaction_edp_share_OLS_share), quoted verbatim; generated by ops/phase_i_tables.py"
C770_conf_reading_text_sec_C2_bheard_interaction_edp_PPML_count_offset_paper_master,S1b,docs/PAPER_MASTER.md,"C2 B-HEARD interaction, EDP count (count): “{}”",data/reference/confirmatory_reading.csv,str(d[(d.stratum=='C2_exposed')&(d['item']=='secondary_reading:bheard_interaction:edp:PPML_count_offset')]['value'].iloc[0]),{},"the reader's sentence (sec_C2_bheard_interaction_edp_PPML_count_offset), quoted verbatim; generated by ops/phase_i_tables.py"
C770_conf_reading_text_sec_C2_bheard_interaction_edp_PPML_count_offset_supplement,S1b,docs/SUPPLEMENT.md,"C2 B-HEARD interaction, EDP count (count): “{}”",data/reference/confirmatory_reading.csv,str(d[(d.stratum=='C2_exposed')&(d['item']=='secondary_reading:bheard_interaction:edp:PPML_count_offset')]['value'].iloc[0]),{},"the reader's sentence (sec_C2_bheard_interaction_edp_PPML_count_offset), quoted verbatim; generated by ops/phase_i_tables.py"
C771_conf_reading_text_sec_C2_bheard_interaction_mh_narrow_share_OLS_share_paper_master,S1b,docs/PAPER_MASTER.md,"C2 B-HEARD interaction, narrow MH share (share): “{}”",data/reference/confirmatory_reading.csv,str(d[(d.stratum=='C2_exposed')&(d['item']=='secondary_reading:bheard_interaction:mh_narrow_share:OLS_share')]['value'].iloc[0]),{},"the reader's sentence (sec_C2_bheard_interaction_mh_narrow_share_OLS_share), quoted verbatim; generated by ops/phase_i_tables.py"
C771_conf_reading_text_sec_C2_bheard_interaction_mh_narrow_share_OLS_share_supplement,S1b,docs/SUPPLEMENT.md,"C2 B-HEARD interaction, narrow MH share (share): “{}”",data/reference/confirmatory_reading.csv,str(d[(d.stratum=='C2_exposed')&(d['item']=='secondary_reading:bheard_interaction:mh_narrow_share:OLS_share')]['value'].iloc[0]),{},"the reader's sentence (sec_C2_bheard_interaction_mh_narrow_share_OLS_share), quoted verbatim; generated by ops/phase_i_tables.py"
C772_conf_reading_text_sec_C2_bheard_interaction_mh_narrow_PPML_count_offset_paper_master,S1b,docs/PAPER_MASTER.md,"C2 B-HEARD interaction, narrow MH count (count): “{}”",data/reference/confirmatory_reading.csv,str(d[(d.stratum=='C2_exposed')&(d['item']=='secondary_reading:bheard_interaction:mh_narrow:PPML_count_offset')]['value'].iloc[0]),{},"the reader's sentence (sec_C2_bheard_interaction_mh_narrow_PPML_count_offset), quoted verbatim; generated by ops/phase_i_tables.py"
C772_conf_reading_text_sec_C2_bheard_interaction_mh_narrow_PPML_count_offset_supplement,S1b,docs/SUPPLEMENT.md,"C2 B-HEARD interaction, narrow MH count (count): “{}”",data/reference/confirmatory_reading.csv,str(d[(d.stratum=='C2_exposed')&(d['item']=='secondary_reading:bheard_interaction:mh_narrow:PPML_count_offset')]['value'].iloc[0]),{},"the reader's sentence (sec_C2_bheard_interaction_mh_narrow_PPML_count_offset), quoted verbatim; generated by ops/phase_i_tables.py"
C773_conf_reading_text_conclusion_paper_master,S1b,docs/PAPER_MASTER.md,**Conclusion under note §9.4 as amended by addendum 23:** “{}”,data/reference/confirmatory_reading.csv,str(d[(d.stratum=='family')&(d['item']=='conclusion_9_4')]['value'].iloc[0]),{},"the reader's sentence (conclusion), quoted verbatim; generated by ops/phase_i_tables.py"
C773_conf_reading_text_conclusion_supplement,S1b,docs/SUPPLEMENT.md,**Conclusion under note §9.4 as amended by addendum 23:** “{}”,data/reference/confirmatory_reading.csv,str(d[(d.stratum=='family')&(d['item']=='conclusion_9_4')]['value'].iloc[0]),{},"the reader's sentence (conclusion), quoted verbatim; generated by ops/phase_i_tables.py"
C2000_t1_C1_edp_share_share_episodes,S1b,docs/PAPER.md,| C1 | EDP share | share | {} |,data/reference/confirmatory_results.csv,int(d[(d.stratum=='C1_clean')&(d.spec=='primary')&(d.outcome=='edp_share')&(d.estimator=='OLS_share')]['n_episodes'].iloc[0]),{},"Paper table cell (t1_C1_edp_share_share, episodes); generated by ops/paper_confirmatory_tables.py"
C2001_t1_C1_edp_share_share_mean,S1b,docs/PAPER.md,| C1 | EDP share | share | 15 | {} (0.00136) |,data/reference/confirmatory_results.csv,float(d[(d.stratum=='C1_clean')&(d.spec=='primary')&(d.outcome=='edp_share')&(d.estimator=='OLS_share')]['first_week_mean_coef'].iloc[0]),{:.5f},"Paper table cell (t1_C1_edp_share_share, mean); generated by ops/paper_confirmatory_tables.py"
C2002_t1_C1_edp_share_share_se,S1b,docs/PAPER.md,| C1 | EDP share | share | 15 | −0.00059 ({}) |,data/reference/confirmatory_results.csv,float(d[(d.stratum=='C1_clean')&(d.spec=='primary')&(d.outcome=='edp_share')&(d.estimator=='OLS_share')]['first_week_mean_se'].iloc[0]),{:.5f},"Paper table cell (t1_C1_edp_share_share, se); generated by ops/paper_confirmatory_tables.py"
C2003_t1_C1_edp_share_share_chi2,S1b,docs/PAPER.md,| C1 | EDP share | share | 15 | −0.00059 (0.00136) | {} |,data/reference/confirmatory_results.csv,float(d[(d.stratum=='C1_clean')&(d.spec=='primary')&(d.outcome=='edp_share')&(d.estimator=='OLS_share')]['first_week_chi2'].iloc[0]),{:.2f},"Paper table cell (t1_C1_edp_share_share, chi2); generated by ops/paper_confirmatory_tables.py"
C2004_t1_C1_edp_share_share_p_ri,S1b,docs/PAPER.md,| C1 | EDP share | share | 15 | −0.00059 (0.00136) | 25.32 | {} |,data/reference/confirmatory_results.csv,float(d[(d.stratum=='C1_clean')&(d.spec=='primary')&(d.outcome=='edp_share')&(d.estimator=='OLS_share')]['p_randomization'].iloc[0]),{:.4f},"Paper table cell (t1_C1_edp_share_share, p_ri); generated by ops/paper_confirmatory_tables.py"
C2005_t1_C1_edp_share_share_p_bh,S1b,docs/PAPER.md,| C1 | EDP share | share | 15 | −0.00059 (0.00136) | 25.32 | 0.0115 | {} |,data/reference/confirmatory_results.csv,float(d[(d.stratum=='C1_clean')&(d.spec=='primary')&(d.outcome=='edp_share')&(d.estimator=='OLS_share')]['p_bh_adjusted'].iloc[0]),{:.4f},"Paper table cell (t1_C1_edp_share_share, p_bh); generated by ops/paper_confirmatory_tables.py"
C2006_t1_C1_edp_count_episodes,S1b,docs/PAPER.md,| C1 | EDP count | count | {} |,data/reference/confirmatory_results.csv,int(d[(d.stratum=='C1_clean')&(d.spec=='primary')&(d.outcome=='edp')&(d.estimator=='PPML_count_offset')]['n_episodes'].iloc[0]),{},"Paper table cell (t1_C1_edp_count, episodes); generated by ops/paper_confirmatory_tables.py"
C2007_t1_C1_edp_count_mean,S1b,docs/PAPER.md,| C1 | EDP count | count | 15 | {} (0.01623) |,data/reference/confirmatory_results.csv,float(d[(d.stratum=='C1_clean')&(d.spec=='primary')&(d.outcome=='edp')&(d.estimator=='PPML_count_offset')]['first_week_mean_coef'].iloc[0]),{:.5f},"Paper table cell (t1_C1_edp_count, mean); generated by ops/paper_confirmatory_tables.py"
C2008_t1_C1_edp_count_se,S1b,docs/PAPER.md,| C1 | EDP count | count | 15 | 0.00945 ({}) |,data/reference/confirmatory_results.csv,float(d[(d.stratum=='C1_clean')&(d.spec=='primary')&(d.outcome=='edp')&(d.estimator=='PPML_count_offset')]['first_week_mean_se'].iloc[0]),{:.5f},"Paper table cell (t1_C1_edp_count, se); generated by ops/paper_confirmatory_tables.py"
C2009_t1_C1_edp_count_chi2,S1b,docs/PAPER.md,| C1 | EDP count | count | 15 | 0.00945 (0.01623) | {} |,data/reference/confirmatory_results.csv,float(d[(d.stratum=='C1_clean')&(d.spec=='primary')&(d.outcome=='edp')&(d.estimator=='PPML_count_offset')]['first_week_chi2'].iloc[0]),{:.2f},"Paper table cell (t1_C1_edp_count, chi2); generated by ops/paper_confirmatory_tables.py"
C2010_t1_C1_edp_count_p_ri,S1b,docs/PAPER.md,| C1 | EDP count | count | 15 | 0.00945 (0.01623) | 26.11 | {} |,data/reference/confirmatory_results.csv,float(d[(d.stratum=='C1_clean')&(d.spec=='primary')&(d.outcome=='edp')&(d.estimator=='PPML_count_offset')]['p_randomization'].iloc[0]),{:.4f},"Paper table cell (t1_C1_edp_count, p_ri); generated by ops/paper_confirmatory_tables.py"
C2011_t1_C1_edp_count_p_bh,S1b,docs/PAPER.md,| C1 | EDP count | count | 15 | 0.00945 (0.01623) | 26.11 | 0.0140 | {} |,data/reference/confirmatory_results.csv,float(d[(d.stratum=='C1_clean')&(d.spec=='primary')&(d.outcome=='edp')&(d.estimator=='PPML_count_offset')]['p_bh_adjusted'].iloc[0]),{:.4f},"Paper table cell (t1_C1_edp_count, p_bh); generated by ops/paper_confirmatory_tables.py"
C2012_t1_C1_mh_narrow_share_share_episodes,S1b,docs/PAPER.md,| C1 | narrow MH share | share | {} |,data/reference/confirmatory_results.csv,int(d[(d.stratum=='C1_clean')&(d.spec=='primary')&(d.outcome=='mh_narrow_share')&(d.estimator=='OLS_share')]['n_episodes'].iloc[0]),{},"Paper table cell (t1_C1_mh_narrow_share_share, episodes); generated by ops/paper_confirmatory_tables.py"
C2013_t1_C1_mh_narrow_share_share_mean,S1b,docs/PAPER.md,| C1 | narrow MH share | share | 15 | {} (0.00157) |,data/reference/confirmatory_results.csv,float(d[(d.stratum=='C1_clean')&(d.spec=='primary')&(d.outcome=='mh_narrow_share')&(d.estimator=='OLS_share')]['first_week_mean_coef'].iloc[0]),{:.5f},"Paper table cell (t1_C1_mh_narrow_share_share, mean); generated by ops/paper_confirmatory_tables.py"
C2014_t1_C1_mh_narrow_share_share_se,S1b,docs/PAPER.md,| C1 | narrow MH share | share | 15 | −0.00074 ({}) |,data/reference/confirmatory_results.csv,float(d[(d.stratum=='C1_clean')&(d.spec=='primary')&(d.outcome=='mh_narrow_share')&(d.estimator=='OLS_share')]['first_week_mean_se'].iloc[0]),{:.5f},"Paper table cell (t1_C1_mh_narrow_share_share, se); generated by ops/paper_confirmatory_tables.py"
C2015_t1_C1_mh_narrow_share_share_chi2,S1b,docs/PAPER.md,| C1 | narrow MH share | share | 15 | −0.00074 (0.00157) | {} |,data/reference/confirmatory_results.csv,float(d[(d.stratum=='C1_clean')&(d.spec=='primary')&(d.outcome=='mh_narrow_share')&(d.estimator=='OLS_share')]['first_week_chi2'].iloc[0]),{:.2f},"Paper table cell (t1_C1_mh_narrow_share_share, chi2); generated by ops/paper_confirmatory_tables.py"
C2016_t1_C1_mh_narrow_share_share_p_ri,S1b,docs/PAPER.md,| C1 | narrow MH share | share | 15 | −0.00074 (0.00157) | 22.57 | {} |,data/reference/confirmatory_results.csv,float(d[(d.stratum=='C1_clean')&(d.spec=='primary')&(d.outcome=='mh_narrow_share')&(d.estimator=='OLS_share')]['p_randomization'].iloc[0]),{:.4f},"Paper table cell (t1_C1_mh_narrow_share_share, p_ri); generated by ops/paper_confirmatory_tables.py"
C2017_t1_C1_mh_narrow_share_share_p_bh,S1b,docs/PAPER.md,| C1 | narrow MH share | share | 15 | −0.00074 (0.00157) | 22.57 | 0.0285 | {} |,data/reference/confirmatory_results.csv,float(d[(d.stratum=='C1_clean')&(d.spec=='primary')&(d.outcome=='mh_narrow_share')&(d.estimator=='OLS_share')]['p_bh_adjusted'].iloc[0]),{:.4f},"Paper table cell (t1_C1_mh_narrow_share_share, p_bh); generated by ops/paper_confirmatory_tables.py"
C2018_t1_C1_mh_narrow_count_episodes,S1b,docs/PAPER.md,| C1 | narrow MH count | count | {} |,data/reference/confirmatory_results.csv,int(d[(d.stratum=='C1_clean')&(d.spec=='primary')&(d.outcome=='mh_narrow')&(d.estimator=='PPML_count_offset')]['n_episodes'].iloc[0]),{},"Paper table cell (t1_C1_mh_narrow_count, episodes); generated by ops/paper_confirmatory_tables.py"
C2019_t1_C1_mh_narrow_count_mean,S1b,docs/PAPER.md,| C1 | narrow MH count | count | 15 | {} (0.01420) |,data/reference/confirmatory_results.csv,float(d[(d.stratum=='C1_clean')&(d.spec=='primary')&(d.outcome=='mh_narrow')&(d.estimator=='PPML_count_offset')]['first_week_mean_coef'].iloc[0]),{:.5f},"Paper table cell (t1_C1_mh_narrow_count, mean); generated by ops/paper_confirmatory_tables.py"
C2020_t1_C1_mh_narrow_count_se,S1b,docs/PAPER.md,| C1 | narrow MH count | count | 15 | −0.00013 ({}) |,data/reference/confirmatory_results.csv,float(d[(d.stratum=='C1_clean')&(d.spec=='primary')&(d.outcome=='mh_narrow')&(d.estimator=='PPML_count_offset')]['first_week_mean_se'].iloc[0]),{:.5f},"Paper table cell (t1_C1_mh_narrow_count, se); generated by ops/paper_confirmatory_tables.py"
C2021_t1_C1_mh_narrow_count_chi2,S1b,docs/PAPER.md,| C1 | narrow MH count | count | 15 | −0.00013 (0.01420) | {} |,data/reference/confirmatory_results.csv,float(d[(d.stratum=='C1_clean')&(d.spec=='primary')&(d.outcome=='mh_narrow')&(d.estimator=='PPML_count_offset')]['first_week_chi2'].iloc[0]),{:.2f},"Paper table cell (t1_C1_mh_narrow_count, chi2); generated by ops/paper_confirmatory_tables.py"
C2022_t1_C1_mh_narrow_count_p_ri,S1b,docs/PAPER.md,| C1 | narrow MH count | count | 15 | −0.00013 (0.01420) | 17.09 | {} |,data/reference/confirmatory_results.csv,float(d[(d.stratum=='C1_clean')&(d.spec=='primary')&(d.outcome=='mh_narrow')&(d.estimator=='PPML_count_offset')]['p_randomization'].iloc[0]),{:.4f},"Paper table cell (t1_C1_mh_narrow_count, p_ri); generated by ops/paper_confirmatory_tables.py"
C2023_t1_C1_mh_narrow_count_p_bh,S1b,docs/PAPER.md,| C1 | narrow MH count | count | 15 | −0.00013 (0.01420) | 17.09 | 0.0895 | {} |,data/reference/confirmatory_results.csv,float(d[(d.stratum=='C1_clean')&(d.spec=='primary')&(d.outcome=='mh_narrow')&(d.estimator=='PPML_count_offset')]['p_bh_adjusted'].iloc[0]),{:.4f},"Paper table cell (t1_C1_mh_narrow_count, p_bh); generated by ops/paper_confirmatory_tables.py"
C2024_t1_C2_edp_share_share_episodes,S1b,docs/PAPER.md,| C2 | EDP share | share | {} |,data/reference/confirmatory_results.csv,int(d[(d.stratum=='C2_exposed')&(d.spec=='primary')&(d.outcome=='edp_share')&(d.estimator=='OLS_share')]['n_episodes'].iloc[0]),{},"Paper table cell (t1_C2_edp_share_share, episodes); generated by ops/paper_confirmatory_tables.py"
C2025_t1_C2_edp_share_share_mean,S1b,docs/PAPER.md,| C2 | EDP share | share | 30 | {} (0.00114) |,data/reference/confirmatory_results.csv,float(d[(d.stratum=='C2_exposed')&(d.spec=='primary')&(d.outcome=='edp_share')&(d.estimator=='OLS_share')]['first_week_mean_coef'].iloc[0]),{:.5f},"Paper table cell (t1_C2_edp_share_share, mean); generated by ops/paper_confirmatory_tables.py"
C2026_t1_C2_edp_share_share_se,S1b,docs/PAPER.md,| C2 | EDP share | share | 30 | −0.00019 ({}) |,data/reference/confirmatory_results.csv,float(d[(d.stratum=='C2_exposed')&(d.spec=='primary')&(d.outcome=='edp_share')&(d.estimator=='OLS_share')]['first_week_mean_se'].iloc[0]),{:.5f},"Paper table cell (t1_C2_edp_share_share, se); generated by ops/paper_confirmatory_tables.py"
C2027_t1_C2_edp_share_share_chi2,S1b,docs/PAPER.md,| C2 | EDP share | share | 30 | −0.00019 (0.00114) | {} |,data/reference/confirmatory_results.csv,float(d[(d.stratum=='C2_exposed')&(d.spec=='primary')&(d.outcome=='edp_share')&(d.estimator=='OLS_share')]['first_week_chi2'].iloc[0]),{:.2f},"Paper table cell (t1_C2_edp_share_share, chi2); generated by ops/paper_confirmatory_tables.py"
C2028_t1_C2_edp_share_share_p_ri,S1b,docs/PAPER.md,| C2 | EDP share | share | 30 | −0.00019 (0.00114) | 6.04 | {} |,data/reference/confirmatory_results.csv,float(d[(d.stratum=='C2_exposed')&(d.spec=='primary')&(d.outcome=='edp_share')&(d.estimator=='OLS_share')]['p_randomization'].iloc[0]),{:.4f},"Paper table cell (t1_C2_edp_share_share, p_ri); generated by ops/paper_confirmatory_tables.py"
C2029_t1_C2_edp_share_share_p_bh,S1b,docs/PAPER.md,| C2 | EDP share | share | 30 | −0.00019 (0.00114) | 6.04 | 0.6522 | {} |,data/reference/confirmatory_results.csv,float(d[(d.stratum=='C2_exposed')&(d.spec=='primary')&(d.outcome=='edp_share')&(d.estimator=='OLS_share')]['p_bh_adjusted'].iloc[0]),{:.4f},"Paper table cell (t1_C2_edp_share_share, p_bh); generated by ops/paper_confirmatory_tables.py"
C2030_t1_C2_edp_count_episodes,S1b,docs/PAPER.md,| C2 | EDP count | count | {} |,data/reference/confirmatory_results.csv,int(d[(d.stratum=='C2_exposed')&(d.spec=='primary')&(d.outcome=='edp')&(d.estimator=='PPML_count_offset')]['n_episodes'].iloc[0]),{},"Paper table cell (t1_C2_edp_count, episodes); generated by ops/paper_confirmatory_tables.py"
C2031_t1_C2_edp_count_mean,S1b,docs/PAPER.md,| C2 | EDP count | count | 30 | {} (0.01127) |,data/reference/confirmatory_results.csv,float(d[(d.stratum=='C2_exposed')&(d.spec=='primary')&(d.outcome=='edp')&(d.estimator=='PPML_count_offset')]['first_week_mean_coef'].iloc[0]),{:.5f},"Paper table cell (t1_C2_edp_count, mean); generated by ops/paper_confirmatory_tables.py"
C2032_t1_C2_edp_count_se,S1b,docs/PAPER.md,| C2 | EDP count | count | 30 | 0.00591 ({}) |,data/reference/confirmatory_results.csv,float(d[(d.stratum=='C2_exposed')&(d.spec=='primary')&(d.outcome=='edp')&(d.estimator=='PPML_count_offset')]['first_week_mean_se'].iloc[0]),{:.5f},"Paper table cell (t1_C2_edp_count, se); generated by ops/paper_confirmatory_tables.py"
C2033_t1_C2_edp_count_chi2,S1b,docs/PAPER.md,| C2 | EDP count | count | 30 | 0.00591 (0.01127) | {} |,data/reference/confirmatory_results.csv,float(d[(d.stratum=='C2_exposed')&(d.spec=='primary')&(d.outcome=='edp')&(d.estimator=='PPML_count_offset')]['first_week_chi2'].iloc[0]),{:.2f},"Paper table cell (t1_C2_edp_count, chi2); generated by ops/paper_confirmatory_tables.py"
C2034_t1_C2_edp_count_p_ri,S1b,docs/PAPER.md,| C2 | EDP count | count | 30 | 0.00591 (0.01127) | 4.75 | {} |,data/reference/confirmatory_results.csv,float(d[(d.stratum=='C2_exposed')&(d.spec=='primary')&(d.outcome=='edp')&(d.estimator=='PPML_count_offset')]['p_randomization'].iloc[0]),{:.4f},"Paper table cell (t1_C2_edp_count, p_ri); generated by ops/paper_confirmatory_tables.py"
C2035_t1_C2_edp_count_p_bh,S1b,docs/PAPER.md,| C2 | EDP count | count | 30 | 0.00591 (0.01127) | 4.75 | 0.7861 | {} |,data/reference/confirmatory_results.csv,float(d[(d.stratum=='C2_exposed')&(d.spec=='primary')&(d.outcome=='edp')&(d.estimator=='PPML_count_offset')]['p_bh_adjusted'].iloc[0]),{:.4f},"Paper table cell (t1_C2_edp_count, p_bh); generated by ops/paper_confirmatory_tables.py"
C2036_t1_C2_mh_narrow_share_share_episodes,S1b,docs/PAPER.md,| C2 | narrow MH share | share | {} |,data/reference/confirmatory_results.csv,int(d[(d.stratum=='C2_exposed')&(d.spec=='primary')&(d.outcome=='mh_narrow_share')&(d.estimator=='OLS_share')]['n_episodes'].iloc[0]),{},"Paper table cell (t1_C2_mh_narrow_share_share, episodes); generated by ops/paper_confirmatory_tables.py"
C2037_t1_C2_mh_narrow_share_share_mean,S1b,docs/PAPER.md,| C2 | narrow MH share | share | 30 | {} (0.00133) |,data/reference/confirmatory_results.csv,float(d[(d.stratum=='C2_exposed')&(d.spec=='primary')&(d.outcome=='mh_narrow_share')&(d.estimator=='OLS_share')]['first_week_mean_coef'].iloc[0]),{:.5f},"Paper table cell (t1_C2_mh_narrow_share_share, mean); generated by ops/paper_confirmatory_tables.py"
C2038_t1_C2_mh_narrow_share_share_se,S1b,docs/PAPER.md,| C2 | narrow MH share | share | 30 | −0.00067 ({}) |,data/reference/confirmatory_results.csv,float(d[(d.stratum=='C2_exposed')&(d.spec=='primary')&(d.outcome=='mh_narrow_share')&(d.estimator=='OLS_share')]['first_week_mean_se'].iloc[0]),{:.5f},"Paper table cell (t1_C2_mh_narrow_share_share, se); generated by ops/paper_confirmatory_tables.py"
C2039_t1_C2_mh_narrow_share_share_chi2,S1b,docs/PAPER.md,| C2 | narrow MH share | share | 30 | −0.00067 (0.00133) | {} |,data/reference/confirmatory_results.csv,float(d[(d.stratum=='C2_exposed')&(d.spec=='primary')&(d.outcome=='mh_narrow_share')&(d.estimator=='OLS_share')]['first_week_chi2'].iloc[0]),{:.2f},"Paper table cell (t1_C2_mh_narrow_share_share, chi2); generated by ops/paper_confirmatory_tables.py"
C2040_t1_C2_mh_narrow_share_share_p_ri,S1b,docs/PAPER.md,| C2 | narrow MH share | share | 30 | −0.00067 (0.00133) | 7.98 | {} |,data/reference/confirmatory_results.csv,float(d[(d.stratum=='C2_exposed')&(d.spec=='primary')&(d.outcome=='mh_narrow_share')&(d.estimator=='OLS_share')]['p_randomization'].iloc[0]),{:.4f},"Paper table cell (t1_C2_mh_narrow_share_share, p_ri); generated by ops/paper_confirmatory_tables.py"
C2041_t1_C2_mh_narrow_share_share_p_bh,S1b,docs/PAPER.md,| C2 | narrow MH share | share | 30 | −0.00067 (0.00133) | 7.98 | 0.4523 | {} |,data/reference/confirmatory_results.csv,float(d[(d.stratum=='C2_exposed')&(d.spec=='primary')&(d.outcome=='mh_narrow_share')&(d.estimator=='OLS_share')]['p_bh_adjusted'].iloc[0]),{:.4f},"Paper table cell (t1_C2_mh_narrow_share_share, p_bh); generated by ops/paper_confirmatory_tables.py"
C2042_t1_C2_mh_narrow_count_episodes,S1b,docs/PAPER.md,| C2 | narrow MH count | count | {} |,data/reference/confirmatory_results.csv,int(d[(d.stratum=='C2_exposed')&(d.spec=='primary')&(d.outcome=='mh_narrow')&(d.estimator=='PPML_count_offset')]['n_episodes'].iloc[0]),{},"Paper table cell (t1_C2_mh_narrow_count, episodes); generated by ops/paper_confirmatory_tables.py"
C2043_t1_C2_mh_narrow_count_mean,S1b,docs/PAPER.md,| C2 | narrow MH count | count | 30 | {} (0.01079) |,data/reference/confirmatory_results.csv,float(d[(d.stratum=='C2_exposed')&(d.spec=='primary')&(d.outcome=='mh_narrow')&(d.estimator=='PPML_count_offset')]['first_week_mean_coef'].iloc[0]),{:.5f},"Paper table cell (t1_C2_mh_narrow_count, mean); generated by ops/paper_confirmatory_tables.py"
C2044_t1_C2_mh_narrow_count_se,S1b,docs/PAPER.md,| C2 | narrow MH count | count | 30 | 0.00197 ({}) |,data/reference/confirmatory_results.csv,float(d[(d.stratum=='C2_exposed')&(d.spec=='primary')&(d.outcome=='mh_narrow')&(d.estimator=='PPML_count_offset')]['first_week_mean_se'].iloc[0]),{:.5f},"Paper table cell (t1_C2_mh_narrow_count, se); generated by ops/paper_confirmatory_tables.py"
C2045_t1_C2_mh_narrow_count_chi2,S1b,docs/PAPER.md,| C2 | narrow MH count | count | 30 | 0.00197 (0.01079) | {} |,data/reference/confirmatory_results.csv,float(d[(d.stratum=='C2_exposed')&(d.spec=='primary')&(d.outcome=='mh_narrow')&(d.estimator=='PPML_count_offset')]['first_week_chi2'].iloc[0]),{:.2f},"Paper table cell (t1_C2_mh_narrow_count, chi2); generated by ops/paper_confirmatory_tables.py"
C2046_t1_C2_mh_narrow_count_p_ri,S1b,docs/PAPER.md,| C2 | narrow MH count | count | 30 | 0.00197 (0.01079) | 7.57 | {} |,data/reference/confirmatory_results.csv,float(d[(d.stratum=='C2_exposed')&(d.spec=='primary')&(d.outcome=='mh_narrow')&(d.estimator=='PPML_count_offset')]['p_randomization'].iloc[0]),{:.4f},"Paper table cell (t1_C2_mh_narrow_count, p_ri); generated by ops/paper_confirmatory_tables.py"
C2047_t1_C2_mh_narrow_count_p_bh,S1b,docs/PAPER.md,| C2 | narrow MH count | count | 30 | 0.00197 (0.01079) | 7.57 | 0.4948 | {} |,data/reference/confirmatory_results.csv,float(d[(d.stratum=='C2_exposed')&(d.spec=='primary')&(d.outcome=='mh_narrow')&(d.estimator=='PPML_count_offset')]['p_bh_adjusted'].iloc[0]),{:.4f},"Paper table cell (t1_C2_mh_narrow_count, p_bh); generated by ops/paper_confirmatory_tables.py"
C2048_t1b_C1_mde_level,S1b,docs/PAPER.md,| C1 | yes | no | no | {} |,data/reference/confirmatory_reading.csv,float(d[(d.stratum=='C1_clean')&(d['item']=='mde_level_prefreeze')]['value'].iloc[0]),{:.5f},"Paper table cell (t1b_C1, mde_level); generated by ops/paper_confirmatory_tables.py"
C2049_t1b_C1_mde_corr,S1b,docs/PAPER.md,| C1 | yes | no | no | 0.01156 | {} |,data/reference/confirmatory_reading.csv,float(d[(d.stratum=='C1_clean')&(d['item']=='mde_level_family_corrected')]['value'].iloc[0]),{:.5f},"Paper table cell (t1b_C1, mde_corr); generated by ops/paper_confirmatory_tables.py"
C2050_t1b_C1_mde_dip,S1b,docs/PAPER.md,| C1 | yes | no | no | 0.01156 | 0.01480 | {} |,data/reference/confirmatory_reading.csv,float(d[(d.stratum=='C1_clean')&(d['item']=='mde_dip_rebound_prefreeze')]['value'].iloc[0]),{:.5f},"Paper table cell (t1b_C1, mde_dip); generated by ops/paper_confirmatory_tables.py"
C2051_t1b_C2_mde_level,S1b,docs/PAPER.md,| C2 | yes | no | no | {} |,data/reference/confirmatory_reading.csv,float(d[(d.stratum=='C2_exposed')&(d['item']=='mde_level_prefreeze')]['value'].iloc[0]),{:.5f},"Paper table cell (t1b_C2, mde_level); generated by ops/paper_confirmatory_tables.py"
C2052_t1b_C2_mde_corr,S1b,docs/PAPER.md,| C2 | yes | no | no | 0.00875 | {} |,data/reference/confirmatory_reading.csv,float(d[(d.stratum=='C2_exposed')&(d['item']=='mde_level_family_corrected')]['value'].iloc[0]),{:.5f},"Paper table cell (t1b_C2, mde_corr); generated by ops/paper_confirmatory_tables.py"
C2053_t1b_C2_mde_dip,S1b,docs/PAPER.md,| C2 | yes | no | no | 0.00875 | 0.01120 | {} |,data/reference/confirmatory_reading.csv,float(d[(d.stratum=='C2_exposed')&(d['item']=='mde_dip_rebound_prefreeze')]['value'].iloc[0]),{:.5f},"Paper table cell (t1b_C2, mde_dip); generated by ops/paper_confirmatory_tables.py"
C2054_t2_C1_n_h1,S1b,docs/PAPER.md,| C1 | {} |,data/reference/confirmatory_results.csv,int((d[(d.stratum=='C1_clean')&(d.status.str.startswith('OK'))&(d.family=='sensitivity')&(~d.outcome.str.contains('cardiac|injury|asthma'))]).shape[0]),{},"Paper table cell (t2_C1, n_h1); generated by ops/paper_confirmatory_tables.py"
C2055_t2_C1_k_h1,S1b,docs/PAPER.md,| C1 | 24 | {} |,data/reference/confirmatory_results.csv,int((d[(d.stratum=='C1_clean')&(d.status.str.startswith('OK'))&(d.family=='sensitivity')&(~d.outcome.str.contains('cardiac|injury|asthma'))]['p_randomization']<=0.05).sum()),{},"Paper table cell (t2_C1, k_h1); generated by ops/paper_confirmatory_tables.py"
C2056_t2_C1_n_pl,S1b,docs/PAPER.md,| C1 | 24 | 14 | {} |,data/reference/confirmatory_results.csv,int((d[(d.stratum=='C1_clean')&(d.status.str.startswith('OK'))&(d.family=='placebo')]).shape[0]),{},"Paper table cell (t2_C1, n_pl); generated by ops/paper_confirmatory_tables.py"
C2057_t2_C1_k_pl,S1b,docs/PAPER.md,| C1 | 24 | 14 | 6 | {} |,data/reference/confirmatory_results.csv,int((d[(d.stratum=='C1_clean')&(d.status.str.startswith('OK'))&(d.family=='placebo')]['p_randomization']<=0.05).sum()),{},"Paper table cell (t2_C1, k_pl); generated by ops/paper_confirmatory_tables.py"
C2058_t2_C1_raw_edp_p,S1b,docs/PAPER.md,| C1 | 24 | 14 | 6 | 0 | {} |,data/reference/confirmatory_results.csv,float(d[(d.stratum=='C1_clean')&(d.family=='diagnostic')&(d.outcome=='edp')]['p_randomization'].iloc[0]),{:.4f},"Paper table cell (t2_C1, raw_edp_p); generated by ops/paper_confirmatory_tables.py"
C2059_t2_C1_total_p,S1b,docs/PAPER.md,| C1 | 24 | 14 | 6 | 0 | 0.0115 | {} |,data/reference/confirmatory_results.csv,float(d[(d.stratum=='C1_clean')&(d.family=='diagnostic')&(d.outcome=='total_calls')]['p_randomization'].iloc[0]),{:.4f},"Paper table cell (t2_C1, total_p); generated by ops/paper_confirmatory_tables.py"
C2060_t2_C1_dose_edp_share_coef,S1b,docs/PAPER.md,| C1 | 24 | 14 | 6 | 0 | 0.0115 | 0.5422 | {} (0.0309) |,data/reference/confirmatory_results.csv,float(d[(d.stratum=='C1_clean')&(d.spec=='dose_response')&(d.outcome=='edp_share')&(d.estimator=='OLS_share_dose_per_sd')]['first_week_mean_coef'].iloc[0]),{:.5f},"Paper table cell (t2_C1, dose_edp_share_coef); generated by ops/paper_confirmatory_tables.py"
C2061_t2_C1_dose_edp_share_p,S1b,docs/PAPER.md,| C1 | 24 | 14 | 6 | 0 | 0.0115 | 0.5422 | 0.00131 ({}) |,data/reference/confirmatory_results.csv,float(d[(d.stratum=='C1_clean')&(d.spec=='dose_response')&(d.outcome=='edp_share')&(d.estimator=='OLS_share_dose_per_sd')]['p_asymptotic'].iloc[0]),{:.4f},"Paper table cell (t2_C1, dose_edp_share_p); generated by ops/paper_confirmatory_tables.py"
C2062_t2_C1_dose_mh_narrow_share_coef,S1b,docs/PAPER.md,| C1 | 24 | 14 | 6 | 0 | 0.0115 | 0.5422 | 0.00131 (0.0309) | {} (0.0187) |,data/reference/confirmatory_results.csv,float(d[(d.stratum=='C1_clean')&(d.spec=='dose_response')&(d.outcome=='mh_narrow_share')&(d.estimator=='OLS_share_dose_per_sd')]['first_week_mean_coef'].iloc[0]),{:.5f},"Paper table cell (t2_C1, dose_mh_narrow_share_coef); generated by ops/paper_confirmatory_tables.py"
C2063_t2_C1_dose_mh_narrow_share_p,S1b,docs/PAPER.md,| C1 | 24 | 14 | 6 | 0 | 0.0115 | 0.5422 | 0.00131 (0.0309) | 0.00151 ({}) |,data/reference/confirmatory_results.csv,float(d[(d.stratum=='C1_clean')&(d.spec=='dose_response')&(d.outcome=='mh_narrow_share')&(d.estimator=='OLS_share_dose_per_sd')]['p_asymptotic'].iloc[0]),{:.4f},"Paper table cell (t2_C1, dose_mh_narrow_share_p); generated by ops/paper_confirmatory_tables.py"
C2064_t2_C2_n_h1,S1b,docs/PAPER.md,| C2 | {} |,data/reference/confirmatory_results.csv,int((d[(d.stratum=='C2_exposed')&(d.status.str.startswith('OK'))&(d.family=='sensitivity')&(~d.outcome.str.contains('cardiac|injury|asthma'))]).shape[0]),{},"Paper table cell (t2_C2, n_h1); generated by ops/paper_confirmatory_tables.py"
C2065_t2_C2_k_h1,S1b,docs/PAPER.md,| C2 | 30 | {} |,data/reference/confirmatory_results.csv,int((d[(d.stratum=='C2_exposed')&(d.status.str.startswith('OK'))&(d.family=='sensitivity')&(~d.outcome.str.contains('cardiac|injury|asthma'))]['p_randomization']<=0.05).sum()),{},"Paper table cell (t2_C2, k_h1); generated by ops/paper_confirmatory_tables.py"
C2066_t2_C2_n_pl,S1b,docs/PAPER.md,| C2 | 30 | 0 | {} |,data/reference/confirmatory_results.csv,int((d[(d.stratum=='C2_exposed')&(d.status.str.startswith('OK'))&(d.family=='placebo')]).shape[0]),{},"Paper table cell (t2_C2, n_pl); generated by ops/paper_confirmatory_tables.py"
C2067_t2_C2_k_pl,S1b,docs/PAPER.md,| C2 | 30 | 0 | 6 | {} |,data/reference/confirmatory_results.csv,int((d[(d.stratum=='C2_exposed')&(d.status.str.startswith('OK'))&(d.family=='placebo')]['p_randomization']<=0.05).sum()),{},"Paper table cell (t2_C2, k_pl); generated by ops/paper_confirmatory_tables.py"
C2068_t2_C2_raw_edp_p,S1b,docs/PAPER.md,| C2 | 30 | 0 | 6 | 0 | {} |,data/reference/confirmatory_results.csv,float(d[(d.stratum=='C2_exposed')&(d.family=='diagnostic')&(d.outcome=='edp')]['p_randomization'].iloc[0]),{:.4f},"Paper table cell (t2_C2, raw_edp_p); generated by ops/paper_confirmatory_tables.py"
C2069_t2_C2_total_p,S1b,docs/PAPER.md,| C2 | 30 | 0 | 6 | 0 | 0.3368 | {} |,data/reference/confirmatory_results.csv,float(d[(d.stratum=='C2_exposed')&(d.family=='diagnostic')&(d.outcome=='total_calls')]['p_randomization'].iloc[0]),{:.4f},"Paper table cell (t2_C2, total_p); generated by ops/paper_confirmatory_tables.py"
C2070_t2_C2_dose_edp_share_coef,S1b,docs/PAPER.md,| C2 | 30 | 0 | 6 | 0 | 0.3368 | 0.7481 | {} (0.2412) |,data/reference/confirmatory_results.csv,float(d[(d.stratum=='C2_exposed')&(d.spec=='dose_response')&(d.outcome=='edp_share')&(d.estimator=='OLS_share_dose_per_sd')]['first_week_mean_coef'].iloc[0]),{:.5f},"Paper table cell (t2_C2, dose_edp_share_coef); generated by ops/paper_confirmatory_tables.py"
C2071_t2_C2_dose_edp_share_p,S1b,docs/PAPER.md,| C2 | 30 | 0 | 6 | 0 | 0.3368 | 0.7481 | 0.00065 ({}) |,data/reference/confirmatory_results.csv,float(d[(d.stratum=='C2_exposed')&(d.spec=='dose_response')&(d.outcome=='edp_share')&(d.estimator=='OLS_share_dose_per_sd')]['p_asymptotic'].iloc[0]),{:.4f},"Paper table cell (t2_C2, dose_edp_share_p); generated by ops/paper_confirmatory_tables.py"
C2072_t2_C2_dose_mh_narrow_share_coef,S1b,docs/PAPER.md,| C2 | 30 | 0 | 6 | 0 | 0.3368 | 0.7481 | 0.00065 (0.2412) | {} (0.1820) |,data/reference/confirmatory_results.csv,float(d[(d.stratum=='C2_exposed')&(d.spec=='dose_response')&(d.outcome=='mh_narrow_share')&(d.estimator=='OLS_share_dose_per_sd')]['first_week_mean_coef'].iloc[0]),{:.5f},"Paper table cell (t2_C2, dose_mh_narrow_share_coef); generated by ops/paper_confirmatory_tables.py"
C2073_t2_C2_dose_mh_narrow_share_p,S1b,docs/PAPER.md,| C2 | 30 | 0 | 6 | 0 | 0.3368 | 0.7481 | 0.00065 (0.2412) | 0.00074 ({}) |,data/reference/confirmatory_results.csv,float(d[(d.stratum=='C2_exposed')&(d.spec=='dose_response')&(d.outcome=='mh_narrow_share')&(d.estimator=='OLS_share_dose_per_sd')]['p_asymptotic'].iloc[0]),{:.4f},"Paper table cell (t2_C2, dose_mh_narrow_share_p); generated by ops/paper_confirmatory_tables.py"
C2074_t2_C2_bheard_coef,S1b,docs/PAPER.md,| C2 | 30 | 0 | 6 | 0 | 0.3368 | 0.7481 | 0.00065 (0.2412) | 0.00074 (0.1820) | {} (0.7732) |,data/reference/confirmatory_results.csv,float(d[(d.stratum=='C2_exposed')&(d.spec=='bheard_interaction')&(d.outcome=='edp_share')&(d.estimator=='OLS_share')]['first_week_mean_coef'].iloc[0]),{:.5f},"Paper table cell (t2_C2, bheard_coef); generated by ops/paper_confirmatory_tables.py"
C2075_t2_C2_bheard_p,S1b,docs/PAPER.md,| C2 | 30 | 0 | 6 | 0 | 0.3368 | 0.7481 | 0.00065 (0.2412) | 0.00074 (0.1820) | 0.00026 ({}) |,data/reference/confirmatory_results.csv,float(d[(d.stratum=='C2_exposed')&(d.spec=='bheard_interaction')&(d.outcome=='edp_share')&(d.estimator=='OLS_share')]['p_asymptotic'].iloc[0]),{:.4f},"Paper table cell (t2_C2, bheard_p); generated by ops/paper_confirmatory_tables.py"
C2076_t2_pooled_n_h1,S1b,docs/PAPER.md,| pooled (descriptive) | {} |,data/reference/confirmatory_results.csv,int((d[(d.stratum=='pooled')&(d.status.str.startswith('OK'))&(d.family=='sensitivity')&(~d.outcome.str.contains('cardiac|injury|asthma'))]).shape[0]),{},"Paper table cell (t2_pooled, n_h1); generated by ops/paper_confirmatory_tables.py"
C2077_t2_pooled_k_h1,S1b,docs/PAPER.md,| pooled (descriptive) | 38 | {} |,data/reference/confirmatory_results.csv,int((d[(d.stratum=='pooled')&(d.status.str.startswith('OK'))&(d.family=='sensitivity')&(~d.outcome.str.contains('cardiac|injury|asthma'))]['p_randomization']<=0.05).sum()),{},"Paper table cell (t2_pooled, k_h1); generated by ops/paper_confirmatory_tables.py"
C2078_t2_pooled_n_pl,S1b,docs/PAPER.md,| pooled (descriptive) | 38 | 4 | {} |,data/reference/confirmatory_results.csv,int((d[(d.stratum=='pooled')&(d.status.str.startswith('OK'))&(d.family=='placebo')]).shape[0]),{},"Paper table cell (t2_pooled, n_pl); generated by ops/paper_confirmatory_tables.py"
C2079_t2_pooled_k_pl,S1b,docs/PAPER.md,| pooled (descriptive) | 38 | 4 | 6 | {} |,data/reference/confirmatory_results.csv,int((d[(d.stratum=='pooled')&(d.status.str.startswith('OK'))&(d.family=='placebo')]['p_randomization']<=0.05).sum()),{},"Paper table cell (t2_pooled, k_pl); generated by ops/paper_confirmatory_tables.py"
C2080_t2_pooled_raw_edp_p,S1b,docs/PAPER.md,| pooled (descriptive) | 38 | 4 | 6 | 0 | {} |,data/reference/confirmatory_results.csv,float(d[(d.stratum=='pooled')&(d.family=='diagnostic')&(d.outcome=='edp')]['p_randomization'].iloc[0]),{:.4f},"Paper table cell (t2_pooled, raw_edp_p); generated by ops/paper_confirmatory_tables.py"
C2081_t2_pooled_total_p,S1b,docs/PAPER.md,| pooled (descriptive) | 38 | 4 | 6 | 0 | 0.0215 | {} |,data/reference/confirmatory_results.csv,float(d[(d.stratum=='pooled')&(d.family=='diagnostic')&(d.outcome=='total_calls')]['p_randomization'].iloc[0]),{:.4f},"Paper table cell (t2_pooled, total_p); generated by ops/paper_confirmatory_tables.py"
C2082_t2_pooled_dose_edp_share_coef,S1b,docs/PAPER.md,| pooled (descriptive) | 38 | 4 | 6 | 0 | 0.0215 | 0.5697 | {} (0.0364) |,data/reference/confirmatory_results.csv,float(d[(d.stratum=='pooled')&(d.spec=='dose_response')&(d.outcome=='edp_share')&(d.estimator=='OLS_share_dose_per_sd')]['first_week_mean_coef'].iloc[0]),{:.5f},"Paper table cell (t2_pooled, dose_edp_share_coef); generated by ops/paper_confirmatory_tables.py"
C2083_t2_pooled_dose_edp_share_p,S1b,docs/PAPER.md,| pooled (descriptive) | 38 | 4 | 6 | 0 | 0.0215 | 0.5697 | 0.00080 ({}) |,data/reference/confirmatory_results.csv,float(d[(d.stratum=='pooled')&(d.spec=='dose_response')&(d.outcome=='edp_share')&(d.estimator=='OLS_share_dose_per_sd')]['p_asymptotic'].iloc[0]),{:.4f},"Paper table cell (t2_pooled, dose_edp_share_p); generated by ops/paper_confirmatory_tables.py"
C2084_t2_pooled_dose_mh_narrow_share_coef,S1b,docs/PAPER.md,| pooled (descriptive) | 38 | 4 | 6 | 0 | 0.0215 | 0.5697 | 0.00080 (0.0364) | {} (0.0050) |,data/reference/confirmatory_results.csv,float(d[(d.stratum=='pooled')&(d.spec=='dose_response')&(d.outcome=='mh_narrow_share')&(d.estimator=='OLS_share_dose_per_sd')]['first_week_mean_coef'].iloc[0]),{:.5f},"Paper table cell (t2_pooled, dose_mh_narrow_share_coef); generated by ops/paper_confirmatory_tables.py"
C2085_t2_pooled_dose_mh_narrow_share_p,S1b,docs/PAPER.md,| pooled (descriptive) | 38 | 4 | 6 | 0 | 0.0215 | 0.5697 | 0.00080 (0.0364) | 0.00110 ({}) |,data/reference/confirmatory_results.csv,float(d[(d.stratum=='pooled')&(d.spec=='dose_response')&(d.outcome=='mh_narrow_share')&(d.estimator=='OLS_share_dose_per_sd')]['p_asymptotic'].iloc[0]),{:.4f},"Paper table cell (t2_pooled, dose_mh_narrow_share_p); generated by ops/paper_confirmatory_tables.py"
C3000_s8_n_precincts,-,docs/SUPPLEMENT.md,| precincts in the crosswalk | {} |,data/reference/precinct_cd_crosswalk.csv,int(d.policeprecinct.nunique()),{},"Supplement table cell (s8, n_precincts); generated by ops/supplement_tables.py"
C3001_s8_n_pairs,-,docs/SUPPLEMENT.md,| precinct × district pairs | {} |,data/reference/precinct_cd_crosswalk.csv,int(len(d)),{},"Supplement table cell (s8, n_pairs); generated by ops/supplement_tables.py"
C3002_s8_modal_median,-,docs/SUPPLEMENT.md,| median share of a precinct's dispatches in its modal district | {} |,data/reference/precinct_cd_crosswalk.csv,float((d.groupby('policeprecinct')['n'].max()/d.groupby('policeprecinct')['n'].sum()).median()),{:.3f},"Supplement table cell (s8, modal_median); generated by ops/supplement_tables.py"
C3003_s8_modal_min,-,docs/SUPPLEMENT.md,| minimum share in the modal district | {} |,data/reference/precinct_cd_crosswalk.csv,float((d.groupby('policeprecinct')['n'].max()/d.groupby('policeprecinct')['n'].sum()).min()),{:.3f},"Supplement table cell (s8, modal_min); generated by ops/supplement_tables.py"
C3004_s8_modal_ge90,-,docs/SUPPLEMENT.md,| precincts with at least 0.90 of dispatches in the modal district | {} |,data/reference/precinct_cd_crosswalk.csv,int(((d.groupby('policeprecinct')['n'].max()/d.groupby('policeprecinct')['n'].sum())>=0.9).sum()),{},"Supplement table cell (s8, modal_ge90); generated by ops/supplement_tables.py"
C3005_s9_discovery_episodes,-,docs/SUPPLEMENT.md,| discovery | anchor_shift | {} |,outputs/tables/null_calibration_n1000.csv,int(float(d.set_index('metric')['value'].loc['n_episodes'])),{},"Supplement table cell (s9_discovery, episodes); generated by ops/supplement_tables.py"
C3006_s9_discovery_sims,-,docs/SUPPLEMENT.md,| discovery | anchor_shift | 29 | {} |,outputs/tables/null_calibration_n1000.csv,int(float(d.set_index('metric')['value'].loc['n_sims_completed'])),"{:,}","Supplement table cell (s9_discovery, sims); generated by ops/supplement_tables.py"
C3007_s9_discovery_rejection,-,docs/SUPPLEMENT.md,"| discovery | anchor_shift | 29 | 1,000 | {} |",outputs/tables/null_calibration_n1000.csv,float(d.set_index('metric')['value'].loc['empirical_rejection_rate']),{:.3f},"Supplement table cell (s9_discovery, rejection); generated by ops/supplement_tables.py"
C3008_s9_discovery_ks_p,-,docs/SUPPLEMENT.md,"| discovery | anchor_shift | 29 | 1,000 | 0.045 | {} |",outputs/tables/null_calibration_n1000.csv,float(d.set_index('metric')['value'].loc['ks_p_uniform']),{:.4f},"Supplement table cell (s9_discovery, ks_p); generated by ops/supplement_tables.py"
C3009_s9_C1_episodes,S11,docs/SUPPLEMENT.md,| C1 | circular_within_block_fw7 | {} |,outputs/tables/null_calibration_C1.csv,int(float(d.set_index('metric')['value'].loc['n_episodes'])),{},"Supplement table cell (s9_C1, episodes); generated by ops/supplement_tables.py"
C3010_s9_C1_sims,S11,docs/SUPPLEMENT.md,| C1 | circular_within_block_fw7 | 15 | {} |,outputs/tables/null_calibration_C1.csv,int(float(d.set_index('metric')['value'].loc['n_sims_completed'])),"{:,}","Supplement table cell (s9_C1, sims); generated by ops/supplement_tables.py"
C3011_s9_C1_rejection,S11,docs/SUPPLEMENT.md,"| C1 | circular_within_block_fw7 | 15 | 1,000 | {} |",outputs/tables/null_calibration_C1.csv,float(d.set_index('metric')['value'].loc['empirical_rejection_rate']),{:.3f},"Supplement table cell (s9_C1, rejection); generated by ops/supplement_tables.py"
C3012_s9_C1_ks_p,S11,docs/SUPPLEMENT.md,"| C1 | circular_within_block_fw7 | 15 | 1,000 | 0.049 | {} |",outputs/tables/null_calibration_C1.csv,float(d.set_index('metric')['value'].loc['ks_p_uniform']),{:.4f},"Supplement table cell (s9_C1, ks_p); generated by ops/supplement_tables.py"
C3013_s9_C2_episodes,S11,docs/SUPPLEMENT.md,| C2 | anchor_shift | {} |,outputs/tables/null_calibration_C2.csv,int(float(d.set_index('metric')['value'].loc['n_episodes'])),{},"Supplement table cell (s9_C2, episodes); generated by ops/supplement_tables.py"
C3014_s9_C2_sims,S11,docs/SUPPLEMENT.md,| C2 | anchor_shift | 30 | {} |,outputs/tables/null_calibration_C2.csv,int(float(d.set_index('metric')['value'].loc['n_sims_completed'])),"{:,}","Supplement table cell (s9_C2, sims); generated by ops/supplement_tables.py"
C3015_s9_C2_rejection,S11,docs/SUPPLEMENT.md,"| C2 | anchor_shift | 30 | 1,000 | {} |",outputs/tables/null_calibration_C2.csv,float(d.set_index('metric')['value'].loc['empirical_rejection_rate']),{:.3f},"Supplement table cell (s9_C2, rejection); generated by ops/supplement_tables.py"
C3016_s9_C2_ks_p,S11,docs/SUPPLEMENT.md,"| C2 | anchor_shift | 30 | 1,000 | 0.054 | {} |",outputs/tables/null_calibration_C2.csv,float(d.set_index('metric')['value'].loc['ks_p_uniform']),{:.4f},"Supplement table cell (s9_C2, ks_p); generated by ops/supplement_tables.py"
C3017_s9_pooled_episodes,S11,docs/SUPPLEMENT.md,| pooled | circular_within_block_fw7 | {} |,outputs/tables/null_calibration_pooled.csv,int(float(d.set_index('metric')['value'].loc['n_episodes'])),{},"Supplement table cell (s9_pooled, episodes); generated by ops/supplement_tables.py"
C3018_s9_pooled_sims,S11,docs/SUPPLEMENT.md,| pooled | circular_within_block_fw7 | 45 | {} |,outputs/tables/null_calibration_pooled.csv,int(float(d.set_index('metric')['value'].loc['n_sims_completed'])),"{:,}","Supplement table cell (s9_pooled, sims); generated by ops/supplement_tables.py"
C3019_s9_pooled_rejection,S11,docs/SUPPLEMENT.md,| pooled | circular_within_block_fw7 | 45 | 200 | {} |,outputs/tables/null_calibration_pooled.csv,float(d.set_index('metric')['value'].loc['empirical_rejection_rate']),{:.3f},"Supplement table cell (s9_pooled, rejection); generated by ops/supplement_tables.py"
C3020_s9_pooled_ks_p,S11,docs/SUPPLEMENT.md,| pooled | circular_within_block_fw7 | 45 | 200 | 0.040 | {} |,outputs/tables/null_calibration_pooled.csv,float(d.set_index('metric')['value'].loc['ks_p_uniform']),{:.4f},"Supplement table cell (s9_pooled, ks_p); generated by ops/supplement_tables.py"
C3021_s10_discovery_mde_level,-,docs/SUPPLEMENT.md,| discovery | {} |,data/reference/power_analysis_prefreeze.csv,float(d.set_index('metric')['value'].loc['discovery.mde_worst_profile']),{:.5f},"Supplement table cell (s10_discovery, mde_level); generated by ops/supplement_tables.py"
C3022_s10_discovery_mde_dip,-,docs/SUPPLEMENT.md,| discovery | 0.00950 | {} |,data/reference/power_analysis_prefreeze.csv,float(d.set_index('metric')['value'].loc['discovery.mde_best_profile']),{:.5f},"Supplement table cell (s10_discovery, mde_dip); generated by ops/supplement_tables.py"
C3023_s10_discovery_ratio,-,docs/SUPPLEMENT.md,| discovery | 0.00950 | 0.00291 | {} |,data/reference/power_analysis_prefreeze.csv,float(d.set_index('metric')['value'].loc['discovery.mde_over_reference.minimum_of_interest']),{:.3f},"Supplement table cell (s10_discovery, ratio); generated by ops/supplement_tables.py"
C3024_s10_C1_mde_level,-,docs/SUPPLEMENT.md,| C1 | {} |,data/reference/power_analysis_prefreeze.csv,float(d.set_index('metric')['value'].loc['C1.mde_worst_profile']),{:.5f},"Supplement table cell (s10_C1, mde_level); generated by ops/supplement_tables.py"
C3025_s10_C1_mde_dip,-,docs/SUPPLEMENT.md,| C1 | 0.01156 | {} |,data/reference/power_analysis_prefreeze.csv,float(d.set_index('metric')['value'].loc['C1.mde_best_profile']),{:.5f},"Supplement table cell (s10_C1, mde_dip); generated by ops/supplement_tables.py"
C3026_s10_C1_ratio,-,docs/SUPPLEMENT.md,| C1 | 0.01156 | 0.00382 | {} |,data/reference/power_analysis_prefreeze.csv,float(d.set_index('metric')['value'].loc['C1.mde_over_reference.minimum_of_interest']),{:.3f},"Supplement table cell (s10_C1, ratio); generated by ops/supplement_tables.py"
C3027_s10_C2_mde_level,-,docs/SUPPLEMENT.md,| C2 | {} |,data/reference/power_analysis_prefreeze.csv,float(d.set_index('metric')['value'].loc['C2.mde_worst_profile']),{:.5f},"Supplement table cell (s10_C2, mde_level); generated by ops/supplement_tables.py"
C3028_s10_C2_mde_dip,-,docs/SUPPLEMENT.md,| C2 | 0.00875 | {} |,data/reference/power_analysis_prefreeze.csv,float(d.set_index('metric')['value'].loc['C2.mde_best_profile']),{:.5f},"Supplement table cell (s10_C2, mde_dip); generated by ops/supplement_tables.py"
C3029_s10_C2_ratio,-,docs/SUPPLEMENT.md,| C2 | 0.00875 | 0.00290 | {} |,data/reference/power_analysis_prefreeze.csv,float(d.set_index('metric')['value'].loc['C2.mde_over_reference.minimum_of_interest']),{:.3f},"Supplement table cell (s10_C2, ratio); generated by ops/supplement_tables.py"
