date,component,value
2015-01-01,trends_us,12.0
2015-01-02,trends_us,13.0
2015-01-03,trends_us,12.0
2015-01-04,trends_us,12.0
2015-01-05,trends_us,13.0
2015-01-06,trends_us,19.0
2015-01-07,trends_us,18.0
2015-01-08,trends_us,20.0
2015-01-09,trends_us,19.0
2015-01-10,trends_us,16.0
2015-01-11,trends_us,11.0
2015-01-12,trends_us,13.0
2015-01-13,trends_us,14.0
2015-01-14,trends_us,15.0
2015-01-15,trends_us,14.0
2015-01-16,trends_us,12.0
2015-01-17,trends_us,10.0
2015-01-18,trends_us,9.0
2015-01-19,trends_us,9.0
2015-01-20,trends_us,11.0
2015-01-21,trends_us,14.0
2015-01-22,trends_us,23.0
2015-01-23,trends_us,18.0
2015-01-24,trends_us,16.0
2015-01-25,trends_us,16.0
2015-01-26,trends_us,11.0
2015-01-27,trends_us,14.0
2015-01-28,trends_us,10.0
2015-01-29,trends_us,12.0
2015-01-30,trends_us,11.0
2015-01-31,trends_us,8.0
2015-02-01,trends_us,8.0
2015-02-02,trends_us,8.0
2015-02-03,trends_us,8.0
2015-02-04,trends_us,7.0
2015-02-05,trends_us,10.0
2015-02-06,trends_us,9.0
2015-02-07,trends_us,6.0
2015-02-08,trends_us,9.0
2015-02-09,trends_us,8.0
2015-02-10,trends_us,10.0
2015-02-11,trends_us,11.0
2015-02-12,trends_us,11.0
2015-02-13,trends_us,14.0
2015-02-14,trends_us,13.0
2015-02-15,trends_us,11.0
2015-02-16,trends_us,8.0
2015-02-17,trends_us,10.0
2015-02-18,trends_us,9.0
2015-02-19,trends_us,9.0
2015-02-20,trends_us,8.0
2015-02-21,trends_us,8.0
2015-02-22,trends_us,8.0
2015-02-23,trends_us,10.0
2015-02-24,trends_us,10.0
2015-02-25,trends_us,8.0
2015-02-26,trends_us,9.0
2015-02-27,trends_us,9.0
2015-02-28,trends_us,8.0
2015-03-01,trends_us,8.0
2015-03-02,trends_us,33.0
2015-03-03,trends_us,21.0
2015-03-04,trends_us,15.0
2015-03-05,trends_us,13.0
2015-03-06,trends_us,15.0
2015-03-07,trends_us,16.0
2015-03-08,trends_us,15.0
2015-03-09,trends_us,16.0
2015-03-10,trends_us,16.0
2015-03-11,trends_us,13.0
2015-03-12,trends_us,23.0
2015-03-13,trends_us,18.0
2015-03-14,trends_us,12.0
2015-03-15,trends_us,12.0
2015-03-16,trends_us,12.0
2015-03-17,trends_us,12.0
2015-03-18,trends_us,13.0
2015-03-19,trends_us,15.0
2015-03-20,trends_us,14.0
2015-03-21,trends_us,9.0
2015-03-22,trends_us,9.0
2015-03-23,trends_us,12.0
2015-03-24,trends_us,12.0
2015-03-25,trends_us,23.0
2015-03-26,trends_us,12.0
2015-03-27,trends_us,12.0
2015-03-28,trends_us,11.0
2015-03-29,trends_us,10.0
2015-03-30,trends_us,12.0
2015-03-31,trends_us,11.0
2015-04-01,trends_us,11.0
2015-04-02,trends_us,11.0
2015-04-03,trends_us,8.0
2015-04-04,trends_us,8.0
2015-04-05,trends_us,8.0
2015-04-06,trends_us,10.0
2015-04-07,trends_us,18.0
2015-04-08,trends_us,122.0
2015-04-09,trends_us,86.0
2015-04-10,trends_us,60.0
2015-04-11,trends_us,40.0
2015-04-12,trends_us,31.0
2015-04-13,trends_us,34.0
2015-04-14,trends_us,32.0
2015-04-15,trends_us,26.0
2015-04-16,trends_us,24.0
2015-04-17,trends_us,21.0
2015-04-18,trends_us,13.0
2015-04-19,trends_us,14.0
2015-04-20,trends_us,21.0
2015-04-21,trends_us,22.0
2015-04-22,trends_us,20.0
2015-04-23,trends_us,20.0
2015-04-24,trends_us,17.0
2015-04-25,trends_us,13.0
2015-04-26,trends_us,17.0
2015-04-27,trends_us,28.0
2015-04-28,trends_us,72.0
2015-04-29,trends_us,57.0
2015-04-30,trends_us,47.0
2015-05-01,trends_us,37.0
2015-05-02,trends_us,26.0
2015-05-03,trends_us,23.0
2015-05-04,trends_us,33.0
2015-05-05,trends_us,27.0
2015-05-06,trends_us,24.0
2015-05-07,trends_us,19.0
2015-05-08,trends_us,20.0
2015-05-09,trends_us,14.0
2015-05-10,trends_us,34.0
2015-05-11,trends_us,31.0
2015-05-12,trends_us,24.0
2015-05-13,trends_us,23.0
2015-05-14,trends_us,17.0
2015-05-15,trends_us,17.0
2015-05-16,trends_us,10.0
2015-05-17,trends_us,11.0
2015-05-18,trends_us,18.0
2015-05-19,trends_us,15.0
2015-05-20,trends_us,16.0
2015-05-21,trends_us,32.0
2015-05-22,trends_us,22.0
2015-05-23,trends_us,19.0
2015-05-24,trends_us,15.0
2015-05-25,trends_us,13.0
2015-05-26,trends_us,20.0
2015-05-27,trends_us,15.0
2015-05-28,trends_us,14.0
2015-05-29,trends_us,15.0
2015-05-30,trends_us,10.0
2015-05-31,trends_us,13.0
2015-06-01,trends_us,13.0
2015-06-02,trends_us,15.0
2015-06-03,trends_us,13.0
2015-06-04,trends_us,13.0
2015-06-05,trends_us,11.0
2015-06-06,trends_us,9.0
2015-06-07,trends_us,14.0
2015-06-08,trends_us,20.0
2015-06-09,trends_us,18.0
2015-06-10,trends_us,15.0
2015-06-11,trends_us,13.0
2015-06-12,trends_us,11.0
2015-06-13,trends_us,40.0
2015-06-14,trends_us,16.0
2015-06-15,trends_us,14.0
2015-06-16,trends_us,10.0
2015-06-17,trends_us,10.0
2015-06-18,trends_us,15.0
2015-06-19,trends_us,22.0
2015-06-20,trends_us,18.0
2015-06-21,trends_us,15.0
2015-06-22,trends_us,11.0
2015-06-23,trends_us,9.0
2015-06-24,trends_us,10.0
2015-06-25,trends_us,9.0
2015-06-26,trends_us,12.0
2015-06-27,trends_us,10.0
2015-06-28,trends_us,9.0
2015-06-29,trends_us,8.0
2015-06-30,trends_us,6.780824205436507
2015-07-01,trends_us,6.780824205436507
2015-07-02,trends_us,10.769544326281512
2015-07-03,trends_us,9.57292829002801
2015-07-04,trends_us,8.376312253774508
2015-07-05,trends_us,7.578568229605508
2015-07-06,trends_us,7.977440241690008
2015-07-07,trends_us,8.376312253774508
2015-07-08,trends_us,7.578568229605508
2015-07-09,trends_us,7.977440241690008
2015-07-10,trends_us,8.376312253774508
2015-07-11,trends_us,7.179696217521007
2015-07-12,trends_us,7.179696217521007
2015-07-13,trends_us,8.775184265859009
2015-07-14,trends_us,7.977440241690008
2015-07-15,trends_us,14.758264447126514
2015-07-16,trends_us,15.954880483380016
2015-07-17,trends_us,13.561648410873014
2015-07-18,trends_us,11.56728835045051
2015-07-19,trends_us,9.97180030211251
2015-07-20,trends_us,9.57292829002801
2015-07-21,trends_us,11.168416338366011
2015-07-22,trends_us,19.14585658005602
2015-07-23,trends_us,25.527808773408026
2015-07-24,trends_us,23.533448712985525
2015-07-25,trends_us,18.34811255588702
2015-07-26,trends_us,16.353752495464516
2015-07-27,trends_us,14.359392435042015
2015-07-28,trends_us,13.561648410873014
2015-07-29,trends_us,45.471409377633044
2015-07-30,trends_us,57.83644175225256
2015-07-31,trends_us,29.91540090633753
2015-08-01,trends_us,19.94360060422502
2015-08-02,trends_us,23.932320725070024
2015-08-03,trends_us,21.14021664047852
2015-08-04,trends_us,17.949240543802517
2015-08-05,trends_us,14.758264447126514
2015-08-06,trends_us,20.34247261630952
2015-08-07,trends_us,14.758264447126514
2015-08-08,trends_us,17.949240543802517
2015-08-09,trends_us,23.13457670090102
2015-08-10,trends_us,22.336832676732023
2015-08-11,trends_us,17.550368531718018
2015-08-12,trends_us,16.353752495464516
2015-08-13,trends_us,14.758264447126514
2015-08-14,trends_us,11.56728835045051
2015-08-15,trends_us,9.97180030211251
2015-08-16,trends_us,11.56728835045051
2015-08-17,trends_us,10.769544326281512
2015-08-18,trends_us,11.168416338366011
2015-08-19,trends_us,11.56728835045051
2015-08-20,trends_us,13.960520422957515
2015-08-21,trends_us,12.365032374619513
2015-08-22,trends_us,11.966160362535012
2015-08-23,trends_us,9.97180030211251
2015-08-24,trends_us,13.162776398788512
2015-08-25,trends_us,11.168416338366011
2015-08-26,trends_us,15.157136459211015
2015-08-27,trends_us,14.758264447126514
2015-08-28,trends_us,11.966160362535012
2015-08-29,trends_us,23.932320725070024
2015-08-30,trends_us,19.94360060422502
2015-08-31,trends_us,22.336832676732023
2015-09-01,trends_us,55.84208169183006
2015-09-02,trends_us,62.22403388518207
2015-09-03,trends_us,35.100737063436036
2015-09-04,trends_us,27.123296821746028
2015-09-05,trends_us,20.74134462839402
2015-09-06,trends_us,19.94360060422502
2015-09-07,trends_us,20.74134462839402
2015-09-08,trends_us,18.34811255588702
2015-09-09,trends_us,13.960520422957515
2015-09-10,trends_us,16.353752495464516
2015-09-11,trends_us,15.157136459211015
2015-09-12,trends_us,10.769544326281512
2015-09-13,trends_us,10.37067231419701
2015-09-14,trends_us,17.949240543802517
2015-09-15,trends_us,13.960520422957515
2015-09-16,trends_us,16.353752495464516
2015-09-17,trends_us,11.966160362535012
2015-09-18,trends_us,13.960520422957515
2015-09-19,trends_us,11.56728835045051
2015-09-20,trends_us,10.37067231419701
2015-09-21,trends_us,9.97180030211251
2015-09-22,trends_us,11.966160362535012
2015-09-23,trends_us,10.37067231419701
2015-09-24,trends_us,12.763904386704013
2015-09-25,trends_us,12.365032374619513
2015-09-26,trends_us,9.97180030211251
2015-09-27,trends_us,8.775184265859009
2015-09-28,trends_us,10.769544326281512
2015-09-29,trends_us,11.168416338366011
2015-09-30,trends_us,13.162776398788512
2015-10-01,trends_us,13.561648410873014
2015-10-02,trends_us,12.763904386704013
2015-10-03,trends_us,7.977440241690008
2015-10-04,trends_us,9.17405627794351
2015-10-05,trends_us,11.56728835045051
2015-10-06,trends_us,12.365032374619513
2015-10-07,trends_us,10.769544326281512
2015-10-08,trends_us,9.57292829002801
2015-10-09,trends_us,9.17405627794351
2015-10-10,trends_us,7.578568229605508
2015-10-11,trends_us,10.37067231419701
2015-10-12,trends_us,12.763904386704013
2015-10-13,trends_us,11.56728835045051
2015-10-14,trends_us,9.97180030211251
2015-10-15,trends_us,11.966160362535012
2015-10-16,trends_us,13.162776398788512
2015-10-17,trends_us,9.17405627794351
2015-10-18,trends_us,9.97180030211251
2015-10-19,trends_us,11.56728835045051
2015-10-20,trends_us,13.162776398788512
2015-10-21,trends_us,18.74698456797152
2015-10-22,trends_us,17.949240543802517
2015-10-23,trends_us,11.56728835045051
2015-10-24,trends_us,9.17405627794351
2015-10-25,trends_us,8.775184265859009
2015-10-26,trends_us,12.763904386704013
2015-10-27,trends_us,19.94360060422502
2015-10-28,trends_us,23.948900678670423
2015-10-29,trends_us,21.866387576177342
2015-10-30,trends_us,15.618848268698102
2015-10-31,trends_us,9.371308961218862
2015-11-01,trends_us,9.371308961218862
2015-11-02,trends_us,12.495078614958482
2015-11-03,trends_us,14.577591717451561
2015-11-04,trends_us,31.237696537396204
2015-11-05,trends_us,26.031413781163504
2015-11-06,trends_us,18.742617922437724
2015-11-07,trends_us,19.783874473684264
2015-11-08,trends_us,12.495078614958482
2015-11-09,trends_us,24.990157229916964
2015-11-10,trends_us,21.866387576177342
2015-11-11,trends_us,14.577591717451561
2015-11-12,trends_us,15.618848268698102
2015-11-13,trends_us,13.536335166205022
2015-11-14,trends_us,10.412565512465402
2015-11-15,trends_us,9.371308961218862
2015-11-16,trends_us,14.577591717451561
2015-11-17,trends_us,15.618848268698102
2015-11-18,trends_us,16.660104819944642
2015-11-19,trends_us,21.866387576177342
2015-11-20,trends_us,19.783874473684264
2015-11-21,trends_us,10.412565512465402
2015-11-22,trends_us,10.412565512465402
2015-11-23,trends_us,14.577591717451561
2015-11-24,trends_us,39.56774894736853
2015-11-25,trends_us,117.66199029085904
2015-11-26,trends_us,40.60900549861507
2015-11-27,trends_us,21.866387576177342
2015-11-28,trends_us,20.825131024930805
2015-11-29,trends_us,15.618848268698102
2015-11-30,trends_us,17.701361371191183
2015-12-01,trends_us,22.907644127423882
2015-12-02,trends_us,27.072670332410045
2015-12-03,trends_us,42.69151860110814
2015-12-04,trends_us,26.031413781163504
2015-12-05,trends_us,19.783874473684264
2015-12-06,trends_us,18.742617922437724
2015-12-07,trends_us,22.907644127423882
2015-12-08,trends_us,19.783874473684264
2015-12-09,trends_us,17.701361371191183
2015-12-10,trends_us,15.618848268698102
2015-12-11,trends_us,14.577591717451561
2015-12-12,trends_us,11.453822063711941
2015-12-13,trends_us,12.495078614958482
2015-12-14,trends_us,14.577591717451561
2015-12-15,trends_us,14.577591717451561
2015-12-16,trends_us,13.536335166205022
2015-12-17,trends_us,14.577591717451561
2015-12-18,trends_us,10.412565512465402
2015-12-19,trends_us,8.330052409972321
2015-12-20,trends_us,9.371308961218862
2015-12-21,trends_us,9.371308961218862
2015-12-22,trends_us,8.330052409972321
2015-12-23,trends_us,9.371308961218862
2015-12-24,trends_us,7.288795858725781
2015-12-25,trends_us,8.330052409972321
2015-12-26,trends_us,8.330052409972321
2015-12-27,trends_us,14.577591717451561
2015-12-28,trends_us,17.701361371191183
2015-12-29,trends_us,17.701361371191183
2015-12-30,trends_us,14.577591717451561
2015-12-31,trends_us,10.412565512465402
2016-01-01,trends_us,9.371308961218862
2016-01-02,trends_us,9.371308961218862
2016-01-03,trends_us,10.412565512465402
2016-01-04,trends_us,9.371308961218862
2016-01-05,trends_us,9.371308961218862
2016-01-06,trends_us,10.412565512465402
2016-01-07,trends_us,10.412565512465402
2016-01-08,trends_us,17.701361371191183
2016-01-09,trends_us,14.577591717451561
2016-01-10,trends_us,10.412565512465402
2016-01-11,trends_us,9.371308961218862
2016-01-12,trends_us,9.371308961218862
2016-01-13,trends_us,9.371308961218862
2016-01-14,trends_us,9.371308961218862
2016-01-15,trends_us,11.453822063711941
2016-01-16,trends_us,7.288795858725781
2016-01-17,trends_us,6.247539307479241
2016-01-18,trends_us,12.495078614958482
2016-01-19,trends_us,11.453822063711941
2016-01-20,trends_us,9.371308961218862
2016-01-21,trends_us,10.412565512465402
2016-01-22,trends_us,8.330052409972321
2016-01-23,trends_us,7.288795858725781
2016-01-24,trends_us,7.288795858725781
2016-01-25,trends_us,8.330052409972321
2016-01-26,trends_us,10.412565512465402
2016-01-27,trends_us,10.412565512465402
2016-01-28,trends_us,14.577591717451561
2016-01-29,trends_us,12.495078614958482
2016-01-30,trends_us,9.371308961218862
2016-01-31,trends_us,8.330052409972321
2016-02-01,trends_us,9.371308961218862
2016-02-02,trends_us,9.371308961218862
2016-02-03,trends_us,10.412565512465402
2016-02-04,trends_us,9.371308961218862
2016-02-05,trends_us,10.412565512465402
2016-02-06,trends_us,10.412565512465402
2016-02-07,trends_us,9.371308961218862
2016-02-08,trends_us,10.412565512465402
2016-02-09,trends_us,12.495078614958482
2016-02-10,trends_us,15.618848268698102
2016-02-11,trends_us,23.948900678670423
2016-02-12,trends_us,24.990157229916964
2016-02-13,trends_us,15.618848268698102
2016-02-14,trends_us,11.453822063711941
2016-02-15,trends_us,10.412565512465402
2016-02-16,trends_us,12.495078614958482
2016-02-17,trends_us,12.495078614958482
2016-02-18,trends_us,12.495078614958482
2016-02-19,trends_us,12.495078614958482
2016-02-20,trends_us,11.453822063711941
2016-02-21,trends_us,12.495078614958482
2016-02-22,trends_us,13.536335166205022
2016-02-23,trends_us,12.495078614958482
2016-02-24,trends_us,13.536335166205022
2016-02-25,trends_us,14.114452931654734
2016-02-26,trends_us,13.82343328357938
2016-02-27,trends_us,9.167118914373694
2016-02-28,trends_us,31.2846121681007
2016-02-29,trends_us,25.318709382555916
2016-03-01,trends_us,24.44565043832985
2016-03-02,trends_us,19.643826245086487
2016-03-03,trends_us,17.170159236445965
2016-03-04,trends_us,11.93180557108957
2016-03-05,trends_us,9.603648386486727
2016-03-06,trends_us,9.021609090336016
2016-03-07,trends_us,11.20425645090118
2016-03-08,trends_us,11.640785923014214
2016-03-09,trends_us,11.20425645090118
2016-03-10,trends_us,11.640785923014214
2016-03-11,trends_us,9.749158210524405
2016-03-12,trends_us,7.857530498034595
2016-03-13,trends_us,11.20425645090118
2016-03-14,trends_us,25.464219206593594
2016-03-15,trends_us,17.752198532596676
2016-03-16,trends_us,14.40547257973009
2016-03-17,trends_us,14.114452931654734
2016-03-18,trends_us,13.386903811466347
2016-03-19,trends_us,11.349766274938858
2016-03-20,trends_us,10.767726978788149
2016-03-21,trends_us,14.259962755692412
2016-03-22,trends_us,12.659354691277958
2016-03-23,trends_us,9.749158210524405
2016-03-24,trends_us,10.331197506675116
2016-03-25,trends_us,9.312628738411371
2016-03-26,trends_us,9.749158210524405
2016-03-27,trends_us,9.894668034562082
2016-03-28,trends_us,11.058746626863503
2016-03-29,trends_us,10.331197506675116
2016-03-30,trends_us,12.51384486724028
2016-03-31,trends_us,12.222825219164925
2016-04-01,trends_us,14.696492227805445
2016-04-02,trends_us,9.894668034562082
2016-04-03,trends_us,8.73058944226066
2016-04-04,trends_us,11.349766274938858
2016-04-05,trends_us,9.021609090336016
2016-04-06,trends_us,10.331197506675116
2016-04-07,trends_us,9.603648386486727
2016-04-08,trends_us,10.185687682637438
2016-04-09,trends_us,8.876099266298338
2016-04-10,trends_us,8.585079618222982
2016-04-11,trends_us,10.913236802825825
2016-04-12,trends_us,11.786295747051891
2016-04-13,trends_us,13.241393987428669
2016-04-14,trends_us,11.786295747051891
2016-04-15,trends_us,9.021609090336016
2016-04-16,trends_us,7.129981377846206
2016-04-17,trends_us,7.129981377846206
2016-04-18,trends_us,10.04017785859976
2016-04-19,trends_us,11.349766274938858
2016-04-20,trends_us,10.622217154750471
2016-04-21,trends_us,8.585079618222982
2016-04-22,trends_us,8.73058944226066
2016-04-23,trends_us,7.2754912018838835
2016-04-24,trends_us,8.294059970147627
2016-04-25,trends_us,9.458138562449049
2016-04-26,trends_us,10.913236802825825
2016-04-27,trends_us,10.331197506675116
2016-04-28,trends_us,11.20425645090118
2016-04-29,trends_us,9.312628738411371
2016-04-30,trends_us,7.2754912018838835
2016-05-01,trends_us,7.129981377846206
2016-05-02,trends_us,8.73058944226066
2016-05-03,trends_us,8.876099266298338
2016-05-04,trends_us,10.185687682637438
2016-05-05,trends_us,10.185687682637438
2016-05-06,trends_us,10.476707330712793
2016-05-07,trends_us,5.674883137469429
2016-05-08,trends_us,8.003040322072271
2016-05-09,trends_us,9.167118914373694
2016-05-10,trends_us,10.767726978788149
2016-05-11,trends_us,10.185687682637438
2016-05-12,trends_us,11.640785923014214
2016-05-13,trends_us,12.950374339353314
2016-05-14,trends_us,8.876099266298338
2016-05-15,trends_us,8.439569794185305
2016-05-16,trends_us,9.167118914373694
2016-05-17,trends_us,8.73058944226066
2016-05-18,trends_us,11.20425645090118
2016-05-19,trends_us,12.804864515315636
2016-05-20,trends_us,12.950374339353314
2016-05-21,trends_us,8.14855014610995
2016-05-22,trends_us,12.51384486724028
2016-05-23,trends_us,13.386903811466347
2016-05-24,trends_us,11.349766274938858
2016-05-25,trends_us,9.749158210524405
2016-05-26,trends_us,10.622217154750471
2016-05-27,trends_us,9.167118914373694
2016-05-28,trends_us,5.965902785544785
2016-05-29,trends_us,8.585079618222982
2016-05-30,trends_us,6.402432257657818
2016-05-31,trends_us,8.003040322072271
2016-06-01,trends_us,10.331197506675116
2016-06-02,trends_us,16.442610116257576
2016-06-03,trends_us,10.913236802825825
2016-06-04,trends_us,9.021609090336016
2016-06-05,trends_us,9.312628738411371
2016-06-06,trends_us,8.003040322072271
2016-06-07,trends_us,6.838961729770851
2016-06-08,trends_us,7.712020673996917
2016-06-09,trends_us,8.585079618222982
2016-06-10,trends_us,9.312628738411371
2016-06-11,trends_us,8.14855014610995
2016-06-12,trends_us,17.46117888452132
2016-06-13,trends_us,15.860570820106867
2016-06-14,trends_us,18.77076730086042
2016-06-15,trends_us,15.424041347993834
2016-06-16,trends_us,11.640785923014214
2016-06-17,trends_us,10.331197506675116
2016-06-18,trends_us,7.566510849959239
2016-06-19,trends_us,6.25692243362014
2016-06-20,trends_us,9.021609090336016
2016-06-21,trends_us,8.14855014610995
2016-06-22,trends_us,8.294059970147627
2016-06-23,trends_us,9.458138562449049
2016-06-24,trends_us,6.2432149864281845
2016-06-25,trends_us,6.2432149864281845
2016-06-26,trends_us,6.2432149864281845
2016-06-27,trends_us,12.486429972856369
2016-06-28,trends_us,12.486429972856369
2016-06-29,trends_us,12.486429972856369
2016-06-30,trends_us,0.0
2016-07-01,trends_us,6.2432149864281845
2016-07-02,trends_us,0.0
2016-07-03,trends_us,6.2432149864281845
2016-07-04,trends_us,0.0
2016-07-05,trends_us,6.2432149864281845
2016-07-06,trends_us,99.89143978285095
2016-07-07,trends_us,387.07932915854747
2016-07-08,trends_us,899.0229580456586
2016-07-09,trends_us,355.8632542264065
2016-07-10,trends_us,174.81001961998916
2016-07-11,trends_us,131.10751471499188
2016-07-12,trends_us,87.40500980999458
2016-07-13,trends_us,68.67536485071003
2016-07-14,trends_us,56.18893487785366
2016-07-15,trends_us,49.945719891425476
2016-07-16,trends_us,31.216074932140923
2016-07-17,trends_us,224.75573951141465
2016-07-18,trends_us,118.62108474213551
2016-07-19,trends_us,68.67536485071003
2016-07-20,trends_us,56.18893487785366
2016-07-21,trends_us,68.67536485071003
2016-07-22,trends_us,56.18893487785366
2016-07-23,trends_us,18.729644959284553
2016-07-24,trends_us,18.729644959284553
2016-07-25,trends_us,18.729644959284553
2016-07-26,trends_us,18.729644959284553
2016-07-27,trends_us,12.486429972856369
2016-07-28,trends_us,12.486429972856369
2016-07-29,trends_us,43.70250490499729
2016-07-30,trends_us,24.972859945712738
2016-07-31,trends_us,12.486429972856369
2016-08-01,trends_us,12.486429972856369
2016-08-02,trends_us,12.486429972856369
2016-08-03,trends_us,18.729644959284553
2016-08-04,trends_us,12.486429972856369
2016-08-05,trends_us,31.216074932140923
2016-08-06,trends_us,24.972859945712738
2016-08-07,trends_us,18.729644959284553
2016-08-08,trends_us,12.486429972856369
2016-08-09,trends_us,12.486429972856369
2016-08-10,trends_us,18.729644959284553
2016-08-11,trends_us,12.486429972856369
2016-08-12,trends_us,12.486429972856369
2016-08-13,trends_us,12.486429972856369
2016-08-14,trends_us,31.216074932140923
2016-08-15,trends_us,18.729644959284553
2016-08-16,trends_us,12.486429972856369
2016-08-17,trends_us,12.486429972856369
2016-08-18,trends_us,12.486429972856369
2016-08-19,trends_us,6.2432149864281845
2016-08-20,trends_us,6.2432149864281845
2016-08-21,trends_us,6.2432149864281845
2016-08-22,trends_us,6.2432149864281845
2016-08-23,trends_us,12.486429972856369
2016-08-24,trends_us,12.486429972856369
2016-08-25,trends_us,6.2432149864281845
2016-08-26,trends_us,12.486429972856369
2016-08-27,trends_us,12.486429972856369
2016-08-28,trends_us,12.486429972856369
2016-08-29,trends_us,12.486429972856369
2016-08-30,trends_us,12.486429972856369
2016-08-31,trends_us,18.729644959284553
2016-09-01,trends_us,12.486429972856369
2016-09-02,trends_us,12.486429972856369
2016-09-03,trends_us,12.486429972856369
2016-09-04,trends_us,12.486429972856369
2016-09-05,trends_us,12.486429972856369
2016-09-06,trends_us,12.486429972856369
2016-09-07,trends_us,6.2432149864281845
2016-09-08,trends_us,12.486429972856369
2016-09-09,trends_us,12.486429972856369
2016-09-10,trends_us,12.486429972856369
2016-09-11,trends_us,12.486429972856369
2016-09-12,trends_us,12.486429972856369
2016-09-13,trends_us,18.729644959284553
2016-09-14,trends_us,18.729644959284553
2016-09-15,trends_us,18.729644959284553
2016-09-16,trends_us,12.486429972856369
2016-09-17,trends_us,18.729644959284553
2016-09-18,trends_us,12.486429972856369
2016-09-19,trends_us,18.729644959284553
2016-09-20,trends_us,99.89143978285095
2016-09-21,trends_us,143.59394468784825
2016-09-22,trends_us,124.8642997285637
2016-09-23,trends_us,99.89143978285095
2016-09-24,trends_us,87.40500980999458
2016-09-25,trends_us,74.91857983713821
2016-09-26,trends_us,37.459289918569105
2016-09-27,trends_us,31.216074932140923
2016-09-28,trends_us,49.945719891425476
2016-09-29,trends_us,37.459289918569105
2016-09-30,trends_us,37.459289918569105
2016-10-01,trends_us,18.729644959284553
2016-10-02,trends_us,18.729644959284553
2016-10-03,trends_us,18.729644959284553
2016-10-04,trends_us,24.972859945712738
2016-10-05,trends_us,24.972859945712738
2016-10-06,trends_us,24.972859945712738
2016-10-07,trends_us,18.729644959284553
2016-10-08,trends_us,12.486429972856369
2016-10-09,trends_us,31.216074932140923
2016-10-10,trends_us,24.972859945712738
2016-10-11,trends_us,18.729644959284553
2016-10-12,trends_us,18.729644959284553
2016-10-13,trends_us,24.972859945712738
2016-10-14,trends_us,18.729644959284553
2016-10-15,trends_us,6.2432149864281845
2016-10-16,trends_us,6.2432149864281845
2016-10-17,trends_us,18.729644959284553
2016-10-18,trends_us,18.729644959284553
2016-10-19,trends_us,18.729644959284553
2016-10-20,trends_us,18.729644959284553
2016-10-21,trends_us,18.729644959284553
2016-10-22,trends_us,7.890470387225006
2016-10-23,trends_us,10.849396782434384
2016-10-24,trends_us,12.822014379240635
2016-10-25,trends_us,13.80832317764376
2016-10-26,trends_us,13.80832317764376
2016-10-27,trends_us,11.835705580837509
2016-10-28,trends_us,10.849396782434384
2016-10-29,trends_us,8.876779185628132
2016-10-30,trends_us,10.849396782434384
2016-10-31,trends_us,11.835705580837509
2016-11-01,trends_us,13.80832317764376
2016-11-02,trends_us,59.17852790418755
2016-11-03,trends_us,30.5755727504969
2016-11-04,trends_us,20.712484766465643
2016-11-05,trends_us,17.753558371256265
2016-11-06,trends_us,14.794631976046887
2016-11-07,trends_us,17.753558371256265
2016-11-08,trends_us,13.80832317764376
2016-11-09,trends_us,11.835705580837509
2016-11-10,trends_us,21.69879356486877
2016-11-11,trends_us,15.780940774450013
2016-11-12,trends_us,12.822014379240635
2016-11-13,trends_us,10.849396782434384
2016-11-14,trends_us,14.794631976046887
2016-11-15,trends_us,13.80832317764376
2016-11-16,trends_us,15.780940774450013
2016-11-17,trends_us,12.822014379240635
2016-11-18,trends_us,10.849396782434384
2016-11-19,trends_us,7.890470387225006
2016-11-20,trends_us,11.835705580837509
2016-11-21,trends_us,32.54819034730315
2016-11-22,trends_us,24.657719960078143
2016-11-23,trends_us,18.73986716965939
2016-11-24,trends_us,11.835705580837509
2016-11-25,trends_us,10.849396782434384
2016-11-26,trends_us,9.863087984031258
2016-11-27,trends_us,8.876779185628132
2016-11-28,trends_us,11.835705580837509
2016-11-29,trends_us,13.80832317764376
2016-11-30,trends_us,18.73986716965939
2016-12-01,trends_us,25.64402875848127
2016-12-02,trends_us,15.780940774450013
2016-12-03,trends_us,11.835705580837509
2016-12-04,trends_us,9.863087984031258
2016-12-05,trends_us,13.80832317764376
2016-12-06,trends_us,15.780940774450013
2016-12-07,trends_us,16.76724957285314
2016-12-08,trends_us,19.726175968062517
2016-12-09,trends_us,14.794631976046887
2016-12-10,trends_us,8.876779185628132
2016-12-11,trends_us,8.876779185628132
2016-12-12,trends_us,11.835705580837509
2016-12-13,trends_us,12.822014379240635
2016-12-14,trends_us,11.835705580837509
2016-12-15,trends_us,10.849396782434384
2016-12-16,trends_us,11.835705580837509
2016-12-17,trends_us,8.876779185628132
2016-12-18,trends_us,6.90416158882188
2016-12-19,trends_us,6.90416158882188
2016-12-20,trends_us,6.90416158882188
2016-12-21,trends_us,6.90416158882188
2016-12-22,trends_us,8.876779185628132
2016-12-23,trends_us,6.90416158882188
2016-12-24,trends_us,5.917852790418754
2016-12-25,trends_us,5.917852790418754
2016-12-26,trends_us,5.917852790418754
2016-12-27,trends_us,5.917852790418754
2016-12-28,trends_us,5.917852790418754
2016-12-29,trends_us,7.890470387225006
2016-12-30,trends_us,8.876779185628132
2016-12-31,trends_us,10.849396782434384
2017-01-01,trends_us,9.863087984031258
2017-01-02,trends_us,7.890470387225006
2017-01-03,trends_us,10.849396782434384
2017-01-04,trends_us,7.890470387225006
2017-01-05,trends_us,9.863087984031258
2017-01-06,trends_us,9.863087984031258
2017-01-07,trends_us,6.90416158882188
2017-01-08,trends_us,5.917852790418754
2017-01-09,trends_us,19.726175968062517
2017-01-10,trends_us,16.76724957285314
2017-01-11,trends_us,12.822014379240635
2017-01-12,trends_us,10.849396782434384
2017-01-13,trends_us,12.822014379240635
2017-01-14,trends_us,10.849396782434384
2017-01-15,trends_us,6.90416158882188
2017-01-16,trends_us,7.890470387225006
2017-01-17,trends_us,10.849396782434384
2017-01-18,trends_us,17.753558371256265
2017-01-19,trends_us,13.80832317764376
2017-01-20,trends_us,13.80832317764376
2017-01-21,trends_us,10.849396782434384
2017-01-22,trends_us,8.876779185628132
2017-01-23,trends_us,8.876779185628132
2017-01-24,trends_us,11.835705580837509
2017-01-25,trends_us,10.849396782434384
2017-01-26,trends_us,9.863087984031258
2017-01-27,trends_us,9.863087984031258
2017-01-28,trends_us,7.890470387225006
2017-01-29,trends_us,7.890470387225006
2017-01-30,trends_us,8.876779185628132
2017-01-31,trends_us,9.863087984031258
2017-02-01,trends_us,9.863087984031258
2017-02-02,trends_us,8.876779185628132
2017-02-03,trends_us,8.876779185628132
2017-02-04,trends_us,6.90416158882188
2017-02-05,trends_us,6.90416158882188
2017-02-06,trends_us,6.90416158882188
2017-02-07,trends_us,7.890470387225006
2017-02-08,trends_us,7.890470387225006
2017-02-09,trends_us,9.863087984031258
2017-02-10,trends_us,8.876779185628132
2017-02-11,trends_us,9.863087984031258
2017-02-12,trends_us,7.890470387225006
2017-02-13,trends_us,8.876779185628132
2017-02-14,trends_us,8.876779185628132
2017-02-15,trends_us,8.876779185628132
2017-02-16,trends_us,9.863087984031258
2017-02-17,trends_us,7.890470387225006
2017-02-18,trends_us,8.876779185628132
2017-02-19,trends_us,7.2050187730682715
2017-02-20,trends_us,13.334661609857696
2017-02-21,trends_us,20.754755570181736
2017-02-22,trends_us,12.366823267206735
2017-02-23,trends_us,13.334661609857696
2017-02-24,trends_us,12.25928567357885
2017-02-25,trends_us,8.280394709347117
2017-02-26,trends_us,7.63516914757981
2017-02-27,trends_us,8.603007490230771
2017-02-28,trends_us,12.044210486323081
2017-03-01,trends_us,9.893458613765388
2017-03-02,trends_us,9.03315786474231
2017-03-03,trends_us,9.570845832881734
2017-03-04,trends_us,7.097481179440387
2017-03-05,trends_us,6.0221052431615405
2017-03-06,trends_us,7.312556366696156
2017-03-07,trends_us,8.387932302975003
2017-03-08,trends_us,8.387932302975003
2017-03-09,trends_us,7.63516914757981
2017-03-10,trends_us,8.818082677486542
2017-03-11,trends_us,6.989943585812502
2017-03-12,trends_us,7.527631553951926
2017-03-13,trends_us,10.108533801021157
2017-03-14,trends_us,13.227124016229812
2017-03-15,trends_us,10.216071394649042
2017-03-16,trends_us,10.86129695641635
2017-03-17,trends_us,8.925620271114425
2017-03-18,trends_us,8.280394709347117
2017-03-19,trends_us,7.85024433483558
2017-03-20,trends_us,9.785921020137502
2017-03-21,trends_us,9.140695458370194
2017-03-22,trends_us,11.076372143672119
2017-03-23,trends_us,12.25928567357885
2017-03-24,trends_us,9.893458613765388
2017-03-25,trends_us,7.63516914757981
2017-03-26,trends_us,7.63516914757981
2017-03-27,trends_us,10.108533801021157
2017-03-28,trends_us,10.968834550044233
2017-03-29,trends_us,11.076372143672119
2017-03-30,trends_us,9.785921020137502
2017-03-31,trends_us,8.495469896602888
2017-04-01,trends_us,7.097481179440387
2017-04-02,trends_us,9.355770645625965
2017-04-03,trends_us,9.570845832881734
2017-04-04,trends_us,9.463308239253848
2017-04-05,trends_us,9.570845832881734
2017-04-06,trends_us,9.893458613765388
2017-04-07,trends_us,7.312556366696156
2017-04-08,trends_us,6.237180430417309
2017-04-09,trends_us,7.2050187730682715
2017-04-10,trends_us,9.24823305199808
2017-04-11,trends_us,9.570845832881734
2017-04-12,trends_us,9.463308239253848
2017-04-13,trends_us,8.065319522091349
2017-04-14,trends_us,8.818082677486542
2017-04-15,trends_us,6.774868398556733
2017-04-16,trends_us,7.742706741207694
2017-04-17,trends_us,12.25928567357885
2017-04-18,trends_us,10.43114658190481
2017-04-19,trends_us,9.785921020137502
2017-04-20,trends_us,14.84018792064808
2017-04-21,trends_us,14.194962358880774
2017-04-22,trends_us,8.710545083858657
2017-04-23,trends_us,7.527631553951926
2017-04-24,trends_us,10.108533801021157
2017-04-25,trends_us,10.64622176916058
2017-04-26,trends_us,13.65727439074135
2017-04-27,trends_us,14.84018792064808
2017-04-28,trends_us,10.000996207393273
2017-04-29,trends_us,7.312556366696156
2017-04-30,trends_us,8.925620271114425
2017-05-01,trends_us,13.979887171625004
2017-05-02,trends_us,16.560789418694235
2017-05-03,trends_us,21.07736835106539
2017-05-04,trends_us,16.130639044182697
2017-05-05,trends_us,11.183909737300004
2017-05-06,trends_us,11.183909737300004
2017-05-07,trends_us,10.968834550044233
2017-05-08,trends_us,11.398984924555773
2017-05-09,trends_us,11.506522518183658
2017-05-10,trends_us,10.64622176916058
2017-05-11,trends_us,12.904511235346158
2017-05-12,trends_us,14.625112733392312
2017-05-13,trends_us,11.614060111811542
2017-05-14,trends_us,7.527631553951926
2017-05-15,trends_us,10.323608988276927
2017-05-16,trends_us,11.398984924555773
2017-05-17,trends_us,9.570845832881734
2017-05-18,trends_us,13.012048828974043
2017-05-19,trends_us,9.463308239253848
2017-05-20,trends_us,7.63516914757981
2017-05-21,trends_us,7.957781928463464
2017-05-22,trends_us,9.678383426509619
2017-05-23,trends_us,8.280394709347117
2017-05-24,trends_us,8.172857115719234
2017-05-25,trends_us,7.2050187730682715
2017-05-26,trends_us,5.914567649533655
2017-05-27,trends_us,7.2050187730682715
2017-05-28,trends_us,7.742706741207694
2017-05-29,trends_us,7.42009396032404
2017-05-30,trends_us,9.570845832881734
2017-05-31,trends_us,9.893458613765388
2017-06-01,trends_us,8.172857115719234
2017-06-02,trends_us,7.527631553951926
2017-06-03,trends_us,6.774868398556733
2017-06-04,trends_us,6.559793211300963
2017-06-05,trends_us,7.527631553951926
2017-06-06,trends_us,7.097481179440387
2017-06-07,trends_us,7.957781928463464
2017-06-08,trends_us,7.63516914757981
2017-06-09,trends_us,8.387932302975003
2017-06-10,trends_us,6.667330804928848
2017-06-11,trends_us,6.0221052431615405
2017-06-12,trends_us,9.24823305199808
2017-06-13,trends_us,10.538684175532696
2017-06-14,trends_us,12.151748079950965
2017-06-15,trends_us,8.603007490230771
2017-06-16,trends_us,10.000996207393273
2017-06-17,trends_us,16.02310145055481
2017-06-18,trends_us,10.000996207393273
2017-06-19,trends_us,14.544244629657134
2017-06-20,trends_us,15.021105109318023
2017-06-21,trends_us,21.458721584740033
2017-06-22,trends_us,20.26657038558781
2017-06-23,trends_us,15.021105109318023
2017-06-24,trends_us,11.921511991522241
2017-06-25,trends_us,11.683081751691796
2017-06-26,trends_us,10.252500312709127
2017-06-27,trends_us,8.106628154235123
2017-06-28,trends_us,9.298779353387348
2017-06-29,trends_us,9.775639833048237
2017-06-30,trends_us,13.113663190674465
2017-07-01,trends_us,8.345058394065568
2017-07-02,trends_us,8.106628154235123
2017-07-03,trends_us,7.8681979144046785
2017-07-04,trends_us,6.676046715252455
2017-07-05,trends_us,15.497965588978913
2017-07-06,trends_us,13.590523670335354
2017-07-07,trends_us,11.444651511861352
2017-07-08,trends_us,9.537209593217792
2017-07-09,trends_us,8.345058394065568
2017-07-10,trends_us,9.537209593217792
2017-07-11,trends_us,9.775639833048237
2017-07-12,trends_us,9.537209593217792
2017-07-13,trends_us,8.106628154235123
2017-07-14,trends_us,7.8681979144046785
2017-07-15,trends_us,7.629767674574234
2017-07-16,trends_us,8.583488633896014
2017-07-17,trends_us,20.028140145757366
2017-07-18,trends_us,30.042210218636047
2017-07-19,trends_us,20.505000625418255
2017-07-20,trends_us,15.259535349148468
2017-07-21,trends_us,11.683081751691796
2017-07-22,trends_us,17.40540750762247
2017-07-23,trends_us,10.729360792370016
2017-07-24,trends_us,10.252500312709127
2017-07-25,trends_us,10.014070072878683
2017-07-26,trends_us,10.252500312709127
2017-07-27,trends_us,9.060349113556903
2017-07-28,trends_us,14.544244629657134
2017-07-29,trends_us,21.458721584740033
2017-07-30,trends_us,13.590523670335354
2017-07-31,trends_us,9.775639833048237
2017-08-01,trends_us,10.490930552539572
2017-08-02,trends_us,10.252500312709127
2017-08-03,trends_us,8.583488633896014
2017-08-04,trends_us,6.4376164754220095
2017-08-05,trends_us,7.3913374347437895
2017-08-06,trends_us,8.583488633896014
2017-08-07,trends_us,11.921511991522241
2017-08-08,trends_us,8.821918873726458
2017-08-09,trends_us,8.821918873726458
2017-08-10,trends_us,7.629767674574234
2017-08-11,trends_us,9.060349113556903
2017-08-12,trends_us,10.967791032200461
2017-08-13,trends_us,13.35209343050491
2017-08-14,trends_us,11.444651511861352
2017-08-15,trends_us,10.967791032200461
2017-08-16,trends_us,11.683081751691796
2017-08-17,trends_us,9.537209593217792
2017-08-18,trends_us,8.583488633896014
2017-08-19,trends_us,38.62569885253206
2017-08-20,trends_us,16.92854702796158
2017-08-21,trends_us,8.345058394065568
2017-08-22,trends_us,8.106628154235123
2017-08-23,trends_us,8.345058394065568
2017-08-24,trends_us,9.060349113556903
2017-08-25,trends_us,7.152907194913344
2017-08-26,trends_us,5.4838955161002305
2017-08-27,trends_us,5.722325755930676
2017-08-28,trends_us,5.9607559957611205
2017-08-29,trends_us,7.629767674574234
2017-08-30,trends_us,8.345058394065568
2017-08-31,trends_us,9.537209593217792
2017-09-01,trends_us,8.583488633896014
2017-09-02,trends_us,7.629767674574234
2017-09-03,trends_us,7.3913374347437895
2017-09-04,trends_us,6.4376164754220095
2017-09-05,trends_us,7.152907194913344
2017-09-06,trends_us,6.676046715252455
2017-09-07,trends_us,8.821918873726458
2017-09-08,trends_us,6.676046715252455
2017-09-09,trends_us,7.8681979144046785
2017-09-10,trends_us,7.3913374347437895
2017-09-11,trends_us,13.35209343050491
2017-09-12,trends_us,8.583488633896014
2017-09-13,trends_us,7.629767674574234
2017-09-14,trends_us,7.8681979144046785
2017-09-15,trends_us,11.206221272030906
2017-09-16,trends_us,11.444651511861352
2017-09-17,trends_us,9.775639833048237
2017-09-18,trends_us,11.444651511861352
2017-09-19,trends_us,10.967791032200461
2017-09-20,trends_us,10.490930552539572
2017-09-21,trends_us,9.775639833048237
2017-09-22,trends_us,10.967791032200461
2017-09-23,trends_us,17.88226798728336
2017-09-24,trends_us,21.69715182457048
2017-09-25,trends_us,29.32691949914471
2017-09-26,trends_us,29.565349738975158
2017-09-27,trends_us,26.942617100840263
2017-09-28,trends_us,23.604593743214036
2017-09-29,trends_us,20.505000625418255
2017-09-30,trends_us,16.213256308470246
2017-10-01,trends_us,13.590523670335354
2017-10-02,trends_us,29.32691949914471
2017-10-03,trends_us,19.78970990592692
2017-10-04,trends_us,19.78970990592692
2017-10-05,trends_us,15.259535349148468
2017-10-06,trends_us,14.305814389826688
2017-10-07,trends_us,10.967791032200461
2017-10-08,trends_us,11.206221272030906
2017-10-09,trends_us,14.544244629657134
2017-10-10,trends_us,19.78970990592692
2017-10-11,trends_us,14.544244629657134
2017-10-12,trends_us,13.35209343050491
2017-10-13,trends_us,12.875232950844019
2017-10-14,trends_us,9.775639833048237
2017-10-15,trends_us,9.537209593217792
2017-10-16,trends_us,10.967791032200461
2017-10-17,trends_us,11.206221272030906
2017-10-18,trends_us,10.96779103220046
2017-10-19,trends_us,11.92151199152224
2017-10-20,trends_us,8.821918873726457
2017-10-21,trends_us,7.629767674574233
2017-10-22,trends_us,8.821918873726457
2017-10-23,trends_us,10.729360792370015
2017-10-24,trends_us,9.537209593217792
2017-10-25,trends_us,9.060349113556901
2017-10-26,trends_us,9.298779353387346
2017-10-27,trends_us,8.583488633896012
2017-10-28,trends_us,5.96075599576112
2017-10-29,trends_us,7.152907194913343
2017-10-30,trends_us,9.060349113556901
2017-10-31,trends_us,10.96779103220046
2017-11-01,trends_us,9.298779353387346
2017-11-02,trends_us,11.206221272030906
2017-11-03,trends_us,9.298779353387346
2017-11-04,trends_us,6.914476955082899
2017-11-05,trends_us,12.398372471183128
2017-11-06,trends_us,13.828953910165797
2017-11-07,trends_us,12.875232950844019
2017-11-08,trends_us,11.44465151186135
2017-11-09,trends_us,11.206221272030906
2017-11-10,trends_us,10.49093055253957
2017-11-11,trends_us,9.060349113556901
2017-11-12,trends_us,7.629767674574233
2017-11-13,trends_us,9.775639833048237
2017-11-14,trends_us,12.398372471183128
2017-11-15,trends_us,10.96779103220046
2017-11-16,trends_us,16.690116788131135
2017-11-17,trends_us,11.206221272030906
2017-11-18,trends_us,12.159942231352684
2017-11-19,trends_us,10.014070072878681
2017-11-20,trends_us,10.014070072878681
2017-11-21,trends_us,8.583488633896012
2017-11-22,trends_us,6.914476955082899
2017-11-23,trends_us,7.391337434743789
2017-11-24,trends_us,7.868197914404678
2017-11-25,trends_us,7.152907194913343
2017-11-26,trends_us,6.4376164754220095
2017-11-27,trends_us,9.537209593217792
2017-11-28,trends_us,9.775639833048237
2017-11-29,trends_us,10.014070072878681
2017-11-30,trends_us,9.775639833048237
2017-12-01,trends_us,9.537209593217792
2017-12-02,trends_us,7.152907194913343
2017-12-03,trends_us,6.914476955082899
2017-12-04,trends_us,10.252500312709126
2017-12-05,trends_us,12.875232950844019
2017-12-06,trends_us,10.96779103220046
2017-12-07,trends_us,11.683081751691795
2017-12-08,trends_us,18.59755870677469
2017-12-09,trends_us,29.803779978805597
2017-12-10,trends_us,19.074419186435584
2017-12-11,trends_us,18.59755870677469
2017-12-12,trends_us,16.45168654830069
2017-12-13,trends_us,12.159942231352684
2017-12-14,trends_us,12.636802711013573
2017-12-15,trends_us,11.683081751691795
2017-12-16,trends_us,7.629767674574233
2017-12-17,trends_us,6.914476955082899
2017-12-18,trends_us,8.583488633896012
2017-12-19,trends_us,8.583488633896012
2017-12-20,trends_us,7.629767674574233
2017-12-21,trends_us,7.152907194913343
2017-12-22,trends_us,6.676046715252454
2017-12-23,trends_us,6.676046715252454
2017-12-24,trends_us,5.722325755930675
2017-12-25,trends_us,6.4376164754220095
2017-12-26,trends_us,5.48389551610023
2017-12-27,trends_us,6.914476955082899
2017-12-28,trends_us,6.914476955082899
2017-12-29,trends_us,7.629767674574233
2017-12-30,trends_us,9.775639833048237
2017-12-31,trends_us,15.9748260686398
2018-01-01,trends_us,11.92151199152224
2018-01-02,trends_us,8.821918873726457
2018-01-03,trends_us,8.821918873726457
2018-01-04,trends_us,8.821918873726457
2018-01-05,trends_us,8.583488633896012
2018-01-06,trends_us,6.914476955082899
2018-01-07,trends_us,6.199186235591564
2018-01-08,trends_us,8.583488633896012
2018-01-09,trends_us,10.252500312709126
2018-01-10,trends_us,10.014070072878681
2018-01-11,trends_us,10.729360792370015
2018-01-12,trends_us,10.96779103220046
2018-01-13,trends_us,7.391337434743789
2018-01-14,trends_us,7.152907194913343
2018-01-15,trends_us,7.152907194913343
2018-01-16,trends_us,10.252500312709126
2018-01-17,trends_us,8.106628154235123
2018-01-18,trends_us,11.92151199152224
2018-01-19,trends_us,9.298779353387346
2018-01-20,trends_us,7.391337434743789
2018-01-21,trends_us,7.868197914404678
2018-01-22,trends_us,8.345058394065568
2018-01-23,trends_us,10.014070072878681
2018-01-24,trends_us,10.014070072878681
2018-01-25,trends_us,13.828953910165797
2018-01-26,trends_us,10.014070072878681
2018-01-27,trends_us,7.152907194913343
2018-01-28,trends_us,7.868197914404678
2018-01-29,trends_us,9.060349113556901
2018-01-30,trends_us,9.060349113556901
2018-01-31,trends_us,7.868197914404678
2018-02-01,trends_us,8.345058394065568
2018-02-02,trends_us,8.583488633896012
2018-02-03,trends_us,7.391337434743789
2018-02-04,trends_us,7.152907194913343
2018-02-05,trends_us,7.868197914404678
2018-02-06,trends_us,13.352093430504908
2018-02-07,trends_us,8.821918873726457
2018-02-08,trends_us,13.113663190674464
2018-02-09,trends_us,10.252500312709126
2018-02-10,trends_us,23.84302398304448
2018-02-11,trends_us,31.711221897449157
2018-02-12,trends_us,19.789709905926916
2018-02-13,trends_us,18.835988946605138
2018-02-14,trends_us,26.981012677401303
2018-02-15,trends_us,21.91075526151381
2018-02-16,trends_us,16.478336601634354
2018-02-17,trends_us,14.667530381674535
2018-02-18,trends_us,13.037804783710698
2018-02-19,trends_us,10.864837319758914
2018-02-20,trends_us,10.321595453770968
2018-02-21,trends_us,18.651304065586135
2018-02-22,trends_us,19.194545931574083
2018-02-23,trends_us,18.289142821594172
2018-02-24,trends_us,13.581046649698642
2018-02-25,trends_us,10.683756697762933
2018-02-26,trends_us,11.951321051734805
2018-02-27,trends_us,12.494562917722751
2018-02-28,trends_us,12.31348229572677
2018-03-01,trends_us,9.959434209779005
2018-03-02,trends_us,11.226998563750879
2018-03-03,trends_us,8.510789233811149
2018-03-04,trends_us,7.424305501835258
2018-03-05,trends_us,9.054031099799095
2018-03-06,trends_us,8.510789233811149
2018-03-07,trends_us,11.770240429738823
2018-03-08,trends_us,10.502676075766951
2018-03-09,trends_us,11.40807918574686
2018-03-10,trends_us,13.037804783710698
2018-03-11,trends_us,10.683756697762933
2018-03-12,trends_us,11.40807918574686
2018-03-13,trends_us,11.770240429738823
2018-03-14,trends_us,11.045917941754896
2018-03-15,trends_us,9.959434209779005
2018-03-16,trends_us,8.329708611815168
2018-03-17,trends_us,6.337821769859366
2018-03-18,trends_us,6.69998301385133
2018-03-19,trends_us,8.872950477803114
2018-03-20,trends_us,9.778353587783023
2018-03-21,trends_us,10.864837319758914
2018-03-22,trends_us,19.556707175566046
2018-03-23,trends_us,26.256690189417377
2018-03-24,trends_us,16.840497845626317
2018-03-25,trends_us,12.856724161714716
2018-03-26,trends_us,13.21888540570668
2018-03-27,trends_us,14.667530381674535
2018-03-28,trends_us,16.11617535764239
2018-03-29,trends_us,17.38373971161426
2018-03-30,trends_us,19.375626553570065
2018-03-31,trends_us,17.745900955606228
2018-04-01,trends_us,14.848611003670516
2018-04-02,trends_us,13.21888540570668
2018-04-03,trends_us,12.31348229572677
2018-04-04,trends_us,13.39996602770266
2018-04-05,trends_us,16.297255979638372
2018-04-06,trends_us,13.21888540570668
2018-04-07,trends_us,9.235111721795077
2018-04-08,trends_us,9.416192343791058
2018-04-09,trends_us,10.864837319758914
2018-04-10,trends_us,10.321595453770968
2018-04-11,trends_us,10.864837319758914
2018-04-12,trends_us,12.494562917722751
2018-04-13,trends_us,13.943207893690607
2018-04-14,trends_us,8.329708611815168
2018-04-15,trends_us,8.148627989819186
2018-04-16,trends_us,9.416192343791058
2018-04-17,trends_us,9.235111721795077
2018-04-18,trends_us,11.045917941754896
2018-04-19,trends_us,12.856724161714716
2018-04-20,trends_us,18.470223443590154
2018-04-21,trends_us,12.132401673730788
2018-04-22,trends_us,11.770240429738823
2018-04-23,trends_us,12.675643539718733
2018-04-24,trends_us,15.754014113650426
2018-04-25,trends_us,26.79993205540532
2018-04-26,trends_us,17.38373971161426
2018-04-27,trends_us,13.581046649698642
2018-04-28,trends_us,10.321595453770968
2018-04-29,trends_us,12.494562917722751
2018-04-30,trends_us,11.770240429738823
2018-05-01,trends_us,10.321595453770968
2018-05-02,trends_us,10.864837319758914
2018-05-03,trends_us,10.864837319758914
2018-05-04,trends_us,9.959434209779005
2018-05-05,trends_us,10.140514831774986
2018-05-06,trends_us,8.148627989819186
2018-05-07,trends_us,9.778353587783023
2018-05-08,trends_us,11.045917941754896
2018-05-09,trends_us,10.140514831774986
2018-05-10,trends_us,9.778353587783023
2018-05-11,trends_us,10.683756697762933
2018-05-12,trends_us,7.967547367823204
2018-05-13,trends_us,7.967547367823204
2018-05-14,trends_us,9.778353587783023
2018-05-15,trends_us,11.589159807742842
2018-05-16,trends_us,10.683756697762933
2018-05-17,trends_us,9.778353587783023
2018-05-18,trends_us,11.40807918574686
2018-05-19,trends_us,8.510789233811149
2018-05-20,trends_us,8.329708611815168
2018-05-21,trends_us,14.486449759678553
2018-05-22,trends_us,29.153980141353088
2018-05-23,trends_us,15.21077224766248
2018-05-24,trends_us,15.21077224766248
2018-05-25,trends_us,13.762127271694625
2018-05-26,trends_us,10.140514831774986
2018-05-27,trends_us,8.69186985580713
2018-05-28,trends_us,8.69186985580713
2018-05-29,trends_us,8.69186985580713
2018-05-30,trends_us,9.959434209779005
2018-05-31,trends_us,11.226998563750879
2018-06-01,trends_us,10.140514831774986
2018-06-02,trends_us,8.148627989819186
2018-06-03,trends_us,7.60538612383124
2018-06-04,trends_us,8.148627989819186
2018-06-05,trends_us,7.243224879839277
2018-06-06,trends_us,8.872950477803114
2018-06-07,trends_us,12.132401673730788
2018-06-08,trends_us,12.856724161714716
2018-06-09,trends_us,8.329708611815168
2018-06-10,trends_us,8.148627989819186
2018-06-11,trends_us,7.786466745827222
2018-06-12,trends_us,8.148627989819186
2018-06-13,trends_us,8.329708611815168
2018-06-14,trends_us,8.145637234387562
2018-06-15,trends_us,8.145637234387562
2018-06-16,trends_us,10.408314243939664
2018-06-17,trends_us,9.503243440118823
2018-06-18,trends_us,7.240566430566722
2018-06-19,trends_us,7.240566430566722
2018-06-20,trends_us,10.860849645850083
2018-06-21,trends_us,14.028597459223024
2018-06-22,trends_us,13.123526655402184
2018-06-23,trends_us,11.313385047760503
2018-06-24,trends_us,15.838739066864704
2018-06-25,trends_us,14.481132861133444
2018-06-26,trends_us,9.503243440118823
2018-06-27,trends_us,11.313385047760503
2018-06-28,trends_us,9.955778842029243
2018-06-29,trends_us,9.955778842029243
2018-06-30,trends_us,8.598172636297983
2018-07-01,trends_us,6.335495626745882
2018-07-02,trends_us,8.145637234387562
2018-07-03,trends_us,7.693101832477142
2018-07-04,trends_us,7.693101832477142
2018-07-05,trends_us,8.145637234387562
2018-07-06,trends_us,6.788031028656302
2018-07-07,trends_us,7.240566430566722
2018-07-08,trends_us,6.788031028656302
2018-07-09,trends_us,5.882960224835462
2018-07-10,trends_us,6.788031028656302
2018-07-11,trends_us,6.335495626745882
2018-07-12,trends_us,6.788031028656302
2018-07-13,trends_us,7.240566430566722
2018-07-14,trends_us,6.788031028656302
2018-07-15,trends_us,27.604659516535627
2018-07-16,trends_us,26.69958871271479
2018-07-17,trends_us,22.626770095521007
2018-07-18,trends_us,18.101416076416804
2018-07-19,trends_us,12.670991253491763
2018-07-20,trends_us,9.503243440118823
2018-07-21,trends_us,10.860849645850083
2018-07-22,trends_us,14.028597459223024
2018-07-23,trends_us,12.670991253491763
2018-07-24,trends_us,9.955778842029243
2018-07-25,trends_us,9.503243440118823
2018-07-26,trends_us,23.531840899341848
2018-07-27,trends_us,14.481132861133444
2018-07-28,trends_us,15.838739066864704
2018-07-29,trends_us,10.860849645850083
2018-07-30,trends_us,14.481132861133444
2018-07-31,trends_us,13.123526655402184
2018-08-01,trends_us,13.123526655402184
2018-08-02,trends_us,11.313385047760503
2018-08-03,trends_us,9.955778842029243
2018-08-04,trends_us,8.598172636297983
2018-08-05,trends_us,8.598172636297983
2018-08-06,trends_us,10.408314243939664
2018-08-07,trends_us,8.145637234387562
2018-08-08,trends_us,9.050708038208402
2018-08-09,trends_us,12.670991253491763
2018-08-10,trends_us,13.123526655402184
2018-08-11,trends_us,11.313385047760503
2018-08-12,trends_us,9.503243440118823
2018-08-13,trends_us,9.955778842029243
2018-08-14,trends_us,9.503243440118823
2018-08-15,trends_us,8.145637234387562
2018-08-16,trends_us,6.788031028656302
2018-08-17,trends_us,9.050708038208402
2018-08-18,trends_us,9.503243440118823
2018-08-19,trends_us,9.050708038208402
2018-08-20,trends_us,7.693101832477142
2018-08-21,trends_us,6.788031028656302
2018-08-22,trends_us,7.693101832477142
2018-08-23,trends_us,7.693101832477142
2018-08-24,trends_us,7.693101832477142
2018-08-25,trends_us,7.693101832477142
2018-08-26,trends_us,8.598172636297983
2018-08-27,trends_us,8.598172636297983
2018-08-28,trends_us,9.503243440118823
2018-08-29,trends_us,9.050708038208402
2018-08-30,trends_us,8.598172636297983
2018-08-31,trends_us,9.503243440118823
2018-09-01,trends_us,9.503243440118823
2018-09-02,trends_us,6.335495626745882
2018-09-03,trends_us,7.693101832477142
2018-09-04,trends_us,12.670991253491763
2018-09-05,trends_us,16.291274468775125
2018-09-06,trends_us,14.028597459223024
2018-09-07,trends_us,29.41480112417731
2018-09-08,trends_us,55.66185443498168
2018-09-09,trends_us,38.01297376047529
2018-09-10,trends_us,36.65536755474403
2018-09-11,trends_us,34.39269054519193
2018-09-12,trends_us,25.794517908893948
2018-09-13,trends_us,19.911557684058486
2018-09-14,trends_us,23.531840899341848
2018-09-15,trends_us,20.816628487879328
2018-09-16,trends_us,16.291274468775125
2018-09-17,trends_us,15.838739066864704
2018-09-18,trends_us,14.933668263043865
2018-09-19,trends_us,12.670991253491763
2018-09-20,trends_us,13.123526655402184
2018-09-21,trends_us,13.576062057312605
2018-09-22,trends_us,9.503243440118823
2018-09-23,trends_us,8.598172636297983
2018-09-24,trends_us,12.670991253491763
2018-09-25,trends_us,10.408314243939664
2018-09-26,trends_us,9.050708038208402
2018-09-27,trends_us,9.050708038208402
2018-09-28,trends_us,8.145637234387562
2018-09-29,trends_us,15.386203664954284
2018-09-30,trends_us,13.123526655402184
2018-10-01,trends_us,11.313385047760503
2018-10-02,trends_us,9.955778842029243
2018-10-03,trends_us,14.481132861133444
2018-10-04,trends_us,25.794517908893948
2018-10-05,trends_us,19.459022282148066
2018-10-06,trends_us,14.933668263043865
2018-10-07,trends_us,10.860849645850083
2018-10-08,trends_us,9.955778842029243
2018-10-09,trends_us,8.598172636297983
2018-10-10,trends_us,9.955778842029243
2018-10-11,trends_us,9.955778842029243
2018-10-12,trends_us,8.74308759897082
2018-10-13,trends_us,7.285906332475685
2018-10-14,trends_us,6.557315699228116
2018-10-15,trends_us,8.74308759897082
2018-10-16,trends_us,10.200268865465958
2018-10-17,trends_us,9.47167823221839
2018-10-18,trends_us,9.47167823221839
2018-10-19,trends_us,8.014496965723254
2018-10-20,trends_us,8.74308759897082
2018-10-21,trends_us,13.114631398456233
2018-10-22,trends_us,12.386040765208664
2018-10-23,trends_us,12.386040765208664
2018-10-24,trends_us,10.928859498713527
2018-10-25,trends_us,8.74308759897082
2018-10-26,trends_us,8.014496965723254
2018-10-27,trends_us,10.928859498713527
2018-10-28,trends_us,10.200268865465958
2018-10-29,trends_us,10.928859498713527
2018-10-30,trends_us,11.657450131961095
2018-10-31,trends_us,10.200268865465958
2018-11-01,trends_us,10.928859498713527
2018-11-02,trends_us,10.200268865465958
2018-11-03,trends_us,8.014496965723254
2018-11-04,trends_us,8.014496965723254
2018-11-05,trends_us,10.928859498713527
2018-11-06,trends_us,10.928859498713527
2018-11-07,trends_us,7.285906332475685
2018-11-08,trends_us,13.114631398456233
2018-11-09,trends_us,10.200268865465958
2018-11-10,trends_us,7.285906332475685
2018-11-11,trends_us,9.47167823221839
2018-11-12,trends_us,10.200268865465958
2018-11-13,trends_us,15.300403298198937
2018-11-14,trends_us,12.386040765208664
2018-11-15,trends_us,10.200268865465958
2018-11-16,trends_us,10.200268865465958
2018-11-17,trends_us,8.74308759897082
2018-11-18,trends_us,8.74308759897082
2018-11-19,trends_us,10.200268865465958
2018-11-20,trends_us,16.757584564694074
2018-11-21,trends_us,8.74308759897082
2018-11-22,trends_us,5.828725065980548
2018-11-23,trends_us,6.557315699228116
2018-11-24,trends_us,8.74308759897082
2018-11-25,trends_us,9.47167823221839
2018-11-26,trends_us,11.657450131961095
2018-11-27,trends_us,11.657450131961095
2018-11-28,trends_us,11.657450131961095
2018-11-29,trends_us,12.386040765208664
2018-11-30,trends_us,12.386040765208664
2018-12-01,trends_us,8.014496965723254
2018-12-02,trends_us,8.74308759897082
2018-12-03,trends_us,8.74308759897082
2018-12-04,trends_us,10.200268865465958
2018-12-05,trends_us,10.928859498713527
2018-12-06,trends_us,10.928859498713527
2018-12-07,trends_us,9.47167823221839
2018-12-08,trends_us,7.285906332475685
2018-12-09,trends_us,7.285906332475685
2018-12-10,trends_us,9.47167823221839
2018-12-11,trends_us,11.657450131961095
2018-12-12,trends_us,10.928859498713527
2018-12-13,trends_us,11.657450131961095
2018-12-14,trends_us,13.114631398456233
2018-12-15,trends_us,8.74308759897082
2018-12-16,trends_us,8.014496965723254
2018-12-17,trends_us,8.014496965723254
2018-12-18,trends_us,18.21476583118921
2018-12-19,trends_us,12.386040765208664
2018-12-20,trends_us,9.47167823221839
2018-12-21,trends_us,7.285906332475685
2018-12-22,trends_us,6.557315699228116
2018-12-23,trends_us,5.828725065980548
2018-12-24,trends_us,5.100134432732979
2018-12-25,trends_us,6.557315699228116
2018-12-26,trends_us,11.657450131961095
2018-12-27,trends_us,19.67194709768435
2018-12-28,trends_us,19.67194709768435
2018-12-29,trends_us,16.028993931446507
2018-12-30,trends_us,10.200268865465958
2018-12-31,trends_us,7.285906332475685
2019-01-01,trends_us,8.014496965723254
2019-01-02,trends_us,8.014496965723254
2019-01-03,trends_us,9.47167823221839
2019-01-04,trends_us,8.014496965723254
2019-01-05,trends_us,8.74308759897082
2019-01-06,trends_us,10.200268865465958
2019-01-07,trends_us,8.74308759897082
2019-01-08,trends_us,9.47167823221839
2019-01-09,trends_us,13.843222031703801
2019-01-10,trends_us,13.114631398456233
2019-01-11,trends_us,20.400537730931916
2019-01-12,trends_us,20.400537730931916
2019-01-13,trends_us,16.757584564694074
2019-01-14,trends_us,15.300403298198937
2019-01-15,trends_us,11.657450131961095
2019-01-16,trends_us,10.928859498713527
2019-01-17,trends_us,11.657450131961095
2019-01-18,trends_us,11.657450131961095
2019-01-19,trends_us,10.928859498713527
2019-01-20,trends_us,8.74308759897082
2019-01-21,trends_us,10.928859498713527
2019-01-22,trends_us,10.928859498713527
2019-01-23,trends_us,8.014496965723254
2019-01-24,trends_us,10.928859498713527
2019-01-25,trends_us,12.386040765208664
2019-01-26,trends_us,10.200268865465958
2019-01-27,trends_us,10.200268865465958
2019-01-28,trends_us,12.386040765208664
2019-01-29,trends_us,80.8735602904801
2019-01-30,trends_us,24.043490897169757
2019-01-31,trends_us,12.386040765208664
2019-02-01,trends_us,10.200268865465958
2019-02-02,trends_us,8.74308759897082
2019-02-03,trends_us,10.200268865465958
2019-02-04,trends_us,8.74308759897082
2019-02-05,trends_us,10.928859498713527
2019-02-06,trends_us,16.028993931446507
2019-02-07,trends_us,16.757584564694074
2019-02-08,trends_us,11.657450131961095
2019-02-09,trends_us,8.74308759897082
2019-02-10,trends_us,8.014496965723254
2019-02-11,trends_us,9.47167823221839
2019-02-12,trends_us,8.74308759897082
2019-02-13,trends_us,14.57181266495137
2019-02-14,trends_us,12.386040765208664
2019-02-15,trends_us,10.928859498713527
2019-02-16,trends_us,11.657450131961095
2019-02-17,trends_us,8.014496965723254
2019-02-18,trends_us,8.74308759897082
2019-02-19,trends_us,8.74308759897082
2019-02-20,trends_us,9.47167823221839
2019-02-21,trends_us,10.928859498713527
2019-02-22,trends_us,10.928859498713527
2019-02-23,trends_us,8.74308759897082
2019-02-24,trends_us,8.74308759897082
2019-02-25,trends_us,8.74308759897082
2019-02-26,trends_us,9.47167823221839
2019-02-27,trends_us,9.47167823221839
2019-02-28,trends_us,8.74308759897082
2019-03-01,trends_us,8.74308759897082
2019-03-02,trends_us,7.285906332475685
2019-03-03,trends_us,8.74308759897082
2019-03-04,trends_us,7.285906332475685
2019-03-05,trends_us,9.47167823221839
2019-03-06,trends_us,10.200268865465958
2019-03-07,trends_us,10.928859498713527
2019-03-08,trends_us,11.657450131961095
2019-03-09,trends_us,8.014496965723254
2019-03-10,trends_us,8.014496965723254
2019-03-11,trends_us,8.74308759897082
2019-03-12,trends_us,9.47167823221839
2019-03-13,trends_us,9.47167823221839
2019-03-14,trends_us,9.47167823221839
2019-03-15,trends_us,10.200268865465958
2019-03-16,trends_us,7.285906332475685
2019-03-17,trends_us,7.285906332475685
2019-03-18,trends_us,8.74308759897082
2019-03-19,trends_us,9.47167823221839
2019-03-20,trends_us,9.47167823221839
2019-03-21,trends_us,10.200268865465958
2019-03-22,trends_us,9.47167823221839
2019-03-23,trends_us,11.657450131961095
2019-03-24,trends_us,10.200268865465958
2019-03-25,trends_us,11.657450131961095
2019-03-26,trends_us,10.200268865465958
2019-03-27,trends_us,9.47167823221839
2019-03-28,trends_us,10.928859498713527
2019-03-29,trends_us,10.200268865465958
2019-03-30,trends_us,9.47167823221839
2019-03-31,trends_us,8.014496965723254
2019-04-01,trends_us,8.74308759897082
2019-04-02,trends_us,10.200268865465958
2019-04-03,trends_us,9.47167823221839
2019-04-04,trends_us,10.200268865465958
2019-04-05,trends_us,9.47167823221839
2019-04-06,trends_us,7.285906332475685
2019-04-07,trends_us,8.014496965723254
2019-04-08,trends_us,10.200268865465958
2019-04-09,trends_us,9.47167823221839
2019-04-10,trends_us,8.74308759897082
2019-04-11,trends_us,10.200268865465958
2019-04-12,trends_us,8.74308759897082
2019-04-13,trends_us,5.828725065980548
2019-04-14,trends_us,7.285906332475685
2019-04-15,trends_us,10.200268865465958
2019-04-16,trends_us,10.928859498713527
2019-04-17,trends_us,10.200268865465958
2019-04-18,trends_us,10.200268865465958
2019-04-19,trends_us,9.47167823221839
2019-04-20,trends_us,9.47167823221839
2019-04-21,trends_us,10.928859498713527
2019-04-22,trends_us,11.657450131961095
2019-04-23,trends_us,11.657450131961095
2019-04-24,trends_us,12.386040765208664
2019-04-25,trends_us,11.657450131961095
2019-04-26,trends_us,10.200268865465958
2019-04-27,trends_us,7.285906332475685
2019-04-28,trends_us,7.285906332475685
2019-04-29,trends_us,10.928859498713527
2019-04-30,trends_us,10.928859498713527
2019-05-01,trends_us,13.114631398456233
2019-05-02,trends_us,10.928859498713527
2019-05-03,trends_us,9.47167823221839
2019-05-04,trends_us,8.014496965723254
2019-05-05,trends_us,9.47167823221839
2019-05-06,trends_us,13.114631398456233
2019-05-07,trends_us,13.843222031703801
2019-05-08,trends_us,12.386040765208664
2019-05-09,trends_us,13.114631398456233
2019-05-10,trends_us,12.386040765208664
2019-05-11,trends_us,10.200268865465958
2019-05-12,trends_us,8.74308759897082
2019-05-13,trends_us,10.200268865465958
2019-05-14,trends_us,21.129128364179486
2019-05-15,trends_us,18.21476583118921
2019-05-16,trends_us,13.114631398456233
2019-05-17,trends_us,10.200268865465958
2019-05-18,trends_us,8.014496965723254
2019-05-19,trends_us,7.285906332475685
2019-05-20,trends_us,14.57181266495137
2019-05-21,trends_us,10.928859498713527
2019-05-22,trends_us,10.928859498713527
2019-05-23,trends_us,9.47167823221839
2019-05-24,trends_us,8.74308759897082
2019-05-25,trends_us,6.557315699228116
2019-05-26,trends_us,7.285906332475685
2019-05-27,trends_us,6.557315699228116
2019-05-28,trends_us,8.74308759897082
2019-05-29,trends_us,9.47167823221839
2019-05-30,trends_us,8.014496965723254
2019-05-31,trends_us,8.74308759897082
2019-06-01,trends_us,13.843222031703801
2019-06-02,trends_us,8.74308759897082
2019-06-03,trends_us,8.74308759897082
2019-06-04,trends_us,10.200268865465958
2019-06-05,trends_us,8.74308759897082
2019-06-06,trends_us,8.74308759897082
2019-06-07,trends_us,11.657450131961095
2019-06-08,trends_us,7.285906332475685
2019-06-09,trends_us,7.375514827559927
2019-06-10,trends_us,11.473023065093221
2019-06-11,trends_us,8.741350906737692
2019-06-12,trends_us,7.64868204339548
2019-06-13,trends_us,12.29252471259988
2019-06-14,trends_us,9.014518122573245
2019-06-15,trends_us,11.473023065093221
2019-06-16,trends_us,12.565691928435433
2019-06-17,trends_us,16.390032950133172
2019-06-18,trends_us,16.936367381804278
2019-06-19,trends_us,12.29252471259988
2019-06-20,trends_us,15.570531302626513
2019-06-21,trends_us,12.565691928435433
2019-06-22,trends_us,13.112026360106537
2019-06-23,trends_us,15.843698518462066
2019-06-24,trends_us,17.20953459763983
2019-06-25,trends_us,10.926688633422115
2019-06-26,trends_us,9.56085255424435
2019-06-27,trends_us,9.56085255424435
2019-06-28,trends_us,9.56085255424435
2019-06-29,trends_us,8.468183690902139
2019-06-30,trends_us,6.556013180053268
2019-07-01,trends_us,7.102347611724374
2019-07-02,trends_us,7.921849259231033
2019-07-03,trends_us,12.29252471259988
2019-07-04,trends_us,11.473023065093221
2019-07-05,trends_us,9.834019770079903
2019-07-06,trends_us,9.287685338408798
2019-07-07,trends_us,8.195016475066586
2019-07-08,trends_us,9.834019770079903
2019-07-09,trends_us,10.107186985915456
2019-07-10,trends_us,10.653521417586562
2019-07-11,trends_us,7.64868204339548
2019-07-12,trends_us,7.375514827559927
2019-07-13,trends_us,8.741350906737692
2019-07-14,trends_us,8.195016475066586
2019-07-15,trends_us,7.921849259231033
2019-07-16,trends_us,7.375514827559927
2019-07-17,trends_us,6.829180395888821
2019-07-18,trends_us,7.64868204339548
2019-07-19,trends_us,6.009678748382163
2019-07-20,trends_us,7.102347611724374
2019-07-21,trends_us,6.556013180053268
2019-07-22,trends_us,6.282845964217716
2019-07-23,trends_us,6.556013180053268
2019-07-24,trends_us,6.282845964217716
2019-07-25,trends_us,6.009678748382163
2019-07-26,trends_us,5.463344316711058
2019-07-27,trends_us,7.64868204339548
2019-07-28,trends_us,7.921849259231033
2019-07-29,trends_us,10.38035420175101
2019-07-30,trends_us,7.921849259231033
2019-07-31,trends_us,7.64868204339548
2019-08-01,trends_us,7.102347611724374
2019-08-02,trends_us,9.014518122573245
2019-08-03,trends_us,11.199855849257668
2019-08-04,trends_us,19.94120675599536
2019-08-05,trends_us,12.838859144270986
2019-08-06,trends_us,11.473023065093221
2019-08-07,trends_us,9.834019770079903
2019-08-08,trends_us,9.834019770079903
2019-08-09,trends_us,8.468183690902139
2019-08-10,trends_us,8.195016475066586
2019-08-11,trends_us,6.009678748382163
2019-08-12,trends_us,6.282845964217716
2019-08-13,trends_us,12.565691928435433
2019-08-14,trends_us,19.94120675599536
2019-08-15,trends_us,32.23373146859524
2019-08-16,trends_us,13.38519357594209
2019-08-17,trends_us,9.014518122573245
2019-08-18,trends_us,8.195016475066586
2019-08-19,trends_us,8.741350906737692
2019-08-20,trends_us,8.468183690902139
2019-08-21,trends_us,7.102347611724374
2019-08-22,trends_us,8.195016475066586
2019-08-23,trends_us,6.829180395888821
2019-08-24,trends_us,7.64868204339548
2019-08-25,trends_us,6.829180395888821
2019-08-26,trends_us,7.102347611724374
2019-08-27,trends_us,6.282845964217716
2019-08-28,trends_us,7.102347611724374
2019-08-29,trends_us,7.921849259231033
2019-08-30,trends_us,7.102347611724374
2019-08-31,trends_us,7.102347611724374
2019-09-01,trends_us,9.014518122573245
2019-09-02,trends_us,6.009678748382163
2019-09-03,trends_us,7.375514827559927
2019-09-04,trends_us,7.64868204339548
2019-09-05,trends_us,9.287685338408798
2019-09-06,trends_us,7.375514827559927
2019-09-07,trends_us,6.282845964217716
2019-09-08,trends_us,7.102347611724374
2019-09-09,trends_us,7.64868204339548
2019-09-10,trends_us,8.468183690902139
2019-09-11,trends_us,7.64868204339548
2019-09-12,trends_us,7.375514827559927
2019-09-13,trends_us,7.64868204339548
2019-09-14,trends_us,5.7365115325466105
2019-09-15,trends_us,6.829180395888821
2019-09-16,trends_us,7.102347611724374
2019-09-17,trends_us,9.014518122573245
2019-09-18,trends_us,7.64868204339548
2019-09-19,trends_us,7.921849259231033
2019-09-20,trends_us,9.014518122573245
2019-09-21,trends_us,11.199855849257668
2019-09-22,trends_us,6.556013180053268
2019-09-23,trends_us,8.468183690902139
2019-09-24,trends_us,9.014518122573245
2019-09-25,trends_us,10.107186985915456
2019-09-26,trends_us,9.287685338408798
2019-09-27,trends_us,9.287685338408798
2019-09-28,trends_us,10.107186985915456
2019-09-29,trends_us,12.29252471259988
2019-09-30,trends_us,11.199855849257668
2019-10-01,trends_us,23.219213346021995
2019-10-02,trends_us,24.858216641035312
2019-10-03,trends_us,21.580210051008677
2019-10-04,trends_us,10.38035420175101
2019-10-05,trends_us,8.195016475066586
2019-10-06,trends_us,11.473023065093221
2019-10-07,trends_us,10.795491499387587
2019-10-08,trends_us,9.253278428046503
2019-10-09,trends_us,8.944835813778287
2019-10-10,trends_us,7.402622742437202
2019-10-11,trends_us,5.860409671096119
2019-10-12,trends_us,7.094180128168986
2019-10-13,trends_us,29.61049096974881
2019-10-14,trends_us,41.33131031194105
2019-10-15,trends_us,36.704671097917796
2019-10-16,trends_us,16.34745855621549
2019-10-17,trends_us,12.029261956460454
2019-10-18,trends_us,9.870163656582937
2019-10-19,trends_us,8.63639319951007
2019-10-20,trends_us,8.019507970973637
2019-10-21,trends_us,8.944835813778287
2019-10-22,trends_us,8.63639319951007
2019-10-23,trends_us,10.487048885119371
2019-10-24,trends_us,10.795491499387587
2019-10-25,trends_us,8.944835813778287
2019-10-26,trends_us,7.402622742437202
2019-10-27,trends_us,6.785737513900769
2019-10-28,trends_us,8.327950585241853
2019-10-29,trends_us,8.944835813778287
2019-10-30,trends_us,8.019507970973637
2019-10-31,trends_us,7.7110653567054195
2019-11-01,trends_us,7.402622742437202
2019-11-02,trends_us,6.477294899632552
2019-11-03,trends_us,7.402622742437202
2019-11-04,trends_us,7.7110653567054195
2019-11-05,trends_us,10.178606270851153
2019-11-06,trends_us,12.337704570728672
2019-11-07,trends_us,10.487048885119371
2019-11-08,trends_us,9.870163656582937
2019-11-09,trends_us,7.402622742437202
2019-11-10,trends_us,7.402622742437202
2019-11-11,trends_us,9.561721042314721
2019-11-12,trends_us,10.178606270851153
2019-11-13,trends_us,9.870163656582937
2019-11-14,trends_us,10.178606270851153
2019-11-15,trends_us,8.327950585241853
2019-11-16,trends_us,6.785737513900769
2019-11-17,trends_us,7.402622742437202
2019-11-18,trends_us,8.63639319951007
2019-11-19,trends_us,10.487048885119371
2019-11-20,trends_us,9.253278428046503
2019-11-21,trends_us,12.029261956460454
2019-11-22,trends_us,8.327950585241853
2019-11-23,trends_us,6.785737513900769
2019-11-24,trends_us,6.785737513900769
2019-11-25,trends_us,8.327950585241853
2019-11-26,trends_us,9.253278428046503
2019-11-27,trends_us,7.094180128168986
2019-11-28,trends_us,4.935081828291469
2019-11-29,trends_us,5.243524442559686
2019-11-30,trends_us,5.551967056827902
2019-12-01,trends_us,6.168852285364336
2019-12-02,trends_us,7.402622742437202
2019-12-03,trends_us,9.561721042314721
2019-12-04,trends_us,9.870163656582937
2019-12-05,trends_us,10.487048885119371
2019-12-06,trends_us,14.496802870606189
2019-12-07,trends_us,16.34745855621549
2019-12-08,trends_us,17.581229013288358
2019-12-09,trends_us,12.954589799265104
2019-12-10,trends_us,15.422130713410839
2019-12-11,trends_us,19.431884698897658
2019-12-12,trends_us,13.879917642069755
2019-12-13,trends_us,12.029261956460454
2019-12-14,trends_us,8.63639319951007
2019-12-15,trends_us,8.019507970973637
2019-12-16,trends_us,9.561721042314721
2019-12-17,trends_us,9.253278428046503
2019-12-18,trends_us,9.253278428046503
2019-12-19,trends_us,7.7110653567054195
2019-12-20,trends_us,8.019507970973637
2019-12-21,trends_us,6.168852285364336
2019-12-22,trends_us,6.477294899632552
2019-12-23,trends_us,6.477294899632552
2019-12-24,trends_us,5.860409671096119
2019-12-25,trends_us,5.243524442559686
2019-12-26,trends_us,4.6266392140232515
2019-12-27,trends_us,4.6266392140232515
2019-12-28,trends_us,4.935081828291469
2019-12-29,trends_us,6.168852285364336
2019-12-30,trends_us,5.860409671096119
2019-12-31,trends_us,8.63639319951007
2020-01-01,trends_us,7.094180128168986
2020-01-02,trends_us,6.477294899632552
2020-01-03,trends_us,6.477294899632552
2020-01-04,trends_us,4.935081828291469
2020-01-05,trends_us,5.243524442559686
2020-01-06,trends_us,6.477294899632552
2020-01-07,trends_us,8.019507970973637
2020-01-08,trends_us,6.477294899632552
2020-01-09,trends_us,8.327950585241853
2020-01-10,trends_us,6.785737513900769
2020-01-11,trends_us,5.243524442559686
2020-01-12,trends_us,6.168852285364336
2020-01-13,trends_us,6.477294899632552
2020-01-14,trends_us,6.168852285364336
2020-01-15,trends_us,7.402622742437202
2020-01-16,trends_us,8.019507970973637
2020-01-17,trends_us,5.860409671096119
2020-01-18,trends_us,5.243524442559686
2020-01-19,trends_us,9.253278428046503
2020-01-20,trends_us,15.422130713410839
2020-01-21,trends_us,10.795491499387587
2020-01-22,trends_us,9.870163656582937
2020-01-23,trends_us,10.795491499387587
2020-01-24,trends_us,10.178606270851153
2020-01-25,trends_us,8.944835813778287
2020-01-26,trends_us,8.019507970973637
2020-01-27,trends_us,8.019507970973637
2020-01-28,trends_us,8.327950585241853
2020-01-29,trends_us,9.870163656582937
2020-01-30,trends_us,8.63639319951007
2020-01-31,trends_us,7.7110653567054195
2020-02-01,trends_us,6.785737513900769
2020-02-02,trends_us,6.168852285364336
2020-02-03,trends_us,12.029261956460454
2020-02-04,trends_us,7.037212788634091
2020-02-05,trends_us,9.852097904087728
2020-02-06,trends_us,9.852097904087728
2020-02-07,trends_us,7.037212788634091
2020-02-08,trends_us,5.629770230907273
2020-02-09,trends_us,9.852097904087728
2020-02-10,trends_us,9.852097904087728
2020-02-11,trends_us,8.444655346360909
2020-02-12,trends_us,9.852097904087728
2020-02-13,trends_us,8.444655346360909
2020-02-14,trends_us,5.629770230907273
2020-02-15,trends_us,5.629770230907273
2020-02-16,trends_us,5.629770230907273
2020-02-17,trends_us,5.629770230907273
2020-02-18,trends_us,7.037212788634091
2020-02-19,trends_us,8.444655346360909
2020-02-20,trends_us,7.037212788634091
2020-02-21,trends_us,8.444655346360909
2020-02-22,trends_us,5.629770230907273
2020-02-23,trends_us,5.629770230907273
2020-02-24,trends_us,7.037212788634091
2020-02-25,trends_us,7.037212788634091
2020-02-26,trends_us,7.037212788634091
2020-02-27,trends_us,9.852097904087728
2020-02-28,trends_us,7.037212788634091
2020-02-29,trends_us,8.444655346360909
2020-03-01,trends_us,8.444655346360909
2020-03-02,trends_us,8.444655346360909
2020-03-03,trends_us,7.037212788634091
2020-03-04,trends_us,7.037212788634091
2020-03-05,trends_us,7.037212788634091
2020-03-06,trends_us,11.259540461814545
2020-03-07,trends_us,5.629770230907273
2020-03-08,trends_us,5.629770230907273
2020-03-09,trends_us,7.037212788634091
2020-03-10,trends_us,7.037212788634091
2020-03-11,trends_us,12.666983019541362
2020-03-12,trends_us,7.037212788634091
2020-03-13,trends_us,8.444655346360909
2020-03-14,trends_us,5.629770230907273
2020-03-15,trends_us,5.629770230907273
2020-03-16,trends_us,7.037212788634091
2020-03-17,trends_us,5.629770230907273
2020-03-18,trends_us,4.222327673180454
2020-03-19,trends_us,4.222327673180454
2020-03-20,trends_us,4.222327673180454
2020-03-21,trends_us,4.222327673180454
2020-03-22,trends_us,5.629770230907273
2020-03-23,trends_us,4.222327673180454
2020-03-24,trends_us,5.629770230907273
2020-03-25,trends_us,4.222327673180454
2020-03-26,trends_us,4.222327673180454
2020-03-27,trends_us,4.222327673180454
2020-03-28,trends_us,5.629770230907273
2020-03-29,trends_us,5.629770230907273
2020-03-30,trends_us,8.444655346360909
2020-03-31,trends_us,5.629770230907273
2020-04-01,trends_us,5.629770230907273
2020-04-02,trends_us,4.222327673180454
2020-04-03,trends_us,4.222327673180454
2020-04-04,trends_us,5.629770230907273
2020-04-05,trends_us,4.222327673180454
2020-04-06,trends_us,5.629770230907273
2020-04-07,trends_us,5.629770230907273
2020-04-08,trends_us,4.222327673180454
2020-04-09,trends_us,4.222327673180454
2020-04-10,trends_us,7.037212788634091
2020-04-11,trends_us,5.629770230907273
2020-04-12,trends_us,5.629770230907273
2020-04-13,trends_us,5.629770230907273
2020-04-14,trends_us,5.629770230907273
2020-04-15,trends_us,4.222327673180454
2020-04-16,trends_us,4.222327673180454
2020-04-17,trends_us,4.222327673180454
2020-04-18,trends_us,4.222327673180454
2020-04-19,trends_us,9.852097904087728
2020-04-20,trends_us,8.444655346360909
2020-04-21,trends_us,5.629770230907273
2020-04-22,trends_us,7.037212788634091
2020-04-23,trends_us,7.037212788634091
2020-04-24,trends_us,7.037212788634091
2020-04-25,trends_us,5.629770230907273
2020-04-26,trends_us,7.037212788634091
2020-04-27,trends_us,8.444655346360909
2020-04-28,trends_us,5.629770230907273
2020-04-29,trends_us,7.037212788634091
2020-04-30,trends_us,5.629770230907273
2020-05-01,trends_us,5.629770230907273
2020-05-02,trends_us,5.629770230907273
2020-05-03,trends_us,5.629770230907273
2020-05-04,trends_us,9.852097904087728
2020-05-05,trends_us,7.037212788634091
2020-05-06,trends_us,9.852097904087728
2020-05-07,trends_us,19.704195808175456
2020-05-08,trends_us,15.481868134995
2020-05-09,trends_us,12.666983019541362
2020-05-10,trends_us,8.444655346360909
2020-05-11,trends_us,8.444655346360909
2020-05-12,trends_us,9.852097904087728
2020-05-13,trends_us,9.852097904087728
2020-05-14,trends_us,11.259540461814545
2020-05-15,trends_us,9.852097904087728
2020-05-16,trends_us,8.444655346360909
2020-05-17,trends_us,7.037212788634091
2020-05-18,trends_us,7.037212788634091
2020-05-19,trends_us,7.037212788634091
2020-05-20,trends_us,5.629770230907273
2020-05-21,trends_us,8.444655346360909
2020-05-22,trends_us,7.037212788634091
2020-05-23,trends_us,7.037212788634091
2020-05-24,trends_us,5.629770230907273
2020-05-25,trends_us,5.629770230907273
2020-05-26,trends_us,42.223276731804546
2020-05-27,trends_us,123.85494507996
2020-05-28,trends_us,160.44845158085727
2020-05-29,trends_us,208.3014985435691
2020-05-30,trends_us,202.6717283126618
2020-05-31,trends_us,242.0801199290127
2020-06-01,trends_us,212.52382621674954
2020-06-02,trends_us,223.78336667856408
2020-06-03,trends_us,229.4131369094714
2020-06-04,trends_us,198.44940063948138
2020-06-05,trends_us,168.8931069272182
2020-06-06,trends_us,143.55914088813546
2020-06-07,trends_us,130.8921578685941
2020-06-08,trends_us,104.15074927178456
2020-06-09,trends_us,92.89120880997001
2020-06-10,trends_us,84.4465534636091
2020-06-11,trends_us,67.55724277088729
2020-06-12,trends_us,61.92747253998001
2020-06-13,trends_us,85.85399602133592
2020-06-14,trends_us,123.85494507996002
2020-06-15,trends_us,80.22422579042865
2020-06-16,trends_us,68.9646853286141
2020-06-17,trends_us,67.55724277088729
2020-06-18,trends_us,68.9646853286141
2020-06-19,trends_us,53.4828171936191
2020-06-20,trends_us,46.445604404985005
2020-06-21,trends_us,36.59350650089728
2020-06-22,trends_us,32.371178827716825
2020-06-23,trends_us,32.371178827716825
2020-06-24,trends_us,33.77862138544364
2020-06-25,trends_us,32.371178827716825
2020-06-26,trends_us,30.963736269990005
2020-06-27,trends_us,29.556293712263187
2020-06-28,trends_us,33.77862138544364
2020-06-29,trends_us,32.371178827716825
2020-06-30,trends_us,28.148851154536366
2020-07-01,trends_us,32.371178827716825
2020-07-02,trends_us,26.74140859680955
2020-07-03,trends_us,28.148851154536366
2020-07-04,trends_us,32.371178827716825
2020-07-05,trends_us,28.148851154536366
2020-07-06,trends_us,29.556293712263187
2020-07-07,trends_us,29.556293712263187
2020-07-08,trends_us,25.333966039082732
2020-07-09,trends_us,21.111638365902277
2020-07-10,trends_us,23.92652348135591
2020-07-11,trends_us,23.92652348135591
2020-07-12,trends_us,33.77862138544364
2020-07-13,trends_us,21.111638365902277
2020-07-14,trends_us,30.963736269990005
2020-07-15,trends_us,33.77862138544364
2020-07-16,trends_us,21.111638365902277
2020-07-17,trends_us,19.704195808175456
2020-07-18,trends_us,16.88931069272182
2020-07-19,trends_us,16.88931069272182
2020-07-20,trends_us,16.88931069272182
2020-07-21,trends_us,15.481868134995002
2020-07-22,trends_us,18.29675325044864
2020-07-23,trends_us,15.481868134995002
2020-07-24,trends_us,14.074425577268183
2020-07-25,trends_us,16.88931069272182
2020-07-26,trends_us,18.29675325044864
2020-07-27,trends_us,15.481868134995002
2020-07-28,trends_us,16.88931069272182
2020-07-29,trends_us,15.481868134995002
2020-07-30,trends_us,16.88931069272182
2020-07-31,trends_us,16.88931069272182
2020-08-01,trends_us,12.666983019541366
2020-08-02,trends_us,15.481868134995002
2020-08-03,trends_us,14.074425577268183
2020-08-04,trends_us,12.666983019541366
2020-08-05,trends_us,12.666983019541366
2020-08-06,trends_us,9.852097904087728
2020-08-07,trends_us,11.259540461814547
2020-08-08,trends_us,12.666983019541366
2020-08-09,trends_us,16.88931069272182
2020-08-10,trends_us,22.519080923629094
2020-08-11,trends_us,14.074425577268183
2020-08-12,trends_us,11.259540461814547
2020-08-13,trends_us,12.666983019541366
2020-08-14,trends_us,14.074425577268183
2020-08-15,trends_us,16.88931069272182
2020-08-16,trends_us,16.88931069272182
2020-08-17,trends_us,14.074425577268183
2020-08-18,trends_us,11.259540461814547
2020-08-19,trends_us,11.259540461814547
2020-08-20,trends_us,9.852097904087728
2020-08-21,trends_us,9.852097904087728
2020-08-22,trends_us,14.074425577268183
2020-08-23,trends_us,14.074425577268183
2020-08-24,trends_us,84.4465534636091
2020-08-25,trends_us,78.81678323270182
2020-08-26,trends_us,70.37212788634092
2020-08-27,trends_us,88.66888113678955
2020-08-28,trends_us,64.74235765543365
2020-08-29,trends_us,43.63071928953137
2020-08-30,trends_us,46.445604404985005
2020-08-31,trends_us,35.18606394317046
2020-09-01,trends_us,36.59350650089728
2020-09-02,trends_us,29.556293712263187
2020-09-03,trends_us,36.59350650089728
2020-09-04,trends_us,30.963736269990005
2020-09-05,trends_us,23.92652348135591
2020-09-06,trends_us,19.704195808175456
2020-09-07,trends_us,18.29675325044864
2020-09-08,trends_us,18.29675325044864
2020-09-09,trends_us,16.88931069272182
2020-09-10,trends_us,16.88931069272182
2020-09-11,trends_us,21.111638365902277
2020-09-12,trends_us,18.29675325044864
2020-09-13,trends_us,42.22327673180455
2020-09-14,trends_us,50.667932078165464
2020-09-15,trends_us,42.22327673180455
2020-09-16,trends_us,35.18606394317046
2020-09-17,trends_us,28.148851154536366
2020-09-18,trends_us,21.111638365902277
2020-09-19,trends_us,22.519080923629094
2020-09-20,trends_us,18.29675325044864
2020-09-21,trends_us,16.88931069272182
2020-09-22,trends_us,18.29675325044864
2020-09-23,trends_us,21.111638365902277
2020-09-24,trends_us,40.815834174077736
2020-09-25,trends_us,25.333966039082732
2020-09-26,trends_us,18.29675325044864
2020-09-27,trends_us,15.481868134995002
2020-09-28,trends_us,14.074425577268183
2020-09-29,trends_us,12.666983019541366
2020-09-30,trends_us,15.481868134995002
2020-10-01,trends_us,13.767634703167616
2020-10-02,trends_us,11.702489497692472
2020-10-03,trends_us,10.325726027375712
2020-10-04,trends_us,14.456016438325996
2020-10-05,trends_us,15.144398173484376
2020-10-06,trends_us,19.96307031959304
2020-10-07,trends_us,15.144398173484376
2020-10-08,trends_us,14.456016438325996
2020-10-09,trends_us,11.702489497692472
2020-10-10,trends_us,8.94896255705895
2020-10-11,trends_us,10.325726027375712
2020-10-12,trends_us,10.325726027375712
2020-10-13,trends_us,9.63734429221733
2020-10-14,trends_us,8.94896255705895
2020-10-15,trends_us,8.94896255705895
2020-10-16,trends_us,8.94896255705895
2020-10-17,trends_us,10.325726027375712
2020-10-18,trends_us,9.63734429221733
2020-10-19,trends_us,9.63734429221733
2020-10-20,trends_us,12.390871232850854
2020-10-21,trends_us,14.456016438325996
2020-10-22,trends_us,13.079252968009234
2020-10-23,trends_us,13.079252968009234
2020-10-24,trends_us,12.390871232850854
2020-10-25,trends_us,11.014107762534092
2020-10-26,trends_us,11.014107762534092
2020-10-27,trends_us,30.977178082127132
2020-10-28,trends_us,28.912032876651992
2020-10-29,trends_us,17.8979251141179
2020-10-30,trends_us,15.144398173484376
2020-10-31,trends_us,13.079252968009234
2020-11-01,trends_us,11.014107762534092
2020-11-02,trends_us,11.702489497692472
2020-11-03,trends_us,11.702489497692472
2020-11-04,trends_us,7.572199086742188
2020-11-05,trends_us,8.260580821900568
2020-11-06,trends_us,11.014107762534092
2020-11-07,trends_us,8.260580821900568
2020-11-08,trends_us,7.572199086742188
2020-11-09,trends_us,9.63734429221733
2020-11-10,trends_us,13.079252968009234
2020-11-11,trends_us,9.63734429221733
2020-11-12,trends_us,8.260580821900568
2020-11-13,trends_us,10.325726027375712
2020-11-14,trends_us,7.572199086742188
2020-11-15,trends_us,6.883817351583808
2020-11-16,trends_us,8.94896255705895
2020-11-17,trends_us,8.260580821900568
2020-11-18,trends_us,8.94896255705895
2020-11-19,trends_us,9.63734429221733
2020-11-20,trends_us,10.325726027375712
2020-11-21,trends_us,11.014107762534092
2020-11-22,trends_us,7.572199086742188
2020-11-23,trends_us,8.94896255705895
2020-11-24,trends_us,8.260580821900568
2020-11-25,trends_us,6.883817351583808
2020-11-26,trends_us,6.195435616425427
2020-11-27,trends_us,5.507053881267046
2020-11-28,trends_us,5.507053881267046
2020-11-29,trends_us,7.572199086742188
2020-11-30,trends_us,8.260580821900568
2020-12-01,trends_us,8.94896255705895
2020-12-02,trends_us,9.63734429221733
2020-12-03,trends_us,9.63734429221733
2020-12-04,trends_us,8.94896255705895
2020-12-05,trends_us,8.94896255705895
2020-12-06,trends_us,7.572199086742188
2020-12-07,trends_us,8.260580821900568
2020-12-08,trends_us,9.63734429221733
2020-12-09,trends_us,11.014107762534092
2020-12-10,trends_us,11.014107762534092
2020-12-11,trends_us,11.702489497692472
2020-12-12,trends_us,8.94896255705895
2020-12-13,trends_us,8.260580821900568
2020-12-14,trends_us,8.94896255705895
2020-12-15,trends_us,8.260580821900568
2020-12-16,trends_us,8.260580821900568
2020-12-17,trends_us,11.702489497692472
2020-12-18,trends_us,8.94896255705895
2020-12-19,trends_us,7.572199086742188
2020-12-20,trends_us,7.572199086742188
2020-12-21,trends_us,9.63734429221733
2020-12-22,trends_us,8.94896255705895
2020-12-23,trends_us,8.94896255705895
2020-12-24,trends_us,12.390871232850854
2020-12-25,trends_us,8.94896255705895
2020-12-26,trends_us,7.572199086742188
2020-12-27,trends_us,6.883817351583808
2020-12-28,trends_us,8.260580821900568
2020-12-29,trends_us,9.63734429221733
2020-12-30,trends_us,8.260580821900568
2020-12-31,trends_us,13.079252968009234
2021-01-01,trends_us,11.014107762534092
2021-01-02,trends_us,8.94896255705895
2021-01-03,trends_us,7.572199086742188
2021-01-04,trends_us,6.883817351583808
2021-01-05,trends_us,8.94896255705895
2021-01-06,trends_us,14.456016438325996
2021-01-07,trends_us,27.53526940633523
2021-01-08,trends_us,33.04232328760227
2021-01-09,trends_us,24.093360730543328
2021-01-10,trends_us,23.404978995384944
2021-01-11,trends_us,21.339833789909804
2021-01-12,trends_us,17.8979251141179
2021-01-13,trends_us,17.20954337895952
2021-01-14,trends_us,14.456016438325996
2021-01-15,trends_us,11.702489497692472
2021-01-16,trends_us,9.63734429221733
2021-01-17,trends_us,8.94896255705895
2021-01-18,trends_us,8.260580821900568
2021-01-19,trends_us,13.767634703167616
2021-01-20,trends_us,10.325726027375712
2021-01-21,trends_us,7.572199086742188
2021-01-22,trends_us,6.883817351583808
2021-01-23,trends_us,6.195435616425427
2021-01-24,trends_us,6.195435616425427
2021-01-25,trends_us,7.572199086742188
2021-01-26,trends_us,8.94896255705895
2021-01-27,trends_us,8.260580821900568
2021-01-28,trends_us,7.572199086742188
2021-01-29,trends_us,7.736324406102421
2021-01-30,trends_us,7.736324406102421
2021-01-31,trends_us,6.44693700508535
2021-02-01,trends_us,7.736324406102421
2021-02-02,trends_us,9.02571180711949
2021-02-03,trends_us,12.8938740101707
2021-02-04,trends_us,11.60448660915363
2021-02-05,trends_us,10.31509920813656
2021-02-06,trends_us,9.02571180711949
2021-02-07,trends_us,9.02571180711949
2021-02-08,trends_us,9.02571180711949
2021-02-09,trends_us,10.31509920813656
2021-02-10,trends_us,11.60448660915363
2021-02-11,trends_us,11.60448660915363
2021-02-12,trends_us,10.31509920813656
2021-02-13,trends_us,10.31509920813656
2021-02-14,trends_us,9.02571180711949
2021-02-15,trends_us,7.736324406102421
2021-02-16,trends_us,7.736324406102421
2021-02-17,trends_us,6.44693700508535
2021-02-18,trends_us,7.736324406102421
2021-02-19,trends_us,9.02571180711949
2021-02-20,trends_us,6.44693700508535
2021-02-21,trends_us,6.44693700508535
2021-02-22,trends_us,9.02571180711949
2021-02-23,trends_us,9.02571180711949
2021-02-24,trends_us,10.31509920813656
2021-02-25,trends_us,10.31509920813656
2021-02-26,trends_us,9.02571180711949
2021-02-27,trends_us,9.02571180711949
2021-02-28,trends_us,10.31509920813656
2021-03-01,trends_us,9.02571180711949
2021-03-02,trends_us,9.02571180711949
2021-03-03,trends_us,7.736324406102421
2021-03-04,trends_us,9.02571180711949
2021-03-05,trends_us,7.736324406102421
2021-03-06,trends_us,7.736324406102421
2021-03-07,trends_us,6.44693700508535
2021-03-08,trends_us,7.736324406102421
2021-03-09,trends_us,7.736324406102421
2021-03-10,trends_us,9.02571180711949
2021-03-11,trends_us,9.02571180711949
2021-03-12,trends_us,9.02571180711949
2021-03-13,trends_us,11.60448660915363
2021-03-14,trends_us,12.8938740101707
2021-03-15,trends_us,11.60448660915363
2021-03-16,trends_us,12.8938740101707
2021-03-17,trends_us,12.8938740101707
2021-03-18,trends_us,12.8938740101707
2021-03-19,trends_us,10.31509920813656
2021-03-20,trends_us,7.736324406102421
2021-03-21,trends_us,9.02571180711949
2021-03-22,trends_us,9.02571180711949
2021-03-23,trends_us,21.91958581729019
2021-03-24,trends_us,11.60448660915363
2021-03-25,trends_us,9.02571180711949
2021-03-26,trends_us,7.736324406102421
2021-03-27,trends_us,7.736324406102421
2021-03-28,trends_us,7.736324406102421
2021-03-29,trends_us,9.02571180711949
2021-03-30,trends_us,10.31509920813656
2021-03-31,trends_us,9.02571180711949
2021-04-01,trends_us,10.31509920813656
2021-04-02,trends_us,25.7877480203414
2021-04-03,trends_us,24.49836061932433
2021-04-04,trends_us,12.8938740101707
2021-04-05,trends_us,12.8938740101707
2021-04-06,trends_us,11.60448660915363
2021-04-07,trends_us,9.02571180711949
2021-04-08,trends_us,10.31509920813656
2021-04-09,trends_us,10.31509920813656
2021-04-10,trends_us,11.60448660915363
2021-04-11,trends_us,15.472648812204842
2021-04-12,trends_us,150.8583259189972
2021-04-13,trends_us,128.938740101707
2021-04-14,trends_us,68.33753225390471
2021-04-15,trends_us,58.02243304576815
2021-04-16,trends_us,72.20569445695592
2021-04-17,trends_us,38.6816220305121
2021-04-18,trends_us,34.81345982746089
2021-04-19,trends_us,28.36652282237554
2021-04-20,trends_us,51.5754960406828
2021-04-21,trends_us,181.80362354340687
2021-04-22,trends_us,107.01915428441681
2021-04-23,trends_us,56.73304564475108
2021-04-24,trends_us,37.39223462949503
2021-04-25,trends_us,32.23468502542675
2021-04-26,trends_us,36.10284722847796
2021-04-27,trends_us,32.23468502542675
2021-04-28,trends_us,25.7877480203414
2021-04-29,trends_us,23.20897321830726
2021-04-30,trends_us,20.63019841627312
2021-05-01,trends_us,15.472648812204842
2021-05-02,trends_us,12.8938740101707
2021-05-03,trends_us,14.18326141118777
2021-05-04,trends_us,12.8938740101707
2021-05-05,trends_us,12.8938740101707
2021-05-06,trends_us,11.60448660915363
2021-05-07,trends_us,10.31509920813656
2021-05-08,trends_us,9.02571180711949
2021-05-09,trends_us,9.02571180711949
2021-05-10,trends_us,11.60448660915363
2021-05-11,trends_us,14.18326141118777
2021-05-12,trends_us,11.60448660915363
2021-05-13,trends_us,10.31509920813656
2021-05-14,trends_us,9.02571180711949
2021-05-15,trends_us,9.02571180711949
2021-05-16,trends_us,7.736324406102421
2021-05-17,trends_us,7.736324406102421
2021-05-18,trends_us,11.60448660915363
2021-05-19,trends_us,11.60448660915363
2021-05-20,trends_us,12.8938740101707
2021-05-21,trends_us,10.31509920813656
2021-05-22,trends_us,9.02571180711949
2021-05-23,trends_us,9.02571180711949
2021-05-24,trends_us,10.31509920813656
2021-05-25,trends_us,11.60448660915363
2021-05-26,trends_us,11.60448660915363
2021-05-27,trends_us,10.31509920813656
2021-05-28,trends_us,9.02571180711949
2021-05-29,trends_us,7.736324406102423
2021-05-30,trends_us,9.025711807119494
2021-05-31,trends_us,7.736324406102423
2021-06-01,trends_us,9.025711807119494
2021-06-02,trends_us,9.025711807119494
2021-06-03,trends_us,11.604486609153634
2021-06-04,trends_us,12.893874010170705
2021-06-05,trends_us,14.183261411187775
2021-06-06,trends_us,10.315099208136564
2021-06-07,trends_us,7.736324406102423
2021-06-08,trends_us,7.736324406102423
2021-06-09,trends_us,7.736324406102423
2021-06-10,trends_us,7.736324406102423
2021-06-11,trends_us,6.446937005085353
2021-06-12,trends_us,7.736324406102423
2021-06-13,trends_us,7.736324406102423
2021-06-14,trends_us,9.025711807119494
2021-06-15,trends_us,7.736324406102423
2021-06-16,trends_us,7.736324406102423
2021-06-17,trends_us,11.604486609153634
2021-06-18,trends_us,6.446937005085353
2021-06-19,trends_us,7.736324406102423
2021-06-20,trends_us,7.736324406102423
2021-06-21,trends_us,10.315099208136564
2021-06-22,trends_us,12.893874010170705
2021-06-23,trends_us,12.893874010170705
2021-06-24,trends_us,12.893874010170705
2021-06-25,trends_us,12.893874010170705
2021-06-26,trends_us,15.472648812204845
2021-06-27,trends_us,9.025711807119494
2021-06-28,trends_us,7.736324406102423
2021-06-29,trends_us,7.736324406102423
2021-06-30,trends_us,7.736324406102423
2021-07-01,trends_us,7.736324406102423
2021-07-02,trends_us,6.446937005085353
2021-07-03,trends_us,6.446937005085353
2021-07-04,trends_us,7.736324406102423
2021-07-05,trends_us,7.736324406102423
2021-07-06,trends_us,7.736324406102423
2021-07-07,trends_us,11.604486609153634
2021-07-08,trends_us,11.604486609153634
2021-07-09,trends_us,9.025711807119494
2021-07-10,trends_us,5.157549604068282
2021-07-11,trends_us,6.446937005085353
2021-07-12,trends_us,7.736324406102423
2021-07-13,trends_us,7.736324406102423
2021-07-14,trends_us,6.446937005085353
2021-07-15,trends_us,6.446937005085353
2021-07-16,trends_us,7.736324406102423
2021-07-17,trends_us,6.446937005085353
2021-07-18,trends_us,7.736324406102423
2021-07-19,trends_us,6.446937005085353
2021-07-20,trends_us,6.446937005085353
2021-07-21,trends_us,6.446937005085353
2021-07-22,trends_us,6.446937005085353
2021-07-23,trends_us,6.446937005085353
2021-07-24,trends_us,6.446937005085353
2021-07-25,trends_us,6.446937005085353
2021-07-26,trends_us,6.446937005085353
2021-07-27,trends_us,9.025711807119494
2021-07-28,trends_us,10.315099208136564
2021-07-29,trends_us,7.736324406102423
2021-07-30,trends_us,6.446937005085353
2021-07-31,trends_us,6.446937005085353
2021-08-01,trends_us,6.446937005085353
2021-08-02,trends_us,6.446937005085353
2021-08-03,trends_us,9.025711807119494
2021-08-04,trends_us,7.736324406102423
2021-08-05,trends_us,9.025711807119494
2021-08-06,trends_us,6.446937005085353
2021-08-07,trends_us,6.446937005085353
2021-08-08,trends_us,32.234685025426764
2021-08-09,trends_us,32.234685025426764
2021-08-10,trends_us,23.208973218307268
2021-08-11,trends_us,12.893874010170705
2021-08-12,trends_us,10.315099208136564
2021-08-13,trends_us,7.736324406102423
2021-08-14,trends_us,6.446937005085353
2021-08-15,trends_us,7.736324406102423
2021-08-16,trends_us,6.446937005085353
2021-08-17,trends_us,7.736324406102423
2021-08-18,trends_us,7.736324406102423
2021-08-19,trends_us,9.025711807119494
2021-08-20,trends_us,7.736324406102423
2021-08-21,trends_us,5.157549604068282
2021-08-22,trends_us,7.736324406102423
2021-08-23,trends_us,5.157549604068282
2021-08-24,trends_us,7.736324406102423
2021-08-25,trends_us,6.446937005085353
2021-08-26,trends_us,7.736324406102423
2021-08-27,trends_us,9.025711807119494
2021-08-28,trends_us,6.446937005085353
2021-08-29,trends_us,7.736324406102423
2021-08-30,trends_us,6.446937005085353
2021-08-31,trends_us,5.157549604068282
2021-09-01,trends_us,5.157549604068282
2021-09-02,trends_us,6.446937005085353
2021-09-03,trends_us,6.446937005085353
2021-09-04,trends_us,6.446937005085353
2021-09-05,trends_us,6.446937005085353
2021-09-06,trends_us,6.446937005085353
2021-09-07,trends_us,5.157549604068282
2021-09-08,trends_us,5.157549604068282
2021-09-09,trends_us,5.157549604068282
2021-09-10,trends_us,6.446937005085353
2021-09-11,trends_us,7.736324406102423
2021-09-12,trends_us,6.446937005085353
2021-09-13,trends_us,5.157549604068282
2021-09-14,trends_us,5.157549604068282
2021-09-15,trends_us,5.157549604068282
2021-09-16,trends_us,7.736324406102423
2021-09-17,trends_us,6.446937005085353
2021-09-18,trends_us,6.446937005085353
2021-09-19,trends_us,5.157549604068282
2021-09-20,trends_us,9.025711807119494
2021-09-21,trends_us,7.736324406102423
2021-09-22,trends_us,7.736324406102423
2021-09-23,trends_us,7.736324406102423
2021-09-24,trends_us,7.736324406102423
2021-09-25,trends_us,7.736324406102423
2021-09-26,trends_us,8.32396304196109
2021-09-27,trends_us,8.948260270108172
2021-09-28,trends_us,8.115863965912062
2021-09-29,trends_us,7.491566737764981
2021-09-30,trends_us,6.867269509617899
2021-10-01,trends_us,8.948260270108172
2021-10-02,trends_us,8.532062118010117
2021-10-03,trends_us,7.283467661715954
2021-10-04,trends_us,7.075368585666927
2021-10-05,trends_us,6.659170433568872
2021-10-06,trends_us,7.699665813814009
2021-10-07,trends_us,8.948260270108172
2021-10-08,trends_us,7.491566737764981
2021-10-09,trends_us,6.451071357519845
2021-10-10,trends_us,8.948260270108172
2021-10-11,trends_us,8.948260270108172
2021-10-12,trends_us,7.075368585666927
2021-10-13,trends_us,8.32396304196109
2021-10-14,trends_us,9.156359346157199
2021-10-15,trends_us,8.32396304196109
2021-10-16,trends_us,8.532062118010117
2021-10-17,trends_us,8.740161194059144
2021-10-18,trends_us,9.780656574304281
2021-10-19,trends_us,8.115863965912062
2021-10-20,trends_us,7.699665813814009
2021-10-21,trends_us,7.907764889863035
2021-10-22,trends_us,10.196854726402336
2021-10-23,trends_us,7.283467661715954
2021-10-24,trends_us,5.410575977274709
2021-10-25,trends_us,6.867269509617899
2021-10-26,trends_us,9.156359346157199
2021-10-27,trends_us,7.283467661715954
2021-10-28,trends_us,7.075368585666927
2021-10-29,trends_us,5.618675053323735
2021-10-30,trends_us,4.786278749127627
2021-10-31,trends_us,6.03487320542179
2021-11-01,trends_us,7.075368585666927
2021-11-02,trends_us,6.03487320542179
2021-11-03,trends_us,6.451071357519845
2021-11-04,trends_us,7.491566737764981
2021-11-05,trends_us,6.659170433568872
2021-11-06,trends_us,5.410575977274709
2021-11-07,trends_us,6.867269509617899
2021-11-08,trends_us,6.867269509617899
2021-11-09,trends_us,8.115863965912062
2021-11-10,trends_us,7.491566737764981
2021-11-11,trends_us,8.115863965912062
2021-11-12,trends_us,7.283467661715954
2021-11-13,trends_us,5.618675053323735
2021-11-14,trends_us,6.659170433568872
2021-11-15,trends_us,6.659170433568872
2021-11-16,trends_us,7.075368585666927
2021-11-17,trends_us,7.491566737764981
2021-11-18,trends_us,8.740161194059144
2021-11-19,trends_us,10.821151954549418
2021-11-20,trends_us,9.780656574304281
2021-11-21,trends_us,8.532062118010117
2021-11-22,trends_us,7.907764889863035
2021-11-23,trends_us,7.283467661715954
2021-11-24,trends_us,5.826774129372763
2021-11-25,trends_us,5.826774129372763
2021-11-26,trends_us,4.994377825176654
2021-11-27,trends_us,4.786278749127627
2021-11-28,trends_us,6.242972281470817
2021-11-29,trends_us,6.867269509617899
2021-11-30,trends_us,6.867269509617899
2021-12-01,trends_us,10.196854726402336
2021-12-02,trends_us,11.23735010664747
2021-12-03,trends_us,9.156359346157199
2021-12-04,trends_us,9.780656574304281
2021-12-05,trends_us,7.283467661715954
2021-12-06,trends_us,8.115863965912062
2021-12-07,trends_us,7.699665813814009
2021-12-08,trends_us,9.780656574304281
2021-12-09,trends_us,9.988755650353308
2021-12-10,trends_us,8.948260270108172
2021-12-11,trends_us,6.451071357519845
2021-12-12,trends_us,6.242972281470817
2021-12-13,trends_us,7.075368585666927
2021-12-14,trends_us,6.451071357519845
2021-12-15,trends_us,6.659170433568872
2021-12-16,trends_us,8.115863965912062
2021-12-17,trends_us,9.156359346157199
2021-12-18,trends_us,5.826774129372763
2021-12-19,trends_us,6.03487320542179
2021-12-20,trends_us,6.242972281470817
2021-12-21,trends_us,6.659170433568872
2021-12-22,trends_us,6.867269509617899
2021-12-23,trends_us,9.156359346157199
2021-12-24,trends_us,10.821151954549418
2021-12-25,trends_us,6.03487320542179
2021-12-26,trends_us,6.659170433568872
2021-12-27,trends_us,6.242972281470817
2021-12-28,trends_us,9.988755650353308
2021-12-29,trends_us,8.32396304196109
2021-12-30,trends_us,9.572557498255254
2021-12-31,trends_us,8.948260270108172
2022-01-01,trends_us,10.821151954549418
2022-01-02,trends_us,7.283467661715954
2022-01-03,trends_us,6.03487320542179
2022-01-04,trends_us,9.364458422206226
2022-01-05,trends_us,10.404953802451363
2022-01-06,trends_us,8.740161194059144
2022-01-07,trends_us,9.780656574304281
2022-01-08,trends_us,7.491566737764981
2022-01-09,trends_us,6.242972281470817
2022-01-10,trends_us,6.451071357519845
2022-01-11,trends_us,8.32396304196109
2022-01-12,trends_us,7.491566737764981
2022-01-13,trends_us,8.948260270108172
2022-01-14,trends_us,6.867269509617899
2022-01-15,trends_us,5.826774129372763
2022-01-16,trends_us,5.2024769012256815
2022-01-17,trends_us,4.370080597029572
2022-01-18,trends_us,5.410575977274709
2022-01-19,trends_us,5.618675053323735
2022-01-20,trends_us,5.826774129372763
2022-01-21,trends_us,6.867269509617899
2022-01-22,trends_us,21.22610575700078
2022-01-23,trends_us,10.404953802451363
2022-01-24,trends_us,13.403659061818212
2022-01-25,trends_us,10.202785256010879
2022-01-26,trends_us,8.802402965970169
2022-01-27,trends_us,11.003003707462712
2022-01-28,trends_us,20.805679737747674
2022-01-29,trends_us,18.204969770529214
2022-01-30,trends_us,10.402839868873837
2022-01-31,trends_us,9.002457578833127
2022-02-01,trends_us,9.202512191696085
2022-02-02,trends_us,15.204150577584837
2022-02-03,trends_us,9.402566804559044
2022-02-04,trends_us,12.003276771777504
2022-02-05,trends_us,12.803495223229337
2022-02-06,trends_us,11.003003707462712
2022-02-07,trends_us,11.20305832032567
2022-02-08,trends_us,10.402839868873837
2022-02-09,trends_us,9.202512191696085
2022-02-10,trends_us,9.002457578833127
2022-02-11,trends_us,16.00436902903667
2022-02-12,trends_us,18.204969770529214
2022-02-13,trends_us,8.60234835310721
2022-02-14,trends_us,8.002184514518335
2022-02-15,trends_us,8.002184514518335
2022-02-16,trends_us,8.002184514518335
2022-02-17,trends_us,7.802129901655377
2022-02-18,trends_us,10.00273064314792
2022-02-19,trends_us,9.002457578833127
2022-02-20,trends_us,8.802402965970169
2022-02-21,trends_us,8.402293740244252
2022-02-22,trends_us,8.202239127381294
2022-02-23,trends_us,8.802402965970169
2022-02-24,trends_us,7.0019114502035436
2022-02-25,trends_us,6.4017476116146685
2022-02-26,trends_us,8.402293740244252
2022-02-27,trends_us,7.40202067592946
2022-02-28,trends_us,7.602075288792419
2022-03-01,trends_us,7.40202067592946
2022-03-02,trends_us,7.602075288792419
2022-03-03,trends_us,7.40202067592946
2022-03-04,trends_us,8.002184514518335
2022-03-05,trends_us,5.8015837730257935
2022-03-06,trends_us,5.601529160162835
2022-03-07,trends_us,6.801856837340585
2022-03-08,trends_us,7.0019114502035436
2022-03-09,trends_us,11.20305832032567
2022-03-10,trends_us,7.40202067592946
2022-03-11,trends_us,8.002184514518335
2022-03-12,trends_us,6.601802224477627
2022-03-13,trends_us,6.20169299875171
2022-03-14,trends_us,6.801856837340585
2022-03-15,trends_us,8.60234835310721
2022-03-16,trends_us,7.40202067592946
2022-03-17,trends_us,7.40202067592946
2022-03-18,trends_us,7.40202067592946
2022-03-19,trends_us,6.20169299875171
2022-03-20,trends_us,7.201966063066502
2022-03-21,trends_us,7.40202067592946
2022-03-22,trends_us,7.0019114502035436
2022-03-23,trends_us,8.002184514518335
2022-03-24,trends_us,7.602075288792419
2022-03-25,trends_us,7.201966063066502
2022-03-26,trends_us,9.202512191696085
2022-03-27,trends_us,7.602075288792419
2022-03-28,trends_us,7.602075288792419
2022-03-29,trends_us,7.802129901655377
2022-03-30,trends_us,8.60234835310721
2022-03-31,trends_us,11.003003707462712
2022-04-01,trends_us,12.603440610366379
2022-04-02,trends_us,8.202239127381294
2022-04-03,trends_us,7.802129901655377
2022-04-04,trends_us,10.602894481736795
2022-04-05,trends_us,8.002184514518335
2022-04-06,trends_us,8.60234835310721
2022-04-07,trends_us,9.402566804559044
2022-04-08,trends_us,8.402293740244252
2022-04-09,trends_us,6.601802224477627
2022-04-10,trends_us,7.0019114502035436
2022-04-11,trends_us,7.802129901655377
2022-04-12,trends_us,10.202785256010879
2022-04-13,trends_us,20.405570512021757
2022-04-14,trends_us,26.407208897910508
2022-04-15,trends_us,18.004915157666254
2022-04-16,trends_us,11.403112933188629
2022-04-17,trends_us,9.602621417422004
2022-04-18,trends_us,9.402566804559044
2022-04-19,trends_us,9.402566804559044
2022-04-20,trends_us,9.402566804559044
2022-04-21,trends_us,8.60234835310721
2022-04-22,trends_us,8.002184514518335
2022-04-23,trends_us,7.802129901655377
2022-04-24,trends_us,8.802402965970169
2022-04-25,trends_us,9.202512191696085
2022-04-26,trends_us,9.802676030284962
2022-04-27,trends_us,8.402293740244252
2022-04-28,trends_us,9.402566804559044
2022-04-29,trends_us,8.002184514518335
2022-04-30,trends_us,7.201966063066502
2022-05-01,trends_us,6.801856837340585
2022-05-02,trends_us,8.802402965970169
2022-05-03,trends_us,7.602075288792419
2022-05-04,trends_us,8.202239127381294
2022-05-05,trends_us,8.60234835310721
2022-05-06,trends_us,8.002184514518335
2022-05-07,trends_us,6.001638385888752
2022-05-08,trends_us,6.4017476116146685
2022-05-09,trends_us,7.201966063066502
2022-05-10,trends_us,8.60234835310721
2022-05-11,trends_us,8.402293740244252
2022-05-12,trends_us,8.002184514518335
2022-05-13,trends_us,7.40202067592946
2022-05-14,trends_us,8.002184514518335
2022-05-15,trends_us,11.20305832032567
2022-05-16,trends_us,10.202785256010879
2022-05-17,trends_us,10.00273064314792
2022-05-18,trends_us,8.002184514518335
2022-05-19,trends_us,8.002184514518335
2022-05-20,trends_us,7.201966063066502
2022-05-21,trends_us,6.601802224477627
2022-05-22,trends_us,6.001638385888752
2022-05-23,trends_us,7.0019114502035436
2022-05-24,trends_us,9.71648514544188
2022-05-25,trends_us,20.455758200930273
2022-05-26,trends_us,31.450728233930292
2022-05-27,trends_us,31.450728233930292
2022-05-28,trends_us,22.757030998534926
2022-05-29,trends_us,15.597515628209333
2022-05-30,trends_us,12.529151898069792
2022-05-31,trends_us,12.529151898069792
2022-06-01,trends_us,12.273454920558162
2022-06-02,trends_us,12.529151898069792
2022-06-03,trends_us,11.506363988023278
2022-06-04,trends_us,10.227879100465136
2022-06-05,trends_us,8.949394212906993
2022-06-06,trends_us,9.205091190418623
2022-06-07,trends_us,8.438000257883736
2022-06-08,trends_us,8.693697235395366
2022-06-09,trends_us,10.227879100465136
2022-06-10,trends_us,16.108909583232588
2022-06-11,trends_us,9.71648514544188
2022-06-12,trends_us,7.92660630286048
2022-06-13,trends_us,8.693697235395366
2022-06-14,trends_us,8.438000257883736
2022-06-15,trends_us,13.807636785627933
2022-06-16,trends_us,12.273454920558162
2022-06-17,trends_us,8.949394212906993
2022-06-18,trends_us,8.693697235395366
2022-06-19,trends_us,6.9038183928139665
2022-06-20,trends_us,8.182303280372109
2022-06-21,trends_us,8.949394212906993
2022-06-22,trends_us,9.71648514544188
2022-06-23,trends_us,6.39242443779071
2022-06-24,trends_us,7.159515370325595
2022-06-25,trends_us,6.39242443779071
2022-06-26,trends_us,7.415212347837223
2022-06-27,trends_us,7.159515370325595
2022-06-28,trends_us,7.92660630286048
2022-06-29,trends_us,8.693697235395366
2022-06-30,trends_us,10.739273055488393
2022-07-01,trends_us,15.341818650697704
2022-07-02,trends_us,19.43297029088376
2022-07-03,trends_us,27.10387961623261
2022-07-04,trends_us,30.683637301395407
2022-07-05,trends_us,23.012727976046556
2022-07-06,trends_us,16.620303538255847
2022-07-07,trends_us,17.64309144830236
2022-07-08,trends_us,12.017757943046535
2022-07-09,trends_us,9.205091190418623
2022-07-10,trends_us,8.949394212906993
2022-07-11,trends_us,8.438000257883736
2022-07-12,trends_us,8.949394212906993
2022-07-13,trends_us,11.762060965534907
2022-07-14,trends_us,9.972182122953507
2022-07-15,trends_us,8.949394212906993
2022-07-16,trends_us,8.182303280372109
2022-07-17,trends_us,10.483576077976764
2022-07-18,trends_us,11.762060965534907
2022-07-19,trends_us,11.762060965534907
2022-07-20,trends_us,13.040545853093048
2022-07-21,trends_us,10.99497003300002
2022-07-22,trends_us,13.296242830604676
2022-07-23,trends_us,9.71648514544188
2022-07-24,trends_us,8.182303280372109
2022-07-25,trends_us,9.71648514544188
2022-07-26,trends_us,7.670909325348852
2022-07-27,trends_us,7.159515370325595
2022-07-28,trends_us,7.159515370325595
2022-07-29,trends_us,7.92660630286048
2022-07-30,trends_us,6.9038183928139665
2022-07-31,trends_us,9.205091190418623
2022-08-01,trends_us,8.693697235395366
2022-08-02,trends_us,7.159515370325595
2022-08-03,trends_us,6.648121415302338
2022-08-04,trends_us,6.39242443779071
2022-08-05,trends_us,6.136727460279081
2022-08-06,trends_us,7.159515370325595
2022-08-07,trends_us,6.9038183928139665
2022-08-08,trends_us,6.648121415302338
2022-08-09,trends_us,7.670909325348852
2022-08-10,trends_us,7.159515370325595
2022-08-11,trends_us,9.205091190418623
2022-08-12,trends_us,6.9038183928139665
2022-08-13,trends_us,5.369636527744197
2022-08-14,trends_us,6.648121415302338
2022-08-15,trends_us,5.625333505255825
2022-08-16,trends_us,5.8810304827674535
2022-08-17,trends_us,6.39242443779071
2022-08-18,trends_us,7.670909325348852
2022-08-19,trends_us,8.438000257883736
2022-08-20,trends_us,6.648121415302338
2022-08-21,trends_us,6.39242443779071
2022-08-22,trends_us,10.483576077976764
2022-08-23,trends_us,8.693697235395366
2022-08-24,trends_us,7.92660630286048
2022-08-25,trends_us,7.159515370325595
2022-08-26,trends_us,6.648121415302338
2022-08-27,trends_us,5.8810304827674535
2022-08-28,trends_us,6.39242443779071
2022-08-29,trends_us,8.438000257883736
2022-08-30,trends_us,7.415212347837223
2022-08-31,trends_us,6.9038183928139665
2022-09-01,trends_us,9.205091190418623
2022-09-02,trends_us,8.182303280372109
2022-09-03,trends_us,7.92660630286048
2022-09-04,trends_us,7.670909325348852
2022-09-05,trends_us,5.8810304827674535
2022-09-06,trends_us,5.8810304827674535
2022-09-07,trends_us,6.648121415302338
2022-09-08,trends_us,7.159515370325595
2022-09-09,trends_us,10.99497003300002
2022-09-10,trends_us,7.159515370325595
2022-09-11,trends_us,8.949394212906993
2022-09-12,trends_us,8.438000257883736
2022-09-13,trends_us,7.415212347837223
2022-09-14,trends_us,7.92660630286048
2022-09-15,trends_us,7.415212347837223
2022-09-16,trends_us,7.159515370325595
2022-09-17,trends_us,6.39242443779071
2022-09-18,trends_us,5.369636527744197
2022-09-19,trends_us,5.8810304827674535
2022-09-20,trends_us,6.9038183928139665
2022-09-21,trends_us,6.984084914050815
2022-09-22,trends_us,6.7154662635103985
2022-09-23,trends_us,8.59579681729331
2022-09-24,trends_us,7.789940865672063
2022-09-25,trends_us,6.178228962429567
2022-09-26,trends_us,7.521322215131646
2022-09-27,trends_us,7.789940865672063
2022-09-28,trends_us,9.670271419454973
2022-09-29,trends_us,8.59579681729331
2022-09-30,trends_us,7.521322215131646
2022-10-01,trends_us,5.6409916613487345
2022-10-02,trends_us,7.252703564591231
2022-10-03,trends_us,7.521322215131646
2022-10-04,trends_us,8.058559516212478
2022-10-05,trends_us,8.058559516212478
2022-10-06,trends_us,8.327178166752894
2022-10-07,trends_us,8.864415467833727
2022-10-08,trends_us,7.789940865672063
2022-10-09,trends_us,7.789940865672063
2022-10-10,trends_us,8.058559516212478
2022-10-11,trends_us,8.327178166752894
2022-10-12,trends_us,12.62507657539955
2022-10-13,trends_us,38.94970432836031
2022-10-14,trends_us,28.47357695728409
2022-10-15,trends_us,15.848500381884541
2022-10-16,trends_us,10.476127371076222
2022-10-17,trends_us,13.16231387648038
2022-10-18,trends_us,10.744746021616638
2022-10-19,trends_us,9.93889006999539
2022-10-20,trends_us,9.133034118374143
2022-10-21,trends_us,9.133034118374143
2022-10-22,trends_us,8.058559516212478
2022-10-23,trends_us,6.7154662635103985
2022-10-24,trends_us,8.058559516212478
2022-10-25,trends_us,10.207508720535806
2022-10-26,trends_us,9.93889006999539
2022-10-27,trends_us,7.521322215131646
2022-10-28,trends_us,8.058559516212478
2022-10-29,trends_us,5.909610311889151
2022-10-30,trends_us,6.446847612969982
2022-10-31,trends_us,7.521322215131646
2022-11-01,trends_us,8.327178166752894
2022-11-02,trends_us,8.59579681729331
2022-11-03,trends_us,6.7154662635103985
2022-11-04,trends_us,6.446847612969982
2022-11-05,trends_us,6.7154662635103985
2022-11-06,trends_us,6.446847612969982
2022-11-07,trends_us,6.446847612969982
2022-11-08,trends_us,6.7154662635103985
2022-11-09,trends_us,5.909610311889151
2022-11-10,trends_us,7.252703564591231
2022-11-11,trends_us,5.372373010808319
2022-11-12,trends_us,5.372373010808319
2022-11-13,trends_us,5.372373010808319
2022-11-14,trends_us,8.59579681729331
2022-11-15,trends_us,7.789940865672063
2022-11-16,trends_us,8.058559516212478
2022-11-17,trends_us,7.789940865672063
2022-11-18,trends_us,6.7154662635103985
2022-11-19,trends_us,5.372373010808319
2022-11-20,trends_us,6.178228962429567
2022-11-21,trends_us,7.521322215131646
2022-11-22,trends_us,6.984084914050815
2022-11-23,trends_us,7.252703564591231
2022-11-24,trends_us,5.372373010808319
2022-11-25,trends_us,4.566517059187071
2022-11-26,trends_us,4.835135709727487
2022-11-27,trends_us,5.6409916613487345
2022-11-28,trends_us,6.7154662635103985
2022-11-29,trends_us,8.058559516212478
2022-11-30,trends_us,7.521322215131646
2022-12-01,trends_us,7.521322215131646
2022-12-02,trends_us,9.133034118374143
2022-12-03,trends_us,6.984084914050815
2022-12-04,trends_us,5.909610311889151
2022-12-05,trends_us,6.984084914050815
2022-12-06,trends_us,8.327178166752894
2022-12-07,trends_us,8.864415467833727
2022-12-08,trends_us,8.058559516212478
2022-12-09,trends_us,6.7154662635103985
2022-12-10,trends_us,5.6409916613487345
2022-12-11,trends_us,5.6409916613487345
2022-12-12,trends_us,6.7154662635103985
2022-12-13,trends_us,7.789940865672063
2022-12-14,trends_us,9.133034118374143
2022-12-15,trends_us,11.281983322697469
2022-12-16,trends_us,9.133034118374143
2022-12-17,trends_us,6.7154662635103985
2022-12-18,trends_us,5.909610311889151
2022-12-19,trends_us,6.178228962429567
2022-12-20,trends_us,6.984084914050815
2022-12-21,trends_us,5.909610311889151
2022-12-22,trends_us,5.6409916613487345
2022-12-23,trends_us,4.566517059187071
2022-12-24,trends_us,4.566517059187071
2022-12-25,trends_us,4.835135709727487
2022-12-26,trends_us,4.297898408646655
2022-12-27,trends_us,5.372373010808319
2022-12-28,trends_us,4.835135709727487
2022-12-29,trends_us,5.103754360267903
2022-12-30,trends_us,8.59579681729331
2022-12-31,trends_us,5.372373010808319
2023-01-01,trends_us,5.909610311889151
2023-01-02,trends_us,6.446847612969982
2023-01-03,trends_us,9.401652768914559
2023-01-04,trends_us,6.7154662635103985
2023-01-05,trends_us,6.446847612969982
2023-01-06,trends_us,7.521322215131646
2023-01-07,trends_us,8.59579681729331
2023-01-08,trends_us,6.178228962429567
2023-01-09,trends_us,6.7154662635103985
2023-01-10,trends_us,7.521322215131646
2023-01-11,trends_us,6.984084914050815
2023-01-12,trends_us,6.984084914050815
2023-01-13,trends_us,6.984084914050815
2023-01-14,trends_us,8.058559516212478
2023-01-15,trends_us,6.7154662635103985
2023-01-16,trends_us,6.7154662635103985
2023-01-17,trends_us,7.252703564591231
2023-01-18,trends_us,6.446847612969982
2023-01-19,trends_us,7.832484398169672
2023-01-20,trends_us,8.11221598381859
2023-01-21,trends_us,8.95141074076534
2023-01-22,trends_us,10.070337083361007
2023-01-23,trends_us,10.350068669009925
2023-01-24,trends_us,10.070337083361007
2023-01-25,trends_us,9.231142326414258
2023-01-26,trends_us,11.748726597254509
2023-01-27,trends_us,26.01503746534927
2023-01-28,trends_us,63.219338356655214
2023-01-29,trends_us,25.455574294051434
2023-01-30,trends_us,22.37852685191335
2023-01-31,trends_us,19.58121099542418
2023-02-01,trends_us,19.301479409775265
2023-02-02,trends_us,17.06362672458393
2023-02-03,trends_us,14.825774039392595
2023-02-04,trends_us,10.350068669009925
2023-02-05,trends_us,10.629800254658841
2023-02-06,trends_us,12.308189768552342
2023-02-07,trends_us,17.343358310232844
2023-02-08,trends_us,15.944700381988262
2023-02-09,trends_us,11.468995011605593
2023-02-10,trends_us,11.468995011605593
2023-02-11,trends_us,8.671679155116422
2023-02-12,trends_us,7.832484398169672
2023-02-13,trends_us,8.671679155116422
2023-02-14,trends_us,16.504163553286094
2023-02-15,trends_us,9.510873912063174
2023-02-16,trends_us,11.468995011605593
2023-02-17,trends_us,11.189263425956675
2023-02-18,trends_us,7.832484398169672
2023-02-19,trends_us,13.706847696796927
2023-02-20,trends_us,11.468995011605593
2023-02-21,trends_us,9.79060549771209
2023-02-22,trends_us,10.070337083361007
2023-02-23,trends_us,9.231142326414258
2023-02-24,trends_us,9.79060549771209
2023-02-25,trends_us,8.391947569467506
2023-02-26,trends_us,7.5527528125207555
2023-02-27,trends_us,7.832484398169672
2023-02-28,trends_us,8.11221598381859
2023-03-01,trends_us,7.5527528125207555
2023-03-02,trends_us,14.825774039392595
2023-03-03,trends_us,10.070337083361007
2023-03-04,trends_us,9.79060549771209
2023-03-05,trends_us,15.664968796339345
2023-03-06,trends_us,8.391947569467506
2023-03-07,trends_us,8.95141074076534
2023-03-08,trends_us,8.391947569467506
2023-03-09,trends_us,13.147384525499092
2023-03-10,trends_us,11.748726597254509
2023-03-11,trends_us,8.95141074076534
2023-03-12,trends_us,7.5527528125207555
2023-03-13,trends_us,10.629800254658841
2023-03-14,trends_us,8.671679155116422
2023-03-15,trends_us,7.832484398169672
2023-03-16,trends_us,8.95141074076534
2023-03-17,trends_us,8.391947569467506
2023-03-18,trends_us,6.993289641222922
2023-03-19,trends_us,5.874363298627254
2023-03-20,trends_us,8.11221598381859
2023-03-21,trends_us,9.231142326414258
2023-03-22,trends_us,8.671679155116422
2023-03-23,trends_us,8.671679155116422
2023-03-24,trends_us,8.391947569467506
2023-03-25,trends_us,6.433826469925088
2023-03-26,trends_us,6.154094884276171
2023-03-27,trends_us,11.189263425956675
2023-03-28,trends_us,29.092084907487354
2023-03-29,trends_us,33.28805869222111
2023-03-30,trends_us,16.22443196763718
2023-03-31,trends_us,12.867652939850176
2023-04-01,trends_us,8.11221598381859
2023-04-02,trends_us,6.993289641222922
2023-04-03,trends_us,8.11221598381859
2023-04-04,trends_us,8.11221598381859
2023-04-05,trends_us,9.79060549771209
2023-04-06,trends_us,10.070337083361007
2023-04-07,trends_us,8.11221598381859
2023-04-08,trends_us,8.671679155116422
2023-04-09,trends_us,20.70013733801985
2023-04-10,trends_us,19.301479409775265
2023-04-11,trends_us,14.26631086809476
2023-04-12,trends_us,11.468995011605593
2023-04-13,trends_us,10.350068669009925
2023-04-14,trends_us,8.671679155116422
2023-04-15,trends_us,10.629800254658841
2023-04-16,trends_us,17.343358310232844
2023-04-17,trends_us,13.706847696796927
2023-04-18,trends_us,12.028458182903425
2023-04-19,trends_us,8.95141074076534
2023-04-20,trends_us,8.671679155116422
2023-04-21,trends_us,8.95141074076534
2023-04-22,trends_us,6.993289641222922
2023-04-23,trends_us,6.993289641222922
2023-04-24,trends_us,8.11221598381859
2023-04-25,trends_us,9.231142326414258
2023-04-26,trends_us,8.95141074076534
2023-04-27,trends_us,6.993289641222922
2023-04-28,trends_us,9.79060549771209
2023-04-29,trends_us,6.713558055574005
2023-04-30,trends_us,7.273021226871839
2023-05-01,trends_us,8.671679155116422
2023-05-02,trends_us,8.95141074076534
2023-05-03,trends_us,9.510873912063174
2023-05-04,trends_us,8.671679155116422
2023-05-05,trends_us,7.832484398169672
2023-05-06,trends_us,9.79060549771209
2023-05-07,trends_us,14.825774039392595
2023-05-08,trends_us,13.147384525499092
2023-05-09,trends_us,10.629800254658841
2023-05-10,trends_us,10.350068669009925
2023-05-11,trends_us,12.028458182903425
2023-05-12,trends_us,12.028458182903425
2023-05-13,trends_us,9.510873912063174
2023-05-14,trends_us,8.11221598381859
2023-05-15,trends_us,8.95141074076534
2023-05-16,trends_us,9.79060549771209
2023-05-17,trends_us,9.510873912063174
2023-05-18,trends_us,8.391947569467506
2023-05-19,trends_us,7.571370444294622
2023-05-20,trends_us,7.049206965377753
2023-05-21,trends_us,6.2659617470024465
2023-05-22,trends_us,7.049206965377753
2023-05-23,trends_us,8.093533923211494
2023-05-24,trends_us,7.3102887048361875
2023-05-25,trends_us,9.39894262050367
2023-05-26,trends_us,8.093533923211494
2023-05-27,trends_us,6.2659617470024465
2023-05-28,trends_us,6.527043486460881
2023-05-29,trends_us,6.527043486460881
2023-05-30,trends_us,6.788125225919317
2023-05-31,trends_us,7.571370444294622
2023-06-01,trends_us,8.354615662669929
2023-06-02,trends_us,6.527043486460881
2023-06-03,trends_us,6.2659617470024465
2023-06-04,trends_us,7.832452183753058
2023-06-05,trends_us,7.3102887048361875
2023-06-06,trends_us,6.2659617470024465
2023-06-07,trends_us,7.049206965377753
2023-06-08,trends_us,6.788125225919317
2023-06-09,trends_us,5.221634789168705
2023-06-10,trends_us,6.527043486460881
2023-06-11,trends_us,5.48271652862714
2023-06-12,trends_us,5.48271652862714
2023-06-13,trends_us,6.004880007544012
2023-06-14,trends_us,5.48271652862714
2023-06-15,trends_us,6.004880007544012
2023-06-16,trends_us,5.743798268085576
2023-06-17,trends_us,8.615697402128363
2023-06-18,trends_us,10.182187838878976
2023-06-19,trends_us,7.571370444294622
2023-06-20,trends_us,7.049206965377753
2023-06-21,trends_us,6.2659617470024465
2023-06-22,trends_us,5.221634789168705
2023-06-23,trends_us,6.004880007544012
2023-06-24,trends_us,6.527043486460881
2023-06-25,trends_us,6.527043486460881
2023-06-26,trends_us,6.527043486460881
2023-06-27,trends_us,6.004880007544012
2023-06-28,trends_us,6.788125225919317
2023-06-29,trends_us,13.054086972921763
2023-06-30,trends_us,9.921106099420541
2023-07-01,trends_us,9.39894262050367
2023-07-02,trends_us,8.876779141586798
2023-07-03,trends_us,8.876779141586798
2023-07-04,trends_us,9.660024359962105
2023-07-05,trends_us,8.093533923211494
2023-07-06,trends_us,7.3102887048361875
2023-07-07,trends_us,7.571370444294622
2023-07-08,trends_us,12.009760015088023
2023-07-09,trends_us,11.487596536171152
2023-07-10,trends_us,10.44326957833741
2023-07-11,trends_us,6.788125225919317
2023-07-12,trends_us,6.004880007544012
2023-07-13,trends_us,6.004880007544012
2023-07-14,trends_us,6.2659617470024465
2023-07-15,trends_us,15.403822628047681
2023-07-16,trends_us,9.137860881045235
2023-07-17,trends_us,8.354615662669929
2023-07-18,trends_us,7.049206965377753
2023-07-19,trends_us,6.527043486460881
2023-07-20,trends_us,7.049206965377753
2023-07-21,trends_us,6.004880007544012
2023-07-22,trends_us,7.571370444294622
2023-07-23,trends_us,6.004880007544012
2023-07-24,trends_us,5.743798268085576
2023-07-25,trends_us,5.48271652862714
2023-07-26,trends_us,5.743798268085576
2023-07-27,trends_us,6.788125225919317
2023-07-28,trends_us,5.743798268085576
2023-07-29,trends_us,5.221634789168705
2023-07-30,trends_us,5.221634789168705
2023-07-31,trends_us,4.960553049710271
2023-08-01,trends_us,5.221634789168705
2023-08-02,trends_us,7.3102887048361875
2023-08-03,trends_us,7.049206965377753
2023-08-04,trends_us,6.004880007544012
2023-08-05,trends_us,14.88165914913081
2023-08-06,trends_us,8.093533923211494
2023-08-07,trends_us,6.2659617470024465
2023-08-08,trends_us,7.049206965377753
2023-08-09,trends_us,6.527043486460881
2023-08-10,trends_us,6.004880007544012
2023-08-11,trends_us,6.004880007544012
2023-08-12,trends_us,6.004880007544012
2023-08-13,trends_us,6.004880007544012
2023-08-14,trends_us,5.743798268085576
2023-08-15,trends_us,6.004880007544012
2023-08-16,trends_us,7.3102887048361875
2023-08-17,trends_us,8.615697402128363
2023-08-18,trends_us,12.009760015088023
2023-08-19,trends_us,8.354615662669929
2023-08-20,trends_us,6.788125225919317
2023-08-21,trends_us,7.3102887048361875
2023-08-22,trends_us,6.527043486460881
2023-08-23,trends_us,7.571370444294622
2023-08-24,trends_us,8.093533923211494
2023-08-25,trends_us,8.093533923211494
2023-08-26,trends_us,7.3102887048361875
2023-08-27,trends_us,6.2659617470024465
2023-08-28,trends_us,7.571370444294622
2023-08-29,trends_us,5.743798268085576
2023-08-30,trends_us,6.004880007544012
2023-08-31,trends_us,6.004880007544012
2023-09-01,trends_us,8.876779141586798
2023-09-02,trends_us,7.832452183753058
2023-09-03,trends_us,6.004880007544012
2023-09-04,trends_us,6.527043486460881
2023-09-05,trends_us,5.743798268085576
2023-09-06,trends_us,6.004880007544012
2023-09-07,trends_us,8.354615662669929
2023-09-08,trends_us,8.615697402128363
2023-09-09,trends_us,7.049206965377753
2023-09-10,trends_us,5.48271652862714
2023-09-11,trends_us,6.788125225919317
2023-09-12,trends_us,7.832452183753058
2023-09-13,trends_us,8.354615662669929
2023-09-14,trends_us,14.098413930755505
2023-09-15,trends_us,7.571370444294622
2023-09-16,trends_us,6.823627427812439
2023-09-17,trends_us,10.993621967031151
2023-09-18,trends_us,10.424986348046781
2023-09-19,trends_us,8.245216475273363
2023-09-20,trends_us,8.05567126894524
2023-09-21,trends_us,8.434761681601486
2023-09-22,trends_us,7.202717840468686
2023-09-23,trends_us,6.823627427812439
2023-09-24,trends_us,7.676580856288994
2023-09-25,trends_us,8.245216475273363
2023-09-26,trends_us,7.581808253124932
2023-09-27,trends_us,9.76157812589835
2023-09-28,trends_us,7.297490443632747
2023-09-29,trends_us,7.107945237304624
2023-09-30,trends_us,5.781128793007761
2023-10-01,trends_us,5.496810983515576
2023-10-02,trends_us,6.254991808828069
2023-10-03,trends_us,7.107945237304624
2023-10-04,trends_us,8.908624697421795
2023-10-05,trends_us,7.676580856288994
2023-10-06,trends_us,7.013172634140562
2023-10-07,trends_us,6.065446602499946
2023-10-08,trends_us,5.970673999335884
2023-10-09,trends_us,6.160219205664007
2023-10-10,trends_us,6.254991808828069
2023-10-11,trends_us,7.392263046796809
2023-10-12,trends_us,8.813852094257733
2023-10-13,trends_us,11.657030189179583
2023-10-14,trends_us,6.918400030976501
2023-10-15,trends_us,6.160219205664007
2023-10-16,trends_us,6.728854824648377
2023-10-17,trends_us,6.823627427812439
2023-10-18,trends_us,7.202717840468686
2023-10-19,trends_us,8.62430688792961
2023-10-20,trends_us,6.349764411992131
2023-10-21,trends_us,5.117720570859329
2023-10-22,trends_us,6.728854824648377
2023-10-23,trends_us,6.444537015156192
2023-10-24,trends_us,6.254991808828069
2023-10-25,trends_us,6.444537015156192
2023-10-26,trends_us,14.31066307777331
2023-10-27,trends_us,8.813852094257733
2023-10-28,trends_us,6.823627427812439
2023-10-29,trends_us,5.781128793007761
2023-10-30,trends_us,6.349764411992131
2023-10-31,trends_us,5.781128793007761
2023-11-01,trends_us,7.013172634140562
2023-11-02,trends_us,5.970673999335884
2023-11-03,trends_us,5.402038380351514
2023-11-04,trends_us,4.549084951874959
2023-11-05,trends_us,5.117720570859329
2023-11-06,trends_us,6.065446602499946
2023-11-07,trends_us,7.297490443632747
2023-11-08,trends_us,6.634082221484316
2023-11-09,trends_us,5.686356189843699
2023-11-10,trends_us,4.833402761367144
2023-11-11,trends_us,8.05567126894524
2023-11-12,trends_us,9.098169903749918
2023-11-13,trends_us,8.150443872109301
2023-11-14,trends_us,6.728854824648377
2023-11-15,trends_us,6.349764411992131
2023-11-16,trends_us,6.823627427812439
2023-11-17,trends_us,6.444537015156192
2023-11-18,trends_us,4.643857555039021
2023-11-19,trends_us,5.022947967695267
2023-11-20,trends_us,5.781128793007761
2023-11-21,trends_us,6.065446602499946
2023-11-22,trends_us,5.496810983515576
2023-11-23,trends_us,5.496810983515576
2023-11-24,trends_us,3.9804493328905894
2023-11-25,trends_us,4.928175364531206
2023-11-26,trends_us,5.022947967695267
2023-11-27,trends_us,6.160219205664007
2023-11-28,trends_us,5.402038380351514
2023-11-29,trends_us,7.013172634140562
2023-11-30,trends_us,7.297490443632747
2023-12-01,trends_us,6.634082221484316
2023-12-02,trends_us,5.781128793007761
2023-12-03,trends_us,4.643857555039021
2023-12-04,trends_us,7.487035649960871
2023-12-05,trends_us,7.202717840468686
2023-12-06,trends_us,8.62430688792961
2023-12-07,trends_us,13.931572665117063
2023-12-08,trends_us,8.150443872109301
2023-12-09,trends_us,6.065446602499946
2023-12-10,trends_us,6.065446602499946
2023-12-11,trends_us,5.970673999335884
2023-12-12,trends_us,5.686356189843699
2023-12-13,trends_us,6.254991808828069
2023-12-14,trends_us,5.875901396171822
2023-12-15,trends_us,6.065446602499946
2023-12-16,trends_us,4.833402761367144
2023-12-17,trends_us,4.549084951874959
2023-12-18,trends_us,5.307265777187452
2023-12-19,trends_us,6.728854824648377
2023-12-20,trends_us,5.875901396171822
2023-12-21,trends_us,4.928175364531206
2023-12-22,trends_us,6.065446602499946
2023-12-23,trends_us,5.117720570859329
2023-12-24,trends_us,3.885676729726528
2023-12-25,trends_us,4.549084951874959
2023-12-26,trends_us,3.790904126562466
2023-12-27,trends_us,4.169994539218712
2023-12-28,trends_us,5.212493174023391
2023-12-29,trends_us,9.098169903749918
2023-12-30,trends_us,12.03612060183583
2023-12-31,trends_us,15.542706918906111
2024-01-01,trends_us,7.866126062617117
2024-01-02,trends_us,5.781128793007761
2024-01-03,trends_us,6.160219205664007
2024-01-04,trends_us,7.581808253124932
2024-01-05,trends_us,6.823627427812439
2024-01-06,trends_us,5.686356189843699
2024-01-07,trends_us,4.928175364531206
2024-01-08,trends_us,4.928175364531206
2024-01-09,trends_us,5.781128793007761
2024-01-10,trends_us,5.781128793007761
2024-01-11,trends_us,6.539309618320254
2024-01-12,trends_us,5.307265777187452
2024-01-13,trends_us,4.075221936054651
2024-01-14,trends_us,4.248991036519103
2024-01-15,trends_us,4.451323943020013
2024-01-16,trends_us,3.8443252235172833
2024-01-17,trends_us,5.058322662522741
2024-01-18,trends_us,5.260655569023651
2024-01-19,trends_us,5.66532138202547
2024-01-20,trends_us,4.653656849520922
2024-01-21,trends_us,3.439659410515464
2024-01-22,trends_us,4.653656849520922
2024-01-23,trends_us,4.248991036519103
2024-01-24,trends_us,5.260655569023651
2024-01-25,trends_us,6.676985914530019
2024-01-26,trends_us,5.46298847552456
2024-01-27,trends_us,4.653656849520922
2024-01-28,trends_us,4.653656849520922
2024-01-29,trends_us,5.260655569023651
2024-01-30,trends_us,6.272320101528199
2024-01-31,trends_us,5.66532138202547
2024-02-01,trends_us,5.86765428852638
2024-02-02,trends_us,5.66532138202547
2024-02-03,trends_us,5.260655569023651
2024-02-04,trends_us,5.260655569023651
2024-02-05,trends_us,5.46298847552456
2024-02-06,trends_us,5.66532138202547
2024-02-07,trends_us,6.06998719502729
2024-02-08,trends_us,7.081651727531838
2024-02-09,trends_us,8.093316260036387
2024-02-10,trends_us,6.879318821030928
2024-02-11,trends_us,6.06998719502729
2024-02-12,trends_us,7.081651727531838
2024-02-13,trends_us,6.879318821030928
2024-02-14,trends_us,11.73530857705276
2024-02-15,trends_us,11.93764148355367
2024-02-16,trends_us,11.73530857705276
2024-02-17,trends_us,12.949306016058218
2024-02-18,trends_us,39.8595825806792
2024-02-19,trends_us,31.361600507640997
2024-02-20,trends_us,13.353971829060038
2024-02-21,trends_us,10.318978231546392
2024-02-22,trends_us,9.104980792540934
2024-02-23,trends_us,7.283984634032747
2024-02-24,trends_us,5.86765428852638
2024-02-25,trends_us,5.46298847552456
2024-02-26,trends_us,6.474653008029109
2024-02-27,trends_us,7.081651727531838
2024-02-28,trends_us,6.676985914530019
2024-02-29,trends_us,7.081651727531838
2024-03-01,trends_us,8.700314979539115
2024-03-02,trends_us,6.272320101528199
2024-03-03,trends_us,6.06998719502729
2024-03-04,trends_us,7.081651727531838
2024-03-05,trends_us,6.06998719502729
2024-03-06,trends_us,5.86765428852638
2024-03-07,trends_us,6.474653008029109
2024-03-08,trends_us,6.272320101528199
2024-03-09,trends_us,5.260655569023651
2024-03-10,trends_us,5.058322662522741
2024-03-11,trends_us,6.06998719502729
2024-03-12,trends_us,5.66532138202547
2024-03-13,trends_us,6.272320101528199
2024-03-14,trends_us,6.676985914530019
2024-03-15,trends_us,8.497982073038205
2024-03-16,trends_us,7.890983353535477
2024-03-17,trends_us,6.676985914530019
2024-03-18,trends_us,7.283984634032747
2024-03-19,trends_us,6.474653008029109
2024-03-20,trends_us,6.676985914530019
2024-03-21,trends_us,6.676985914530019
2024-03-22,trends_us,7.081651727531838
2024-03-23,trends_us,5.058322662522741
2024-03-24,trends_us,5.86765428852638
2024-03-25,trends_us,6.879318821030928
2024-03-26,trends_us,9.711979512043664
2024-03-27,trends_us,7.890983353535477
2024-03-28,trends_us,8.902647886040025
2024-03-29,trends_us,9.307313699041844
2024-03-30,trends_us,8.093316260036387
2024-03-31,trends_us,6.676985914530019
2024-04-01,trends_us,6.272320101528199
2024-04-02,trends_us,7.688650447034567
2024-04-03,trends_us,6.879318821030928
2024-04-04,trends_us,6.474653008029109
2024-04-05,trends_us,5.86765428852638
2024-04-06,trends_us,5.86765428852638
2024-04-07,trends_us,5.46298847552456
2024-04-08,trends_us,6.06998719502729
2024-04-09,trends_us,10.723644044548212
2024-04-10,trends_us,11.33064276405094
2024-04-11,trends_us,9.104980792540934
2024-04-12,trends_us,12.34230729655549
2024-04-13,trends_us,8.902647886040025
2024-04-14,trends_us,7.081651727531838
2024-04-15,trends_us,14.972635081067315
2024-04-16,trends_us,9.711979512043664
2024-04-17,trends_us,8.497982073038205
2024-04-18,trends_us,8.497982073038205
2024-04-19,trends_us,7.081651727531838
2024-04-20,trends_us,6.06998719502729
2024-04-21,trends_us,9.307313699041844
2024-04-22,trends_us,10.521311138047302
2024-04-23,trends_us,7.890983353535477
2024-04-24,trends_us,8.093316260036387
2024-04-25,trends_us,8.700314979539115
2024-04-26,trends_us,8.497982073038205
2024-04-27,trends_us,9.104980792540934
2024-04-28,trends_us,7.4863175405336575
2024-04-29,trends_us,16.388965426573684
2024-04-30,trends_us,24.48228168661007
2024-05-01,trends_us,14.567969268065495
2024-05-02,trends_us,11.93764148355367
2024-05-03,trends_us,9.711979512043664
2024-05-04,trends_us,7.890983353535477
2024-05-05,trends_us,7.890983353535477
2024-05-06,trends_us,10.723644044548212
2024-05-07,trends_us,7.688650447034567
2024-05-08,trends_us,7.688650447034567
2024-05-09,trends_us,9.104980792540934
2024-05-10,trends_us,10.92597695104912
2024-05-11,trends_us,8.700314979539115
2024-05-12,trends_us,10.723644044548212
2024-05-13,trends_us,8.952423894364564
2024-05-14,trends_us,8.230454225464197
2024-05-15,trends_us,7.941666357904049
2024-05-16,trends_us,7.075302755223607
2024-05-17,trends_us,8.086060291684122
2024-05-18,trends_us,6.064545218763092
2024-05-19,trends_us,6.497727020103313
2024-05-20,trends_us,7.652878490343902
2024-05-21,trends_us,6.642120953883387
2024-05-22,trends_us,6.930908821443534
2024-05-23,trends_us,6.497727020103313
2024-05-24,trends_us,5.198181616082651
2024-05-25,trends_us,5.631363417422871
2024-05-26,trends_us,5.486969483642797
2024-05-27,trends_us,4.187424079622135
2024-05-28,trends_us,6.930908821443534
2024-05-29,trends_us,7.941666357904049
2024-05-30,trends_us,6.497727020103313
2024-05-31,trends_us,12.851060106426551
2024-06-01,trends_us,9.385605695704784
2024-06-02,trends_us,7.219696689003681
2024-06-03,trends_us,6.7865148876634604
2024-06-04,trends_us,5.920151284983018
2024-06-05,trends_us,5.486969483642797
2024-06-06,trends_us,5.198181616082651
2024-06-07,trends_us,5.7757573512029445
2024-06-08,trends_us,5.053787682302577
2024-06-09,trends_us,4.7649998147424295
2024-06-10,trends_us,5.486969483642797
2024-06-11,trends_us,6.064545218763092
2024-06-12,trends_us,5.631363417422871
2024-06-13,trends_us,6.064545218763092
2024-06-14,trends_us,5.198181616082651
2024-06-15,trends_us,5.631363417422871
2024-06-16,trends_us,5.7757573512029445
2024-06-17,trends_us,5.486969483642797
2024-06-18,trends_us,4.909393748522503
2024-06-19,trends_us,5.198181616082651
2024-06-20,trends_us,5.486969483642797
2024-06-21,trends_us,5.342575549862724
2024-06-22,trends_us,5.631363417422871
2024-06-23,trends_us,7.652878490343902
2024-06-24,trends_us,7.075302755223607
2024-06-25,trends_us,6.497727020103313
2024-06-26,trends_us,5.342575549862724
2024-06-27,trends_us,6.064545218763092
2024-06-28,trends_us,6.7865148876634604
2024-06-29,trends_us,7.941666357904049
2024-06-30,trends_us,8.663636026804417
2024-07-01,trends_us,7.7972724241239755
2024-07-02,trends_us,6.642120953883387
2024-07-03,trends_us,5.7757573512029445
2024-07-04,trends_us,8.519242093024344
2024-07-05,trends_us,6.642120953883387
2024-07-06,trends_us,5.053787682302577
2024-07-07,trends_us,5.631363417422871
2024-07-08,trends_us,4.909393748522503
2024-07-09,trends_us,5.198181616082651
2024-07-10,trends_us,5.342575549862724
2024-07-11,trends_us,7.652878490343902
2024-07-12,trends_us,8.086060291684122
2024-07-13,trends_us,6.642120953883387
2024-07-14,trends_us,9.818787497045006
2024-07-15,trends_us,7.508484556563828
2024-07-16,trends_us,8.230454225464197
2024-07-17,trends_us,9.096817828144639
2024-07-18,trends_us,6.7865148876634604
2024-07-19,trends_us,6.064545218763092
2024-07-20,trends_us,5.7757573512029445
2024-07-21,trends_us,5.631363417422871
2024-07-22,trends_us,9.529999629484859
2024-07-23,trends_us,21.659090067011043
2024-07-24,trends_us,21.51469613323097
2024-07-25,trends_us,16.31651451714832
2024-07-26,trends_us,12.273484371306258
2024-07-27,trends_us,9.674393563264932
2024-07-28,trends_us,8.952423894364564
2024-07-29,trends_us,7.219696689003681
2024-07-30,trends_us,7.652878490343902
2024-07-31,trends_us,7.941666357904049
2024-08-01,trends_us,6.930908821443534
2024-08-02,trends_us,6.353333086323239
2024-08-03,trends_us,7.508484556563828
2024-08-04,trends_us,6.064545218763092
2024-08-05,trends_us,5.342575549862724
2024-08-06,trends_us,5.920151284983018
2024-08-07,trends_us,5.198181616082651
2024-08-08,trends_us,4.7649998147424295
2024-08-09,trends_us,6.208939152543166
2024-08-10,trends_us,6.064545218763092
2024-08-11,trends_us,5.920151284983018
2024-08-12,trends_us,5.7757573512029445
2024-08-13,trends_us,6.7865148876634604
2024-08-14,trends_us,5.486969483642797
2024-08-15,trends_us,6.064545218763092
2024-08-16,trends_us,5.7757573512029445
2024-08-17,trends_us,5.486969483642797
2024-08-18,trends_us,5.342575549862724
2024-08-19,trends_us,5.342575549862724
2024-08-20,trends_us,5.053787682302577
2024-08-21,trends_us,5.486969483642797
2024-08-22,trends_us,5.053787682302577
2024-08-23,trends_us,5.631363417422871
2024-08-24,trends_us,5.7757573512029445
2024-08-25,trends_us,5.198181616082651
2024-08-26,trends_us,4.7649998147424295
2024-08-27,trends_us,5.920151284983018
2024-08-28,trends_us,6.7865148876634604
2024-08-29,trends_us,6.064545218763092
2024-08-30,trends_us,21.22590826567082
2024-08-31,trends_us,17.327272053608834
2024-09-01,trends_us,10.540757165945374
2024-09-02,trends_us,7.941666357904049
2024-09-03,trends_us,6.7865148876634604
2024-09-04,trends_us,8.952423894364564
2024-09-05,trends_us,8.663636026804417
2024-09-06,trends_us,6.208939152543166
2024-09-07,trends_us,7.075302755223607
2024-09-08,trends_us,6.497727020103313
2024-09-09,trends_us,6.7865148876634604
2024-09-10,trends_us,7.50848455656383
2024-09-11,trends_us,8.808029960584493
2024-09-12,trends_us,7.219696689003682
2024-09-13,trends_us,6.497727020103314
2024-09-14,trends_us,5.053787682302578
2024-09-15,trends_us,5.920151284983019
2024-09-16,trends_us,6.930908821443535
2024-09-17,trends_us,7.075302755223609
2024-09-18,trends_us,6.497727020103314
2024-09-19,trends_us,6.930908821443535
2024-09-20,trends_us,6.786514887663461
2024-09-21,trends_us,6.497727020103314
2024-09-22,trends_us,6.497727020103314
2024-09-23,trends_us,7.50848455656383
2024-09-24,trends_us,6.2089391525431665
2024-09-25,trends_us,7.219696689003682
2024-09-26,trends_us,5.631363417422873
2024-09-27,trends_us,5.053787682302578
2024-09-28,trends_us,5.053787682302578
2024-09-29,trends_us,4.76499981474243
2024-09-30,trends_us,5.053787682302578
2024-10-01,trends_us,5.1981816160826515
2024-10-02,trends_us,5.342575549862725
2024-10-03,trends_us,5.486969483642799
2024-10-04,trends_us,6.497727020103314
2024-10-05,trends_us,5.1981816160826515
2024-10-06,trends_us,4.909393748522504
2024-10-07,trends_us,6.2089391525431665
2024-10-08,trends_us,5.1981816160826515
2024-10-09,trends_us,5.775757351202946
2024-10-10,trends_us,5.631363417422873
2024-10-11,trends_us,4.909393748522504
2024-10-12,trends_us,4.76499981474243
2024-10-13,trends_us,4.620605880962357
2024-10-14,trends_us,5.342575549862725
2024-10-15,trends_us,7.075302755223609
2024-10-16,trends_us,6.786514887663461
2024-10-17,trends_us,6.2089391525431665
2024-10-18,trends_us,5.1981816160826515
2024-10-19,trends_us,5.1981816160826515
2024-10-20,trends_us,4.76499981474243
2024-10-21,trends_us,6.064545218763093
2024-10-22,trends_us,6.064545218763093
2024-10-23,trends_us,5.920151284983019
2024-10-24,trends_us,5.775757351202946
2024-10-25,trends_us,5.920151284983019
2024-10-26,trends_us,5.053787682302578
2024-10-27,trends_us,5.342575549862725
2024-10-28,trends_us,5.631363417422873
2024-10-29,trends_us,6.2089391525431665
2024-10-30,trends_us,6.35333308632324
2024-10-31,trends_us,5.631363417422873
2024-11-01,trends_us,5.775757351202946
2024-11-02,trends_us,5.631363417422873
2024-11-03,trends_us,6.642120953883388
2024-11-04,trends_us,7.50848455656383
2024-11-05,trends_us,9.385605695704786
2024-11-06,trends_us,5.920151284983019
2024-11-07,trends_us,10.251969298385228
2024-11-08,trends_us,8.230454225464198
2024-11-09,trends_us,5.1981816160826515
2024-11-10,trends_us,5.053787682302578
2024-11-11,trends_us,5.920151284983019
2024-11-12,trends_us,5.053787682302578
2024-11-13,trends_us,5.920151284983019
2024-11-14,trends_us,5.631363417422873
2024-11-15,trends_us,5.053787682302578
2024-11-16,trends_us,4.76499981474243
2024-11-17,trends_us,5.342575549862725
2024-11-18,trends_us,6.786514887663461
2024-11-19,trends_us,6.497727020103314
2024-11-20,trends_us,7.075302755223609
2024-11-21,trends_us,7.075302755223609
2024-11-22,trends_us,6.35333308632324
2024-11-23,trends_us,5.342575549862725
2024-11-24,trends_us,5.053787682302578
2024-11-25,trends_us,5.631363417422873
2024-11-26,trends_us,6.35333308632324
2024-11-27,trends_us,6.064545218763093
2024-11-28,trends_us,5.775757351202946
2024-11-29,trends_us,6.064545218763093
2024-11-30,trends_us,6.064545218763093
2024-12-01,trends_us,5.1981816160826515
2024-12-02,trends_us,5.920151284983019
2024-12-03,trends_us,6.064545218763093
2024-12-04,trends_us,6.642120953883388
2024-12-05,trends_us,6.642120953883388
2024-12-06,trends_us,6.497727020103314
2024-12-07,trends_us,5.920151284983019
2024-12-08,trends_us,5.1981816160826515
2024-12-09,trends_us,7.364090622783756
2024-12-10,trends_us,6.930908821443535
2024-12-11,trends_us,6.35333308632324
2024-12-12,trends_us,6.497727020103314
2024-12-13,trends_us,5.775757351202946
2024-12-14,trends_us,6.497727020103314
2024-12-15,trends_us,5.053787682302578
2024-12-16,trends_us,8.374848159244271
2024-12-17,trends_us,7.6528784903439036
2024-12-18,trends_us,6.064545218763093
2024-12-19,trends_us,6.35333308632324
2024-12-20,trends_us,5.486969483642799
2024-12-21,trends_us,4.909393748522504
2024-12-22,trends_us,4.187424079622136
2024-12-23,trends_us,8.519242093024346
2024-12-24,trends_us,9.241211761924713
2024-12-25,trends_us,5.053787682302578
2024-12-26,trends_us,5.053787682302578
2024-12-27,trends_us,5.342575549862725
2024-12-28,trends_us,5.775757351202946
2024-12-29,trends_us,6.064545218763093
2024-12-30,trends_us,5.1981816160826515
2024-12-31,trends_us,5.775757351202946
2015-01-01,trends_nyc,0.0
2015-01-02,trends_nyc,12.0
2015-01-03,trends_nyc,7.0
2015-01-04,trends_nyc,11.0
2015-01-05,trends_nyc,21.0
2015-01-06,trends_nyc,28.0
2015-01-07,trends_nyc,23.0
2015-01-08,trends_nyc,29.0
2015-01-09,trends_nyc,17.0
2015-01-10,trends_nyc,9.0
2015-01-11,trends_nyc,12.0
2015-01-12,trends_nyc,5.0
2015-01-13,trends_nyc,10.0
2015-01-14,trends_nyc,17.0
2015-01-15,trends_nyc,11.0
2015-01-16,trends_nyc,18.0
2015-01-17,trends_nyc,7.0
2015-01-18,trends_nyc,0.0
2015-01-19,trends_nyc,5.0
2015-01-20,trends_nyc,13.0
2015-01-21,trends_nyc,17.0
2015-01-22,trends_nyc,34.0
2015-01-23,trends_nyc,14.0
2015-01-24,trends_nyc,17.0
2015-01-25,trends_nyc,10.0
2015-01-26,trends_nyc,5.0
2015-01-27,trends_nyc,14.0
2015-01-28,trends_nyc,0.0
2015-01-29,trends_nyc,0.0
2015-01-30,trends_nyc,5.0
2015-01-31,trends_nyc,0.0
2015-02-01,trends_nyc,0.0
2015-02-02,trends_nyc,0.0
2015-02-03,trends_nyc,0.0
2015-02-04,trends_nyc,0.0
2015-02-05,trends_nyc,8.0
2015-02-06,trends_nyc,0.0
2015-02-07,trends_nyc,0.0
2015-02-08,trends_nyc,0.0
2015-02-09,trends_nyc,0.0
2015-02-10,trends_nyc,0.0
2015-02-11,trends_nyc,12.0
2015-02-12,trends_nyc,0.0
2015-02-13,trends_nyc,0.0
2015-02-14,trends_nyc,0.0
2015-02-15,trends_nyc,0.0
2015-02-16,trends_nyc,0.0
2015-02-17,trends_nyc,5.0
2015-02-18,trends_nyc,0.0
2015-02-19,trends_nyc,11.0
2015-02-20,trends_nyc,0.0
2015-02-21,trends_nyc,0.0
2015-02-22,trends_nyc,7.0
2015-02-23,trends_nyc,0.0
2015-02-24,trends_nyc,0.0
2015-02-25,trends_nyc,0.0
2015-02-26,trends_nyc,5.0
2015-02-27,trends_nyc,0.0
2015-02-28,trends_nyc,6.0
2015-03-01,trends_nyc,0.0
2015-03-02,trends_nyc,26.0
2015-03-03,trends_nyc,8.0
2015-03-04,trends_nyc,10.0
2015-03-05,trends_nyc,8.0
2015-03-06,trends_nyc,6.0
2015-03-07,trends_nyc,6.0
2015-03-08,trends_nyc,6.0
2015-03-09,trends_nyc,12.0
2015-03-10,trends_nyc,5.0
2015-03-11,trends_nyc,0.0
2015-03-12,trends_nyc,18.0
2015-03-13,trends_nyc,11.0
2015-03-14,trends_nyc,0.0
2015-03-15,trends_nyc,0.0
2015-03-16,trends_nyc,15.0
2015-03-17,trends_nyc,14.0
2015-03-18,trends_nyc,0.0
2015-03-19,trends_nyc,13.0
2015-03-20,trends_nyc,11.0
2015-03-21,trends_nyc,0.0
2015-03-22,trends_nyc,8.0
2015-03-23,trends_nyc,12.0
2015-03-24,trends_nyc,0.0
2015-03-25,trends_nyc,10.0
2015-03-26,trends_nyc,0.0
2015-03-27,trends_nyc,5.0
2015-03-28,trends_nyc,6.0
2015-03-29,trends_nyc,0.0
2015-03-30,trends_nyc,7.0
2015-03-31,trends_nyc,0.0
2015-04-01,trends_nyc,12.0
2015-04-02,trends_nyc,6.0
2015-04-03,trends_nyc,0.0
2015-04-04,trends_nyc,0.0
2015-04-05,trends_nyc,0.0
2015-04-06,trends_nyc,0.0
2015-04-07,trends_nyc,15.0
2015-04-08,trends_nyc,126.0
2015-04-09,trends_nyc,76.0
2015-04-10,trends_nyc,41.0
2015-04-11,trends_nyc,34.0
2015-04-12,trends_nyc,18.0
2015-04-13,trends_nyc,32.0
2015-04-14,trends_nyc,35.0
2015-04-15,trends_nyc,22.0
2015-04-16,trends_nyc,26.0
2015-04-17,trends_nyc,17.0
2015-04-18,trends_nyc,0.0
2015-04-19,trends_nyc,8.0
2015-04-20,trends_nyc,13.0
2015-04-21,trends_nyc,17.0
2015-04-22,trends_nyc,19.0
2015-04-23,trends_nyc,14.0
2015-04-24,trends_nyc,8.0
2015-04-25,trends_nyc,0.0
2015-04-26,trends_nyc,12.0
2015-04-27,trends_nyc,20.0
2015-04-28,trends_nyc,78.0
2015-04-29,trends_nyc,49.0
2015-04-30,trends_nyc,35.0
2015-05-01,trends_nyc,36.0
2015-05-02,trends_nyc,18.0
2015-05-03,trends_nyc,34.0
2015-05-04,trends_nyc,43.0
2015-05-05,trends_nyc,41.0
2015-05-06,trends_nyc,26.0
2015-05-07,trends_nyc,29.0
2015-05-08,trends_nyc,33.0
2015-05-09,trends_nyc,7.0
2015-05-10,trends_nyc,42.0
2015-05-11,trends_nyc,33.0
2015-05-12,trends_nyc,22.0
2015-05-13,trends_nyc,31.0
2015-05-14,trends_nyc,12.0
2015-05-15,trends_nyc,5.0
2015-05-16,trends_nyc,0.0
2015-05-17,trends_nyc,7.0
2015-05-18,trends_nyc,17.0
2015-05-19,trends_nyc,20.0
2015-05-20,trends_nyc,5.0
2015-05-21,trends_nyc,18.0
2015-05-22,trends_nyc,29.0
2015-05-23,trends_nyc,9.0
2015-05-24,trends_nyc,0.0
2015-05-25,trends_nyc,0.0
2015-05-26,trends_nyc,22.0
2015-05-27,trends_nyc,19.0
2015-05-28,trends_nyc,0.0
2015-05-29,trends_nyc,19.0
2015-05-30,trends_nyc,0.0
2015-05-31,trends_nyc,0.0
2015-06-01,trends_nyc,17.0
2015-06-02,trends_nyc,10.0
2015-06-03,trends_nyc,5.0
2015-06-04,trends_nyc,16.0
2015-06-05,trends_nyc,7.0
2015-06-06,trends_nyc,0.0
2015-06-07,trends_nyc,7.0
2015-06-08,trends_nyc,14.0
2015-06-09,trends_nyc,16.0
2015-06-10,trends_nyc,21.0
2015-06-11,trends_nyc,13.0
2015-06-12,trends_nyc,10.0
2015-06-13,trends_nyc,37.0
2015-06-14,trends_nyc,9.0
2015-06-15,trends_nyc,12.0
2015-06-16,trends_nyc,6.0
2015-06-17,trends_nyc,5.0
2015-06-18,trends_nyc,8.0
2015-06-19,trends_nyc,5.0
2015-06-20,trends_nyc,6.0
2015-06-21,trends_nyc,6.0
2015-06-22,trends_nyc,0.0
2015-06-23,trends_nyc,7.0
2015-06-24,trends_nyc,0.0
2015-06-25,trends_nyc,0.0
2015-06-26,trends_nyc,0.0
2015-06-27,trends_nyc,0.0
2015-06-28,trends_nyc,7.0
2015-06-29,trends_nyc,0.0
2015-06-30,trends_nyc,0.0
2015-07-01,trends_nyc,0.0
2015-07-02,trends_nyc,0.0
2015-07-03,trends_nyc,0.0
2015-07-04,trends_nyc,0.0
2015-07-05,trends_nyc,0.0
2015-07-06,trends_nyc,0.0
2015-07-07,trends_nyc,0.0
2015-07-08,trends_nyc,0.0
2015-07-09,trends_nyc,5.5179477690843735
2015-07-10,trends_nyc,0.0
2015-07-11,trends_nyc,0.0
2015-07-12,trends_nyc,0.0
2015-07-13,trends_nyc,0.0
2015-07-14,trends_nyc,0.0
2015-07-15,trends_nyc,7.357263692112498
2015-07-16,trends_nyc,4.782221399873124
2015-07-17,trends_nyc,0.0
2015-07-18,trends_nyc,0.0
2015-07-19,trends_nyc,0.0
2015-07-20,trends_nyc,0.0
2015-07-21,trends_nyc,5.885810953689998
2015-07-22,trends_nyc,19.864611968703745
2015-07-23,trends_nyc,19.864611968703745
2015-07-24,trends_nyc,23.543243814759993
2015-07-25,trends_nyc,6.621537322901248
2015-07-26,trends_nyc,0.0
2015-07-27,trends_nyc,8.460853245929373
2015-07-28,trends_nyc,0.0
2015-07-29,trends_nyc,27.589738845421866
2015-07-30,trends_nyc,40.832813491224364
2015-07-31,trends_nyc,12.507348276591246
2015-08-01,trends_nyc,13.978801015013746
2015-08-02,trends_nyc,15.450253753436245
2015-08-03,trends_nyc,6.989400507506873
2015-08-04,trends_nyc,0.0
2015-08-05,trends_nyc,7.7251268767181225
2015-08-06,trends_nyc,12.139485091985621
2015-08-07,trends_nyc,5.150084584478749
2015-08-08,trends_nyc,14.714527384224995
2015-08-09,trends_nyc,19.128885599492495
2015-08-10,trends_nyc,14.34666419961937
2015-08-11,trends_nyc,5.150084584478749
2015-08-12,trends_nyc,18.02529604567562
2015-08-13,trends_nyc,0.0
2015-08-14,trends_nyc,5.150084584478749
2015-08-15,trends_nyc,0.0
2015-08-16,trends_nyc,7.7251268767181225
2015-08-17,trends_nyc,0.0
2015-08-18,trends_nyc,0.0
2015-08-19,trends_nyc,0.0
2015-08-20,trends_nyc,7.7251268767181225
2015-08-21,trends_nyc,11.035895538168747
2015-08-22,trends_nyc,10.668032353563122
2015-08-23,trends_nyc,0.0
2015-08-24,trends_nyc,9.564442799746248
2015-08-25,trends_nyc,4.782221399873124
2015-08-26,trends_nyc,11.771621907379997
2015-08-27,trends_nyc,0.0
2015-08-28,trends_nyc,5.885810953689998
2015-08-29,trends_nyc,6.989400507506873
2015-08-30,trends_nyc,0.0
2015-08-31,trends_nyc,11.771621907379997
2015-09-01,trends_nyc,29.796917953055615
2015-09-02,trends_nyc,34.21127616832312
2015-09-03,trends_nyc,24.278970183971243
2015-09-04,trends_nyc,18.76102241488687
2015-09-05,trends_nyc,8.092990061323748
2015-09-06,trends_nyc,7.357263692112498
2015-09-07,trends_nyc,0.0
2015-09-08,trends_nyc,4.782221399873124
2015-09-09,trends_nyc,0.0
2015-09-10,trends_nyc,0.0
2015-09-11,trends_nyc,0.0
2015-09-12,trends_nyc,5.885810953689998
2015-09-13,trends_nyc,0.0
2015-09-14,trends_nyc,4.782221399873124
2015-09-15,trends_nyc,0.0
2015-09-16,trends_nyc,9.932305984351872
2015-09-17,trends_nyc,0.0
2015-09-18,trends_nyc,0.0
2015-09-19,trends_nyc,0.0
2015-09-20,trends_nyc,5.5179477690843735
2015-09-21,trends_nyc,4.414358215267499
2015-09-22,trends_nyc,0.0
2015-09-23,trends_nyc,0.0
2015-09-24,trends_nyc,10.300169168957497
2015-09-25,trends_nyc,0.0
2015-09-26,trends_nyc,5.5179477690843735
2015-09-27,trends_nyc,0.0
2015-09-28,trends_nyc,0.0
2015-09-29,trends_nyc,0.0
2015-09-30,trends_nyc,5.5179477690843735
2015-10-01,trends_nyc,4.414358215267499
2015-10-02,trends_nyc,9.932305984351872
2015-10-03,trends_nyc,0.0
2015-10-04,trends_nyc,5.5179477690843735
2015-10-05,trends_nyc,0.0
2015-10-06,trends_nyc,0.0
2015-10-07,trends_nyc,5.885810953689998
2015-10-08,trends_nyc,5.885810953689998
2015-10-09,trends_nyc,0.0
2015-10-10,trends_nyc,0.0
2015-10-11,trends_nyc,0.0
2015-10-12,trends_nyc,0.0
2015-10-13,trends_nyc,5.150084584478749
2015-10-14,trends_nyc,4.782221399873124
2015-10-15,trends_nyc,4.782221399873124
2015-10-16,trends_nyc,4.782221399873124
2015-10-17,trends_nyc,0.0
2015-10-18,trends_nyc,0.0
2015-10-19,trends_nyc,4.414358215267499
2015-10-20,trends_nyc,7.7251268767181225
2015-10-21,trends_nyc,46.71862444491436
2015-10-22,trends_nyc,32.00409706068937
2015-10-23,trends_nyc,11.403758722774372
2015-10-24,trends_nyc,5.885810953689998
2015-10-25,trends_nyc,0.0
2015-10-26,trends_nyc,11.035895538168747
2015-10-27,trends_nyc,14.34666419961937
2015-10-28,trends_nyc,30.365659743996865
2015-10-29,trends_nyc,15.182829871998432
2015-10-30,trends_nyc,12.503506953410474
2015-10-31,trends_nyc,0.0
2015-11-01,trends_nyc,7.144861116234557
2015-11-02,trends_nyc,7.144861116234557
2015-11-03,trends_nyc,5.358645837175917
2015-11-04,trends_nyc,13.396614592939795
2015-11-05,trends_nyc,22.32769098823299
2015-11-06,trends_nyc,0.0
2015-11-07,trends_nyc,0.0
2015-11-08,trends_nyc,6.251753476705237
2015-11-09,trends_nyc,11.610399313881155
2015-11-10,trends_nyc,13.396614592939795
2015-11-11,trends_nyc,16.07593751152775
2015-11-12,trends_nyc,6.251753476705237
2015-11-13,trends_nyc,6.251753476705237
2015-11-14,trends_nyc,6.251753476705237
2015-11-15,trends_nyc,0.0
2015-11-16,trends_nyc,5.358645837175917
2015-11-17,trends_nyc,4.465538197646598
2015-11-18,trends_nyc,20.54147570917435
2015-11-19,trends_nyc,18.75526043011571
2015-11-20,trends_nyc,5.358645837175917
2015-11-21,trends_nyc,0.0
2015-11-22,trends_nyc,7.144861116234557
2015-11-23,trends_nyc,7.144861116234557
2015-11-24,trends_nyc,31.258767383526187
2015-11-25,trends_nyc,94.66940979010788
2015-11-26,trends_nyc,40.18984377881938
2015-11-27,trends_nyc,8.931076395293196
2015-11-28,trends_nyc,8.931076395293196
2015-11-29,trends_nyc,8.037968755763876
2015-11-30,trends_nyc,4.465538197646598
2015-12-01,trends_nyc,18.75526043011571
2015-12-02,trends_nyc,22.32769098823299
2015-12-03,trends_nyc,32.1518750230555
2015-12-04,trends_nyc,22.32769098823299
2015-12-05,trends_nyc,7.144861116234557
2015-12-06,trends_nyc,10.717291674351834
2015-12-07,trends_nyc,24.11390626729163
2015-12-08,trends_nyc,15.182829871998432
2015-12-09,trends_nyc,18.75526043011571
2015-12-10,trends_nyc,8.931076395293196
2015-12-11,trends_nyc,7.144861116234557
2015-12-12,trends_nyc,12.503506953410474
2015-12-13,trends_nyc,0.0
2015-12-14,trends_nyc,13.396614592939795
2015-12-15,trends_nyc,17.862152790586393
2015-12-16,trends_nyc,8.931076395293196
2015-12-17,trends_nyc,4.465538197646598
2015-12-18,trends_nyc,8.931076395293196
2015-12-19,trends_nyc,0.0
2015-12-20,trends_nyc,0.0
2015-12-21,trends_nyc,5.358645837175917
2015-12-22,trends_nyc,12.503506953410474
2015-12-23,trends_nyc,0.0
2015-12-24,trends_nyc,0.0
2015-12-25,trends_nyc,0.0
2015-12-26,trends_nyc,0.0
2015-12-27,trends_nyc,7.144861116234557
2015-12-28,trends_nyc,10.717291674351834
2015-12-29,trends_nyc,9.824184034822515
2015-12-30,trends_nyc,8.037968755763876
2015-12-31,trends_nyc,0.0
2016-01-01,trends_nyc,0.0
2016-01-02,trends_nyc,8.037968755763876
2016-01-03,trends_nyc,5.358645837175917
2016-01-04,trends_nyc,4.465538197646598
2016-01-05,trends_nyc,5.358645837175917
2016-01-06,trends_nyc,0.0
2016-01-07,trends_nyc,9.824184034822515
2016-01-08,trends_nyc,19.64836806964503
2016-01-09,trends_nyc,7.144861116234557
2016-01-10,trends_nyc,0.0
2016-01-11,trends_nyc,10.717291674351834
2016-01-12,trends_nyc,0.0
2016-01-13,trends_nyc,0.0
2016-01-14,trends_nyc,3.5724305581172784
2016-01-15,trends_nyc,4.465538197646598
2016-01-16,trends_nyc,0.0
2016-01-17,trends_nyc,0.0
2016-01-18,trends_nyc,12.503506953410474
2016-01-19,trends_nyc,4.465538197646598
2016-01-20,trends_nyc,0.0
2016-01-21,trends_nyc,0.0
2016-01-22,trends_nyc,0.0
2016-01-23,trends_nyc,0.0
2016-01-24,trends_nyc,0.0
2016-01-25,trends_nyc,0.0
2016-01-26,trends_nyc,4.465538197646598
2016-01-27,trends_nyc,5.358645837175917
2016-01-28,trends_nyc,4.465538197646598
2016-01-29,trends_nyc,4.465538197646598
2016-01-30,trends_nyc,0.0
2016-01-31,trends_nyc,0.0
2016-02-01,trends_nyc,0.0
2016-02-02,trends_nyc,4.465538197646598
2016-02-03,trends_nyc,0.0
2016-02-04,trends_nyc,4.465538197646598
2016-02-05,trends_nyc,13.396614592939795
2016-02-06,trends_nyc,0.0
2016-02-07,trends_nyc,0.0
2016-02-08,trends_nyc,0.0
2016-02-09,trends_nyc,4.465538197646598
2016-02-10,trends_nyc,10.717291674351834
2016-02-11,trends_nyc,21.43458334870367
2016-02-12,trends_nyc,24.11390626729163
2016-02-13,trends_nyc,0.0
2016-02-14,trends_nyc,0.0
2016-02-15,trends_nyc,0.0
2016-02-16,trends_nyc,11.610399313881155
2016-02-17,trends_nyc,13.396614592939795
2016-02-18,trends_nyc,11.610399313881155
2016-02-19,trends_nyc,8.931076395293196
2016-02-20,trends_nyc,8.037968755763876
2016-02-21,trends_nyc,4.465538197646598
2016-02-22,trends_nyc,4.465538197646598
2016-02-23,trends_nyc,5.358645837175917
2016-02-24,trends_nyc,10.717291674351834
2016-02-25,trends_nyc,8.497842571428995
2016-02-26,trends_nyc,0.0
2016-02-27,trends_nyc,0.0
2016-02-28,trends_nyc,19.951456472050683
2016-02-29,trends_nyc,15.517799478261644
2016-03-01,trends_nyc,21.42934213664703
2016-03-02,trends_nyc,7.019956906832648
2016-03-03,trends_nyc,11.268878192547145
2016-03-04,trends_nyc,8.682578279503538
2016-03-05,trends_nyc,0.0
2016-03-06,trends_nyc,0.0
2016-03-07,trends_nyc,11.638349608696233
2016-03-08,trends_nyc,5.542071242236301
2016-03-09,trends_nyc,7.758899739130822
2016-03-10,trends_nyc,4.618392701863584
2016-03-11,trends_nyc,9.975728236025342
2016-03-12,trends_nyc,0.0
2016-03-13,trends_nyc,0.0
2016-03-14,trends_nyc,19.766720763976142
2016-03-15,trends_nyc,4.433656993789041
2016-03-16,trends_nyc,0.0
2016-03-17,trends_nyc,11.268878192547145
2016-03-18,trends_nyc,13.855178105590753
2016-03-19,trends_nyc,0.0
2016-03-20,trends_nyc,6.2810140745344745
2016-03-21,trends_nyc,32.51348462111963
2016-03-22,trends_nyc,21.98354926087066
2016-03-23,trends_nyc,0.0
2016-03-24,trends_nyc,0.0
2016-03-25,trends_nyc,0.0
2016-03-26,trends_nyc,0.0
2016-03-27,trends_nyc,0.0
2016-03-28,trends_nyc,4.248921285714498
2016-03-29,trends_nyc,4.433656993789041
2016-03-30,trends_nyc,0.0
2016-03-31,trends_nyc,5.172599826087215
2016-04-01,trends_nyc,13.300970981367122
2016-04-02,trends_nyc,0.0
2016-04-03,trends_nyc,0.0
2016-04-04,trends_nyc,6.096278366459932
2016-04-05,trends_nyc,9.790992527950799
2016-04-06,trends_nyc,7.943635447205365
2016-04-07,trends_nyc,0.0
2016-04-08,trends_nyc,4.987864118012671
2016-04-09,trends_nyc,0.0
2016-04-10,trends_nyc,4.803128409938128
2016-04-11,trends_nyc,4.618392701863584
2016-04-12,trends_nyc,0.0
2016-04-13,trends_nyc,5.911542658385388
2016-04-14,trends_nyc,10.89940677639806
2016-04-15,trends_nyc,0.0
2016-04-16,trends_nyc,0.0
2016-04-17,trends_nyc,0.0
2016-04-18,trends_nyc,5.3573355341617575
2016-04-19,trends_nyc,13.67044239751621
2016-04-20,trends_nyc,5.172599826087215
2016-04-21,trends_nyc,0.0
2016-04-22,trends_nyc,8.867313987578083
2016-04-23,trends_nyc,0.0
2016-04-24,trends_nyc,0.0
2016-04-25,trends_nyc,10.160463944099885
2016-04-26,trends_nyc,5.911542658385388
2016-04-27,trends_nyc,0.0
2016-04-28,trends_nyc,11.268878192547145
2016-04-29,trends_nyc,0.0
2016-04-30,trends_nyc,0.0
2016-05-01,trends_nyc,0.0
2016-05-02,trends_nyc,4.618392701863584
2016-05-03,trends_nyc,4.064185577639954
2016-05-04,trends_nyc,4.433656993789041
2016-05-05,trends_nyc,4.433656993789041
2016-05-06,trends_nyc,8.313106863354452
2016-05-07,trends_nyc,0.0
2016-05-08,trends_nyc,0.0
2016-05-09,trends_nyc,0.0
2016-05-10,trends_nyc,0.0
2016-05-11,trends_nyc,0.0
2016-05-12,trends_nyc,7.389428322981734
2016-05-13,trends_nyc,10.714671068323515
2016-05-14,trends_nyc,0.0
2016-05-15,trends_nyc,0.0
2016-05-16,trends_nyc,0.0
2016-05-17,trends_nyc,0.0
2016-05-18,trends_nyc,22.722492093168835
2016-05-19,trends_nyc,12.746763857143492
2016-05-20,trends_nyc,7.389428322981734
2016-05-21,trends_nyc,0.0
2016-05-22,trends_nyc,0.0
2016-05-23,trends_nyc,10.89940677639806
2016-05-24,trends_nyc,4.248921285714498
2016-05-25,trends_nyc,6.650485490683561
2016-05-26,trends_nyc,9.975728236025342
2016-05-27,trends_nyc,0.0
2016-05-28,trends_nyc,0.0
2016-05-29,trends_nyc,0.0
2016-05-30,trends_nyc,0.0
2016-05-31,trends_nyc,4.803128409938128
2016-06-01,trends_nyc,10.89940677639806
2016-06-02,trends_nyc,0.0
2016-06-03,trends_nyc,5.172599826087215
2016-06-04,trends_nyc,0.0
2016-06-05,trends_nyc,0.0
2016-06-06,trends_nyc,4.803128409938128
2016-06-07,trends_nyc,4.248921285714498
2016-06-08,trends_nyc,11.084142484472602
2016-06-09,trends_nyc,6.096278366459932
2016-06-10,trends_nyc,0.0
2016-06-11,trends_nyc,0.0
2016-06-12,trends_nyc,10.714671068323515
2016-06-13,trends_nyc,6.650485490683561
2016-06-14,trends_nyc,15.88727089441073
2016-06-15,trends_nyc,6.2810140745344745
2016-06-16,trends_nyc,5.172599826087215
2016-06-17,trends_nyc,9.421521111801711
2016-06-18,trends_nyc,0.0
2016-06-19,trends_nyc,0.0
2016-06-20,trends_nyc,0.0
2016-06-21,trends_nyc,0.0
2016-06-22,trends_nyc,0.0
2016-06-23,trends_nyc,5.172599826087215
2016-06-24,trends_nyc,5.348841938388215
2016-06-25,trends_nyc,0.0
2016-06-26,trends_nyc,0.0
2016-06-27,trends_nyc,5.348841938388215
2016-06-28,trends_nyc,5.348841938388215
2016-06-29,trends_nyc,0.0
2016-06-30,trends_nyc,0.0
2016-07-01,trends_nyc,0.0
2016-07-02,trends_nyc,0.0
2016-07-03,trends_nyc,0.0
2016-07-04,trends_nyc,0.0
2016-07-05,trends_nyc,0.0
2016-07-06,trends_nyc,112.32568070615253
2016-07-07,trends_nyc,401.16314537911614
2016-07-08,trends_nyc,780.9309230046795
2016-07-09,trends_nyc,320.9305163032929
2016-07-10,trends_nyc,171.1629420284229
2016-07-11,trends_nyc,106.9768387677643
2016-07-12,trends_nyc,80.23262907582323
2016-07-13,trends_nyc,53.48841938388215
2016-07-14,trends_nyc,42.79073550710572
2016-07-15,trends_nyc,37.441893568717504
2016-07-16,trends_nyc,10.69768387677643
2016-07-17,trends_nyc,181.86062590519933
2016-07-18,trends_nyc,101.62799682937609
2016-07-19,trends_nyc,42.79073550710572
2016-07-20,trends_nyc,42.79073550710572
2016-07-21,trends_nyc,64.18610326065858
2016-07-22,trends_nyc,42.79073550710572
2016-07-23,trends_nyc,16.046525815164646
2016-07-24,trends_nyc,16.046525815164646
2016-07-25,trends_nyc,16.046525815164646
2016-07-26,trends_nyc,16.046525815164646
2016-07-27,trends_nyc,10.69768387677643
2016-07-28,trends_nyc,5.348841938388215
2016-07-29,trends_nyc,32.09305163032929
2016-07-30,trends_nyc,10.69768387677643
2016-07-31,trends_nyc,10.69768387677643
2016-08-01,trends_nyc,5.348841938388215
2016-08-02,trends_nyc,16.046525815164646
2016-08-03,trends_nyc,21.39536775355286
2016-08-04,trends_nyc,10.69768387677643
2016-08-05,trends_nyc,37.441893568717504
2016-08-06,trends_nyc,21.39536775355286
2016-08-07,trends_nyc,16.046525815164646
2016-08-08,trends_nyc,10.69768387677643
2016-08-09,trends_nyc,10.69768387677643
2016-08-10,trends_nyc,16.046525815164646
2016-08-11,trends_nyc,5.348841938388215
2016-08-12,trends_nyc,0.0
2016-08-13,trends_nyc,0.0
2016-08-14,trends_nyc,16.046525815164646
2016-08-15,trends_nyc,10.69768387677643
2016-08-16,trends_nyc,10.69768387677643
2016-08-17,trends_nyc,0.0
2016-08-18,trends_nyc,5.348841938388215
2016-08-19,trends_nyc,0.0
2016-08-20,trends_nyc,0.0
2016-08-21,trends_nyc,0.0
2016-08-22,trends_nyc,5.348841938388215
2016-08-23,trends_nyc,5.348841938388215
2016-08-24,trends_nyc,0.0
2016-08-25,trends_nyc,0.0
2016-08-26,trends_nyc,5.348841938388215
2016-08-27,trends_nyc,0.0
2016-08-28,trends_nyc,0.0
2016-08-29,trends_nyc,16.046525815164646
2016-08-30,trends_nyc,10.69768387677643
2016-08-31,trends_nyc,5.348841938388215
2016-09-01,trends_nyc,10.69768387677643
2016-09-02,trends_nyc,0.0
2016-09-03,trends_nyc,10.69768387677643
2016-09-04,trends_nyc,0.0
2016-09-05,trends_nyc,0.0
2016-09-06,trends_nyc,5.348841938388215
2016-09-07,trends_nyc,0.0
2016-09-08,trends_nyc,5.348841938388215
2016-09-09,trends_nyc,5.348841938388215
2016-09-10,trends_nyc,0.0
2016-09-11,trends_nyc,5.348841938388215
2016-09-12,trends_nyc,5.348841938388215
2016-09-13,trends_nyc,5.348841938388215
2016-09-14,trends_nyc,5.348841938388215
2016-09-15,trends_nyc,21.39536775355286
2016-09-16,trends_nyc,16.046525815164646
2016-09-17,trends_nyc,10.69768387677643
2016-09-18,trends_nyc,5.348841938388215
2016-09-19,trends_nyc,16.046525815164646
2016-09-20,trends_nyc,90.93031295259966
2016-09-21,trends_nyc,139.0698903980936
2016-09-22,trends_nyc,133.72104845970537
2016-09-23,trends_nyc,101.62799682937609
2016-09-24,trends_nyc,69.5349451990468
2016-09-25,trends_nyc,58.837261322270365
2016-09-26,trends_nyc,32.09305163032929
2016-09-27,trends_nyc,37.441893568717504
2016-09-28,trends_nyc,42.79073550710572
2016-09-29,trends_nyc,37.441893568717504
2016-09-30,trends_nyc,32.09305163032929
2016-10-01,trends_nyc,10.69768387677643
2016-10-02,trends_nyc,16.046525815164646
2016-10-03,trends_nyc,21.39536775355286
2016-10-04,trends_nyc,21.39536775355286
2016-10-05,trends_nyc,10.69768387677643
2016-10-06,trends_nyc,21.39536775355286
2016-10-07,trends_nyc,5.348841938388215
2016-10-08,trends_nyc,5.348841938388215
2016-10-09,trends_nyc,26.744209691941077
2016-10-10,trends_nyc,16.046525815164646
2016-10-11,trends_nyc,10.69768387677643
2016-10-12,trends_nyc,5.348841938388215
2016-10-13,trends_nyc,21.39536775355286
2016-10-14,trends_nyc,10.69768387677643
2016-10-15,trends_nyc,10.69768387677643
2016-10-16,trends_nyc,10.69768387677643
2016-10-17,trends_nyc,16.046525815164646
2016-10-18,trends_nyc,10.69768387677643
2016-10-19,trends_nyc,16.046525815164646
2016-10-20,trends_nyc,21.39536775355286
2016-10-21,trends_nyc,10.69768387677643
2016-10-22,trends_nyc,0.0
2016-10-23,trends_nyc,0.0
2016-10-24,trends_nyc,0.0
2016-10-25,trends_nyc,4.515894135247207
2016-10-26,trends_nyc,11.741324751642736
2016-10-27,trends_nyc,0.0
2016-10-28,trends_nyc,0.0
2016-10-29,trends_nyc,7.22543061639553
2016-10-30,trends_nyc,5.419072962296648
2016-10-31,trends_nyc,4.515894135247207
2016-11-01,trends_nyc,10.838145924593295
2016-11-02,trends_nyc,42.44940487132374
2016-11-03,trends_nyc,26.1921859844338
2016-11-04,trends_nyc,38.83668956312598
2016-11-05,trends_nyc,37.03033190902709
2016-11-06,trends_nyc,6.3222517893460894
2016-11-07,trends_nyc,19.86993419508771
2016-11-08,trends_nyc,13.54768240574162
2016-11-09,trends_nyc,9.934967097543854
2016-11-10,trends_nyc,27.09536481148324
2016-11-11,trends_nyc,4.515894135247207
2016-11-12,trends_nyc,0.0
2016-11-13,trends_nyc,0.0
2016-11-14,trends_nyc,4.515894135247207
2016-11-15,trends_nyc,4.515894135247207
2016-11-16,trends_nyc,11.741324751642736
2016-11-17,trends_nyc,5.419072962296648
2016-11-18,trends_nyc,9.934967097543854
2016-11-19,trends_nyc,6.3222517893460894
2016-11-20,trends_nyc,9.031788270494413
2016-11-21,trends_nyc,28.90172246558212
2016-11-22,trends_nyc,21.67629184918659
2016-11-23,trends_nyc,14.45086123279106
2016-11-24,trends_nyc,5.419072962296648
2016-11-25,trends_nyc,0.0
2016-11-26,trends_nyc,4.515894135247207
2016-11-27,trends_nyc,0.0
2016-11-28,trends_nyc,4.515894135247207
2016-11-29,trends_nyc,5.419072962296648
2016-11-30,trends_nyc,11.741324751642736
2016-12-01,trends_nyc,21.67629184918659
2016-12-02,trends_nyc,4.515894135247207
2016-12-03,trends_nyc,0.0
2016-12-04,trends_nyc,0.0
2016-12-05,trends_nyc,8.128609443444972
2016-12-06,trends_nyc,23.482649503285472
2016-12-07,trends_nyc,9.934967097543854
2016-12-08,trends_nyc,18.966755368038267
2016-12-09,trends_nyc,5.419072962296648
2016-12-10,trends_nyc,5.419072962296648
2016-12-11,trends_nyc,5.419072962296648
2016-12-12,trends_nyc,14.45086123279106
2016-12-13,trends_nyc,14.45086123279106
2016-12-14,trends_nyc,14.45086123279106
2016-12-15,trends_nyc,9.031788270494413
2016-12-16,trends_nyc,4.515894135247207
2016-12-17,trends_nyc,0.0
2016-12-18,trends_nyc,5.419072962296648
2016-12-19,trends_nyc,0.0
2016-12-20,trends_nyc,5.419072962296648
2016-12-21,trends_nyc,4.515894135247207
2016-12-22,trends_nyc,14.45086123279106
2016-12-23,trends_nyc,13.54768240574162
2016-12-24,trends_nyc,0.0
2016-12-25,trends_nyc,0.0
2016-12-26,trends_nyc,0.0
2016-12-27,trends_nyc,5.419072962296648
2016-12-28,trends_nyc,0.0
2016-12-29,trends_nyc,0.0
2016-12-30,trends_nyc,4.515894135247207
2016-12-31,trends_nyc,4.515894135247207
2017-01-01,trends_nyc,4.515894135247207
2017-01-02,trends_nyc,0.0
2017-01-03,trends_nyc,5.419072962296648
2017-01-04,trends_nyc,9.031788270494413
2017-01-05,trends_nyc,7.22543061639553
2017-01-06,trends_nyc,3.612715308197765
2017-01-07,trends_nyc,0.0
2017-01-08,trends_nyc,0.0
2017-01-09,trends_nyc,19.86993419508771
2017-01-10,trends_nyc,4.515894135247207
2017-01-11,trends_nyc,8.128609443444972
2017-01-12,trends_nyc,6.3222517893460894
2017-01-13,trends_nyc,4.515894135247207
2017-01-14,trends_nyc,4.515894135247207
2017-01-15,trends_nyc,5.419072962296648
2017-01-16,trends_nyc,11.741324751642736
2017-01-17,trends_nyc,5.419072962296648
2017-01-18,trends_nyc,14.45086123279106
2017-01-19,trends_nyc,6.3222517893460894
2017-01-20,trends_nyc,10.838145924593295
2017-01-21,trends_nyc,9.031788270494413
2017-01-22,trends_nyc,4.515894135247207
2017-01-23,trends_nyc,5.419072962296648
2017-01-24,trends_nyc,0.0
2017-01-25,trends_nyc,4.515894135247207
2017-01-26,trends_nyc,0.0
2017-01-27,trends_nyc,0.0
2017-01-28,trends_nyc,0.0
2017-01-29,trends_nyc,0.0
2017-01-30,trends_nyc,0.0
2017-01-31,trends_nyc,3.612715308197765
2017-02-01,trends_nyc,7.22543061639553
2017-02-02,trends_nyc,8.128609443444972
2017-02-03,trends_nyc,5.419072962296648
2017-02-04,trends_nyc,0.0
2017-02-05,trends_nyc,0.0
2017-02-06,trends_nyc,0.0
2017-02-07,trends_nyc,3.612715308197765
2017-02-08,trends_nyc,0.0
2017-02-09,trends_nyc,0.0
2017-02-10,trends_nyc,0.0
2017-02-11,trends_nyc,0.0
2017-02-12,trends_nyc,0.0
2017-02-13,trends_nyc,5.419072962296648
2017-02-14,trends_nyc,0.0
2017-02-15,trends_nyc,4.515894135247207
2017-02-16,trends_nyc,4.515894135247207
2017-02-17,trends_nyc,6.3222517893460894
2017-02-18,trends_nyc,0.0
2017-02-19,trends_nyc,7.019401212633194
2017-02-20,trends_nyc,5.418485146594044
2017-02-21,trends_nyc,8.866612058062982
2017-02-22,trends_nyc,11.329559851969366
2017-02-23,trends_nyc,0.0
2017-02-24,trends_nyc,5.049042977508087
2017-02-25,trends_nyc,0.0
2017-02-26,trends_nyc,0.0
2017-02-27,trends_nyc,6.03422209507064
2017-02-28,trends_nyc,0.0
2017-03-01,trends_nyc,5.295337756898725
2017-03-02,trends_nyc,0.0
2017-03-03,trends_nyc,5.418485146594044
2017-03-04,trends_nyc,0.0
2017-03-05,trends_nyc,0.0
2017-03-06,trends_nyc,0.0
2017-03-07,trends_nyc,5.172190367203406
2017-03-08,trends_nyc,5.418485146594044
2017-03-09,trends_nyc,0.0
2017-03-10,trends_nyc,5.911074705375321
2017-03-11,trends_nyc,0.0
2017-03-12,trends_nyc,5.172190367203406
2017-03-13,trends_nyc,4.433306029031491
2017-03-14,trends_nyc,4.679600808422129
2017-03-15,trends_nyc,0.0
2017-03-16,trends_nyc,3.817569080554895
2017-03-17,trends_nyc,4.187011249640852
2017-03-18,trends_nyc,0.0
2017-03-19,trends_nyc,4.55645341872681
2017-03-20,trends_nyc,0.0
2017-03-21,trends_nyc,3.817569080554895
2017-03-22,trends_nyc,15.02398154282894
2017-03-23,trends_nyc,8.497169888977023
2017-03-24,trends_nyc,8.374022499281704
2017-03-25,trends_nyc,11.822149410750642
2017-03-26,trends_nyc,0.0
2017-03-27,trends_nyc,8.497169888977023
2017-03-28,trends_nyc,5.049042977508087
2017-03-29,trends_nyc,12.437886359227237
2017-03-30,trends_nyc,4.310158639336172
2017-03-31,trends_nyc,6.03422209507064
2017-04-01,trends_nyc,0.0
2017-04-02,trends_nyc,9.605496396234896
2017-04-03,trends_nyc,4.679600808422129
2017-04-04,trends_nyc,5.787927315680002
2017-04-05,trends_nyc,0.0
2017-04-06,trends_nyc,8.004580330195747
2017-04-07,trends_nyc,0.0
2017-04-08,trends_nyc,0.0
2017-04-09,trends_nyc,0.0
2017-04-10,trends_nyc,7.758285550805109
2017-04-11,trends_nyc,10.960117682883407
2017-04-12,trends_nyc,4.55645341872681
2017-04-13,trends_nyc,4.310158639336172
2017-04-14,trends_nyc,0.0
2017-04-15,trends_nyc,0.0
2017-04-16,trends_nyc,5.418485146594044
2017-04-17,trends_nyc,0.0
2017-04-18,trends_nyc,5.172190367203406
2017-04-19,trends_nyc,4.433306029031491
2017-04-20,trends_nyc,15.886013270696175
2017-04-21,trends_nyc,12.06844419014128
2017-04-22,trends_nyc,0.0
2017-04-23,trends_nyc,0.0
2017-04-24,trends_nyc,11.575854631360004
2017-04-25,trends_nyc,6.280516874461279
2017-04-26,trends_nyc,3.6944216908595755
2017-04-27,trends_nyc,9.851791175625536
2017-04-28,trends_nyc,0.0
2017-04-29,trends_nyc,6.03422209507064
2017-04-30,trends_nyc,4.802748198117448
2017-05-01,trends_nyc,9.605496396234896
2017-05-02,trends_nyc,12.684181138617877
2017-05-03,trends_nyc,20.565614079118305
2017-05-04,trends_nyc,23.767446211196603
2017-05-05,trends_nyc,5.172190367203406
2017-05-06,trends_nyc,4.802748198117448
2017-05-07,trends_nyc,0.0
2017-05-08,trends_nyc,5.787927315680002
2017-05-09,trends_nyc,8.743464668367663
2017-05-10,trends_nyc,14.654539373742983
2017-05-11,trends_nyc,8.250875109586385
2017-05-12,trends_nyc,0.0
2017-05-13,trends_nyc,14.654539373742983
2017-05-14,trends_nyc,0.0
2017-05-15,trends_nyc,3.940716470250214
2017-05-16,trends_nyc,11.452707241664685
2017-05-17,trends_nyc,10.59067551379745
2017-05-18,trends_nyc,5.541632536289363
2017-05-19,trends_nyc,0.0
2017-05-20,trends_nyc,0.0
2017-05-21,trends_nyc,0.0
2017-05-22,trends_nyc,0.0
2017-05-23,trends_nyc,0.0
2017-05-24,trends_nyc,4.433306029031491
2017-05-25,trends_nyc,5.541632536289363
2017-05-26,trends_nyc,4.433306029031491
2017-05-27,trends_nyc,0.0
2017-05-28,trends_nyc,0.0
2017-05-29,trends_nyc,6.773106433242555
2017-05-30,trends_nyc,17.240634557344688
2017-05-31,trends_nyc,11.206412462274047
2017-06-01,trends_nyc,5.418485146594044
2017-06-02,trends_nyc,4.925895587812768
2017-06-03,trends_nyc,0.0
2017-06-04,trends_nyc,5.049042977508087
2017-06-05,trends_nyc,0.0
2017-06-06,trends_nyc,11.083265072578726
2017-06-07,trends_nyc,8.374022499281704
2017-06-08,trends_nyc,12.807328528313196
2017-06-09,trends_nyc,0.0
2017-06-10,trends_nyc,0.0
2017-06-11,trends_nyc,0.0
2017-06-12,trends_nyc,4.802748198117448
2017-06-13,trends_nyc,8.250875109586385
2017-06-14,trends_nyc,6.280516874461279
2017-06-15,trends_nyc,0.0
2017-06-16,trends_nyc,6.403664264156598
2017-06-17,trends_nyc,5.541632536289363
2017-06-18,trends_nyc,0.0
2017-06-19,trends_nyc,15.948007172855789
2017-06-20,trends_nyc,16.993778135010267
2017-06-21,trends_nyc,15.16367895123993
2017-06-22,trends_nyc,15.68656443231717
2017-06-23,trends_nyc,5.490297551311009
2017-06-24,trends_nyc,0.0
2017-06-25,trends_nyc,0.0
2017-06-26,trends_nyc,0.0
2017-06-27,trends_nyc,0.0
2017-06-28,trends_nyc,0.0
2017-06-29,trends_nyc,0.0
2017-06-30,trends_nyc,0.0
2017-07-01,trends_nyc,0.0
2017-07-02,trends_nyc,0.0
2017-07-03,trends_nyc,0.0
2017-07-04,trends_nyc,0.0
2017-07-05,trends_nyc,38.954968340254304
2017-07-06,trends_nyc,29.020144199786763
2017-07-07,trends_nyc,13.595022508008213
2017-07-08,trends_nyc,12.287808805315116
2017-07-09,trends_nyc,7.058953994542726
2017-07-10,trends_nyc,6.013183032388248
2017-07-11,trends_nyc,10.719152362083399
2017-07-12,trends_nyc,10.45770962154478
2017-07-13,trends_nyc,4.183083848617912
2017-07-14,trends_nyc,5.751740291849629
2017-07-15,trends_nyc,0.0
2017-07-16,trends_nyc,0.0
2017-07-17,trends_nyc,14.640793470162691
2017-07-18,trends_nyc,25.62138857278471
2017-07-19,trends_nyc,22.222632945782657
2017-07-20,trends_nyc,5.751740291849629
2017-07-21,trends_nyc,14.90223621070131
2017-07-22,trends_nyc,8.889053178313063
2017-07-23,trends_nyc,0.0
2017-07-24,trends_nyc,0.0
2017-07-25,trends_nyc,6.536068513465487
2017-07-26,trends_nyc,4.444526589156531
2017-07-27,trends_nyc,0.0
2017-07-28,trends_nyc,20.1310910214737
2017-07-29,trends_nyc,15.68656443231717
2017-07-30,trends_nyc,7.058953994542726
2017-07-31,trends_nyc,4.705969329695151
2017-08-01,trends_nyc,6.274625772926868
2017-08-02,trends_nyc,9.93482414046754
2017-08-03,trends_nyc,0.0
2017-08-04,trends_nyc,4.183083848617912
2017-08-05,trends_nyc,0.0
2017-08-06,trends_nyc,13.333579767469594
2017-08-07,trends_nyc,0.0
2017-08-08,trends_nyc,4.183083848617912
2017-08-09,trends_nyc,5.22885481077239
2017-08-10,trends_nyc,4.705969329695151
2017-08-11,trends_nyc,0.0
2017-08-12,trends_nyc,12.810694286392355
2017-08-13,trends_nyc,6.797511254004107
2017-08-14,trends_nyc,0.0
2017-08-15,trends_nyc,9.673381399928921
2017-08-16,trends_nyc,5.490297551311009
2017-08-17,trends_nyc,8.627610437774443
2017-08-18,trends_nyc,6.536068513465487
2017-08-19,trends_nyc,38.693525599715684
2017-08-20,trends_nyc,14.117907989085452
2017-08-21,trends_nyc,0.0
2017-08-22,trends_nyc,5.751740291849629
2017-08-23,trends_nyc,0.0
2017-08-24,trends_nyc,0.0
2017-08-25,trends_nyc,0.0
2017-08-26,trends_nyc,0.0
2017-08-27,trends_nyc,0.0
2017-08-28,trends_nyc,0.0
2017-08-29,trends_nyc,0.0
2017-08-30,trends_nyc,0.0
2017-08-31,trends_nyc,0.0
2017-09-01,trends_nyc,4.705969329695151
2017-09-02,trends_nyc,0.0
2017-09-03,trends_nyc,5.751740291849629
2017-09-04,trends_nyc,0.0
2017-09-05,trends_nyc,8.627610437774443
2017-09-06,trends_nyc,0.0
2017-09-07,trends_nyc,4.444526589156531
2017-09-08,trends_nyc,0.0
2017-09-09,trends_nyc,0.0
2017-09-10,trends_nyc,0.0
2017-09-11,trends_nyc,0.0
2017-09-12,trends_nyc,0.0
2017-09-13,trends_nyc,0.0
2017-09-14,trends_nyc,4.96741207023377
2017-09-15,trends_nyc,12.026366064776497
2017-09-16,trends_nyc,7.581839475619965
2017-09-17,trends_nyc,4.96741207023377
2017-09-18,trends_nyc,4.183083848617912
2017-09-19,trends_nyc,0.0
2017-09-20,trends_nyc,4.183083848617912
2017-09-21,trends_nyc,0.0
2017-09-22,trends_nyc,10.45770962154478
2017-09-23,trends_nyc,10.19626688100616
2017-09-24,trends_nyc,9.673381399928921
2017-09-25,trends_nyc,19.346762799857842
2017-09-26,trends_nyc,34.24899901055915
2017-09-27,trends_nyc,24.052732129552993
2017-09-28,trends_nyc,16.470892653933028
2017-09-29,trends_nyc,18.039549097164745
2017-09-30,trends_nyc,12.549251545853735
2017-10-01,trends_nyc,5.490297551311009
2017-10-02,trends_nyc,26.14427405386195
2017-10-03,trends_nyc,14.640793470162691
2017-10-04,trends_nyc,10.45770962154478
2017-10-05,trends_nyc,12.026366064776497
2017-10-06,trends_nyc,4.444526589156531
2017-10-07,trends_nyc,0.0
2017-10-08,trends_nyc,5.751740291849629
2017-10-09,trends_nyc,12.549251545853735
2017-10-10,trends_nyc,13.595022508008213
2017-10-11,trends_nyc,17.516663616087506
2017-10-12,trends_nyc,11.242037843160638
2017-10-13,trends_nyc,16.732335394471647
2017-10-14,trends_nyc,5.490297551311009
2017-10-15,trends_nyc,6.797511254004107
2017-10-16,trends_nyc,12.810694286392355
2017-10-17,trends_nyc,11.606726545663065
2017-10-18,trends_nyc,12.4827059075999
2017-10-19,trends_nyc,7.445824576463099
2017-10-20,trends_nyc,3.941907128715758
2017-10-21,trends_nyc,0.0
2017-10-22,trends_nyc,0.0
2017-10-23,trends_nyc,10.949742024210439
2017-10-24,trends_nyc,8.102809097915724
2017-10-25,trends_nyc,9.635772981305186
2017-10-26,trends_nyc,0.0
2017-10-27,trends_nyc,5.2558761716210105
2017-10-28,trends_nyc,0.0
2017-10-29,trends_nyc,0.0
2017-10-30,trends_nyc,0.0
2017-10-31,trends_nyc,11.606726545663065
2017-11-01,trends_nyc,9.416778140820977
2017-11-02,trends_nyc,4.379896809684175
2017-11-03,trends_nyc,9.197783300336768
2017-11-04,trends_nyc,0.0
2017-11-05,trends_nyc,0.0
2017-11-06,trends_nyc,9.635772981305186
2017-11-07,trends_nyc,4.1609019691999665
2017-11-08,trends_nyc,11.168736864694647
2017-11-09,trends_nyc,0.0
2017-11-10,trends_nyc,0.0
2017-11-11,trends_nyc,4.817886490652593
2017-11-12,trends_nyc,0.0
2017-11-13,trends_nyc,12.701700748084109
2017-11-14,trends_nyc,10.73074718372623
2017-11-15,trends_nyc,12.701700748084109
2017-11-16,trends_nyc,4.1609019691999665
2017-11-17,trends_nyc,0.0
2017-11-18,trends_nyc,7.007834895494681
2017-11-19,trends_nyc,0.0
2017-11-20,trends_nyc,0.0
2017-11-21,trends_nyc,5.2558761716210105
2017-11-22,trends_nyc,0.0
2017-11-23,trends_nyc,0.0
2017-11-24,trends_nyc,0.0
2017-11-25,trends_nyc,0.0
2017-11-26,trends_nyc,0.0
2017-11-27,trends_nyc,0.0
2017-11-28,trends_nyc,4.1609019691999665
2017-11-29,trends_nyc,7.664819416947307
2017-11-30,trends_nyc,4.817886490652593
2017-12-01,trends_nyc,4.379896809684175
2017-12-02,trends_nyc,0.0
2017-12-03,trends_nyc,0.0
2017-12-04,trends_nyc,6.569845214526263
2017-12-05,trends_nyc,6.788840055010472
2017-12-06,trends_nyc,7.883814257431516
2017-12-07,trends_nyc,9.635772981305186
2017-12-08,trends_nyc,24.089432453262965
2017-12-09,trends_nyc,29.783298305852394
2017-12-10,trends_nyc,13.796674950505153
2017-12-11,trends_nyc,23.21345309132613
2017-12-12,trends_nyc,15.767628514863032
2017-12-13,trends_nyc,8.321803938399933
2017-12-14,trends_nyc,13.577680110020944
2017-12-15,trends_nyc,12.4827059075999
2017-12-16,trends_nyc,4.817886490652593
2017-12-17,trends_nyc,0.0
2017-12-18,trends_nyc,12.4827059075999
2017-12-19,trends_nyc,10.73074718372623
2017-12-20,trends_nyc,0.0
2017-12-21,trends_nyc,8.75979361936835
2017-12-22,trends_nyc,5.2558761716210105
2017-12-23,trends_nyc,0.0
2017-12-24,trends_nyc,0.0
2017-12-25,trends_nyc,0.0
2017-12-26,trends_nyc,0.0
2017-12-27,trends_nyc,0.0
2017-12-28,trends_nyc,0.0
2017-12-29,trends_nyc,0.0
2017-12-30,trends_nyc,0.0
2017-12-31,trends_nyc,7.22682973597889
2018-01-01,trends_nyc,0.0
2018-01-02,trends_nyc,6.131855533557846
2018-01-03,trends_nyc,3.5039174477473405
2018-01-04,trends_nyc,4.379896809684175
2018-01-05,trends_nyc,13.139690429052527
2018-01-06,trends_nyc,0.0
2018-01-07,trends_nyc,0.0
2018-01-08,trends_nyc,0.0
2018-01-09,trends_nyc,0.0
2018-01-10,trends_nyc,0.0
2018-01-11,trends_nyc,0.0
2018-01-12,trends_nyc,10.511752343242021
2018-01-13,trends_nyc,0.0
2018-01-14,trends_nyc,0.0
2018-01-15,trends_nyc,0.0
2018-01-16,trends_nyc,11.825721386147274
2018-01-17,trends_nyc,3.7229122882315493
2018-01-18,trends_nyc,4.817886490652593
2018-01-19,trends_nyc,0.0
2018-01-20,trends_nyc,0.0
2018-01-21,trends_nyc,0.0
2018-01-22,trends_nyc,0.0
2018-01-23,trends_nyc,0.0
2018-01-24,trends_nyc,0.0
2018-01-25,trends_nyc,4.1609019691999665
2018-01-26,trends_nyc,9.416778140820977
2018-01-27,trends_nyc,5.036881331136802
2018-01-28,trends_nyc,0.0
2018-01-29,trends_nyc,0.0
2018-01-30,trends_nyc,4.1609019691999665
2018-01-31,trends_nyc,5.2558761716210105
2018-02-01,trends_nyc,4.1609019691999665
2018-02-02,trends_nyc,0.0
2018-02-03,trends_nyc,0.0
2018-02-04,trends_nyc,0.0
2018-02-05,trends_nyc,4.1609019691999665
2018-02-06,trends_nyc,7.22682973597889
2018-02-07,trends_nyc,4.598891650168384
2018-02-08,trends_nyc,0.0
2018-02-09,trends_nyc,0.0
2018-02-10,trends_nyc,5.912860693073637
2018-02-11,trends_nyc,19.052551122126165
2018-02-12,trends_nyc,14.23466463147357
2018-02-13,trends_nyc,10.73074718372623
2018-02-14,trends_nyc,20.852919344603496
2018-02-15,trends_nyc,24.58777057050263
2018-02-16,trends_nyc,8.092177656114789
2018-02-17,trends_nyc,6.224752043165223
2018-02-18,trends_nyc,0.0
2018-02-19,trends_nyc,5.6022768388487005
2018-02-20,trends_nyc,4.357326430215656
2018-02-21,trends_nyc,12.760741688488705
2018-02-22,trends_nyc,6.535989645323483
2018-02-23,trends_nyc,16.8068305165461
2018-02-24,trends_nyc,12.449504086330446
2018-02-25,trends_nyc,7.158464849640006
2018-02-26,trends_nyc,11.204553677697401
2018-02-27,trends_nyc,7.780940053956528
2018-02-28,trends_nyc,4.979801634532178
2018-03-01,trends_nyc,9.337128064747834
2018-03-02,trends_nyc,10.582078473380879
2018-03-03,trends_nyc,0.0
2018-03-04,trends_nyc,0.0
2018-03-05,trends_nyc,0.0
2018-03-06,trends_nyc,9.337128064747834
2018-03-07,trends_nyc,4.668564032373917
2018-03-08,trends_nyc,0.0
2018-03-09,trends_nyc,0.0
2018-03-10,trends_nyc,4.357326430215656
2018-03-11,trends_nyc,0.0
2018-03-12,trends_nyc,10.582078473380879
2018-03-13,trends_nyc,3.7348512258991335
2018-03-14,trends_nyc,4.979801634532178
2018-03-15,trends_nyc,0.0
2018-03-16,trends_nyc,0.0
2018-03-17,trends_nyc,0.0
2018-03-18,trends_nyc,0.0
2018-03-19,trends_nyc,0.0
2018-03-20,trends_nyc,4.668564032373917
2018-03-21,trends_nyc,0.0
2018-03-22,trends_nyc,10.582078473380879
2018-03-23,trends_nyc,23.342820161869586
2018-03-24,trends_nyc,7.469702451798267
2018-03-25,trends_nyc,9.648365666906095
2018-03-26,trends_nyc,11.515791279855662
2018-03-27,trends_nyc,13.071979290646967
2018-03-28,trends_nyc,15.873117710071318
2018-03-29,trends_nyc,11.204553677697401
2018-03-30,trends_nyc,12.138266484172185
2018-03-31,trends_nyc,12.449504086330446
2018-04-01,trends_nyc,16.8068305165461
2018-04-02,trends_nyc,17.429305720862622
2018-04-03,trends_nyc,10.89331607553914
2018-04-04,trends_nyc,13.071979290646967
2018-04-05,trends_nyc,36.10356185035829
2018-04-06,trends_nyc,24.27653296834437
2018-04-07,trends_nyc,5.913514441006962
2018-04-08,trends_nyc,0.0
2018-04-09,trends_nyc,9.648365666906095
2018-04-10,trends_nyc,5.913514441006962
2018-04-11,trends_nyc,9.648365666906095
2018-04-12,trends_nyc,3.7348512258991335
2018-04-13,trends_nyc,5.6022768388487005
2018-04-14,trends_nyc,0.0
2018-04-15,trends_nyc,4.979801634532178
2018-04-16,trends_nyc,6.224752043165223
2018-04-17,trends_nyc,0.0
2018-04-18,trends_nyc,4.979801634532178
2018-04-19,trends_nyc,10.582078473380879
2018-04-20,trends_nyc,14.316929699280012
2018-04-21,trends_nyc,5.6022768388487005
2018-04-22,trends_nyc,9.025890462589572
2018-04-23,trends_nyc,16.8068305165461
2018-04-24,trends_nyc,8.714652860431311
2018-04-25,trends_nyc,21.164156946761757
2018-04-26,trends_nyc,11.515791279855662
2018-04-27,trends_nyc,12.449504086330446
2018-04-28,trends_nyc,0.0
2018-04-29,trends_nyc,7.780940053956528
2018-04-30,trends_nyc,9.025890462589572
2018-05-01,trends_nyc,4.668564032373917
2018-05-02,trends_nyc,4.357326430215656
2018-05-03,trends_nyc,4.668564032373917
2018-05-04,trends_nyc,0.0
2018-05-05,trends_nyc,0.0
2018-05-06,trends_nyc,0.0
2018-05-07,trends_nyc,4.046088828057394
2018-05-08,trends_nyc,15.873117710071318
2018-05-09,trends_nyc,4.357326430215656
2018-05-10,trends_nyc,7.158464849640006
2018-05-11,trends_nyc,0.0
2018-05-12,trends_nyc,0.0
2018-05-13,trends_nyc,4.979801634532178
2018-05-14,trends_nyc,6.224752043165223
2018-05-15,trends_nyc,12.138266484172185
2018-05-16,trends_nyc,0.0
2018-05-17,trends_nyc,4.668564032373917
2018-05-18,trends_nyc,12.760741688488705
2018-05-19,trends_nyc,0.0
2018-05-20,trends_nyc,0.0
2018-05-21,trends_nyc,13.071979290646967
2018-05-22,trends_nyc,27.077671387768717
2018-05-23,trends_nyc,11.827028882013924
2018-05-24,trends_nyc,16.184355312229577
2018-05-25,trends_nyc,15.561880107913057
2018-05-26,trends_nyc,4.979801634532178
2018-05-27,trends_nyc,6.535989645323483
2018-05-28,trends_nyc,7.158464849640006
2018-05-29,trends_nyc,9.025890462589572
2018-05-30,trends_nyc,4.668564032373917
2018-05-31,trends_nyc,13.071979290646967
2018-06-01,trends_nyc,9.025890462589572
2018-06-02,trends_nyc,6.535989645323483
2018-06-03,trends_nyc,0.0
2018-06-04,trends_nyc,10.89331607553914
2018-06-05,trends_nyc,0.0
2018-06-06,trends_nyc,14.00569209712175
2018-06-07,trends_nyc,12.138266484172185
2018-06-08,trends_nyc,12.760741688488705
2018-06-09,trends_nyc,4.668564032373917
2018-06-10,trends_nyc,5.291039236690439
2018-06-11,trends_nyc,4.668564032373917
2018-06-12,trends_nyc,5.6022768388487005
2018-06-13,trends_nyc,5.6022768388487005
2018-06-14,trends_nyc,0.0
2018-06-15,trends_nyc,0.0
2018-06-16,trends_nyc,0.0
2018-06-17,trends_nyc,6.7929345493914965
2018-06-18,trends_nyc,5.773994366982771
2018-06-19,trends_nyc,0.0
2018-06-20,trends_nyc,6.453287821921921
2018-06-21,trends_nyc,11.208342006495968
2018-06-22,trends_nyc,11.887635461435119
2018-06-23,trends_nyc,6.453287821921921
2018-06-24,trends_nyc,5.094700912043622
2018-06-25,trends_nyc,7.811874731800221
2018-06-26,trends_nyc,4.755054184574047
2018-06-27,trends_nyc,6.7929345493914965
2018-06-28,trends_nyc,0.0
2018-06-29,trends_nyc,6.453287821921921
2018-06-30,trends_nyc,0.0
2018-07-01,trends_nyc,0.0
2018-07-02,trends_nyc,0.0
2018-07-03,trends_nyc,5.773994366982771
2018-07-04,trends_nyc,0.0
2018-07-05,trends_nyc,0.0
2018-07-06,trends_nyc,10.189401824087245
2018-07-07,trends_nyc,0.0
2018-07-08,trends_nyc,0.0
2018-07-09,trends_nyc,4.415407457104473
2018-07-10,trends_nyc,0.0
2018-07-11,trends_nyc,0.0
2018-07-12,trends_nyc,4.755054184574047
2018-07-13,trends_nyc,0.0
2018-07-14,trends_nyc,0.0
2018-07-15,trends_nyc,11.887635461435119
2018-07-16,trends_nyc,12.906575643843842
2018-07-17,trends_nyc,12.906575643843842
2018-07-18,trends_nyc,9.849755096617669
2018-07-19,trends_nyc,0.0
2018-07-20,trends_nyc,0.0
2018-07-21,trends_nyc,5.094700912043622
2018-07-22,trends_nyc,5.434347639513197
2018-07-23,trends_nyc,0.0
2018-07-24,trends_nyc,0.0
2018-07-25,trends_nyc,0.0
2018-07-26,trends_nyc,4.415407457104473
2018-07-27,trends_nyc,0.0
2018-07-28,trends_nyc,6.113641094452347
2018-07-29,trends_nyc,0.0
2018-07-30,trends_nyc,7.811874731800221
2018-07-31,trends_nyc,10.868695279026394
2018-08-01,trends_nyc,5.434347639513197
2018-08-02,trends_nyc,7.132581276861071
2018-08-03,trends_nyc,4.755054184574047
2018-08-04,trends_nyc,6.7929345493914965
2018-08-05,trends_nyc,10.868695279026394
2018-08-06,trends_nyc,4.075760729634897
2018-08-07,trends_nyc,5.094700912043622
2018-08-08,trends_nyc,9.510108369148094
2018-08-09,trends_nyc,6.7929345493914965
2018-08-10,trends_nyc,6.7929345493914965
2018-08-11,trends_nyc,9.17046164167852
2018-08-12,trends_nyc,0.0
2018-08-13,trends_nyc,5.773994366982771
2018-08-14,trends_nyc,0.0
2018-08-15,trends_nyc,0.0
2018-08-16,trends_nyc,4.075760729634897
2018-08-17,trends_nyc,4.415407457104473
2018-08-18,trends_nyc,0.0
2018-08-19,trends_nyc,6.7929345493914965
2018-08-20,trends_nyc,0.0
2018-08-21,trends_nyc,0.0
2018-08-22,trends_nyc,0.0
2018-08-23,trends_nyc,0.0
2018-08-24,trends_nyc,0.0
2018-08-25,trends_nyc,0.0
2018-08-26,trends_nyc,0.0
2018-08-27,trends_nyc,0.0
2018-08-28,trends_nyc,0.0
2018-08-29,trends_nyc,0.0
2018-08-30,trends_nyc,0.0
2018-08-31,trends_nyc,4.415407457104473
2018-09-01,trends_nyc,0.0
2018-09-02,trends_nyc,0.0
2018-09-03,trends_nyc,0.0
2018-09-04,trends_nyc,10.868695279026394
2018-09-05,trends_nyc,5.773994366982771
2018-09-06,trends_nyc,4.415407457104473
2018-09-07,trends_nyc,23.775270922870238
2018-09-08,trends_nyc,41.7765474787577
2018-09-09,trends_nyc,31.926792382140032
2018-09-10,trends_nyc,28.19067837997471
2018-09-11,trends_nyc,25.47350456021811
2018-09-12,trends_nyc,17.66162982841789
2018-09-13,trends_nyc,13.585869098782993
2018-09-14,trends_nyc,10.868695279026394
2018-09-15,trends_nyc,10.52904855155682
2018-09-16,trends_nyc,7.132581276861071
2018-09-17,trends_nyc,9.849755096617669
2018-09-18,trends_nyc,7.4722280043306455
2018-09-19,trends_nyc,10.868695279026394
2018-09-20,trends_nyc,5.434347639513197
2018-09-21,trends_nyc,11.208342006495968
2018-09-22,trends_nyc,0.0
2018-09-23,trends_nyc,0.0
2018-09-24,trends_nyc,0.0
2018-09-25,trends_nyc,4.075760729634897
2018-09-26,trends_nyc,10.52904855155682
2018-09-27,trends_nyc,10.52904855155682
2018-09-28,trends_nyc,0.0
2018-09-29,trends_nyc,13.246222371313417
2018-09-30,trends_nyc,0.0
2018-10-01,trends_nyc,8.830814914208945
2018-10-02,trends_nyc,0.0
2018-10-03,trends_nyc,6.7929345493914965
2018-10-04,trends_nyc,14.944456008661291
2018-10-05,trends_nyc,9.510108369148094
2018-10-06,trends_nyc,6.453287821921921
2018-10-07,trends_nyc,5.094700912043622
2018-10-08,trends_nyc,5.773994366982771
2018-10-09,trends_nyc,0.0
2018-10-10,trends_nyc,7.811874731800221
2018-10-11,trends_nyc,4.075760729634897
2018-10-12,trends_nyc,5.9745444020181795
2018-10-13,trends_nyc,0.0
2018-10-14,trends_nyc,5.9745444020181795
2018-10-15,trends_nyc,11.489508465419576
2018-10-16,trends_nyc,13.78741015850349
2018-10-17,trends_nyc,4.136223047551048
2018-10-18,trends_nyc,0.0
2018-10-19,trends_nyc,0.0
2018-10-20,trends_nyc,0.0
2018-10-21,trends_nyc,5.055383724784614
2018-10-22,trends_nyc,8.732026433718877
2018-10-23,trends_nyc,0.0
2018-10-24,trends_nyc,9.19160677233566
2018-10-25,trends_nyc,0.0
2018-10-26,trends_nyc,5.9745444020181795
2018-10-27,trends_nyc,7.353285417868529
2018-10-28,trends_nyc,9.19160677233566
2018-10-29,trends_nyc,10.57034778818601
2018-10-30,trends_nyc,6.434124740634963
2018-10-31,trends_nyc,0.0
2018-11-01,trends_nyc,10.110767449569227
2018-11-02,trends_nyc,0.0
2018-11-03,trends_nyc,0.0
2018-11-04,trends_nyc,0.0
2018-11-05,trends_nyc,9.651187110952444
2018-11-06,trends_nyc,3.6766427089342644
2018-11-07,trends_nyc,4.136223047551048
2018-11-08,trends_nyc,9.651187110952444
2018-11-09,trends_nyc,9.19160677233566
2018-11-10,trends_nyc,0.0
2018-11-11,trends_nyc,0.0
2018-11-12,trends_nyc,6.434124740634963
2018-11-13,trends_nyc,12.408669142653142
2018-11-14,trends_nyc,4.59580338616783
2018-11-15,trends_nyc,5.514964063401397
2018-11-16,trends_nyc,0.0
2018-11-17,trends_nyc,0.0
2018-11-18,trends_nyc,0.0
2018-11-19,trends_nyc,0.0
2018-11-20,trends_nyc,8.732026433718877
2018-11-21,trends_nyc,14.246990497120274
2018-11-22,trends_nyc,0.0
2018-11-23,trends_nyc,4.59580338616783
2018-11-24,trends_nyc,0.0
2018-11-25,trends_nyc,0.0
2018-11-26,trends_nyc,4.59580338616783
2018-11-27,trends_nyc,4.136223047551048
2018-11-28,trends_nyc,11.029928126802794
2018-11-29,trends_nyc,9.651187110952444
2018-11-30,trends_nyc,5.055383724784614
2018-12-01,trends_nyc,0.0
2018-12-02,trends_nyc,4.59580338616783
2018-12-03,trends_nyc,5.514964063401397
2018-12-04,trends_nyc,11.029928126802794
2018-12-05,trends_nyc,7.353285417868529
2018-12-06,trends_nyc,8.732026433718877
2018-12-07,trends_nyc,6.893705079251745
2018-12-08,trends_nyc,0.0
2018-12-09,trends_nyc,0.0
2018-12-10,trends_nyc,5.514964063401397
2018-12-11,trends_nyc,5.9745444020181795
2018-12-12,trends_nyc,9.19160677233566
2018-12-13,trends_nyc,5.514964063401397
2018-12-14,trends_nyc,8.732026433718877
2018-12-15,trends_nyc,0.0
2018-12-16,trends_nyc,0.0
2018-12-17,trends_nyc,0.0
2018-12-18,trends_nyc,8.732026433718877
2018-12-19,trends_nyc,4.136223047551048
2018-12-20,trends_nyc,0.0
2018-12-21,trends_nyc,0.0
2018-12-22,trends_nyc,0.0
2018-12-23,trends_nyc,6.434124740634963
2018-12-24,trends_nyc,0.0
2018-12-25,trends_nyc,0.0
2018-12-26,trends_nyc,0.0
2018-12-27,trends_nyc,5.514964063401397
2018-12-28,trends_nyc,13.78741015850349
2018-12-29,trends_nyc,10.57034778818601
2018-12-30,trends_nyc,0.0
2018-12-31,trends_nyc,0.0
2019-01-01,trends_nyc,0.0
2019-01-02,trends_nyc,9.19160677233566
2019-01-03,trends_nyc,0.0
2019-01-04,trends_nyc,0.0
2019-01-05,trends_nyc,0.0
2019-01-06,trends_nyc,0.0
2019-01-07,trends_nyc,4.59580338616783
2019-01-08,trends_nyc,0.0
2019-01-09,trends_nyc,12.868249481269926
2019-01-10,trends_nyc,9.19160677233566
2019-01-11,trends_nyc,5.055383724784614
2019-01-12,trends_nyc,15.16615117435384
2019-01-13,trends_nyc,5.514964063401397
2019-01-14,trends_nyc,10.110767449569227
2019-01-15,trends_nyc,3.6766427089342644
2019-01-16,trends_nyc,14.706570835737057
2019-01-17,trends_nyc,4.59580338616783
2019-01-18,trends_nyc,5.055383724784614
2019-01-19,trends_nyc,0.0
2019-01-20,trends_nyc,4.136223047551048
2019-01-21,trends_nyc,0.0
2019-01-22,trends_nyc,0.0
2019-01-23,trends_nyc,4.59580338616783
2019-01-24,trends_nyc,0.0
2019-01-25,trends_nyc,0.0
2019-01-26,trends_nyc,6.434124740634963
2019-01-27,trends_nyc,0.0
2019-01-28,trends_nyc,0.0
2019-01-29,trends_nyc,52.392158602313266
2019-01-30,trends_nyc,15.16615117435384
2019-01-31,trends_nyc,0.0
2019-02-01,trends_nyc,8.272446095102095
2019-02-02,trends_nyc,0.0
2019-02-03,trends_nyc,4.59580338616783
2019-02-04,trends_nyc,5.055383724784614
2019-02-05,trends_nyc,0.0
2019-02-06,trends_nyc,8.732026433718877
2019-02-07,trends_nyc,7.353285417868529
2019-02-08,trends_nyc,10.57034778818601
2019-02-09,trends_nyc,0.0
2019-02-10,trends_nyc,0.0
2019-02-11,trends_nyc,0.0
2019-02-12,trends_nyc,3.217062370317482
2019-02-13,trends_nyc,51.47299792507971
2019-02-14,trends_nyc,21.14069557637202
2019-02-15,trends_nyc,0.0
2019-02-16,trends_nyc,11.029928126802794
2019-02-17,trends_nyc,5.514964063401397
2019-02-18,trends_nyc,5.514964063401397
2019-02-19,trends_nyc,5.0553837247846145
2019-02-20,trends_nyc,8.272446095102095
2019-02-21,trends_nyc,0.0
2019-02-22,trends_nyc,6.893705079251746
2019-02-23,trends_nyc,8.272446095102095
2019-02-24,trends_nyc,0.0
2019-02-25,trends_nyc,0.0
2019-02-26,trends_nyc,3.676642708934265
2019-02-27,trends_nyc,0.0
2019-02-28,trends_nyc,4.136223047551048
2019-03-01,trends_nyc,5.97454440201818
2019-03-02,trends_nyc,8.272446095102095
2019-03-03,trends_nyc,0.0
2019-03-04,trends_nyc,0.0
2019-03-05,trends_nyc,0.0
2019-03-06,trends_nyc,8.272446095102095
2019-03-07,trends_nyc,3.217062370317482
2019-03-08,trends_nyc,0.0
2019-03-09,trends_nyc,0.0
2019-03-10,trends_nyc,0.0
2019-03-11,trends_nyc,7.35328541786853
2019-03-12,trends_nyc,4.595803386167831
2019-03-13,trends_nyc,5.0553837247846145
2019-03-14,trends_nyc,0.0
2019-03-15,trends_nyc,10.110767449569229
2019-03-16,trends_nyc,6.893705079251746
2019-03-17,trends_nyc,0.0
2019-03-18,trends_nyc,5.514964063401397
2019-03-19,trends_nyc,4.136223047551048
2019-03-20,trends_nyc,9.191606772335662
2019-03-21,trends_nyc,9.191606772335662
2019-03-22,trends_nyc,0.0
2019-03-23,trends_nyc,0.0
2019-03-24,trends_nyc,0.0
2019-03-25,trends_nyc,11.029928126802794
2019-03-26,trends_nyc,4.136223047551048
2019-03-27,trends_nyc,0.0
2019-03-28,trends_nyc,7.812865756485313
2019-03-29,trends_nyc,0.0
2019-03-30,trends_nyc,0.0
2019-03-31,trends_nyc,0.0
2019-04-01,trends_nyc,0.0
2019-04-02,trends_nyc,3.676642708934265
2019-04-03,trends_nyc,0.0
2019-04-04,trends_nyc,3.676642708934265
2019-04-05,trends_nyc,0.0
2019-04-06,trends_nyc,0.0
2019-04-07,trends_nyc,0.0
2019-04-08,trends_nyc,5.514964063401397
2019-04-09,trends_nyc,0.0
2019-04-10,trends_nyc,0.0
2019-04-11,trends_nyc,13.32782981988671
2019-04-12,trends_nyc,0.0
2019-04-13,trends_nyc,0.0
2019-04-14,trends_nyc,0.0
2019-04-15,trends_nyc,3.676642708934265
2019-04-16,trends_nyc,15.625731512970626
2019-04-17,trends_nyc,0.0
2019-04-18,trends_nyc,8.732026433718879
2019-04-19,trends_nyc,9.651187110952446
2019-04-20,trends_nyc,5.97454440201818
2019-04-21,trends_nyc,5.97454440201818
2019-04-22,trends_nyc,17.004472528820976
2019-04-23,trends_nyc,13.32782981988671
2019-04-24,trends_nyc,12.408669142653144
2019-04-25,trends_nyc,8.732026433718879
2019-04-26,trends_nyc,0.0
2019-04-27,trends_nyc,0.0
2019-04-28,trends_nyc,0.0
2019-04-29,trends_nyc,4.595803386167831
2019-04-30,trends_nyc,8.272446095102095
2019-05-01,trends_nyc,3.676642708934265
2019-05-02,trends_nyc,8.732026433718879
2019-05-03,trends_nyc,5.97454440201818
2019-05-04,trends_nyc,5.0553837247846145
2019-05-05,trends_nyc,0.0
2019-05-06,trends_nyc,10.57034778818601
2019-05-07,trends_nyc,8.272446095102095
2019-05-08,trends_nyc,4.595803386167831
2019-05-09,trends_nyc,10.57034778818601
2019-05-10,trends_nyc,0.0
2019-05-11,trends_nyc,11.489508465419577
2019-05-12,trends_nyc,0.0
2019-05-13,trends_nyc,4.136223047551048
2019-05-14,trends_nyc,10.57034778818601
2019-05-15,trends_nyc,14.70657083573706
2019-05-16,trends_nyc,8.732026433718879
2019-05-17,trends_nyc,4.136223047551048
2019-05-18,trends_nyc,5.97454440201818
2019-05-19,trends_nyc,5.97454440201818
2019-05-20,trends_nyc,12.408669142653144
2019-05-21,trends_nyc,13.32782981988671
2019-05-22,trends_nyc,12.408669142653144
2019-05-23,trends_nyc,12.408669142653144
2019-05-24,trends_nyc,11.94908880403636
2019-05-25,trends_nyc,0.0
2019-05-26,trends_nyc,0.0
2019-05-27,trends_nyc,5.0553837247846145
2019-05-28,trends_nyc,4.136223047551048
2019-05-29,trends_nyc,11.029928126802794
2019-05-30,trends_nyc,6.893705079251746
2019-05-31,trends_nyc,4.595803386167831
2019-06-01,trends_nyc,8.732026433718879
2019-06-02,trends_nyc,5.0553837247846145
2019-06-03,trends_nyc,3.676642708934265
2019-06-04,trends_nyc,6.434124740634964
2019-06-05,trends_nyc,9.191606772335662
2019-06-06,trends_nyc,4.136223047551048
2019-06-07,trends_nyc,9.191606772335662
2019-06-08,trends_nyc,0.0
2019-06-09,trends_nyc,0.0
2019-06-10,trends_nyc,10.704817966737638
2019-06-11,trends_nyc,3.723414944952222
2019-06-12,trends_nyc,0.0
2019-06-13,trends_nyc,7.679543323963958
2019-06-14,trends_nyc,4.654268681190278
2019-06-15,trends_nyc,9.773964230499582
2019-06-16,trends_nyc,0.0
2019-06-17,trends_nyc,17.220794120404026
2019-06-18,trends_nyc,12.799238873273262
2019-06-19,trends_nyc,3.723414944952222
2019-06-20,trends_nyc,3.956128379011736
2019-06-21,trends_nyc,5.119695549309305
2019-06-22,trends_nyc,6.9814030217854155
2019-06-23,trends_nyc,10.006677664559096
2019-06-24,trends_nyc,13.497379175451805
2019-06-25,trends_nyc,3.956128379011736
2019-06-26,trends_nyc,0.0
2019-06-27,trends_nyc,0.0
2019-06-28,trends_nyc,6.515976153666388
2019-06-29,trends_nyc,5.817835851487847
2019-06-30,trends_nyc,0.0
2019-07-01,trends_nyc,0.0
2019-07-02,trends_nyc,0.0
2019-07-03,trends_nyc,9.075823928321041
2019-07-04,trends_nyc,5.585122417428333
2019-07-05,trends_nyc,0.0
2019-07-06,trends_nyc,5.119695549309305
2019-07-07,trends_nyc,6.748689587725902
2019-07-08,trends_nyc,6.9814030217854155
2019-07-09,trends_nyc,10.23939109861861
2019-07-10,trends_nyc,7.2141164558449296
2019-07-11,trends_nyc,4.886982115249791
2019-07-12,trends_nyc,5.585122417428333
2019-07-13,trends_nyc,0.0
2019-07-14,trends_nyc,6.515976153666388
2019-07-15,trends_nyc,11.635671702975694
2019-07-16,trends_nyc,0.0
2019-07-17,trends_nyc,3.723414944952222
2019-07-18,trends_nyc,0.0
2019-07-19,trends_nyc,0.0
2019-07-20,trends_nyc,0.0
2019-07-21,trends_nyc,0.0
2019-07-22,trends_nyc,7.2141164558449296
2019-07-23,trends_nyc,0.0
2019-07-24,trends_nyc,5.585122417428333
2019-07-25,trends_nyc,0.0
2019-07-26,trends_nyc,0.0
2019-07-27,trends_nyc,0.0
2019-07-28,trends_nyc,0.0
2019-07-29,trends_nyc,11.40295826891618
2019-07-30,trends_nyc,0.0
2019-07-31,trends_nyc,0.0
2019-08-01,trends_nyc,3.723414944952222
2019-08-02,trends_nyc,0.0
2019-08-03,trends_nyc,0.0
2019-08-04,trends_nyc,12.799238873273262
2019-08-05,trends_nyc,11.40295826891618
2019-08-06,trends_nyc,0.0
2019-08-07,trends_nyc,6.05054928554736
2019-08-08,trends_nyc,13.26466574139229
2019-08-09,trends_nyc,0.0
2019-08-10,trends_nyc,0.0
2019-08-11,trends_nyc,0.0
2019-08-12,trends_nyc,0.0
2019-08-13,trends_nyc,4.654268681190278
2019-08-14,trends_nyc,16.28994038416597
2019-08-15,trends_nyc,28.39103895526069
2019-08-16,trends_nyc,13.962806043570831
2019-08-17,trends_nyc,0.0
2019-08-18,trends_nyc,0.0
2019-08-19,trends_nyc,0.0
2019-08-20,trends_nyc,7.912256758023472
2019-08-21,trends_nyc,3.723414944952222
2019-08-22,trends_nyc,0.0
2019-08-23,trends_nyc,0.0
2019-08-24,trends_nyc,0.0
2019-08-25,trends_nyc,0.0
2019-08-26,trends_nyc,0.0
2019-08-27,trends_nyc,0.0
2019-08-28,trends_nyc,0.0
2019-08-29,trends_nyc,0.0
2019-08-30,trends_nyc,8.610397060202013
2019-08-31,trends_nyc,0.0
2019-09-01,trends_nyc,0.0
2019-09-02,trends_nyc,4.4215552471307635
2019-09-03,trends_nyc,0.0
2019-09-04,trends_nyc,6.515976153666388
2019-09-05,trends_nyc,0.0
2019-09-06,trends_nyc,3.4907015108927077
2019-09-07,trends_nyc,0.0
2019-09-08,trends_nyc,4.4215552471307635
2019-09-09,trends_nyc,3.723414944952222
2019-09-10,trends_nyc,0.0
2019-09-11,trends_nyc,3.956128379011736
2019-09-12,trends_nyc,0.0
2019-09-13,trends_nyc,3.4907015108927077
2019-09-14,trends_nyc,0.0
2019-09-15,trends_nyc,0.0
2019-09-16,trends_nyc,0.0
2019-09-17,trends_nyc,9.075823928321041
2019-09-18,trends_nyc,3.723414944952222
2019-09-19,trends_nyc,4.4215552471307635
2019-09-20,trends_nyc,4.4215552471307635
2019-09-21,trends_nyc,3.723414944952222
2019-09-22,trends_nyc,0.0
2019-09-23,trends_nyc,7.2141164558449296
2019-09-24,trends_nyc,0.0
2019-09-25,trends_nyc,0.0
2019-09-26,trends_nyc,0.0
2019-09-27,trends_nyc,3.956128379011736
2019-09-28,trends_nyc,0.0
2019-09-29,trends_nyc,27.69289865308215
2019-09-30,trends_nyc,18.384361290701595
2019-10-01,trends_nyc,22.107776235653816
2019-10-02,trends_nyc,23.736770274070413
2019-10-03,trends_nyc,19.08250159288014
2019-10-04,trends_nyc,13.497379175451805
2019-10-05,trends_nyc,12.333812005154234
2019-10-06,trends_nyc,5.119695549309305
2019-10-07,trends_nyc,4.183894104838921
2019-10-08,trends_nyc,4.648771227598801
2019-10-09,trends_nyc,0.0
2019-10-10,trends_nyc,0.0
2019-10-11,trends_nyc,4.881209788978741
2019-10-12,trends_nyc,4.881209788978741
2019-10-13,trends_nyc,19.757277717294905
2019-10-14,trends_nyc,26.03311887455329
2019-10-15,trends_nyc,16.270699296595804
2019-10-16,trends_nyc,16.503137857975744
2019-10-17,trends_nyc,12.784120875896704
2019-10-18,trends_nyc,10.459735262097302
2019-10-19,trends_nyc,5.113648350358681
2019-10-20,trends_nyc,0.0
2019-10-21,trends_nyc,4.416332666218861
2019-10-22,trends_nyc,3.486578420699101
2019-10-23,trends_nyc,7.902911086917962
2019-10-24,trends_nyc,11.389489507617064
2019-10-25,trends_nyc,7.205595402778142
2019-10-26,trends_nyc,16.038260735215864
2019-10-27,trends_nyc,0.0
2019-10-28,trends_nyc,0.0
2019-10-29,trends_nyc,3.951455543458981
2019-10-30,trends_nyc,4.648771227598801
2019-10-31,trends_nyc,0.0
2019-11-01,trends_nyc,3.486578420699101
2019-11-02,trends_nyc,0.0
2019-11-03,trends_nyc,7.902911086917962
2019-11-04,trends_nyc,3.951455543458981
2019-11-05,trends_nyc,4.416332666218861
2019-11-06,trends_nyc,8.367788209677842
2019-11-07,trends_nyc,0.0
2019-11-08,trends_nyc,3.486578420699101
2019-11-09,trends_nyc,4.881209788978741
2019-11-10,trends_nyc,0.0
2019-11-11,trends_nyc,3.951455543458981
2019-11-12,trends_nyc,8.367788209677842
2019-11-13,trends_nyc,6.973156841398202
2019-11-14,trends_nyc,6.275841157258382
2019-11-15,trends_nyc,7.902911086917962
2019-11-16,trends_nyc,0.0
2019-11-17,trends_nyc,5.113648350358681
2019-11-18,trends_nyc,5.346086911738621
2019-11-19,trends_nyc,6.973156841398202
2019-11-20,trends_nyc,4.648771227598801
2019-11-21,trends_nyc,11.621928068997004
2019-11-22,trends_nyc,4.416332666218861
2019-11-23,trends_nyc,3.951455543458981
2019-11-24,trends_nyc,4.648771227598801
2019-11-25,trends_nyc,9.297542455197602
2019-11-26,trends_nyc,4.183894104838921
2019-11-27,trends_nyc,0.0
2019-11-28,trends_nyc,4.183894104838921
2019-11-29,trends_nyc,0.0
2019-11-30,trends_nyc,0.0
2019-12-01,trends_nyc,0.0
2019-12-02,trends_nyc,3.486578420699101
2019-12-03,trends_nyc,5.578525473118562
2019-12-04,trends_nyc,8.367788209677842
2019-12-05,trends_nyc,6.973156841398202
2019-12-06,trends_nyc,16.503137857975744
2019-12-07,trends_nyc,9.297542455197602
2019-12-08,trends_nyc,6.508279718638322
2019-12-09,trends_nyc,4.881209788978741
2019-12-10,trends_nyc,39.04967831182993
2019-12-11,trends_nyc,36.95773125941047
2019-12-12,trends_nyc,16.735576419355684
2019-12-13,trends_nyc,9.297542455197602
2019-12-14,trends_nyc,4.648771227598801
2019-12-15,trends_nyc,0.0
2019-12-16,trends_nyc,12.086805191756884
2019-12-17,trends_nyc,6.973156841398202
2019-12-18,trends_nyc,6.508279718638322
2019-12-19,trends_nyc,0.0
2019-12-20,trends_nyc,9.762419577957482
2019-12-21,trends_nyc,0.0
2019-12-22,trends_nyc,0.0
2019-12-23,trends_nyc,0.0
2019-12-24,trends_nyc,0.0
2019-12-25,trends_nyc,0.0
2019-12-26,trends_nyc,5.346086911738621
2019-12-27,trends_nyc,0.0
2019-12-28,trends_nyc,0.0
2019-12-29,trends_nyc,0.0
2019-12-30,trends_nyc,0.0
2019-12-31,trends_nyc,4.416332666218861
2020-01-01,trends_nyc,0.0
2020-01-02,trends_nyc,0.0
2020-01-03,trends_nyc,6.973156841398202
2020-01-04,trends_nyc,0.0
2020-01-05,trends_nyc,0.0
2020-01-06,trends_nyc,0.0
2020-01-07,trends_nyc,0.0
2020-01-08,trends_nyc,4.416332666218861
2020-01-09,trends_nyc,4.416332666218861
2020-01-10,trends_nyc,10.692173823477242
2020-01-11,trends_nyc,0.0
2020-01-12,trends_nyc,0.0
2020-01-13,trends_nyc,4.416332666218861
2020-01-14,trends_nyc,0.0
2020-01-15,trends_nyc,3.486578420699101
2020-01-16,trends_nyc,7.205595402778142
2020-01-17,trends_nyc,0.0
2020-01-18,trends_nyc,0.0
2020-01-19,trends_nyc,0.0
2020-01-20,trends_nyc,11.854366630376944
2020-01-21,trends_nyc,7.670472525538022
2020-01-22,trends_nyc,0.0
2020-01-23,trends_nyc,7.902911086917962
2020-01-24,trends_nyc,13.481436560036524
2020-01-25,trends_nyc,0.0
2020-01-26,trends_nyc,5.346086911738621
2020-01-27,trends_nyc,0.0
2020-01-28,trends_nyc,9.297542455197602
2020-01-29,trends_nyc,0.0
2020-01-30,trends_nyc,6.508279718638322
2020-01-31,trends_nyc,0.0
2020-02-01,trends_nyc,0.0
2020-02-02,trends_nyc,0.0
2020-02-03,trends_nyc,8.135349648297902
2020-02-04,trends_nyc,4.952266136758101
2020-02-05,trends_nyc,0.0
2020-02-06,trends_nyc,4.952266136758101
2020-02-07,trends_nyc,0.0
2020-02-08,trends_nyc,0.0
2020-02-09,trends_nyc,25.99939721798003
2020-02-10,trends_nyc,12.380665341895252
2020-02-11,trends_nyc,7.428399205137151
2020-02-12,trends_nyc,3.7141996025685753
2020-02-13,trends_nyc,8.666465739326677
2020-02-14,trends_nyc,4.952266136758101
2020-02-15,trends_nyc,0.0
2020-02-16,trends_nyc,0.0
2020-02-17,trends_nyc,0.0
2020-02-18,trends_nyc,3.7141996025685753
2020-02-19,trends_nyc,0.0
2020-02-20,trends_nyc,3.7141996025685753
2020-02-21,trends_nyc,3.7141996025685753
2020-02-22,trends_nyc,0.0
2020-02-23,trends_nyc,0.0
2020-02-24,trends_nyc,3.7141996025685753
2020-02-25,trends_nyc,0.0
2020-02-26,trends_nyc,16.094864944463826
2020-02-27,trends_nyc,11.142598807705726
2020-02-28,trends_nyc,0.0
2020-02-29,trends_nyc,3.7141996025685753
2020-03-01,trends_nyc,7.428399205137151
2020-03-02,trends_nyc,4.952266136758101
2020-03-03,trends_nyc,0.0
2020-03-04,trends_nyc,0.0
2020-03-05,trends_nyc,6.190332670947626
2020-03-06,trends_nyc,3.7141996025685753
2020-03-07,trends_nyc,4.952266136758101
2020-03-08,trends_nyc,0.0
2020-03-09,trends_nyc,7.428399205137151
2020-03-10,trends_nyc,7.428399205137151
2020-03-11,trends_nyc,14.856798410274301
2020-03-12,trends_nyc,4.952266136758101
2020-03-13,trends_nyc,4.952266136758101
2020-03-14,trends_nyc,4.952266136758101
2020-03-15,trends_nyc,0.0
2020-03-16,trends_nyc,3.7141996025685753
2020-03-17,trends_nyc,0.0
2020-03-18,trends_nyc,0.0
2020-03-19,trends_nyc,0.0
2020-03-20,trends_nyc,0.0
2020-03-21,trends_nyc,0.0
2020-03-22,trends_nyc,0.0
2020-03-23,trends_nyc,0.0
2020-03-24,trends_nyc,0.0
2020-03-25,trends_nyc,0.0
2020-03-26,trends_nyc,3.7141996025685753
2020-03-27,trends_nyc,4.952266136758101
2020-03-28,trends_nyc,7.428399205137151
2020-03-29,trends_nyc,6.190332670947626
2020-03-30,trends_nyc,0.0
2020-03-31,trends_nyc,0.0
2020-04-01,trends_nyc,0.0
2020-04-02,trends_nyc,0.0
2020-04-03,trends_nyc,0.0
2020-04-04,trends_nyc,0.0
2020-04-05,trends_nyc,0.0
2020-04-06,trends_nyc,0.0
2020-04-07,trends_nyc,0.0
2020-04-08,trends_nyc,0.0
2020-04-09,trends_nyc,4.952266136758101
2020-04-10,trends_nyc,0.0
2020-04-11,trends_nyc,0.0
2020-04-12,trends_nyc,0.0
2020-04-13,trends_nyc,0.0
2020-04-14,trends_nyc,3.7141996025685753
2020-04-15,trends_nyc,0.0
2020-04-16,trends_nyc,0.0
2020-04-17,trends_nyc,0.0
2020-04-18,trends_nyc,0.0
2020-04-19,trends_nyc,0.0
2020-04-20,trends_nyc,2.4761330683790503
2020-04-21,trends_nyc,0.0
2020-04-22,trends_nyc,0.0
2020-04-23,trends_nyc,6.190332670947626
2020-04-24,trends_nyc,11.142598807705726
2020-04-25,trends_nyc,3.7141996025685753
2020-04-26,trends_nyc,4.952266136758101
2020-04-27,trends_nyc,16.094864944463826
2020-04-28,trends_nyc,4.952266136758101
2020-04-29,trends_nyc,7.428399205137151
2020-04-30,trends_nyc,4.952266136758101
2020-05-01,trends_nyc,2.4761330683790503
2020-05-02,trends_nyc,0.0
2020-05-03,trends_nyc,0.0
2020-05-04,trends_nyc,8.666465739326677
2020-05-05,trends_nyc,7.428399205137151
2020-05-06,trends_nyc,11.142598807705726
2020-05-07,trends_nyc,21.047131081221927
2020-05-08,trends_nyc,14.856798410274301
2020-05-09,trends_nyc,8.666465739326677
2020-05-10,trends_nyc,0.0
2020-05-11,trends_nyc,3.7141996025685753
2020-05-12,trends_nyc,4.952266136758101
2020-05-13,trends_nyc,16.094864944463826
2020-05-14,trends_nyc,9.904532273516201
2020-05-15,trends_nyc,7.428399205137151
2020-05-16,trends_nyc,11.142598807705726
2020-05-17,trends_nyc,4.952266136758101
2020-05-18,trends_nyc,0.0
2020-05-19,trends_nyc,3.7141996025685753
2020-05-20,trends_nyc,0.0
2020-05-21,trends_nyc,9.904532273516201
2020-05-22,trends_nyc,4.952266136758101
2020-05-23,trends_nyc,4.952266136758101
2020-05-24,trends_nyc,3.7141996025685753
2020-05-25,trends_nyc,0.0
2020-05-26,trends_nyc,42.094262162443854
2020-05-27,trends_nyc,128.7589195557106
2020-05-28,trends_nyc,131.23505262408966
2020-05-29,trends_nyc,195.61451240194498
2020-05-30,trends_nyc,214.18551041478784
2020-05-31,trends_nyc,245.137173769526
2020-06-01,trends_nyc,226.5661757566831
2020-06-02,trends_nyc,247.61330683790504
2020-06-03,trends_nyc,251.58554743583218
2020-06-04,trends_nyc,205.50304617283322
2020-06-05,trends_nyc,180.59358603067162
2020-06-06,trends_nyc,174.36622099513121
2020-06-07,trends_nyc,141.98392281032113
2020-06-08,trends_nyc,115.82898966105145
2020-06-09,trends_nyc,112.09257063972721
2020-06-10,trends_nyc,97.14689455443025
2020-06-11,trends_nyc,63.51912336251209
2020-06-12,trends_nyc,70.99196140516057
2020-06-13,trends_nyc,90.91952951888986
2020-06-14,trends_nyc,135.75655777478073
2020-06-15,trends_nyc,83.44669147624137
2020-06-16,trends_nyc,72.23743441226866
2020-06-17,trends_nyc,69.74648839805249
2020-06-18,trends_nyc,59.78270434118785
2020-06-19,trends_nyc,53.55533930564745
2020-06-20,trends_nyc,42.34608224167473
2020-06-21,trends_nyc,44.837028255890885
2020-06-22,trends_nyc,38.609663220350484
2020-06-23,trends_nyc,36.11871720613433
2020-06-24,trends_nyc,31.136825177702004
2020-06-25,trends_nyc,28.645879163485844
2020-06-26,trends_nyc,29.891352170593926
2020-06-27,trends_nyc,28.645879163485844
2020-06-28,trends_nyc,22.418514127945443
2020-06-29,trends_nyc,28.645879163485844
2020-06-30,trends_nyc,29.891352170593926
2020-07-01,trends_nyc,31.136825177702004
2020-07-02,trends_nyc,26.154933149269684
2020-07-03,trends_nyc,21.173041120837365
2020-07-04,trends_nyc,28.645879163485844
2020-07-05,trends_nyc,28.645879163485844
2020-07-06,trends_nyc,26.154933149269684
2020-07-07,trends_nyc,24.909460142161603
2020-07-08,trends_nyc,22.418514127945443
2020-07-09,trends_nyc,14.945676085296963
2020-07-10,trends_nyc,13.700203078188881
2020-07-11,trends_nyc,21.173041120837365
2020-07-12,trends_nyc,28.645879163485844
2020-07-13,trends_nyc,16.19114909240504
2020-07-14,trends_nyc,28.645879163485844
2020-07-15,trends_nyc,32.38229818481008
2020-07-16,trends_nyc,22.418514127945443
2020-07-17,trends_nyc,9.963784056864641
2020-07-18,trends_nyc,18.6820951066212
2020-07-19,trends_nyc,12.454730071080801
2020-07-20,trends_nyc,16.19114909240504
2020-07-21,trends_nyc,11.209257063972721
2020-07-22,trends_nyc,14.945676085296963
2020-07-23,trends_nyc,16.19114909240504
2020-07-24,trends_nyc,12.454730071080801
2020-07-25,trends_nyc,9.963784056864641
2020-07-26,trends_nyc,21.173041120837365
2020-07-27,trends_nyc,4.981892028432321
2020-07-28,trends_nyc,12.454730071080801
2020-07-29,trends_nyc,8.718311049756561
2020-07-30,trends_nyc,14.945676085296963
2020-07-31,trends_nyc,3.7364190213242408
2020-08-01,trends_nyc,3.7364190213242408
2020-08-02,trends_nyc,14.945676085296963
2020-08-03,trends_nyc,9.963784056864641
2020-08-04,trends_nyc,7.4728380426484815
2020-08-05,trends_nyc,11.209257063972721
2020-08-06,trends_nyc,3.7364190213242408
2020-08-07,trends_nyc,6.227365035540401
2020-08-08,trends_nyc,7.4728380426484815
2020-08-09,trends_nyc,8.718311049756561
2020-08-10,trends_nyc,14.945676085296963
2020-08-11,trends_nyc,8.718311049756561
2020-08-12,trends_nyc,8.718311049756561
2020-08-13,trends_nyc,11.209257063972721
2020-08-14,trends_nyc,11.209257063972721
2020-08-15,trends_nyc,12.454730071080801
2020-08-16,trends_nyc,4.981892028432321
2020-08-17,trends_nyc,7.4728380426484815
2020-08-18,trends_nyc,8.718311049756561
2020-08-19,trends_nyc,8.718311049756561
2020-08-20,trends_nyc,7.4728380426484815
2020-08-21,trends_nyc,8.718311049756561
2020-08-22,trends_nyc,3.7364190213242408
2020-08-23,trends_nyc,18.6820951066212
2020-08-24,trends_nyc,98.39236756153834
2020-08-25,trends_nyc,82.2012184691333
2020-08-26,trends_nyc,73.48290741937673
2020-08-27,trends_nyc,77.21932644070097
2020-08-28,trends_nyc,57.29175832697169
2020-08-29,trends_nyc,37.3641902132424
2020-08-30,trends_nyc,36.11871720613433
2020-08-31,trends_nyc,34.873244199026246
2020-09-01,trends_nyc,32.38229818481008
2020-09-02,trends_nyc,23.663987135053524
2020-09-03,trends_nyc,29.891352170593926
2020-09-04,trends_nyc,21.173041120837365
2020-09-05,trends_nyc,21.173041120837365
2020-09-06,trends_nyc,23.663987135053524
2020-09-07,trends_nyc,21.173041120837365
2020-09-08,trends_nyc,16.19114909240504
2020-09-09,trends_nyc,17.436622099513123
2020-09-10,trends_nyc,14.945676085296963
2020-09-11,trends_nyc,19.927568113729283
2020-09-12,trends_nyc,6.227365035540401
2020-09-13,trends_nyc,26.154933149269684
2020-09-14,trends_nyc,38.609663220350484
2020-09-15,trends_nyc,41.10060923456665
2020-09-16,trends_nyc,29.891352170593926
2020-09-17,trends_nyc,21.173041120837365
2020-09-18,trends_nyc,14.945676085296963
2020-09-19,trends_nyc,19.927568113729283
2020-09-20,trends_nyc,12.454730071080801
2020-09-21,trends_nyc,19.927568113729283
2020-09-22,trends_nyc,18.6820951066212
2020-09-23,trends_nyc,22.418514127945443
2020-09-24,trends_nyc,31.136825177702004
2020-09-25,trends_nyc,29.891352170593926
2020-09-26,trends_nyc,14.945676085296963
2020-09-27,trends_nyc,8.718311049756561
2020-09-28,trends_nyc,7.4728380426484815
2020-09-29,trends_nyc,11.209257063972721
2020-09-30,trends_nyc,17.436622099513123
2020-10-01,trends_nyc,8.660701419928452
2020-10-02,trends_nyc,6.298691941766147
2020-10-03,trends_nyc,5.511355449045379
2020-10-04,trends_nyc,0.0
2020-10-05,trends_nyc,15.746729854415367
2020-10-06,trends_nyc,15.746729854415367
2020-10-07,trends_nyc,9.44803791264922
2020-10-08,trends_nyc,14.17205686897383
2020-10-09,trends_nyc,3.9366824636038418
2020-10-10,trends_nyc,9.44803791264922
2020-10-11,trends_nyc,11.810047390811524
2020-10-12,trends_nyc,3.9366824636038418
2020-10-13,trends_nyc,4.72401895632461
2020-10-14,trends_nyc,5.511355449045379
2020-10-15,trends_nyc,10.235374405369988
2020-10-16,trends_nyc,0.0
2020-10-17,trends_nyc,4.72401895632461
2020-10-18,trends_nyc,0.0
2020-10-19,trends_nyc,4.72401895632461
2020-10-20,trends_nyc,10.235374405369988
2020-10-21,trends_nyc,9.44803791264922
2020-10-22,trends_nyc,3.9366824636038418
2020-10-23,trends_nyc,7.8733649272076836
2020-10-24,trends_nyc,4.72401895632461
2020-10-25,trends_nyc,4.72401895632461
2020-10-26,trends_nyc,9.44803791264922
2020-10-27,trends_nyc,37.79215165059688
2020-10-28,trends_nyc,35.43014217243457
2020-10-29,trends_nyc,16.534066347136136
2020-10-30,trends_nyc,14.959393361694598
2020-10-31,trends_nyc,0.0
2020-11-01,trends_nyc,0.0
2020-11-02,trends_nyc,8.660701419928452
2020-11-03,trends_nyc,3.9366824636038418
2020-11-04,trends_nyc,7.8733649272076836
2020-11-05,trends_nyc,3.9366824636038418
2020-11-06,trends_nyc,8.660701419928452
2020-11-07,trends_nyc,8.660701419928452
2020-11-08,trends_nyc,0.0
2020-11-09,trends_nyc,0.0
2020-11-10,trends_nyc,3.9366824636038418
2020-11-11,trends_nyc,0.0
2020-11-12,trends_nyc,11.022710898090757
2020-11-13,trends_nyc,3.9366824636038418
2020-11-14,trends_nyc,0.0
2020-11-15,trends_nyc,0.0
2020-11-16,trends_nyc,3.9366824636038418
2020-11-17,trends_nyc,0.0
2020-11-18,trends_nyc,13.384720376253062
2020-11-19,trends_nyc,4.72401895632461
2020-11-20,trends_nyc,0.0
2020-11-21,trends_nyc,0.0
2020-11-22,trends_nyc,0.0
2020-11-23,trends_nyc,0.0
2020-11-24,trends_nyc,12.597383883532293
2020-11-25,trends_nyc,4.72401895632461
2020-11-26,trends_nyc,3.9366824636038418
2020-11-27,trends_nyc,0.0
2020-11-28,trends_nyc,0.0
2020-11-29,trends_nyc,0.0
2020-11-30,trends_nyc,7.8733649272076836
2020-12-01,trends_nyc,3.9366824636038418
2020-12-02,trends_nyc,5.511355449045379
2020-12-03,trends_nyc,3.9366824636038418
2020-12-04,trends_nyc,3.9366824636038418
2020-12-05,trends_nyc,4.72401895632461
2020-12-06,trends_nyc,3.9366824636038418
2020-12-07,trends_nyc,8.660701419928452
2020-12-08,trends_nyc,5.511355449045379
2020-12-09,trends_nyc,8.660701419928452
2020-12-10,trends_nyc,11.022710898090757
2020-12-11,trends_nyc,10.235374405369988
2020-12-12,trends_nyc,3.9366824636038418
2020-12-13,trends_nyc,5.511355449045379
2020-12-14,trends_nyc,14.959393361694598
2020-12-15,trends_nyc,7.8733649272076836
2020-12-16,trends_nyc,7.086028434486915
2020-12-17,trends_nyc,3.9366824636038418
2020-12-18,trends_nyc,3.9366824636038418
2020-12-19,trends_nyc,0.0
2020-12-20,trends_nyc,4.72401895632461
2020-12-21,trends_nyc,0.0
2020-12-22,trends_nyc,0.0
2020-12-23,trends_nyc,5.511355449045379
2020-12-24,trends_nyc,4.72401895632461
2020-12-25,trends_nyc,12.597383883532293
2020-12-26,trends_nyc,0.0
2020-12-27,trends_nyc,0.0
2020-12-28,trends_nyc,0.0
2020-12-29,trends_nyc,7.086028434486915
2020-12-30,trends_nyc,11.022710898090757
2020-12-31,trends_nyc,6.298691941766147
2021-01-01,trends_nyc,5.511355449045379
2021-01-02,trends_nyc,4.72401895632461
2021-01-03,trends_nyc,0.0
2021-01-04,trends_nyc,0.0
2021-01-05,trends_nyc,3.9366824636038418
2021-01-06,trends_nyc,14.17205686897383
2021-01-07,trends_nyc,17.321402839856905
2021-01-08,trends_nyc,33.85546918699304
2021-01-09,trends_nyc,20.470748810739977
2021-01-10,trends_nyc,21.258085303460746
2021-01-11,trends_nyc,18.89607582529844
2021-01-12,trends_nyc,18.10873933257767
2021-01-13,trends_nyc,11.810047390811524
2021-01-14,trends_nyc,6.298691941766147
2021-01-15,trends_nyc,5.511355449045379
2021-01-16,trends_nyc,0.0
2021-01-17,trends_nyc,0.0
2021-01-18,trends_nyc,0.0
2021-01-19,trends_nyc,3.9366824636038418
2021-01-20,trends_nyc,9.44803791264922
2021-01-21,trends_nyc,0.0
2021-01-22,trends_nyc,0.0
2021-01-23,trends_nyc,0.0
2021-01-24,trends_nyc,0.0
2021-01-25,trends_nyc,3.9366824636038418
2021-01-26,trends_nyc,3.9366824636038418
2021-01-27,trends_nyc,0.0
2021-01-28,trends_nyc,7.8733649272076836
2021-01-29,trends_nyc,3.9077287042112725
2021-01-30,trends_nyc,0.0
2021-01-31,trends_nyc,0.0
2021-02-01,trends_nyc,3.9077287042112725
2021-02-02,trends_nyc,4.88466088026409
2021-02-03,trends_nyc,0.0
2021-02-04,trends_nyc,4.88466088026409
2021-02-05,trends_nyc,3.9077287042112725
2021-02-06,trends_nyc,4.88466088026409
2021-02-07,trends_nyc,0.0
2021-02-08,trends_nyc,11.723186112633817
2021-02-09,trends_nyc,7.815457408422545
2021-02-10,trends_nyc,13.677050464739454
2021-02-11,trends_nyc,4.88466088026409
2021-02-12,trends_nyc,3.9077287042112725
2021-02-13,trends_nyc,0.0
2021-02-14,trends_nyc,0.0
2021-02-15,trends_nyc,4.88466088026409
2021-02-16,trends_nyc,4.88466088026409
2021-02-17,trends_nyc,0.0
2021-02-18,trends_nyc,0.0
2021-02-19,trends_nyc,0.0
2021-02-20,trends_nyc,5.8615930563169085
2021-02-21,trends_nyc,0.0
2021-02-22,trends_nyc,3.9077287042112725
2021-02-23,trends_nyc,0.0
2021-02-24,trends_nyc,3.9077287042112725
2021-02-25,trends_nyc,5.8615930563169085
2021-02-26,trends_nyc,3.9077287042112725
2021-02-27,trends_nyc,5.8615930563169085
2021-02-28,trends_nyc,0.0
2021-03-01,trends_nyc,0.0
2021-03-02,trends_nyc,0.0
2021-03-03,trends_nyc,0.0
2021-03-04,trends_nyc,0.0
2021-03-05,trends_nyc,10.746253936580999
2021-03-06,trends_nyc,4.88466088026409
2021-03-07,trends_nyc,0.0
2021-03-08,trends_nyc,3.9077287042112725
2021-03-09,trends_nyc,3.9077287042112725
2021-03-10,trends_nyc,9.76932176052818
2021-03-11,trends_nyc,3.9077287042112725
2021-03-12,trends_nyc,0.0
2021-03-13,trends_nyc,4.88466088026409
2021-03-14,trends_nyc,8.792389584475362
2021-03-15,trends_nyc,6.838525232369727
2021-03-16,trends_nyc,8.792389584475362
2021-03-17,trends_nyc,10.746253936580999
2021-03-18,trends_nyc,15.63091481684509
2021-03-19,trends_nyc,4.88466088026409
2021-03-20,trends_nyc,4.88466088026409
2021-03-21,trends_nyc,0.0
2021-03-22,trends_nyc,0.0
2021-03-23,trends_nyc,14.653982640792272
2021-03-24,trends_nyc,9.76932176052818
2021-03-25,trends_nyc,3.9077287042112725
2021-03-26,trends_nyc,0.0
2021-03-27,trends_nyc,0.0
2021-03-28,trends_nyc,0.0
2021-03-29,trends_nyc,0.0
2021-03-30,trends_nyc,4.88466088026409
2021-03-31,trends_nyc,0.0
2021-04-01,trends_nyc,0.0
2021-04-02,trends_nyc,15.63091481684509
2021-04-03,trends_nyc,11.723186112633817
2021-04-04,trends_nyc,7.815457408422545
2021-04-05,trends_nyc,5.8615930563169085
2021-04-06,trends_nyc,3.9077287042112725
2021-04-07,trends_nyc,3.9077287042112725
2021-04-08,trends_nyc,0.0
2021-04-09,trends_nyc,12.700118288686635
2021-04-10,trends_nyc,0.0
2021-04-11,trends_nyc,5.8615930563169085
2021-04-12,trends_nyc,119.18572547844381
2021-04-13,trends_nyc,122.11652200660227
2021-04-14,trends_nyc,53.731269682904994
2021-04-15,trends_nyc,43.961947922376815
2021-04-16,trends_nyc,70.3391166758029
2021-04-17,trends_nyc,29.307965281584544
2021-04-18,trends_nyc,22.469440049214818
2021-04-19,trends_nyc,16.607846992897908
2021-04-20,trends_nyc,46.89274445053527
2021-04-21,trends_nyc,147.51675858397553
2021-04-22,trends_nyc,87.92389584475363
2021-04-23,trends_nyc,48.84660880264091
2021-04-24,trends_nyc,26.37716875342609
2021-04-25,trends_nyc,22.469440049214818
2021-04-26,trends_nyc,35.16955833790145
2021-04-27,trends_nyc,50.80047315474654
2021-04-28,trends_nyc,28.331033105531727
2021-04-29,trends_nyc,21.492507873161998
2021-04-30,trends_nyc,14.653982640792272
2021-05-01,trends_nyc,11.723186112633817
2021-05-02,trends_nyc,4.88466088026409
2021-05-03,trends_nyc,11.723186112633817
2021-05-04,trends_nyc,18.561711345003545
2021-05-05,trends_nyc,9.76932176052818
2021-05-06,trends_nyc,2.9307965281584543
2021-05-07,trends_nyc,7.815457408422545
2021-05-08,trends_nyc,3.9077287042112725
2021-05-09,trends_nyc,4.88466088026409
2021-05-10,trends_nyc,7.815457408422545
2021-05-11,trends_nyc,13.677050464739454
2021-05-12,trends_nyc,9.76932176052818
2021-05-13,trends_nyc,5.8615930563169085
2021-05-14,trends_nyc,3.9077287042112725
2021-05-15,trends_nyc,4.88466088026409
2021-05-16,trends_nyc,0.0
2021-05-17,trends_nyc,0.0
2021-05-18,trends_nyc,8.792389584475362
2021-05-19,trends_nyc,0.0
2021-05-20,trends_nyc,5.8615930563169085
2021-05-21,trends_nyc,10.746253936580999
2021-05-22,trends_nyc,0.0
2021-05-23,trends_nyc,0.0
2021-05-24,trends_nyc,4.88466088026409
2021-05-25,trends_nyc,4.88466088026409
2021-05-26,trends_nyc,0.0
2021-05-27,trends_nyc,0.0
2021-05-28,trends_nyc,0.0
2021-05-29,trends_nyc,0.0
2021-05-30,trends_nyc,0.0
2021-05-31,trends_nyc,0.0
2021-06-01,trends_nyc,3.902597113412918
2021-06-02,trends_nyc,2.9269478350596883
2021-06-03,trends_nyc,0.0
2021-06-04,trends_nyc,8.780843505179066
2021-06-05,trends_nyc,7.805194226825836
2021-06-06,trends_nyc,9.756492783532295
2021-06-07,trends_nyc,5.8538956701193765
2021-06-08,trends_nyc,4.878246391766147
2021-06-09,trends_nyc,3.902597113412918
2021-06-10,trends_nyc,0.0
2021-06-11,trends_nyc,0.0
2021-06-12,trends_nyc,0.0
2021-06-13,trends_nyc,0.0
2021-06-14,trends_nyc,0.0
2021-06-15,trends_nyc,0.0
2021-06-16,trends_nyc,3.902597113412918
2021-06-17,trends_nyc,0.0
2021-06-18,trends_nyc,0.0
2021-06-19,trends_nyc,0.0
2021-06-20,trends_nyc,0.0
2021-06-21,trends_nyc,0.0
2021-06-22,trends_nyc,0.0
2021-06-23,trends_nyc,3.902597113412918
2021-06-24,trends_nyc,0.0
2021-06-25,trends_nyc,4.878246391766147
2021-06-26,trends_nyc,0.0
2021-06-27,trends_nyc,11.707791340238753
2021-06-28,trends_nyc,0.0
2021-06-29,trends_nyc,4.878246391766147
2021-06-30,trends_nyc,2.9269478350596883
2021-07-01,trends_nyc,0.0
2021-07-02,trends_nyc,0.0
2021-07-03,trends_nyc,0.0
2021-07-04,trends_nyc,0.0
2021-07-05,trends_nyc,3.902597113412918
2021-07-06,trends_nyc,0.0
2021-07-07,trends_nyc,0.0
2021-07-08,trends_nyc,7.805194226825836
2021-07-09,trends_nyc,0.0
2021-07-10,trends_nyc,0.0
2021-07-11,trends_nyc,0.0
2021-07-12,trends_nyc,3.902597113412918
2021-07-13,trends_nyc,3.902597113412918
2021-07-14,trends_nyc,0.0
2021-07-15,trends_nyc,7.805194226825836
2021-07-16,trends_nyc,4.878246391766147
2021-07-17,trends_nyc,4.878246391766147
2021-07-18,trends_nyc,0.0
2021-07-19,trends_nyc,0.0
2021-07-20,trends_nyc,0.0
2021-07-21,trends_nyc,0.0
2021-07-22,trends_nyc,0.0
2021-07-23,trends_nyc,0.0
2021-07-24,trends_nyc,0.0
2021-07-25,trends_nyc,0.0
2021-07-26,trends_nyc,0.0
2021-07-27,trends_nyc,0.0
2021-07-28,trends_nyc,2.9269478350596883
2021-07-29,trends_nyc,0.0
2021-07-30,trends_nyc,2.9269478350596883
2021-07-31,trends_nyc,0.0
2021-08-01,trends_nyc,0.0
2021-08-02,trends_nyc,0.0
2021-08-03,trends_nyc,3.902597113412918
2021-08-04,trends_nyc,0.0
2021-08-05,trends_nyc,7.805194226825836
2021-08-06,trends_nyc,0.0
2021-08-07,trends_nyc,0.0
2021-08-08,trends_nyc,13.659089896945213
2021-08-09,trends_nyc,25.366881237183964
2021-08-10,trends_nyc,26.342530515537195
2021-08-11,trends_nyc,6.8295449484726065
2021-08-12,trends_nyc,0.0
2021-08-13,trends_nyc,3.902597113412918
2021-08-14,trends_nyc,0.0
2021-08-15,trends_nyc,9.756492783532295
2021-08-16,trends_nyc,0.0
2021-08-17,trends_nyc,0.0
2021-08-18,trends_nyc,0.0
2021-08-19,trends_nyc,0.0
2021-08-20,trends_nyc,0.0
2021-08-21,trends_nyc,0.0
2021-08-22,trends_nyc,0.0
2021-08-23,trends_nyc,0.0
2021-08-24,trends_nyc,0.0
2021-08-25,trends_nyc,0.0
2021-08-26,trends_nyc,0.0
2021-08-27,trends_nyc,0.0
2021-08-28,trends_nyc,0.0
2021-08-29,trends_nyc,7.805194226825836
2021-08-30,trends_nyc,0.0
2021-08-31,trends_nyc,0.0
2021-09-01,trends_nyc,0.0
2021-09-02,trends_nyc,0.0
2021-09-03,trends_nyc,7.805194226825836
2021-09-04,trends_nyc,0.0
2021-09-05,trends_nyc,0.0
2021-09-06,trends_nyc,0.0
2021-09-07,trends_nyc,4.878246391766147
2021-09-08,trends_nyc,0.0
2021-09-09,trends_nyc,0.0
2021-09-10,trends_nyc,0.0
2021-09-11,trends_nyc,0.0
2021-09-12,trends_nyc,0.0
2021-09-13,trends_nyc,0.0
2021-09-14,trends_nyc,0.0
2021-09-15,trends_nyc,0.0
2021-09-16,trends_nyc,0.0
2021-09-17,trends_nyc,0.0
2021-09-18,trends_nyc,0.0
2021-09-19,trends_nyc,0.0
2021-09-20,trends_nyc,0.0
2021-09-21,trends_nyc,0.0
2021-09-22,trends_nyc,0.0
2021-09-23,trends_nyc,0.0
2021-09-24,trends_nyc,0.0
2021-09-25,trends_nyc,0.0
2021-09-26,trends_nyc,0.0
2021-09-27,trends_nyc,3.8292213231989725
2021-09-28,trends_nyc,0.0
2021-09-29,trends_nyc,0.0
2021-09-30,trends_nyc,3.8292213231989725
2021-10-01,trends_nyc,3.8292213231989725
2021-10-02,trends_nyc,0.0
2021-10-03,trends_nyc,0.0
2021-10-04,trends_nyc,4.467424877065468
2021-10-05,trends_nyc,0.0
2021-10-06,trends_nyc,4.467424877065468
2021-10-07,trends_nyc,3.8292213231989725
2021-10-08,trends_nyc,0.0
2021-10-09,trends_nyc,0.0
2021-10-10,trends_nyc,5.105628430931963
2021-10-11,trends_nyc,3.8292213231989725
2021-10-12,trends_nyc,0.0
2021-10-13,trends_nyc,0.0
2021-10-14,trends_nyc,10.211256861863927
2021-10-15,trends_nyc,0.0
2021-10-16,trends_nyc,5.105628430931963
2021-10-17,trends_nyc,0.0
2021-10-18,trends_nyc,0.0
2021-10-19,trends_nyc,0.0
2021-10-20,trends_nyc,0.0
2021-10-21,trends_nyc,3.8292213231989725
2021-10-22,trends_nyc,0.0
2021-10-23,trends_nyc,0.0
2021-10-24,trends_nyc,0.0
2021-10-25,trends_nyc,3.8292213231989725
2021-10-26,trends_nyc,0.0
2021-10-27,trends_nyc,0.0
2021-10-28,trends_nyc,0.0
2021-10-29,trends_nyc,0.0
2021-10-30,trends_nyc,0.0
2021-10-31,trends_nyc,0.0
2021-11-01,trends_nyc,3.8292213231989725
2021-11-02,trends_nyc,0.0
2021-11-03,trends_nyc,0.0
2021-11-04,trends_nyc,4.467424877065468
2021-11-05,trends_nyc,3.8292213231989725
2021-11-06,trends_nyc,0.0
2021-11-07,trends_nyc,0.0
2021-11-08,trends_nyc,0.0
2021-11-09,trends_nyc,5.105628430931963
2021-11-10,trends_nyc,3.1910177693324773
2021-11-11,trends_nyc,0.0
2021-11-12,trends_nyc,11.487663969596918
2021-11-13,trends_nyc,0.0
2021-11-14,trends_nyc,0.0
2021-11-15,trends_nyc,4.467424877065468
2021-11-16,trends_nyc,4.467424877065468
2021-11-17,trends_nyc,3.1910177693324773
2021-11-18,trends_nyc,0.0
2021-11-19,trends_nyc,4.467424877065468
2021-11-20,trends_nyc,0.0
2021-11-21,trends_nyc,7.020239092531449
2021-11-22,trends_nyc,0.0
2021-11-23,trends_nyc,0.0
2021-11-24,trends_nyc,0.0
2021-11-25,trends_nyc,5.743831984798459
2021-11-26,trends_nyc,0.0
2021-11-27,trends_nyc,0.0
2021-11-28,trends_nyc,3.8292213231989725
2021-11-29,trends_nyc,4.467424877065468
2021-11-30,trends_nyc,0.0
2021-12-01,trends_nyc,0.0
2021-12-02,trends_nyc,3.1910177693324773
2021-12-03,trends_nyc,0.0
2021-12-04,trends_nyc,0.0
2021-12-05,trends_nyc,0.0
2021-12-06,trends_nyc,3.8292213231989725
2021-12-07,trends_nyc,0.0
2021-12-08,trends_nyc,4.467424877065468
2021-12-09,trends_nyc,0.0
2021-12-10,trends_nyc,0.0
2021-12-11,trends_nyc,0.0
2021-12-12,trends_nyc,0.0
2021-12-13,trends_nyc,0.0
2021-12-14,trends_nyc,3.8292213231989725
2021-12-15,trends_nyc,0.0
2021-12-16,trends_nyc,0.0
2021-12-17,trends_nyc,8.934849754130935
2021-12-18,trends_nyc,0.0
2021-12-19,trends_nyc,0.0
2021-12-20,trends_nyc,4.467424877065468
2021-12-21,trends_nyc,4.467424877065468
2021-12-22,trends_nyc,0.0
2021-12-23,trends_nyc,0.0
2021-12-24,trends_nyc,7.658442646397945
2021-12-25,trends_nyc,0.0
2021-12-26,trends_nyc,0.0
2021-12-27,trends_nyc,4.467424877065468
2021-12-28,trends_nyc,8.29664620026444
2021-12-29,trends_nyc,0.0
2021-12-30,trends_nyc,5.105628430931963
2021-12-31,trends_nyc,3.8292213231989725
2022-01-01,trends_nyc,5.105628430931963
2022-01-02,trends_nyc,0.0
2022-01-03,trends_nyc,0.0
2022-01-04,trends_nyc,0.0
2022-01-05,trends_nyc,0.0
2022-01-06,trends_nyc,14.678681738929395
2022-01-07,trends_nyc,5.105628430931963
2022-01-08,trends_nyc,0.0
2022-01-09,trends_nyc,0.0
2022-01-10,trends_nyc,5.105628430931963
2022-01-11,trends_nyc,0.0
2022-01-12,trends_nyc,0.0
2022-01-13,trends_nyc,0.0
2022-01-14,trends_nyc,0.0
2022-01-15,trends_nyc,0.0
2022-01-16,trends_nyc,0.0
2022-01-17,trends_nyc,0.0
2022-01-18,trends_nyc,0.0
2022-01-19,trends_nyc,0.0
2022-01-20,trends_nyc,4.467424877065468
2022-01-21,trends_nyc,5.743831984798459
2022-01-22,trends_nyc,105.30358638797175
2022-01-23,trends_nyc,35.101195462657245
2022-01-24,trends_nyc,28.548012998107474
2022-01-25,trends_nyc,29.182413286954308
2022-01-26,trends_nyc,17.763208087711316
2022-01-27,trends_nyc,10.784804910396156
2022-01-28,trends_nyc,28.548012998107474
2022-01-29,trends_nyc,33.62321530888214
2022-01-30,trends_nyc,10.784804910396156
2022-01-31,trends_nyc,13.322406065783488
2022-02-01,trends_nyc,5.075202310774662
2022-02-02,trends_nyc,21.569609820792312
2022-02-03,trends_nyc,4.440802021927829
2022-02-04,trends_nyc,10.150404621549324
2022-02-05,trends_nyc,10.150404621549324
2022-02-06,trends_nyc,11.41920519924299
2022-02-07,trends_nyc,5.709602599621495
2022-02-08,trends_nyc,3.8064017330809965
2022-02-09,trends_nyc,3.8064017330809965
2022-02-10,trends_nyc,0.0
2022-02-11,trends_nyc,0.0
2022-02-12,trends_nyc,5.075202310774662
2022-02-13,trends_nyc,5.075202310774662
2022-02-14,trends_nyc,3.8064017330809965
2022-02-15,trends_nyc,0.0
2022-02-16,trends_nyc,11.41920519924299
2022-02-17,trends_nyc,8.247203755008826
2022-02-18,trends_nyc,8.881604043855658
2022-02-19,trends_nyc,3.8064017330809965
2022-02-20,trends_nyc,4.440802021927829
2022-02-21,trends_nyc,0.0
2022-02-22,trends_nyc,6.97840317731516
2022-02-23,trends_nyc,0.0
2022-02-24,trends_nyc,5.709602599621495
2022-02-25,trends_nyc,0.0
2022-02-26,trends_nyc,3.8064017330809965
2022-02-27,trends_nyc,3.8064017330809965
2022-02-28,trends_nyc,3.172001444234164
2022-03-01,trends_nyc,0.0
2022-03-02,trends_nyc,3.172001444234164
2022-03-03,trends_nyc,0.0
2022-03-04,trends_nyc,3.172001444234164
2022-03-05,trends_nyc,3.172001444234164
2022-03-06,trends_nyc,0.0
2022-03-07,trends_nyc,5.075202310774662
2022-03-08,trends_nyc,3.172001444234164
2022-03-09,trends_nyc,0.0
2022-03-10,trends_nyc,3.172001444234164
2022-03-11,trends_nyc,0.0
2022-03-12,trends_nyc,0.0
2022-03-13,trends_nyc,0.0
2022-03-14,trends_nyc,0.0
2022-03-15,trends_nyc,0.0
2022-03-16,trends_nyc,3.172001444234164
2022-03-17,trends_nyc,0.0
2022-03-18,trends_nyc,3.8064017330809965
2022-03-19,trends_nyc,0.0
2022-03-20,trends_nyc,0.0
2022-03-21,trends_nyc,6.97840317731516
2022-03-22,trends_nyc,3.8064017330809965
2022-03-23,trends_nyc,0.0
2022-03-24,trends_nyc,0.0
2022-03-25,trends_nyc,0.0
2022-03-26,trends_nyc,0.0
2022-03-27,trends_nyc,0.0
2022-03-28,trends_nyc,3.8064017330809965
2022-03-29,trends_nyc,3.172001444234164
2022-03-30,trends_nyc,0.0
2022-03-31,trends_nyc,0.0
2022-04-01,trends_nyc,6.344002888468328
2022-04-02,trends_nyc,0.0
2022-04-03,trends_nyc,0.0
2022-04-04,trends_nyc,0.0
2022-04-05,trends_nyc,3.172001444234164
2022-04-06,trends_nyc,2.537601155387331
2022-04-07,trends_nyc,4.440802021927829
2022-04-08,trends_nyc,0.0
2022-04-09,trends_nyc,4.440802021927829
2022-04-10,trends_nyc,3.8064017330809965
2022-04-11,trends_nyc,3.8064017330809965
2022-04-12,trends_nyc,8.881604043855658
2022-04-13,trends_nyc,12.688005776936656
2022-04-14,trends_nyc,23.47281068733281
2022-04-15,trends_nyc,12.053605488089822
2022-04-16,trends_nyc,5.709602599621495
2022-04-17,trends_nyc,6.97840317731516
2022-04-18,trends_nyc,4.440802021927829
2022-04-19,trends_nyc,6.344002888468328
2022-04-20,trends_nyc,4.440802021927829
2022-04-21,trends_nyc,4.440802021927829
2022-04-22,trends_nyc,3.8064017330809965
2022-04-23,trends_nyc,3.172001444234164
2022-04-24,trends_nyc,0.0
2022-04-25,trends_nyc,3.8064017330809965
2022-04-26,trends_nyc,6.344002888468328
2022-04-27,trends_nyc,3.172001444234164
2022-04-28,trends_nyc,6.97840317731516
2022-04-29,trends_nyc,0.0
2022-04-30,trends_nyc,3.8064017330809965
2022-05-01,trends_nyc,0.0
2022-05-02,trends_nyc,2.537601155387331
2022-05-03,trends_nyc,6.97840317731516
2022-05-04,trends_nyc,3.172001444234164
2022-05-05,trends_nyc,3.172001444234164
2022-05-06,trends_nyc,3.8064017330809965
2022-05-07,trends_nyc,0.0
2022-05-08,trends_nyc,3.8064017330809965
2022-05-09,trends_nyc,0.0
2022-05-10,trends_nyc,8.881604043855658
2022-05-11,trends_nyc,6.97840317731516
2022-05-12,trends_nyc,3.8064017330809965
2022-05-13,trends_nyc,3.172001444234164
2022-05-14,trends_nyc,5.075202310774662
2022-05-15,trends_nyc,6.97840317731516
2022-05-16,trends_nyc,3.172001444234164
2022-05-17,trends_nyc,12.688005776936656
2022-05-18,trends_nyc,4.440802021927829
2022-05-19,trends_nyc,3.8064017330809965
2022-05-20,trends_nyc,4.440802021927829
2022-05-21,trends_nyc,0.0
2022-05-22,trends_nyc,0.0
2022-05-23,trends_nyc,0.0
2022-05-24,trends_nyc,8.743173843158903
2022-05-25,trends_nyc,20.400738967370774
2022-05-26,trends_nyc,24.374908896079365
2022-05-27,trends_nyc,30.468636120099205
2022-05-28,trends_nyc,17.221403024403898
2022-05-29,trends_nyc,5.298893238278123
2022-05-30,trends_nyc,6.888561209761559
2022-05-31,trends_nyc,6.093727224019841
2022-06-01,trends_nyc,10.067897152728433
2022-06-02,trends_nyc,10.862731138470151
2022-06-03,trends_nyc,4.769003914450311
2022-06-04,trends_nyc,6.623616547847654
2022-06-05,trends_nyc,4.769003914450311
2022-06-06,trends_nyc,4.769003914450311
2022-06-07,trends_nyc,3.4442806048807797
2022-06-08,trends_nyc,7.948339857417184
2022-06-09,trends_nyc,4.239114590622498
2022-06-10,trends_nyc,3.709225266794686
2022-06-11,trends_nyc,0.0
2022-06-12,trends_nyc,3.709225266794686
2022-06-13,trends_nyc,3.1793359429668735
2022-06-14,trends_nyc,8.743173843158903
2022-06-15,trends_nyc,5.8287825621059355
2022-06-16,trends_nyc,4.504059252536404
2022-06-17,trends_nyc,4.504059252536404
2022-06-18,trends_nyc,4.504059252536404
2022-06-19,trends_nyc,0.0
2022-06-20,trends_nyc,0.0
2022-06-21,trends_nyc,6.888561209761559
2022-06-22,trends_nyc,8.478229181244997
2022-06-23,trends_nyc,0.0
2022-06-24,trends_nyc,0.0
2022-06-25,trends_nyc,0.0
2022-06-26,trends_nyc,0.0
2022-06-27,trends_nyc,0.0
2022-06-28,trends_nyc,3.1793359429668735
2022-06-29,trends_nyc,3.709225266794686
2022-06-30,trends_nyc,4.504059252536404
2022-07-01,trends_nyc,6.093727224019841
2022-07-02,trends_nyc,19.076015657801243
2022-07-03,trends_nyc,17.75129234823171
2022-07-04,trends_nyc,17.486347686317806
2022-07-05,trends_nyc,15.366790391006557
2022-07-06,trends_nyc,11.922509786125776
2022-07-07,trends_nyc,4.239114590622498
2022-07-08,trends_nyc,0.0
2022-07-09,trends_nyc,0.0
2022-07-10,trends_nyc,9.802952490814528
2022-07-11,trends_nyc,10.862731138470151
2022-07-12,trends_nyc,5.033948576364216
2022-07-13,trends_nyc,5.033948576364216
2022-07-14,trends_nyc,0.0
2022-07-15,trends_nyc,5.563837900192029
2022-07-16,trends_nyc,0.0
2022-07-17,trends_nyc,9.538007828900621
2022-07-18,trends_nyc,3.709225266794686
2022-07-19,trends_nyc,0.0
2022-07-20,trends_nyc,0.0
2022-07-21,trends_nyc,3.4442806048807797
2022-07-22,trends_nyc,10.33284181464234
2022-07-23,trends_nyc,0.0
2022-07-24,trends_nyc,0.0
2022-07-25,trends_nyc,0.0
2022-07-26,trends_nyc,4.504059252536404
2022-07-27,trends_nyc,3.974169928708592
2022-07-28,trends_nyc,0.0
2022-07-29,trends_nyc,5.563837900192029
2022-07-30,trends_nyc,0.0
2022-07-31,trends_nyc,0.0
2022-08-01,trends_nyc,0.0
2022-08-02,trends_nyc,0.0
2022-08-03,trends_nyc,0.0
2022-08-04,trends_nyc,3.709225266794686
2022-08-05,trends_nyc,0.0
2022-08-06,trends_nyc,0.0
2022-08-07,trends_nyc,4.504059252536404
2022-08-08,trends_nyc,0.0
2022-08-09,trends_nyc,0.0
2022-08-10,trends_nyc,0.0
2022-08-11,trends_nyc,0.0
2022-08-12,trends_nyc,3.974169928708592
2022-08-13,trends_nyc,0.0
2022-08-14,trends_nyc,0.0
2022-08-15,trends_nyc,0.0
2022-08-16,trends_nyc,0.0
2022-08-17,trends_nyc,4.769003914450311
2022-08-18,trends_nyc,0.0
2022-08-19,trends_nyc,0.0
2022-08-20,trends_nyc,0.0
2022-08-21,trends_nyc,0.0
2022-08-22,trends_nyc,5.298893238278123
2022-08-23,trends_nyc,0.0
2022-08-24,trends_nyc,3.709225266794686
2022-08-25,trends_nyc,3.974169928708592
2022-08-26,trends_nyc,0.0
2022-08-27,trends_nyc,0.0
2022-08-28,trends_nyc,0.0
2022-08-29,trends_nyc,0.0
2022-08-30,trends_nyc,0.0
2022-08-31,trends_nyc,0.0
2022-09-01,trends_nyc,3.1793359429668735
2022-09-02,trends_nyc,3.974169928708592
2022-09-03,trends_nyc,0.0
2022-09-04,trends_nyc,5.033948576364216
2022-09-05,trends_nyc,5.298893238278123
2022-09-06,trends_nyc,4.504059252536404
2022-09-07,trends_nyc,0.0
2022-09-08,trends_nyc,0.0
2022-09-09,trends_nyc,0.0
2022-09-10,trends_nyc,3.4442806048807797
2022-09-11,trends_nyc,3.709225266794686
2022-09-12,trends_nyc,5.298893238278123
2022-09-13,trends_nyc,4.769003914450311
2022-09-14,trends_nyc,3.1793359429668735
2022-09-15,trends_nyc,4.504059252536404
2022-09-16,trends_nyc,0.0
2022-09-17,trends_nyc,0.0
2022-09-18,trends_nyc,0.0
2022-09-19,trends_nyc,0.0
2022-09-20,trends_nyc,3.4442806048807797
2022-09-21,trends_nyc,0.0
2022-09-22,trends_nyc,0.0
2022-09-23,trends_nyc,0.0
2022-09-24,trends_nyc,0.0
2022-09-25,trends_nyc,0.0
2022-09-26,trends_nyc,0.0
2022-09-27,trends_nyc,3.3448519340052236
2022-09-28,trends_nyc,3.9023272563394276
2022-09-29,trends_nyc,0.0
2022-09-30,trends_nyc,3.9023272563394276
2022-10-01,trends_nyc,0.0
2022-10-02,trends_nyc,3.3448519340052236
2022-10-03,trends_nyc,0.0
2022-10-04,trends_nyc,0.0
2022-10-05,trends_nyc,0.0
2022-10-06,trends_nyc,3.9023272563394276
2022-10-07,trends_nyc,0.0
2022-10-08,trends_nyc,0.0
2022-10-09,trends_nyc,0.0
2022-10-10,trends_nyc,3.9023272563394276
2022-10-11,trends_nyc,0.0
2022-10-12,trends_nyc,3.3448519340052236
2022-10-13,trends_nyc,74.14421787044913
2022-10-14,trends_nyc,49.05782836540995
2022-10-15,trends_nyc,20.06911160403134
2022-10-16,trends_nyc,10.03455580201567
2022-10-17,trends_nyc,16.724259670026118
2022-10-18,trends_nyc,8.919605157347263
2022-10-19,trends_nyc,0.0
2022-10-20,trends_nyc,3.9023272563394276
2022-10-21,trends_nyc,7.804654512678855
2022-10-22,trends_nyc,0.0
2022-10-23,trends_nyc,0.0
2022-10-24,trends_nyc,0.0
2022-10-25,trends_nyc,0.0
2022-10-26,trends_nyc,7.804654512678855
2022-10-27,trends_nyc,0.0
2022-10-28,trends_nyc,0.0
2022-10-29,trends_nyc,0.0
2022-10-30,trends_nyc,0.0
2022-10-31,trends_nyc,3.3448519340052236
2022-11-01,trends_nyc,7.247179190344651
2022-11-02,trends_nyc,12.264457091352487
2022-11-03,trends_nyc,7.247179190344651
2022-11-04,trends_nyc,0.0
2022-11-05,trends_nyc,0.0
2022-11-06,trends_nyc,9.477080479681467
2022-11-07,trends_nyc,0.0
2022-11-08,trends_nyc,0.0
2022-11-09,trends_nyc,3.3448519340052236
2022-11-10,trends_nyc,0.0
2022-11-11,trends_nyc,3.9023272563394276
2022-11-12,trends_nyc,0.0
2022-11-13,trends_nyc,0.0
2022-11-14,trends_nyc,0.0
2022-11-15,trends_nyc,3.3448519340052236
2022-11-16,trends_nyc,3.3448519340052236
2022-11-17,trends_nyc,10.592031124349875
2022-11-18,trends_nyc,0.0
2022-11-19,trends_nyc,0.0
2022-11-20,trends_nyc,0.0
2022-11-21,trends_nyc,13.379407736020895
2022-11-22,trends_nyc,0.0
2022-11-23,trends_nyc,3.3448519340052236
2022-11-24,trends_nyc,0.0
2022-11-25,trends_nyc,0.0
2022-11-26,trends_nyc,0.0
2022-11-27,trends_nyc,5.017277901007835
2022-11-28,trends_nyc,0.0
2022-11-29,trends_nyc,0.0
2022-11-30,trends_nyc,0.0
2022-12-01,trends_nyc,7.247179190344651
2022-12-02,trends_nyc,10.592031124349875
2022-12-03,trends_nyc,7.804654512678855
2022-12-04,trends_nyc,4.4598025786736315
2022-12-05,trends_nyc,3.3448519340052236
2022-12-06,trends_nyc,0.0
2022-12-07,trends_nyc,11.706981769018283
2022-12-08,trends_nyc,0.0
2022-12-09,trends_nyc,3.9023272563394276
2022-12-10,trends_nyc,0.0
2022-12-11,trends_nyc,0.0
2022-12-12,trends_nyc,3.3448519340052236
2022-12-13,trends_nyc,0.0
2022-12-14,trends_nyc,3.9023272563394276
2022-12-15,trends_nyc,8.919605157347263
2022-12-16,trends_nyc,3.3448519340052236
2022-12-17,trends_nyc,0.0
2022-12-18,trends_nyc,4.4598025786736315
2022-12-19,trends_nyc,0.0
2022-12-20,trends_nyc,0.0
2022-12-21,trends_nyc,0.0
2022-12-22,trends_nyc,0.0
2022-12-23,trends_nyc,0.0
2022-12-24,trends_nyc,0.0
2022-12-25,trends_nyc,5.574753223342039
2022-12-26,trends_nyc,0.0
2022-12-27,trends_nyc,0.0
2022-12-28,trends_nyc,0.0
2022-12-29,trends_nyc,0.0
2022-12-30,trends_nyc,5.017277901007835
2022-12-31,trends_nyc,0.0
2023-01-01,trends_nyc,5.017277901007835
2023-01-02,trends_nyc,0.0
2023-01-03,trends_nyc,6.132228545676243
2023-01-04,trends_nyc,2.7873766116710197
2023-01-05,trends_nyc,7.804654512678855
2023-01-06,trends_nyc,0.0
2023-01-07,trends_nyc,4.4598025786736315
2023-01-08,trends_nyc,0.0
2023-01-09,trends_nyc,0.0
2023-01-10,trends_nyc,11.706981769018283
2023-01-11,trends_nyc,5.017277901007835
2023-01-12,trends_nyc,3.3448519340052236
2023-01-13,trends_nyc,4.4598025786736315
2023-01-14,trends_nyc,0.0
2023-01-15,trends_nyc,3.9023272563394276
2023-01-16,trends_nyc,0.0
2023-01-17,trends_nyc,0.0
2023-01-18,trends_nyc,3.3448519340052236
2023-01-19,trends_nyc,0.0
2023-01-20,trends_nyc,0.0
2023-01-21,trends_nyc,0.0
2023-01-22,trends_nyc,4.633980017860018
2023-01-23,trends_nyc,3.089320011906678
2023-01-24,trends_nyc,3.707184014288014
2023-01-25,trends_nyc,0.0
2023-01-26,trends_nyc,11.43048404405471
2023-01-27,trends_nyc,29.96640411549478
2023-01-28,trends_nyc,73.83474828456961
2023-01-29,trends_nyc,29.348540113113444
2023-01-30,trends_nyc,22.86096808810942
2023-01-31,trends_nyc,23.787764091681424
2023-02-01,trends_nyc,12.048348046436045
2023-02-02,trends_nyc,12.66621204881738
2023-02-03,trends_nyc,12.97514405000805
2023-02-04,trends_nyc,4.016116015478682
2023-02-05,trends_nyc,3.707184014288014
2023-02-06,trends_nyc,4.016116015478682
2023-02-07,trends_nyc,8.959028034529368
2023-02-08,trends_nyc,28.42174410954144
2023-02-09,trends_nyc,21.00737608096541
2023-02-10,trends_nyc,11.739416045245378
2023-02-11,trends_nyc,0.0
2023-02-12,trends_nyc,4.325048016669349
2023-02-13,trends_nyc,3.398252013097346
2023-02-14,trends_nyc,3.398252013097346
2023-02-15,trends_nyc,0.0
2023-02-16,trends_nyc,6.178640023813356
2023-02-17,trends_nyc,4.016116015478682
2023-02-18,trends_nyc,4.325048016669349
2023-02-19,trends_nyc,4.325048016669349
2023-02-20,trends_nyc,7.10543602738536
2023-02-21,trends_nyc,0.0
2023-02-22,trends_nyc,3.089320011906678
2023-02-23,trends_nyc,4.016116015478682
2023-02-24,trends_nyc,0.0
2023-02-25,trends_nyc,0.0
2023-02-26,trends_nyc,0.0
2023-02-27,trends_nyc,0.0
2023-02-28,trends_nyc,5.251844020241353
2023-03-01,trends_nyc,0.0
2023-03-02,trends_nyc,6.178640023813356
2023-03-03,trends_nyc,5.869708022622689
2023-03-04,trends_nyc,7.723300029766696
2023-03-05,trends_nyc,9.576892036910703
2023-03-06,trends_nyc,8.032232030957363
2023-03-07,trends_nyc,8.650096033338698
2023-03-08,trends_nyc,0.0
2023-03-09,trends_nyc,7.10543602738536
2023-03-10,trends_nyc,9.88582403810137
2023-03-11,trends_nyc,4.633980017860018
2023-03-12,trends_nyc,0.0
2023-03-13,trends_nyc,0.0
2023-03-14,trends_nyc,3.089320011906678
2023-03-15,trends_nyc,0.0
2023-03-16,trends_nyc,7.723300029766696
2023-03-17,trends_nyc,8.650096033338698
2023-03-18,trends_nyc,0.0
2023-03-19,trends_nyc,0.0
2023-03-20,trends_nyc,4.016116015478682
2023-03-21,trends_nyc,4.016116015478682
2023-03-22,trends_nyc,3.707184014288014
2023-03-23,trends_nyc,4.633980017860018
2023-03-24,trends_nyc,4.325048016669349
2023-03-25,trends_nyc,3.707184014288014
2023-03-26,trends_nyc,4.016116015478682
2023-03-27,trends_nyc,4.942912019050685
2023-03-28,trends_nyc,16.99126006548673
2023-03-29,trends_nyc,17.918056069058736
2023-03-30,trends_nyc,8.959028034529368
2023-03-31,trends_nyc,10.812620041673373
2023-04-01,trends_nyc,0.0
2023-04-02,trends_nyc,0.0
2023-04-03,trends_nyc,2.7803880107160106
2023-04-04,trends_nyc,3.089320011906678
2023-04-05,trends_nyc,8.959028034529368
2023-04-06,trends_nyc,7.414368028576028
2023-04-07,trends_nyc,0.0
2023-04-08,trends_nyc,0.0
2023-04-09,trends_nyc,0.0
2023-04-10,trends_nyc,4.633980017860018
2023-04-11,trends_nyc,4.942912019050685
2023-04-12,trends_nyc,0.0
2023-04-13,trends_nyc,3.707184014288014
2023-04-14,trends_nyc,9.267960035720035
2023-04-15,trends_nyc,4.633980017860018
2023-04-16,trends_nyc,3.707184014288014
2023-04-17,trends_nyc,0.0
2023-04-18,trends_nyc,8.341164032148031
2023-04-19,trends_nyc,7.723300029766696
2023-04-20,trends_nyc,0.0
2023-04-21,trends_nyc,0.0
2023-04-22,trends_nyc,0.0
2023-04-23,trends_nyc,3.707184014288014
2023-04-24,trends_nyc,0.0
2023-04-25,trends_nyc,5.251844020241353
2023-04-26,trends_nyc,0.0
2023-04-27,trends_nyc,7.10543602738536
2023-04-28,trends_nyc,3.707184014288014
2023-04-29,trends_nyc,0.0
2023-04-30,trends_nyc,0.0
2023-05-01,trends_nyc,8.341164032148031
2023-05-02,trends_nyc,4.016116015478682
2023-05-03,trends_nyc,3.398252013097346
2023-05-04,trends_nyc,6.178640023813356
2023-05-05,trends_nyc,0.0
2023-05-06,trends_nyc,0.0
2023-05-07,trends_nyc,0.0
2023-05-08,trends_nyc,4.942912019050685
2023-05-09,trends_nyc,3.707184014288014
2023-05-10,trends_nyc,3.398252013097346
2023-05-11,trends_nyc,8.032232030957363
2023-05-12,trends_nyc,10.503688040482706
2023-05-13,trends_nyc,0.0
2023-05-14,trends_nyc,4.633980017860018
2023-05-15,trends_nyc,7.414368028576028
2023-05-16,trends_nyc,8.032232030957363
2023-05-17,trends_nyc,0.0
2023-05-18,trends_nyc,0.0
2023-05-19,trends_nyc,4.12020962134284
2023-05-20,trends_nyc,0.0
2023-05-21,trends_nyc,0.0
2023-05-22,trends_nyc,0.0
2023-05-23,trends_nyc,3.9410700725888037
2023-05-24,trends_nyc,0.0
2023-05-25,trends_nyc,3.761930523834767
2023-05-26,trends_nyc,0.0
2023-05-27,trends_nyc,4.2993491700968764
2023-05-28,trends_nyc,0.0
2023-05-29,trends_nyc,4.2993491700968764
2023-05-30,trends_nyc,0.0
2023-05-31,trends_nyc,0.0
2023-06-01,trends_nyc,0.0
2023-06-02,trends_nyc,0.0
2023-06-03,trends_nyc,0.0
2023-06-04,trends_nyc,0.0
2023-06-05,trends_nyc,3.224511877572658
2023-06-06,trends_nyc,0.0
2023-06-07,trends_nyc,0.0
2023-06-08,trends_nyc,0.0
2023-06-09,trends_nyc,0.0
2023-06-10,trends_nyc,0.0
2023-06-11,trends_nyc,4.2993491700968764
2023-06-12,trends_nyc,0.0
2023-06-13,trends_nyc,0.0
2023-06-14,trends_nyc,0.0
2023-06-15,trends_nyc,0.0
2023-06-16,trends_nyc,0.0
2023-06-17,trends_nyc,4.4784887188509135
2023-06-18,trends_nyc,0.0
2023-06-19,trends_nyc,9.673535632717973
2023-06-20,trends_nyc,4.12020962134284
2023-06-21,trends_nyc,0.0
2023-06-22,trends_nyc,0.0
2023-06-23,trends_nyc,0.0
2023-06-24,trends_nyc,3.582790975080731
2023-06-25,trends_nyc,0.0
2023-06-26,trends_nyc,0.0
2023-06-27,trends_nyc,3.582790975080731
2023-06-28,trends_nyc,6.2698842063912785
2023-06-29,trends_nyc,8.77783788894779
2023-06-30,trends_nyc,9.136116986455864
2023-07-01,trends_nyc,3.582790975080731
2023-07-02,trends_nyc,3.761930523834767
2023-07-03,trends_nyc,0.0
2023-07-04,trends_nyc,0.0
2023-07-05,trends_nyc,4.2993491700968764
2023-07-06,trends_nyc,3.224511877572658
2023-07-07,trends_nyc,0.0
2023-07-08,trends_nyc,5.553326011375133
2023-07-09,trends_nyc,5.553326011375133
2023-07-10,trends_nyc,4.4784887188509135
2023-07-11,trends_nyc,4.836767816358987
2023-07-12,trends_nyc,5.911605108883205
2023-07-13,trends_nyc,6.090744657637242
2023-07-14,trends_nyc,3.761930523834767
2023-07-15,trends_nyc,0.0
2023-07-16,trends_nyc,0.0
2023-07-17,trends_nyc,0.0
2023-07-18,trends_nyc,0.0
2023-07-19,trends_nyc,0.0
2023-07-20,trends_nyc,0.0
2023-07-21,trends_nyc,0.0
2023-07-22,trends_nyc,0.0
2023-07-23,trends_nyc,0.0
2023-07-24,trends_nyc,0.0
2023-07-25,trends_nyc,0.0
2023-07-26,trends_nyc,0.0
2023-07-27,trends_nyc,0.0
2023-07-28,trends_nyc,0.0
2023-07-29,trends_nyc,0.0
2023-07-30,trends_nyc,0.0
2023-07-31,trends_nyc,0.0
2023-08-01,trends_nyc,0.0
2023-08-02,trends_nyc,0.0
2023-08-03,trends_nyc,4.12020962134284
2023-08-04,trends_nyc,0.0
2023-08-05,trends_nyc,11.644070669012375
2023-08-06,trends_nyc,0.0
2023-08-07,trends_nyc,0.0
2023-08-08,trends_nyc,0.0
2023-08-09,trends_nyc,0.0
2023-08-10,trends_nyc,0.0
2023-08-11,trends_nyc,0.0
2023-08-12,trends_nyc,0.0
2023-08-13,trends_nyc,0.0
2023-08-14,trends_nyc,0.0
2023-08-15,trends_nyc,5.732465560129169
2023-08-16,trends_nyc,0.0
2023-08-17,trends_nyc,0.0
2023-08-18,trends_nyc,5.732465560129169
2023-08-19,trends_nyc,6.2698842063912785
2023-08-20,trends_nyc,0.0
2023-08-21,trends_nyc,6.986442401407425
2023-08-22,trends_nyc,0.0
2023-08-23,trends_nyc,0.0
2023-08-24,trends_nyc,0.0
2023-08-25,trends_nyc,0.0
2023-08-26,trends_nyc,0.0
2023-08-27,trends_nyc,0.0
2023-08-28,trends_nyc,3.582790975080731
2023-08-29,trends_nyc,0.0
2023-08-30,trends_nyc,7.523861047669534
2023-08-31,trends_nyc,0.0
2023-09-01,trends_nyc,0.0
2023-09-02,trends_nyc,0.0
2023-09-03,trends_nyc,0.0
2023-09-04,trends_nyc,3.4036514263266944
2023-09-05,trends_nyc,0.0
2023-09-06,trends_nyc,0.0
2023-09-07,trends_nyc,8.956977437701827
2023-09-08,trends_nyc,0.0
2023-09-09,trends_nyc,0.0
2023-09-10,trends_nyc,0.0
2023-09-11,trends_nyc,3.9410700725888037
2023-09-12,trends_nyc,3.582790975080731
2023-09-13,trends_nyc,7.165581950161462
2023-09-14,trends_nyc,4.12020962134284
2023-09-15,trends_nyc,0.0
2023-09-16,trends_nyc,0.0
2023-09-17,trends_nyc,9.39433555541275
2023-09-18,trends_nyc,10.085095522722511
2023-09-19,trends_nyc,4.42086379078247
2023-09-20,trends_nyc,0.0
2023-09-21,trends_nyc,0.0
2023-09-22,trends_nyc,0.0
2023-09-23,trends_nyc,0.0
2023-09-24,trends_nyc,4.973471764630279
2023-09-25,trends_nyc,6.493143692711754
2023-09-26,trends_nyc,4.559015784244423
2023-09-27,trends_nyc,7.322055653483466
2023-09-28,trends_nyc,0.0
2023-09-29,trends_nyc,0.0
2023-09-30,trends_nyc,0.0
2023-10-01,trends_nyc,0.0
2023-10-02,trends_nyc,0.0
2023-10-03,trends_nyc,0.0
2023-10-04,trends_nyc,0.0
2023-10-05,trends_nyc,3.315647843086853
2023-10-06,trends_nyc,0.0
2023-10-07,trends_nyc,0.0
2023-10-08,trends_nyc,0.0
2023-10-09,trends_nyc,0.0
2023-10-10,trends_nyc,0.0
2023-10-11,trends_nyc,4.973471764630279
2023-10-12,trends_nyc,3.8682558169346617
2023-10-13,trends_nyc,5.387927745016135
2023-10-14,trends_nyc,0.0
2023-10-15,trends_nyc,0.0
2023-10-16,trends_nyc,0.0
2023-10-17,trends_nyc,6.90759967309761
2023-10-18,trends_nyc,0.0
2023-10-19,trends_nyc,0.0
2023-10-20,trends_nyc,5.249775751554184
2023-10-21,trends_nyc,0.0
2023-10-22,trends_nyc,4.006407810396614
2023-10-23,trends_nyc,0.0
2023-10-24,trends_nyc,0.0
2023-10-25,trends_nyc,0.0
2023-10-26,trends_nyc,13.81519934619522
2023-10-27,trends_nyc,3.315647843086853
2023-10-28,trends_nyc,0.0
2023-10-29,trends_nyc,0.0
2023-10-30,trends_nyc,0.0
2023-10-31,trends_nyc,0.0
2023-11-01,trends_nyc,3.8682558169346617
2023-11-02,trends_nyc,0.0
2023-11-03,trends_nyc,0.0
2023-11-04,trends_nyc,0.0
2023-11-05,trends_nyc,0.0
2023-11-06,trends_nyc,0.0
2023-11-07,trends_nyc,0.0
2023-11-08,trends_nyc,0.0
2023-11-09,trends_nyc,0.0
2023-11-10,trends_nyc,0.0
2023-11-11,trends_nyc,0.0
2023-11-12,trends_nyc,0.0
2023-11-13,trends_nyc,0.0
2023-11-14,trends_nyc,3.453799836548805
2023-11-15,trends_nyc,0.0
2023-11-16,trends_nyc,3.5919518300107574
2023-11-17,trends_nyc,0.0
2023-11-18,trends_nyc,0.0
2023-11-19,trends_nyc,0.0
2023-11-20,trends_nyc,0.0
2023-11-21,trends_nyc,0.0
2023-11-22,trends_nyc,5.249775751554184
2023-11-23,trends_nyc,0.0
2023-11-24,trends_nyc,0.0
2023-11-25,trends_nyc,0.0
2023-11-26,trends_nyc,0.0
2023-11-27,trends_nyc,0.0
2023-11-28,trends_nyc,0.0
2023-11-29,trends_nyc,0.0
2023-11-30,trends_nyc,0.0
2023-12-01,trends_nyc,0.0
2023-12-02,trends_nyc,0.0
2023-12-03,trends_nyc,0.0
2023-12-04,trends_nyc,0.0
2023-12-05,trends_nyc,0.0
2023-12-06,trends_nyc,7.598359640407371
2023-12-07,trends_nyc,8.84172758156494
2023-12-08,trends_nyc,0.0
2023-12-09,trends_nyc,0.0
2023-12-10,trends_nyc,0.0
2023-12-11,trends_nyc,3.315647843086853
2023-12-12,trends_nyc,0.0
2023-12-13,trends_nyc,0.0
2023-12-14,trends_nyc,3.8682558169346617
2023-12-15,trends_nyc,0.0
2023-12-16,trends_nyc,0.0
2023-12-17,trends_nyc,0.0
2023-12-18,trends_nyc,0.0
2023-12-19,trends_nyc,13.81519934619522
2023-12-20,trends_nyc,3.7301038234727093
2023-12-21,trends_nyc,0.0
2023-12-22,trends_nyc,7.598359640407371
2023-12-23,trends_nyc,0.0
2023-12-24,trends_nyc,0.0
2023-12-25,trends_nyc,0.0
2023-12-26,trends_nyc,0.0
2023-12-27,trends_nyc,0.0
2023-12-28,trends_nyc,0.0
2023-12-29,trends_nyc,0.0
2023-12-30,trends_nyc,3.8682558169346617
2023-12-31,trends_nyc,4.559015784244423
2024-01-01,trends_nyc,0.0
2024-01-02,trends_nyc,0.0
2024-01-03,trends_nyc,8.427271601179084
2024-01-04,trends_nyc,3.315647843086853
2024-01-05,trends_nyc,0.0
2024-01-06,trends_nyc,0.0
2024-01-07,trends_nyc,0.0
2024-01-08,trends_nyc,0.0
2024-01-09,trends_nyc,0.0
2024-01-10,trends_nyc,0.0
2024-01-11,trends_nyc,0.0
2024-01-12,trends_nyc,0.0
2024-01-13,trends_nyc,0.0
2024-01-14,trends_nyc,0.0
2024-01-15,trends_nyc,0.0
2024-01-16,trends_nyc,0.0
2024-01-17,trends_nyc,3.2842496627545907
2024-01-18,trends_nyc,0.0
2024-01-19,trends_nyc,0.0
2024-01-20,trends_nyc,0.0
2024-01-21,trends_nyc,0.0
2024-01-22,trends_nyc,0.0
2024-01-23,trends_nyc,0.0
2024-01-24,trends_nyc,0.0
2024-01-25,trends_nyc,0.0
2024-01-26,trends_nyc,0.0
2024-01-27,trends_nyc,0.0
2024-01-28,trends_nyc,0.0
2024-01-29,trends_nyc,0.0
2024-01-30,trends_nyc,0.0
2024-01-31,trends_nyc,0.0
2024-02-01,trends_nyc,0.0
2024-02-02,trends_nyc,4.179954116233115
2024-02-03,trends_nyc,3.881385965073607
2024-02-04,trends_nyc,4.179954116233115
2024-02-05,trends_nyc,0.0
2024-02-06,trends_nyc,0.0
2024-02-07,trends_nyc,0.0
2024-02-08,trends_nyc,0.0
2024-02-09,trends_nyc,3.582817813914099
2024-02-10,trends_nyc,0.0
2024-02-11,trends_nyc,0.0
2024-02-12,trends_nyc,0.0
2024-02-13,trends_nyc,4.179954116233115
2024-02-14,trends_nyc,0.0
2024-02-15,trends_nyc,7.165635627828198
2024-02-16,trends_nyc,4.179954116233115
2024-02-17,trends_nyc,7.762771930147214
2024-02-18,trends_nyc,21.198338732325084
2024-02-19,trends_nyc,12.241294197539839
2024-02-20,trends_nyc,10.449885290582788
2024-02-21,trends_nyc,7.762771930147214
2024-02-22,trends_nyc,0.0
2024-02-23,trends_nyc,0.0
2024-02-24,trends_nyc,0.0
2024-02-25,trends_nyc,0.0
2024-02-26,trends_nyc,0.0
2024-02-27,trends_nyc,0.0
2024-02-28,trends_nyc,0.0
2024-02-29,trends_nyc,0.0
2024-03-01,trends_nyc,4.777090418552132
2024-03-02,trends_nyc,0.0
2024-03-03,trends_nyc,0.0
2024-03-04,trends_nyc,0.0
2024-03-05,trends_nyc,0.0
2024-03-06,trends_nyc,4.4785222673926235
2024-03-07,trends_nyc,0.0
2024-03-08,trends_nyc,0.0
2024-03-09,trends_nyc,0.0
2024-03-10,trends_nyc,0.0
2024-03-11,trends_nyc,0.0
2024-03-12,trends_nyc,0.0
2024-03-13,trends_nyc,0.0
2024-03-14,trends_nyc,0.0
2024-03-15,trends_nyc,0.0
2024-03-16,trends_nyc,0.0
2024-03-17,trends_nyc,0.0
2024-03-18,trends_nyc,0.0
2024-03-19,trends_nyc,0.0
2024-03-20,trends_nyc,0.0
2024-03-21,trends_nyc,0.0
2024-03-22,trends_nyc,0.0
2024-03-23,trends_nyc,0.0
2024-03-24,trends_nyc,0.0
2024-03-25,trends_nyc,4.179954116233115
2024-03-26,trends_nyc,41.20240486001214
2024-03-27,trends_nyc,17.31695276725148
2024-03-28,trends_nyc,12.241294197539839
2024-03-29,trends_nyc,13.43556680217787
2024-03-30,trends_nyc,8.957044534785247
2024-03-31,trends_nyc,5.971363023190165
2024-04-01,trends_nyc,4.777090418552132
2024-04-02,trends_nyc,0.0
2024-04-03,trends_nyc,7.165635627828198
2024-04-04,trends_nyc,0.0
2024-04-05,trends_nyc,5.374226720871149
2024-04-06,trends_nyc,0.0
2024-04-07,trends_nyc,0.0
2024-04-08,trends_nyc,4.777090418552132
2024-04-09,trends_nyc,0.0
2024-04-10,trends_nyc,5.07565856971164
2024-04-11,trends_nyc,0.0
2024-04-12,trends_nyc,5.07565856971164
2024-04-13,trends_nyc,4.179954116233115
2024-04-14,trends_nyc,0.0
2024-04-15,trends_nyc,20.60120243000607
2024-04-16,trends_nyc,10.449885290582788
2024-04-17,trends_nyc,4.777090418552132
2024-04-18,trends_nyc,0.0
2024-04-19,trends_nyc,4.4785222673926235
2024-04-20,trends_nyc,4.777090418552132
2024-04-21,trends_nyc,0.0
2024-04-22,trends_nyc,0.0
2024-04-23,trends_nyc,0.0
2024-04-24,trends_nyc,0.0
2024-04-25,trends_nyc,0.0
2024-04-26,trends_nyc,0.0
2024-04-27,trends_nyc,0.0
2024-04-28,trends_nyc,0.0
2024-04-29,trends_nyc,4.4785222673926235
2024-04-30,trends_nyc,24.184020243920166
2024-05-01,trends_nyc,11.94272604638033
2024-05-02,trends_nyc,4.179954116233115
2024-05-03,trends_nyc,0.0
2024-05-04,trends_nyc,0.0
2024-05-05,trends_nyc,0.0
2024-05-06,trends_nyc,0.0
2024-05-07,trends_nyc,0.0
2024-05-08,trends_nyc,0.0
2024-05-09,trends_nyc,5.07565856971164
2024-05-10,trends_nyc,0.0
2024-05-11,trends_nyc,0.0
2024-05-12,trends_nyc,0.0
2024-05-13,trends_nyc,0.0
2024-05-14,trends_nyc,4.1841066635371424
2024-05-15,trends_nyc,0.0
2024-05-16,trends_nyc,9.862537135480407
2024-05-17,trends_nyc,0.0
2024-05-18,trends_nyc,0.0
2024-05-19,trends_nyc,8.368213327074285
2024-05-20,trends_nyc,5.9772952336244884
2024-05-21,trends_nyc,0.0
2024-05-22,trends_nyc,4.1841066635371424
2024-05-23,trends_nyc,4.781836186899591
2024-05-24,trends_nyc,0.0
2024-05-25,trends_nyc,0.0
2024-05-26,trends_nyc,15.839832369104895
2024-05-27,trends_nyc,0.0
2024-05-28,trends_nyc,0.0
2024-05-29,trends_nyc,0.0
2024-05-30,trends_nyc,8.06934856539306
2024-05-31,trends_nyc,4.482971425218366
2024-06-01,trends_nyc,0.0
2024-06-02,trends_nyc,5.080700948580816
2024-06-03,trends_nyc,7.770483803711835
2024-06-04,trends_nyc,0.0
2024-06-05,trends_nyc,0.0
2024-06-06,trends_nyc,4.1841066635371424
2024-06-07,trends_nyc,0.0
2024-06-08,trends_nyc,0.0
2024-06-09,trends_nyc,0.0
2024-06-10,trends_nyc,0.0
2024-06-11,trends_nyc,3.8852419018559177
2024-06-12,trends_nyc,0.0
2024-06-13,trends_nyc,4.482971425218366
2024-06-14,trends_nyc,0.0
2024-06-15,trends_nyc,0.0
2024-06-16,trends_nyc,0.0
2024-06-17,trends_nyc,4.1841066635371424
2024-06-18,trends_nyc,0.0
2024-06-19,trends_nyc,0.0
2024-06-20,trends_nyc,4.482971425218366
2024-06-21,trends_nyc,0.0
2024-06-22,trends_nyc,0.0
2024-06-23,trends_nyc,0.0
2024-06-24,trends_nyc,6.276159995305713
2024-06-25,trends_nyc,0.0
2024-06-26,trends_nyc,0.0
2024-06-27,trends_nyc,0.0
2024-06-28,trends_nyc,0.0
2024-06-29,trends_nyc,4.1841066635371424
2024-06-30,trends_nyc,10.75913142052408
2024-07-01,trends_nyc,0.0
2024-07-02,trends_nyc,0.0
2024-07-03,trends_nyc,0.0
2024-07-04,trends_nyc,0.0
2024-07-05,trends_nyc,0.0
2024-07-06,trends_nyc,0.0
2024-07-07,trends_nyc,0.0
2024-07-08,trends_nyc,0.0
2024-07-09,trends_nyc,4.1841066635371424
2024-07-10,trends_nyc,3.8852419018559177
2024-07-11,trends_nyc,4.482971425218366
2024-07-12,trends_nyc,0.0
2024-07-13,trends_nyc,0.0
2024-07-14,trends_nyc,0.0
2024-07-15,trends_nyc,0.0
2024-07-16,trends_nyc,4.1841066635371424
2024-07-17,trends_nyc,10.75913142052408
2024-07-18,trends_nyc,4.1841066635371424
2024-07-19,trends_nyc,0.0
2024-07-20,trends_nyc,0.0
2024-07-21,trends_nyc,0.0
2024-07-22,trends_nyc,4.1841066635371424
2024-07-23,trends_nyc,14.644373322379998
2024-07-24,trends_nyc,16.73642665414857
2024-07-25,trends_nyc,10.75913142052408
2024-07-26,trends_nyc,12.851184752292651
2024-07-27,trends_nyc,4.1841066635371424
2024-07-28,trends_nyc,10.460266658842855
2024-07-29,trends_nyc,9.264807612117957
2024-07-30,trends_nyc,5.37956571026204
2024-07-31,trends_nyc,0.0
2024-08-01,trends_nyc,0.0
2024-08-02,trends_nyc,0.0
2024-08-03,trends_nyc,0.0
2024-08-04,trends_nyc,0.0
2024-08-05,trends_nyc,0.0
2024-08-06,trends_nyc,0.0
2024-08-07,trends_nyc,0.0
2024-08-08,trends_nyc,0.0
2024-08-09,trends_nyc,0.0
2024-08-10,trends_nyc,0.0
2024-08-11,trends_nyc,0.0
2024-08-12,trends_nyc,0.0
2024-08-13,trends_nyc,7.172754280349387
2024-08-14,trends_nyc,0.0
2024-08-15,trends_nyc,0.0
2024-08-16,trends_nyc,0.0
2024-08-17,trends_nyc,0.0
2024-08-18,trends_nyc,0.0
2024-08-19,trends_nyc,0.0
2024-08-20,trends_nyc,0.0
2024-08-21,trends_nyc,0.0
2024-08-22,trends_nyc,0.0
2024-08-23,trends_nyc,0.0
2024-08-24,trends_nyc,0.0
2024-08-25,trends_nyc,0.0
2024-08-26,trends_nyc,0.0
2024-08-27,trends_nyc,0.0
2024-08-28,trends_nyc,0.0
2024-08-29,trends_nyc,0.0
2024-08-30,trends_nyc,0.0
2024-08-31,trends_nyc,5.678430471943265
2024-09-01,trends_nyc,0.0
2024-09-02,trends_nyc,0.0
2024-09-03,trends_nyc,0.0
2024-09-04,trends_nyc,3.287512378493469
2024-09-05,trends_nyc,6.575024756986938
2024-09-06,trends_nyc,5.080700948580816
2024-09-07,trends_nyc,0.0
2024-09-08,trends_nyc,0.0
2024-09-09,trends_nyc,4.1841066635371424
2024-09-10,trends_nyc,3.8738891443183703
2024-09-11,trends_nyc,4.411929303251477
2024-09-12,trends_nyc,0.0
2024-09-13,trends_nyc,0.0
2024-09-14,trends_nyc,5.595617652904313
2024-09-15,trends_nyc,0.0
2024-09-16,trends_nyc,9.899938924369168
2024-09-17,trends_nyc,15.603164609060103
2024-09-18,trends_nyc,3.8738891443183703
2024-09-19,trends_nyc,4.949969462184584
2024-09-20,trends_nyc,0.0
2024-09-21,trends_nyc,8.716250574716334
2024-09-22,trends_nyc,6.564089938983906
2024-09-23,trends_nyc,4.519537335038099
2024-09-24,trends_nyc,4.842361430397963
2024-09-25,trends_nyc,0.0
2024-09-26,trends_nyc,0.0
2024-09-27,trends_nyc,0.0
2024-09-28,trends_nyc,0.0
2024-09-29,trends_nyc,0.0
2024-09-30,trends_nyc,0.0
2024-10-01,trends_nyc,0.0
2024-10-02,trends_nyc,0.0
2024-10-03,trends_nyc,0.0
2024-10-04,trends_nyc,0.0
2024-10-05,trends_nyc,0.0
2024-10-06,trends_nyc,0.0
2024-10-07,trends_nyc,3.6586730807451278
2024-10-08,trends_nyc,0.0
2024-10-09,trends_nyc,0.0
2024-10-10,trends_nyc,0.0
2024-10-11,trends_nyc,0.0
2024-10-12,trends_nyc,0.0
2024-10-13,trends_nyc,0.0
2024-10-14,trends_nyc,0.0
2024-10-15,trends_nyc,0.0
2024-10-16,trends_nyc,0.0
2024-10-17,trends_nyc,0.0
2024-10-18,trends_nyc,0.0
2024-10-19,trends_nyc,0.0
2024-10-20,trends_nyc,0.0
2024-10-21,trends_nyc,0.0
2024-10-22,trends_nyc,5.165185525757828
2024-10-23,trends_nyc,0.0
2024-10-24,trends_nyc,0.0
2024-10-25,trends_nyc,0.0
2024-10-26,trends_nyc,0.0
2024-10-27,trends_nyc,0.0
2024-10-28,trends_nyc,0.0
2024-10-29,trends_nyc,0.0
2024-10-30,trends_nyc,0.0
2024-10-31,trends_nyc,0.0
2024-11-01,trends_nyc,3.551065048958506
2024-11-02,trends_nyc,0.0
2024-11-03,trends_nyc,0.0
2024-11-04,trends_nyc,0.0
2024-11-05,trends_nyc,0.0
2024-11-06,trends_nyc,0.0
2024-11-07,trends_nyc,0.0
2024-11-08,trends_nyc,0.0
2024-11-09,trends_nyc,0.0
2024-11-10,trends_nyc,0.0
2024-11-11,trends_nyc,0.0
2024-11-12,trends_nyc,0.0
2024-11-13,trends_nyc,0.0
2024-11-14,trends_nyc,0.0
2024-11-15,trends_nyc,3.8738891443183703
2024-11-16,trends_nyc,0.0
2024-11-17,trends_nyc,0.0
2024-11-18,trends_nyc,3.6586730807451278
2024-11-19,trends_nyc,0.0
2024-11-20,trends_nyc,0.0
2024-11-21,trends_nyc,0.0
2024-11-22,trends_nyc,3.981497176104992
2024-11-23,trends_nyc,0.0
2024-11-24,trends_nyc,0.0
2024-11-25,trends_nyc,0.0
2024-11-26,trends_nyc,0.0
2024-11-27,trends_nyc,0.0
2024-11-28,trends_nyc,0.0
2024-11-29,trends_nyc,0.0
2024-11-30,trends_nyc,0.0
2024-12-01,trends_nyc,0.0
2024-12-02,trends_nyc,0.0
2024-12-03,trends_nyc,0.0
2024-12-04,trends_nyc,3.981497176104992
2024-12-05,trends_nyc,0.0
2024-12-06,trends_nyc,0.0
2024-12-07,trends_nyc,10.86841121044876
2024-12-08,trends_nyc,0.0
2024-12-09,trends_nyc,0.0
2024-12-10,trends_nyc,0.0
2024-12-11,trends_nyc,3.3358489853852635
2024-12-12,trends_nyc,0.0
2024-12-13,trends_nyc,0.0
2024-12-14,trends_nyc,0.0
2024-12-15,trends_nyc,0.0
2024-12-16,trends_nyc,0.0
2024-12-17,trends_nyc,11.191235305808625
2024-12-18,trends_nyc,0.0
2024-12-19,trends_nyc,5.810833716477555
2024-12-20,trends_nyc,0.0
2024-12-21,trends_nyc,0.0
2024-12-22,trends_nyc,4.949969462184584
2024-12-23,trends_nyc,0.0
2024-12-24,trends_nyc,5.165185525757828
2024-12-25,trends_nyc,0.0
2024-12-26,trends_nyc,0.0
2024-12-27,trends_nyc,0.0
2024-12-28,trends_nyc,0.0
2024-12-29,trends_nyc,6.564089938983906
2024-12-30,trends_nyc,0.0
2024-12-31,trends_nyc,5.595617652904313
