stratum,outcome,estimator,spec,family,bheard_bound,episode_set,n_episodes,n_districts,post_window,draw_post_window,first_week_chi2,first_week_mean_coef,first_week_mean_se,path_coefs,path_ses,n_first_week_coefs,p_randomization,p_asymptotic,p_bh_adjusted,ri_scheme,ri_exact,n_draws,n_admissible_starts,null_sd,n_obs,status,note,data_source,null_certified,draws_requested,draws_prespecified,calibration_sims,calibration_scheme,freeze_active_at_run,overwrite_reason
C1_clean,edp_share,OLS_share_dose_per_sd,dose_response,secondary,early,primary,15,59.0,14,14,,0.0013094502622272854,0.0006043673464148347,,,,,0.030865247629932258,,,,0,,,23128.0,OK,"effect per SD of peak episode intensity; secondary, asymptotic p only (addendum 9)",REAL,True,2000,2000,1000,circular_within_block_fw7,0,resume with 2 workers after a second out-of-memory kill of the process pool at 20:17:13Z (a worker reached 4.96 GB on the pooled stratum's 60-day cells under 3 workers); the automatic 3-worker retry (start row 6) was stopped by hand at 20:19Z; parallelism changes no number (every cell is seeded from its own identity); no sealed result existed; cells resume from their ledgers
C1_clean,mh_narrow_share,OLS_share_dose_per_sd,dose_response,secondary,early,primary,15,59.0,14,14,,0.0015083924651767963,0.000638641163824479,,,,,0.01867199552315202,,,,0,,,23128.0,OK,"effect per SD of peak episode intensity; secondary, asymptotic p only (addendum 9)",REAL,True,2000,2000,1000,circular_within_block_fw7,0,resume with 2 workers after a second out-of-memory kill of the process pool at 20:17:13Z (a worker reached 4.96 GB on the pooled stratum's 60-day cells under 3 workers); the automatic 3-worker retry (start row 6) was stopped by hand at 20:19Z; parallelism changes no number (every cell is seeded from its own identity); no sealed result existed; cells resume from their ledgers
C1_clean,edp_share,OLS_share,sens_broad_basket,sensitivity,early,confirmation_episodes_rebuilt_broad.csv,15,,14,14,,,,,,,,,,,,0,,,,IDENTICAL_TO_PRIMARY: same episode starts in this stratum,broad basket: +9 civilian-actor articles,REAL,True,2000,2000,1000,circular_within_block_fw7,0,resume with 2 workers after a second out-of-memory kill of the process pool at 20:17:13Z (a worker reached 4.96 GB on the pooled stratum's 60-day cells under 3 workers); the automatic 3-worker retry (start row 6) was stopped by hand at 20:19Z; parallelism changes no number (every cell is seeded from its own identity); no sealed result existed; cells resume from their ledgers
C1_clean,mh_narrow_share,OLS_share,sens_broad_basket,sensitivity,early,confirmation_episodes_rebuilt_broad.csv,15,,14,14,,,,,,,,,,,,0,,,,IDENTICAL_TO_PRIMARY: same episode starts in this stratum,broad basket: +9 civilian-actor articles,REAL,True,2000,2000,1000,circular_within_block_fw7,0,resume with 2 workers after a second out-of-memory kill of the process pool at 20:17:13Z (a worker reached 4.96 GB on the pooled stratum's 60-day cells under 3 workers); the automatic 3-worker retry (start row 6) was stopped by hand at 20:19Z; parallelism changes no number (every cell is seeded from its own identity); no sealed result existed; cells resume from their ledgers
C1_clean,edp_share,OLS_share,sens_spliced_wiki,sensitivity,early,confirmation_episodes_rebuilt_spliced.csv,15,,14,14,,,,,,,,,,,,0,,,,IDENTICAL_TO_PRIMARY: same episode starts in this stratum,user+automated Wikipedia series (addendum 20),REAL,True,2000,2000,1000,circular_within_block_fw7,0,resume with 2 workers after a second out-of-memory kill of the process pool at 20:17:13Z (a worker reached 4.96 GB on the pooled stratum's 60-day cells under 3 workers); the automatic 3-worker retry (start row 6) was stopped by hand at 20:19Z; parallelism changes no number (every cell is seeded from its own identity); no sealed result existed; cells resume from their ledgers
C1_clean,mh_narrow_share,OLS_share,sens_spliced_wiki,sensitivity,early,confirmation_episodes_rebuilt_spliced.csv,15,,14,14,,,,,,,,,,,,0,,,,IDENTICAL_TO_PRIMARY: same episode starts in this stratum,user+automated Wikipedia series (addendum 20),REAL,True,2000,2000,1000,circular_within_block_fw7,0,resume with 2 workers after a second out-of-memory kill of the process pool at 20:17:13Z (a worker reached 4.96 GB on the pooled stratum's 60-day cells under 3 workers); the automatic 3-worker retry (start row 6) was stopped by hand at 20:19Z; parallelism changes no number (every cell is seeded from its own identity); no sealed result existed; cells resume from their ledgers
C1_clean,edp_ex_edpm_share,OLS_share,sens_no_edpm,sensitivity,early,primary,15,,14,14,,,,,,,,,,,,0,,,,IDENTICAL_TO_PRIMARY: no EDPM dispatch in this stratum,,REAL,True,2000,2000,1000,circular_within_block_fw7,0,resume with 2 workers after a second out-of-memory kill of the process pool at 20:17:13Z (a worker reached 4.96 GB on the pooled stratum's 60-day cells under 3 workers); the automatic 3-worker retry (start row 6) was stopped by hand at 20:19Z; parallelism changes no number (every cell is seeded from its own identity); no sealed result existed; cells resume from their ledgers
C1_clean,edp_ex_edpm,PPML_count_offset,sens_no_edpm,sensitivity,early,primary,15,,14,14,,,,,,,,,,,,0,,,,IDENTICAL_TO_PRIMARY: no EDPM dispatch in this stratum,,REAL,True,2000,2000,1000,circular_within_block_fw7,0,resume with 2 workers after a second out-of-memory kill of the process pool at 20:17:13Z (a worker reached 4.96 GB on the pooled stratum's 60-day cells under 3 workers); the automatic 3-worker retry (start row 6) was stopped by hand at 20:19Z; parallelism changes no number (every cell is seeded from its own identity); no sealed result existed; cells resume from their ledgers
C2_exposed,edp_share,OLS_share_dose_per_sd,dose_response,secondary,early,primary,30,59.0,14,14,,0.0006479891053784224,0.0005525057283394901,,,,,0.24123497544068329,,,,0,,,45017.0,OK,"effect per SD of peak episode intensity; secondary, asymptotic p only (addendum 9)",REAL,True,2000,2000,1000,anchor_shift,0,resume with 2 workers after a second out-of-memory kill of the process pool at 20:17:13Z (a worker reached 4.96 GB on the pooled stratum's 60-day cells under 3 workers); the automatic 3-worker retry (start row 6) was stopped by hand at 20:19Z; parallelism changes no number (every cell is seeded from its own identity); no sealed result existed; cells resume from their ledgers
C2_exposed,mh_narrow_share,OLS_share_dose_per_sd,dose_response,secondary,early,primary,30,59.0,14,14,,0.000741557463865366,0.0005551098221388438,,,,,0.18198888766248178,,,,0,,,45017.0,OK,"effect per SD of peak episode intensity; secondary, asymptotic p only (addendum 9)",REAL,True,2000,2000,1000,anchor_shift,0,resume with 2 workers after a second out-of-memory kill of the process pool at 20:17:13Z (a worker reached 4.96 GB on the pooled stratum's 60-day cells under 3 workers); the automatic 3-worker retry (start row 6) was stopped by hand at 20:19Z; parallelism changes no number (every cell is seeded from its own identity); no sealed result existed; cells resume from their ledgers
C2_exposed,edp_share,OLS_share,sens_geocoding_clean,sensitivity,early,primary,30,,14,14,,,,,,,,,,,,0,,,,IDENTICAL_TO_PRIMARY: no episode window contains a break,nan missing_district_step 2016-01-01,REAL,True,2000,2000,1000,anchor_shift,0,resume with 2 workers after a second out-of-memory kill of the process pool at 20:17:13Z (a worker reached 4.96 GB on the pooled stratum's 60-day cells under 3 workers); the automatic 3-worker retry (start row 6) was stopped by hand at 20:19Z; parallelism changes no number (every cell is seeded from its own identity); no sealed result existed; cells resume from their ledgers
C2_exposed,mh_narrow_share,OLS_share,sens_geocoding_clean,sensitivity,early,primary,30,,14,14,,,,,,,,,,,,0,,,,IDENTICAL_TO_PRIMARY: no episode window contains a break,nan missing_district_step 2016-01-01,REAL,True,2000,2000,1000,anchor_shift,0,resume with 2 workers after a second out-of-memory kill of the process pool at 20:17:13Z (a worker reached 4.96 GB on the pooled stratum's 60-day cells under 3 workers); the automatic 3-worker retry (start row 6) was stopped by hand at 20:19Z; parallelism changes no number (every cell is seeded from its own identity); no sealed result existed; cells resume from their ledgers
C2_exposed,injury_share,OLS_share,sens_coverage_clean,sensitivity,early,primary,30,,14,14,,,,,,,,,,,,0,,,,IDENTICAL_TO_PRIMARY: no episode window contains a break,INJALS last_date 2015-12-16; nan missing_district_step 2016-01-01,REAL,True,2000,2000,1000,anchor_shift,0,resume with 2 workers after a second out-of-memory kill of the process pool at 20:17:13Z (a worker reached 4.96 GB on the pooled stratum's 60-day cells under 3 workers); the automatic 3-worker retry (start row 6) was stopped by hand at 20:19Z; parallelism changes no number (every cell is seeded from its own identity); no sealed result existed; cells resume from their ledgers
pooled,edp_share,OLS_share_dose_per_sd,dose_response,secondary,early,primary,45,59.0,14,14,,0.0008045641255696864,0.0003841592289149301,,,,,0.03644512024527491,,,,0,,,68558.0,OK,"effect per SD of peak episode intensity; secondary, asymptotic p only (addendum 9)",REAL,True,2000,2000,200,circular_within_block_fw7,0,resume with 2 workers after a second out-of-memory kill of the process pool at 20:17:13Z (a worker reached 4.96 GB on the pooled stratum's 60-day cells under 3 workers); the automatic 3-worker retry (start row 6) was stopped by hand at 20:19Z; parallelism changes no number (every cell is seeded from its own identity); no sealed result existed; cells resume from their ledgers
pooled,mh_narrow_share,OLS_share_dose_per_sd,dose_response,secondary,early,primary,45,59.0,14,14,,0.001104588297951609,0.0003930792372653548,,,,,0.0050359326075000155,,,,0,,,68558.0,OK,"effect per SD of peak episode intensity; secondary, asymptotic p only (addendum 9)",REAL,True,2000,2000,200,circular_within_block_fw7,0,resume with 2 workers after a second out-of-memory kill of the process pool at 20:17:13Z (a worker reached 4.96 GB on the pooled stratum's 60-day cells under 3 workers); the automatic 3-worker retry (start row 6) was stopped by hand at 20:19Z; parallelism changes no number (every cell is seeded from its own identity); no sealed result existed; cells resume from their ledgers
C1_clean,edp_share,OLS_share,primary,primary_H1,early,primary,15,59.0,14,14,25.324421923526298,-0.0005865764133764135,0.0013561674815364424,"[0.0006084522864829269, 0.0027686510014296745, 0.0012021547432492885, -0.0024605503537374167, 0.0003485220730885594, -0.00320081419630825, -0.0016614637567841223, -0.002297563104431968]","[0.001492664652506832, 0.0015551268554031981, 0.002247557538570921, 0.0016754923158707152, 0.002261769141369975, 0.0018122538847746164, 0.0017684007417570022, 0.001994607880015857]",8.0,0.011494252873563218,0.0013694402281865155,0.0559720139930035,circular_within_block_fw7,0.0,2000,685.0,5.197474522209958,23128.0,OK,,REAL,True,2000,2000,1000,circular_within_block_fw7,0,resume with 2 workers after a second out-of-memory kill of the process pool at 20:17:13Z (a worker reached 4.96 GB on the pooled stratum's 60-day cells under 3 workers); the automatic 3-worker retry (start row 6) was stopped by hand at 20:19Z; parallelism changes no number (every cell is seeded from its own identity); no sealed result existed; cells resume from their ledgers
C1_clean,edp,PPML_count_offset,primary,primary_H1,early,primary,15,59.0,14,14,26.112992047457887,0.009454546209829138,0.016231379197011574,"[0.03393951752414182, 0.04322005558895249, 0.03225585463182242, -0.016573513920991347, 0.02677479456078352, -0.030192630328542108, 0.001182482955789367, -0.014970191333323073]","[0.018294701050539906, 0.01833990999386943, 0.026489455773961827, 0.02183742619899923, 0.02975571532832621, 0.02394193485044014, 0.02025147281429566, 0.023903249048048057]",8.0,0.013993003498250875,0.00100454229698832,0.0559720139930035,circular_within_block_fw7,0.0,2000,685.0,5.307128664095517,23128.0,OK,,REAL,True,2000,2000,1000,circular_within_block_fw7,0,resume with 2 workers after a second out-of-memory kill of the process pool at 20:17:13Z (a worker reached 4.96 GB on the pooled stratum's 60-day cells under 3 workers); the automatic 3-worker retry (start row 6) was stopped by hand at 20:19Z; parallelism changes no number (every cell is seeded from its own identity); no sealed result existed; cells resume from their ledgers
C1_clean,mh_narrow_share,OLS_share,primary,primary_H1,early,primary,15,59.0,14,14,22.565848447487497,-0.0007357472595112095,0.0015729097135186824,"[-0.0016649396132620603, 0.0029449661996540726, 0.0006491190965136716, -0.0011543524740063578, -1.220175985898462e-05, -0.0030612540889235922, -0.0010052265403256838, -0.0025820888958807417]","[0.0017187931797355532, 0.0017798504696646, 0.0022296866584227003, 0.0018924932784285496, 0.0028440517211458815, 0.0019469317021201158, 0.0020419200049405966, 0.0020775043761583835]",8.0,0.02848575712143928,0.003968740669400545,0.07596201899050474,circular_within_block_fw7,0.0,2000,685.0,5.201164515484512,23128.0,OK,,REAL,True,2000,2000,1000,circular_within_block_fw7,0,resume with 2 workers after a second out-of-memory kill of the process pool at 20:17:13Z (a worker reached 4.96 GB on the pooled stratum's 60-day cells under 3 workers); the automatic 3-worker retry (start row 6) was stopped by hand at 20:19Z; parallelism changes no number (every cell is seeded from its own identity); no sealed result existed; cells resume from their ledgers
C1_clean,mh_narrow,PPML_count_offset,primary,primary_H1,early,primary,15,59.0,14,14,17.09419823016416,-0.00012972628451939257,0.01420005021398286,"[-0.0005975208403934327, 0.028098221631277044, 0.01767381989810538, -0.007468445834411689, 0.004609833309583466, -0.02596645849597395, 0.0031034405180110324, -0.02049070046235299]","[0.015460815789619494, 0.016106077909451587, 0.019893806471010935, 0.019441376827849997, 0.02940655139856316, 0.01866916822028545, 0.019324697935513963, 0.019820899144671653]",8.0,0.08945527236381809,0.029143011838963142,0.17891054472763618,circular_within_block_fw7,0.0,2000,685.0,5.222108343578909,23128.0,OK,,REAL,True,2000,2000,1000,circular_within_block_fw7,0,resume with 2 workers after a second out-of-memory kill of the process pool at 20:17:13Z (a worker reached 4.96 GB on the pooled stratum's 60-day cells under 3 workers); the automatic 3-worker retry (start row 6) was stopped by hand at 20:19Z; parallelism changes no number (every cell is seeded from its own identity); no sealed result existed; cells resume from their ledgers
C1_clean,edp,PPML_count_no_offset,diag_raw_count,diagnostic,early,primary,15,59.0,14,14,28.53264952487547,-0.011795458334677746,0.012542012657419915,"[0.019071874584535804, 0.030911753876773675, 0.0028561396771018387, -0.038470967289495554, 0.019245400368186786, -0.052634613389434676, -0.01859344280278489, -0.05674981170230495]","[0.01752620815885671, 0.015141033029720046, 0.027824135227096935, 0.022730137437781014, 0.02355961665581982, 0.021582346442303453, 0.02054985937275998, 0.02711047433514762]",8.0,0.011494252873563218,0.00038287915139086505,,circular_within_block_fw7,0.0,2000,685.0,5.60883733061712,23128.0,OK,"PPML on the count, no offset, every district-day (addendum 23.3, 30)",REAL,True,2000,2000,1000,circular_within_block_fw7,0,resume with 2 workers after a second out-of-memory kill of the process pool at 20:17:13Z (a worker reached 4.96 GB on the pooled stratum's 60-day cells under 3 workers); the automatic 3-worker retry (start row 6) was stopped by hand at 20:19Z; parallelism changes no number (every cell is seeded from its own identity); no sealed result existed; cells resume from their ledgers
C1_clean,mh_narrow,PPML_count_no_offset,diag_raw_count,diagnostic,early,primary,15,59.0,14,14,18.341504401382434,-0.01965160266964823,0.014977002640731596,"[-0.014271944968942886, 0.01656387012201836, -0.00993228422292329, -0.02782978241390568, -0.00044050445860964764, -0.046031566420017184, -0.014408720766032982, -0.060861888228772504]","[0.017976889579642705, 0.01816885478077334, 0.023400443919418278, 0.022952374888046224, 0.02536595533206419, 0.020449539944600893, 0.020292063180955878, 0.025480289946990566]",8.0,0.07746126936531735,0.01880694763170088,,circular_within_block_fw7,0.0,2000,685.0,5.374253843537141,23128.0,OK,"PPML on the count, no offset, every district-day (addendum 23.3, 30)",REAL,True,2000,2000,1000,circular_within_block_fw7,0,resume with 2 workers after a second out-of-memory kill of the process pool at 20:17:13Z (a worker reached 4.96 GB on the pooled stratum's 60-day cells under 3 workers); the automatic 3-worker retry (start row 6) was stopped by hand at 20:19Z; parallelism changes no number (every cell is seeded from its own identity); no sealed result existed; cells resume from their ledgers
C1_clean,total_calls,PPML_count_no_offset,diag_total_dispatches,diagnostic,early,primary,15,59.0,14,14,7.307336178397027,-0.01584998528942623,0.010489689210201726,"[-0.010898006699385534, -0.008995640381506789, -0.02329178361662399, -0.017073238286501532, 0.0006700087635779397, -0.017114671047908737, -0.012892236876782407, -0.037204314170278786]","[0.01279811804654519, 0.013800461663041464, 0.015488005797556105, 0.015711876975625105, 0.02028731491354148, 0.016585879982172775, 0.01542497765407911, 0.015470949094409539]",8.0,0.5422288855572214,0.5038653857501885,,circular_within_block_fw7,0.0,2000,685.0,4.93595153729602,23128.0,OK,"PPML on total dispatches, no offset, every district-day (addendum 23.3, 30)",REAL,True,2000,2000,1000,circular_within_block_fw7,0,resume with 2 workers after a second out-of-memory kill of the process pool at 20:17:13Z (a worker reached 4.96 GB on the pooled stratum's 60-day cells under 3 workers); the automatic 3-worker retry (start row 6) was stopped by hand at 20:19Z; parallelism changes no number (every cell is seeded from its own identity); no sealed result existed; cells resume from their ledgers
C1_clean,cardiac_share,OLS_share,placebo,placebo,early,primary,15,59.0,14,14,12.661242078439935,0.0012101972352019925,0.0014619187542848932,"[0.001370695354653114, 0.001769457513708835, -0.000652034584992832, -0.0014213524756813457, 0.0013474215510209822, 0.0010665413858958895, 0.002984996648171083, 0.003215852488840213]","[0.0019857275234148567, 0.0019457991019559413, 0.0019645555777409174, 0.0016844965270144722, 0.0018345000892249638, 0.0018802820625323183, 0.002440797203318429, 0.0018771842636347862]",8.0,0.2608695652173913,0.12404895808515218,,circular_within_block_fw7,0.0,2000,685.0,5.931624431060258,23128.0,OK,"falsification, not confirmation",REAL,True,2000,2000,1000,circular_within_block_fw7,0,resume with 2 workers after a second out-of-memory kill of the process pool at 20:17:13Z (a worker reached 4.96 GB on the pooled stratum's 60-day cells under 3 workers); the automatic 3-worker retry (start row 6) was stopped by hand at 20:19Z; parallelism changes no number (every cell is seeded from its own identity); no sealed result existed; cells resume from their ledgers
C1_clean,cardiac,PPML_count_offset,placebo,placebo,early,primary,15,59.0,14,14,8.050331456235822,0.013849944176758743,0.019312688211381678,"[0.018082566688853424, 0.017657079682553204, -0.0022843391729650436, -0.012774461307578262, 0.012495428751233438, 0.02184896880058481, 0.025817776026664734, 0.02995653394472364]","[0.024050160687574058, 0.023629531027171677, 0.02553245513096426, 0.021614185670165938, 0.026103693697816552, 0.023719533816835878, 0.029050414464518507, 0.024162791867691043]",8.0,0.559720139930035,0.4285691024430719,,circular_within_block_fw7,0.0,2000,685.0,5.770857200579994,23128.0,OK,"falsification, not confirmation",REAL,True,2000,2000,1000,circular_within_block_fw7,0,resume with 2 workers after a second out-of-memory kill of the process pool at 20:17:13Z (a worker reached 4.96 GB on the pooled stratum's 60-day cells under 3 workers); the automatic 3-worker retry (start row 6) was stopped by hand at 20:19Z; parallelism changes no number (every cell is seeded from its own identity); no sealed result existed; cells resume from their ledgers
C1_clean,injury_share,OLS_share,placebo,placebo,early,primary,15,59.0,14,14,9.631225460548423,-0.001852611432996069,0.001907790831124892,"[0.002290173276394947, -0.004929952530088311, -0.0022304258951330092, -0.001701733643693543, -0.0006412448197548625, -0.0006219991323024468, -0.0026089926282696343, -0.004376716091121691]","[0.002539992592275607, 0.0031876194357572966, 0.0026645291645628257, 0.0027654446623724123, 0.00313361294247498, 0.0039474362125246736, 0.0025178704944205984, 0.0025655522346811283]",8.0,0.3453273363318341,0.291868542439933,,circular_within_block_fw7,0.0,2000,685.0,5.130340681597114,23128.0,OK,"falsification, not confirmation",REAL,True,2000,2000,1000,circular_within_block_fw7,0,resume with 2 workers after a second out-of-memory kill of the process pool at 20:17:13Z (a worker reached 4.96 GB on the pooled stratum's 60-day cells under 3 workers); the automatic 3-worker retry (start row 6) was stopped by hand at 20:19Z; parallelism changes no number (every cell is seeded from its own identity); no sealed result existed; cells resume from their ledgers
C1_clean,injury,PPML_count_offset,placebo,placebo,early,primary,15,59.0,14,14,10.025467809128639,-0.01192149377513562,0.009328633012762487,"[0.012790266944173161, -0.023897520477530833, -0.01835830153095996, -0.017134635891667842, -0.010390755034442223, -0.004281319377825594, -0.014341046917337069, -0.0197586379154946]","[0.012745188490539048, 0.016955194488618305, 0.012512819732200841, 0.014968005504824819, 0.015149579510009751, 0.019534769389761696, 0.012451023216060246, 0.013825518934004164]",8.0,0.3713143428285857,0.2632429579435197,,circular_within_block_fw7,0.0,2000,685.0,4.942753210274907,23128.0,OK,"falsification, not confirmation",REAL,True,2000,2000,1000,circular_within_block_fw7,0,resume with 2 workers after a second out-of-memory kill of the process pool at 20:17:13Z (a worker reached 4.96 GB on the pooled stratum's 60-day cells under 3 workers); the automatic 3-worker retry (start row 6) was stopped by hand at 20:19Z; parallelism changes no number (every cell is seeded from its own identity); no sealed result existed; cells resume from their ledgers
C1_clean,asthma_share,OLS_share,placebo,placebo,early,primary,15,59.0,14,14,13.404483207663946,0.0001842497175295876,0.0006530342817127128,"[-0.0007954783505483554, 0.000565903438179148, 0.0002566316764816887, 0.00017068910641552073, 0.00018930667869418997, 0.00010946991584712941, 7.949512508505476e-05, 0.0008979801500823249]","[0.0007534033877638341, 0.0007924210793192095, 0.0007419879524367732, 0.0007772603067245067, 0.0007427261474134585, 0.0007447373602186467, 0.0008483467137081571, 0.0007412319336752284]",8.0,0.1619190404797601,0.09866973926159123,,circular_within_block_fw7,0.0,2000,685.0,4.507747489833869,23128.0,OK,"falsification, not confirmation",REAL,True,2000,2000,1000,circular_within_block_fw7,0,resume with 2 workers after a second out-of-memory kill of the process pool at 20:17:13Z (a worker reached 4.96 GB on the pooled stratum's 60-day cells under 3 workers); the automatic 3-worker retry (start row 6) was stopped by hand at 20:19Z; parallelism changes no number (every cell is seeded from its own identity); no sealed result existed; cells resume from their ledgers
C1_clean,asthma,PPML_count_offset,placebo,placebo,early,primary,15,59.0,14,14,8.069660468069474,0.03037724261018674,0.05948108887429609,"[-0.043900883034387085, 0.058235441657532555, 0.03621857719760234, 0.0298418549875705, 0.040472490878655516, 0.0204359499041434, 0.01298124905552769, 0.08873326023484901]","[0.07138886576230245, 0.07395073660611585, 0.07504044206388691, 0.07035180895156397, 0.07217803263561802, 0.07456851852895591, 0.07130680606378569, 0.0679189858547723]",8.0,0.5792103948025987,0.4266952438935203,,circular_within_block_fw7,0.0,2000,685.0,5.378994955887558,23128.0,OK,"falsification, not confirmation",REAL,True,2000,2000,1000,circular_within_block_fw7,0,resume with 2 workers after a second out-of-memory kill of the process pool at 20:17:13Z (a worker reached 4.96 GB on the pooled stratum's 60-day cells under 3 workers); the automatic 3-worker retry (start row 6) was stopped by hand at 20:19Z; parallelism changes no number (every cell is seeded from its own identity); no sealed result existed; cells resume from their ledgers
C1_clean,edp_share,OLS_share,sens_post28,sensitivity,early,primary,15,59.0,28,14,26.42678877448419,-0.0004770049818063292,0.001381121220380288,"[0.0008039490776883345, 0.002754955108656099, 0.0013427871811870543, -0.002355088856796498, 0.0003634598045347199, -0.002962572099709766, -0.001661463756784013, -0.0021020663132265646]","[0.0014992678956151804, 0.00154103946789069, 0.002268991829524624, 0.001683823706231983, 0.0022779028634830885, 0.001784808231719291, 0.0018298999311500907, 0.0020490425601773494]",8.0,0.0069965017491254375,0.0008874373700800208,,circular_within_block_fw7,0.0,2000,685.0,5.1823775766536615,31270.0,OK,28-day post window (addendum 3); placebo starts drawn on the certified 14-day geometry; tails truncate at the stratum edge (addendum 17),REAL,True,2000,2000,1000,circular_within_block_fw7,0,resume with 2 workers after a second out-of-memory kill of the process pool at 20:17:13Z (a worker reached 4.96 GB on the pooled stratum's 60-day cells under 3 workers); the automatic 3-worker retry (start row 6) was stopped by hand at 20:19Z; parallelism changes no number (every cell is seeded from its own identity); no sealed result existed; cells resume from their ledgers
C1_clean,edp,PPML_count_offset,sens_post28,sensitivity,early,primary,15,59.0,28,14,25.265396148445976,0.010806009425958588,0.016159226702149948,"[0.03599474349942833, 0.041847795733255665, 0.03407593559639889, -0.014804201061045753, 0.026757174297813494, -0.025727335211956397, 0.0012384345952514983, -0.012934472041477022]","[0.018010883581319276, 0.017887716686310257, 0.026409759539781263, 0.021660942594588752, 0.029645881471364897, 0.023826607160274207, 0.021298223335419638, 0.024206716579883405]",8.0,0.01699150424787606,0.001401440892898411,,circular_within_block_fw7,0.0,2000,685.0,5.450835426383348,31270.0,OK,28-day post window (addendum 3); placebo starts drawn on the certified 14-day geometry; tails truncate at the stratum edge (addendum 17),REAL,True,2000,2000,1000,circular_within_block_fw7,0,resume with 2 workers after a second out-of-memory kill of the process pool at 20:17:13Z (a worker reached 4.96 GB on the pooled stratum's 60-day cells under 3 workers); the automatic 3-worker retry (start row 6) was stopped by hand at 20:19Z; parallelism changes no number (every cell is seeded from its own identity); no sealed result existed; cells resume from their ledgers
C1_clean,mh_narrow_share,OLS_share,sens_post28,sensitivity,early,primary,15,59.0,28,14,20.384858138642254,-0.0005696711220597919,0.0015631828392215965,"[-0.0014229234634179446, 0.0028747105919409398, 0.0008626793947823298, -0.0009338789145755595, 6.990633057419732e-05, -0.0026625636294200974, -0.0010052265403255782, -0.0023400727460366217]","[0.001679904432928044, 0.0017518544731766157, 0.0021996615147250177, 0.001869017759298995, 0.002844676809630277, 0.0019263160810909243, 0.0020519452687820885, 0.0020873659115174456]",8.0,0.04597701149425287,0.008974053808842364,,circular_within_block_fw7,0.0,2000,685.0,5.413820361560687,31270.0,OK,28-day post window (addendum 3); placebo starts drawn on the certified 14-day geometry; tails truncate at the stratum edge (addendum 17),REAL,True,2000,2000,1000,circular_within_block_fw7,0,resume with 2 workers after a second out-of-memory kill of the process pool at 20:17:13Z (a worker reached 4.96 GB on the pooled stratum's 60-day cells under 3 workers); the automatic 3-worker retry (start row 6) was stopped by hand at 20:19Z; parallelism changes no number (every cell is seeded from its own identity); no sealed result existed; cells resume from their ledgers
C1_clean,mh_narrow,PPML_count_offset,sens_post28,sensitivity,early,primary,15,59.0,28,14,14.170646466913409,0.0014543656724375024,0.013651103836672047,"[0.0017474731904838568, 0.02683162684306791, 0.01973617149103001, -0.0050454330979837515, 0.004796616598356181, -0.02121367052224411, 0.0031733203178223655, -0.01839117944103244]","[0.014871418223926942, 0.01548169297806996, 0.019199316018442256, 0.018906961995619892, 0.029211089015797085, 0.01846832703200312, 0.01949692162620139, 0.019386241007349002]",8.0,0.17691154422788605,0.07742458521504184,,circular_within_block_fw7,0.0,2000,685.0,5.161589094397235,31270.0,OK,28-day post window (addendum 3); placebo starts drawn on the certified 14-day geometry; tails truncate at the stratum edge (addendum 17),REAL,True,2000,2000,1000,circular_within_block_fw7,0,resume with 2 workers after a second out-of-memory kill of the process pool at 20:17:13Z (a worker reached 4.96 GB on the pooled stratum's 60-day cells under 3 workers); the automatic 3-worker retry (start row 6) was stopped by hand at 20:19Z; parallelism changes no number (every cell is seeded from its own identity); no sealed result existed; cells resume from their ledgers
C1_clean,edp_share,OLS_share,sens_post60,sensitivity,early,primary,15,59.0,60,14,23.421939257718186,-0.00047039057970847133,0.0014126761413841328,"[0.0006815769921665705, 0.0025770062116798956, 0.0013271243756461204, -0.0021977619840871567, 0.0005506473268183363, -0.0028158154043590442, -0.0016614637567841687, -0.0022244383987483234]","[0.0015226183451191656, 0.0015591155737186976, 0.0022858674392402275, 0.0017120667438762244, 0.002325538934745801, 0.001856773542083838, 0.0018838600498381286, 0.002087290058661709]",8.0,0.01899050474762619,0.002862729687494036,,circular_within_block_fw7,0.0,2000,685.0,5.15702577517337,38704.0,OK,60-day post window (addendum 3); placebo starts drawn on the certified 14-day geometry; tails truncate at the stratum edge (addendum 17),REAL,True,2000,2000,1000,circular_within_block_fw7,0,resume with 2 workers after a second out-of-memory kill of the process pool at 20:17:13Z (a worker reached 4.96 GB on the pooled stratum's 60-day cells under 3 workers); the automatic 3-worker retry (start row 6) was stopped by hand at 20:19Z; parallelism changes no number (every cell is seeded from its own identity); no sealed result existed; cells resume from their ledgers
C1_clean,edp,PPML_count_offset,sens_post60,sensitivity,early,primary,15,59.0,60,14,21.87556783630482,0.010068028503474935,0.016386772306669996,"[0.03290493623695756, 0.038992054389019974, 0.0328514405187105, -0.013860880081882911, 0.02843514723529747, -0.0241204532960705, 0.001070405017566938, -0.015728421991799555]","[0.018019345443814568, 0.017718907928949826, 0.026658207134702176, 0.02225588193773107, 0.030222234561468636, 0.025252352399934955, 0.021981475948275098, 0.024737519332248582]",8.0,0.031984007996002,0.00515166827297484,,circular_within_block_fw7,0.0,2000,685.0,5.24088915427472,38704.0,OK,60-day post window (addendum 3); placebo starts drawn on the certified 14-day geometry; tails truncate at the stratum edge (addendum 17),REAL,True,2000,2000,1000,circular_within_block_fw7,0,resume with 2 workers after a second out-of-memory kill of the process pool at 20:17:13Z (a worker reached 4.96 GB on the pooled stratum's 60-day cells under 3 workers); the automatic 3-worker retry (start row 6) was stopped by hand at 20:19Z; parallelism changes no number (every cell is seeded from its own identity); no sealed result existed; cells resume from their ledgers
C1_clean,mh_narrow_share,OLS_share,sens_post60,sensitivity,early,primary,15,59.0,60,14,19.86291953950449,-0.0005917202627183139,0.0015877804101961418,"[-0.0015067504572553957, 0.0026934126364133327, 0.0007670003182147703, -0.000857271775804488, 0.0001457727272263723, -0.0025467992703412765, -0.0010052265403257517, -0.0024238997398740745]","[0.0016721845559455216, 0.0017527931301262506, 0.0021986260578151337, 0.0018993792014517343, 0.002897433869147942, 0.001988435961450998, 0.0020842125879744575, 0.0021105835961167272]",8.0,0.062468765617191405,0.010867300879343605,,circular_within_block_fw7,0.0,2000,685.0,5.784404396716993,38704.0,OK,60-day post window (addendum 3); placebo starts drawn on the certified 14-day geometry; tails truncate at the stratum edge (addendum 17),REAL,True,2000,2000,1000,circular_within_block_fw7,0,resume with 2 workers after a second out-of-memory kill of the process pool at 20:17:13Z (a worker reached 4.96 GB on the pooled stratum's 60-day cells under 3 workers); the automatic 3-worker retry (start row 6) was stopped by hand at 20:19Z; parallelism changes no number (every cell is seeded from its own identity); no sealed result existed; cells resume from their ledgers
C1_clean,mh_narrow,PPML_count_offset,sens_post60,sensitivity,early,primary,15,59.0,60,14,13.286554378916069,0.0008525835825975775,0.013707892668084707,"[-0.0004367996022692102, 0.0247948459555133, 0.01856296705779708, -0.004746191080774819, 0.005742573302551265, -0.019783675559389813, 0.003056707455406314, -0.02036975886805349]","[0.014437829071440067, 0.015134473881862898, 0.019307202440981382, 0.019339321326455355, 0.0296819130242361, 0.01945850740372931, 0.0197383599761713, 0.019747061837697914]",8.0,0.2158920539730135,0.10236314799245788,,circular_within_block_fw7,0.0,2000,685.0,5.077961458063439,38704.0,OK,60-day post window (addendum 3); placebo starts drawn on the certified 14-day geometry; tails truncate at the stratum edge (addendum 17),REAL,True,2000,2000,1000,circular_within_block_fw7,0,resume with 2 workers after a second out-of-memory kill of the process pool at 20:17:13Z (a worker reached 4.96 GB on the pooled stratum's 60-day cells under 3 workers); the automatic 3-worker retry (start row 6) was stopped by hand at 20:19Z; parallelism changes no number (every cell is seeded from its own identity); no sealed result existed; cells resume from their ledgers
C1_clean,edp_share,OLS_share,sens_drop_jul2016,sensitivity,early,primary_minus_jul2016,14,59.0,14,14,25.73776933302848,-0.0014062078864366002,0.001241258337826926,"[0.00014163937706392486, 0.002117050080680634, -0.0003947147209777459, -0.003397885510829915, -8.052295952126432e-05, -0.0038715465473779555, -0.002425764066210565, -0.003337918744319915]","[0.0013887228173371413, 0.0014673808502465183, 0.0020093745208689313, 0.0015779335123889632, 0.0023005425535997355, 0.0017796205244969426, 0.0017474884594672344, 0.0019661126171337524]",8.0,0.008995502248875561,0.0011644735025495277,,circular_within_block_fw7,0.0,2000,685.0,5.306284475397965,21417.0,OK,Sterling + Castile + the Dallas attack,REAL,True,2000,2000,1000,circular_within_block_fw7,0,resume with 2 workers after a second out-of-memory kill of the process pool at 20:17:13Z (a worker reached 4.96 GB on the pooled stratum's 60-day cells under 3 workers); the automatic 3-worker retry (start row 6) was stopped by hand at 20:19Z; parallelism changes no number (every cell is seeded from its own identity); no sealed result existed; cells resume from their ledgers
C1_clean,edp,PPML_count_offset,sens_drop_jul2016,sensitivity,early,primary_minus_jul2016,14,59.0,14,14,28.825456758514026,0.001147965186377514,0.015515132067003423,"[0.028012431435895005, 0.04117989212319212, 0.014775397372924562, -0.028640870216699376, 0.023682422918470898, -0.03497389604212105, -0.009724179332126858, -0.025127476768515185]","[0.017912773439176466, 0.017538683125268927, 0.024300671371028704, 0.02128477496995995, 0.030417468901696165, 0.024238566339954866, 0.01993850663447069, 0.02432252249205595]",8.0,0.005997001499250375,0.0003402541319396352,,circular_within_block_fw7,0.0,2000,685.0,5.2091124780964115,21417.0,OK,Sterling + Castile + the Dallas attack,REAL,True,2000,2000,1000,circular_within_block_fw7,0,resume with 2 workers after a second out-of-memory kill of the process pool at 20:17:13Z (a worker reached 4.96 GB on the pooled stratum's 60-day cells under 3 workers); the automatic 3-worker retry (start row 6) was stopped by hand at 20:19Z; parallelism changes no number (every cell is seeded from its own identity); no sealed result existed; cells resume from their ledgers
C1_clean,mh_narrow_share,OLS_share,sens_drop_jul2016,sensitivity,early,primary_minus_jul2016,14,59.0,14,14,21.954647193984794,-0.0016816868550774216,0.0013848957635029023,"[-0.0022550488329878006, 0.002196273860077174, -0.0009980626930365763, -0.002063052320501172, -0.0005046530102510753, -0.003926030684447772, -0.002378847322104442, -0.0035240738373677094]","[0.0015437179272138244, 0.0016057645185674663, 0.0019406900167120815, 0.001768205032539816, 0.002888615341462803, 0.001856575560864111, 0.0019112445563737213, 0.002013966757427664]",8.0,0.03248375812093953,0.005000579637838667,,circular_within_block_fw7,0.0,2000,685.0,5.3595325755137475,21417.0,OK,Sterling + Castile + the Dallas attack,REAL,True,2000,2000,1000,circular_within_block_fw7,0,resume with 2 workers after a second out-of-memory kill of the process pool at 20:17:13Z (a worker reached 4.96 GB on the pooled stratum's 60-day cells under 3 workers); the automatic 3-worker retry (start row 6) was stopped by hand at 20:19Z; parallelism changes no number (every cell is seeded from its own identity); no sealed result existed; cells resume from their ledgers
C1_clean,mh_narrow,PPML_count_offset,sens_drop_jul2016,sensitivity,early,primary_minus_jul2016,14,59.0,14,14,19.06986774592329,-0.007647384986756911,0.013082308227518656,"[-0.005704208571043955, 0.02568675395617061, 0.0036145441803310425, -0.016983746123192645, 0.0023141286901772386, -0.03198767117064211, -0.010360974243800948, -0.027757906612054524]","[0.014577639426953459, 0.014922626233097714, 0.017621592851500067, 0.018943330138381596, 0.030047430277557078, 0.018538317912343682, 0.0180890121847484, 0.01991524955025264]",8.0,0.06446776611694154,0.014490427092718975,,circular_within_block_fw7,0.0,2000,685.0,5.376927076558911,21417.0,OK,Sterling + Castile + the Dallas attack,REAL,True,2000,2000,1000,circular_within_block_fw7,0,resume with 2 workers after a second out-of-memory kill of the process pool at 20:17:13Z (a worker reached 4.96 GB on the pooled stratum's 60-day cells under 3 workers); the automatic 3-worker retry (start row 6) was stopped by hand at 20:19Z; parallelism changes no number (every cell is seeded from its own identity); no sealed result existed; cells resume from their ledgers
C1_clean,edp_share,OLS_share,sens_coverage_clean,sensitivity,early,primary_minus_2_break_window(s),13,59.0,14,14,24.540622396763784,-0.000980374386044165,0.0014556883772772254,"[0.00036776336386961023, 0.002003661991283764, -2.9346497432696474e-05, -0.002428309715000994, 0.0013580811404254912, -0.0036875407586578414, -0.0024541182517175976, -0.0029731863611230564]","[0.0015144021156066967, 0.0016959120671980726, 0.0024465226022635724, 0.0017503360761721176, 0.0019864328907323045, 0.001970695985132034, 0.0018274357460125563, 0.002021593394566201]",8.0,0.025987006496751622,0.001858938882777082,,circular_within_block_fw7,0.0,2000,685.0,5.608349681778689,20119.0,OK,EDPE first_date 2024-04-10; EDPM first_date 2021-06-03; EDPT first_date 2023-03-01; EDPW last_date 2021-08-25; nan missing_district_step 2016-01-01,REAL,True,2000,2000,1000,circular_within_block_fw7,0,resume with 2 workers after a second out-of-memory kill of the process pool at 20:17:13Z (a worker reached 4.96 GB on the pooled stratum's 60-day cells under 3 workers); the automatic 3-worker retry (start row 6) was stopped by hand at 20:19Z; parallelism changes no number (every cell is seeded from its own identity); no sealed result existed; cells resume from their ledgers
C1_clean,edp,PPML_count_offset,sens_coverage_clean,sensitivity,early,primary_minus_2_break_window(s),13,59.0,14,14,27.537187969940057,0.007287245304686836,0.01774569528647392,"[0.03028049747547792, 0.036513718867823855, 0.023222580144291242, -0.012041884798275658, 0.04512298255293213, -0.03713455540495192, -0.007156357313919888, -0.020509019085883]","[0.018413833018602534, 0.020430619411587803, 0.028918022752339373, 0.023669295403870853, 0.024136922615591166, 0.026227169167951436, 0.02149356941683021, 0.025098930457570782]",8.0,0.015492253873063468,0.0005707428629921279,,circular_within_block_fw7,0.0,2000,685.0,5.742947285929695,20119.0,OK,EDPE first_date 2024-04-10; EDPM first_date 2021-06-03; EDPT first_date 2023-03-01; EDPW last_date 2021-08-25; nan missing_district_step 2016-01-01,REAL,True,2000,2000,1000,circular_within_block_fw7,0,resume with 2 workers after a second out-of-memory kill of the process pool at 20:17:13Z (a worker reached 4.96 GB on the pooled stratum's 60-day cells under 3 workers); the automatic 3-worker retry (start row 6) was stopped by hand at 20:19Z; parallelism changes no number (every cell is seeded from its own identity); no sealed result existed; cells resume from their ledgers
C1_clean,edp_share,OLS_share,sens_geocoding_clean,sensitivity,early,primary_minus_1_break_window(s),14,59.0,14,14,29.46123570526624,-0.000544912807662241,0.0014154470199867256,"[0.0010582634925857665, 0.0025513642868396176, 0.0004673688379989719, -0.002028686419980826, 0.0017729699658476307, -0.0029977448240814755, -0.00220989665593088, -0.0029729411445767323]","[0.0014959952021400026, 0.0016372694198006257, 0.002307334998348812, 0.0016775523896746124, 0.001895301407778427, 0.0019167186076053935, 0.0017445343060453371, 0.001983258505097059]",8.0,0.008995502248875561,0.0002630958412290178,,circular_within_block_fw7,0.0,2000,685.0,5.481386133053079,21417.0,OK,nan missing_district_step 2016-01-01,REAL,True,2000,2000,1000,circular_within_block_fw7,0,resume with 2 workers after a second out-of-memory kill of the process pool at 20:17:13Z (a worker reached 4.96 GB on the pooled stratum's 60-day cells under 3 workers); the automatic 3-worker retry (start row 6) was stopped by hand at 20:19Z; parallelism changes no number (every cell is seeded from its own identity); no sealed result existed; cells resume from their ledgers
C1_clean,edp,PPML_count_offset,sens_geocoding_clean,sensitivity,early,primary_minus_1_break_window(s),14,59.0,14,14,33.563319155888074,0.01074682587459844,0.01663930970860922,"[0.03970486726565177, 0.04101849910608673, 0.024028014963656433, -0.012176049112989668, 0.04787169359068875, -0.02951550949682653, -0.003720597517875722, -0.02123631180160423]","[0.018065863296998934, 0.019081563921584922, 0.026729845282881633, 0.02200652770535995, 0.022340177075380087, 0.024975307114346368, 0.020013145454862668, 0.024016289796944708]",8.0,0.004497751124437781,4.873462875131902e-05,,circular_within_block_fw7,0.0,2000,685.0,5.390978386242894,21417.0,OK,nan missing_district_step 2016-01-01,REAL,True,2000,2000,1000,circular_within_block_fw7,0,resume with 2 workers after a second out-of-memory kill of the process pool at 20:17:13Z (a worker reached 4.96 GB on the pooled stratum's 60-day cells under 3 workers); the automatic 3-worker retry (start row 6) was stopped by hand at 20:19Z; parallelism changes no number (every cell is seeded from its own identity); no sealed result existed; cells resume from their ledgers
C1_clean,mh_narrow_share,OLS_share,sens_coverage_clean,sensitivity,early,primary_minus_3_break_window(s),12,59.0,14,14,23.285393377239714,-0.00036271059070921443,0.0017613943583701906,"[-0.0012296887816765844, 0.0034847409086206293, 0.000657565162765822, -0.0008217057917339374, 0.001755039430564786, -0.0022786073532965016, -0.0013067668838026589, -0.0031622614171152707]","[0.0019827359347079025, 0.0019965517758845325, 0.002430039194859451, 0.0022080102045193375, 0.0024415437603929075, 0.0021646829680222203, 0.002239202233356992, 0.002210927823740446]",8.0,0.051974012993503245,0.0030165214559527303,,circular_within_block_fw7,0.0,2000,685.0,6.178403992660491,19116.0,OK,ALTMFC last_date 2024-03-30; ALTMFT first_date 2021-03-10; ALTMFT last_date 2022-12-24; EDPE first_date 2024-04-10; EDPM first_date 2021-06-03; EDPT first_date 2023-03-01; EDPW last_date 2021-08-25; nan missing_district_step 2016-01-01,REAL,True,2000,2000,1000,circular_within_block_fw7,0,resume with 2 workers after a second out-of-memory kill of the process pool at 20:17:13Z (a worker reached 4.96 GB on the pooled stratum's 60-day cells under 3 workers); the automatic 3-worker retry (start row 6) was stopped by hand at 20:19Z; parallelism changes no number (every cell is seeded from its own identity); no sealed result existed; cells resume from their ledgers
C1_clean,mh_narrow,PPML_count_offset,sens_coverage_clean,sensitivity,early,primary_minus_3_break_window(s),12,59.0,14,14,17.636715727580633,-0.00014390514428696318,0.01656416630180431,"[-0.002681786283446121, 0.0277646020476658, 0.01678769787550099, -0.006037820381738017, 0.022261146877638898, -0.023666722067293075, -0.004201022636748332, -0.031377336585875854]","[0.01865952312860367, 0.018764037538452547, 0.02218201227384172, 0.02340853140961659, 0.023543462691652903, 0.021882337996144502, 0.022156811788886174, 0.021913592043652903]",8.0,0.11544227886056972,0.024121237129098593,,circular_within_block_fw7,0.0,2000,685.0,6.196376413102783,19116.0,OK,ALTMFC last_date 2024-03-30; ALTMFT first_date 2021-03-10; ALTMFT last_date 2022-12-24; EDPE first_date 2024-04-10; EDPM first_date 2021-06-03; EDPT first_date 2023-03-01; EDPW last_date 2021-08-25; nan missing_district_step 2016-01-01,REAL,True,2000,2000,1000,circular_within_block_fw7,0,resume with 2 workers after a second out-of-memory kill of the process pool at 20:17:13Z (a worker reached 4.96 GB on the pooled stratum's 60-day cells under 3 workers); the automatic 3-worker retry (start row 6) was stopped by hand at 20:19Z; parallelism changes no number (every cell is seeded from its own identity); no sealed result existed; cells resume from their ledgers
C1_clean,mh_narrow_share,OLS_share,sens_geocoding_clean,sensitivity,early,primary_minus_1_break_window(s),14,59.0,14,14,22.01480456763153,-0.00036456552641358976,0.0015767517030403277,"[-0.0013803882270295225, 0.0031963384613272684, 0.00013619502783854108, -0.0007636405347673729, 0.0022906834168772185, -0.002673048604741935, -0.0012290797085176624, -0.0024935840422952537]","[0.0017634184327368493, 0.0018135296690848768, 0.0021877458640933373, 0.0019481160794599947, 0.0022076220077744905, 0.002008243313870369, 0.0019800038810670805, 0.0021146930064572427]",8.0,0.04547726136931534,0.0048885155450785825,,circular_within_block_fw7,0.0,2000,685.0,5.792496189555185,21417.0,OK,nan missing_district_step 2016-01-01,REAL,True,2000,2000,1000,circular_within_block_fw7,0,resume with 2 workers after a second out-of-memory kill of the process pool at 20:17:13Z (a worker reached 4.96 GB on the pooled stratum's 60-day cells under 3 workers); the automatic 3-worker retry (start row 6) was stopped by hand at 20:19Z; parallelism changes no number (every cell is seeded from its own identity); no sealed result existed; cells resume from their ledgers
C1_clean,mh_narrow,PPML_count_offset,sens_geocoding_clean,sensitivity,early,primary_minus_1_break_window(s),14,59.0,14,14,17.564408532194776,0.0028175216452525666,0.01427025401657572,"[0.0016506618090711637, 0.029013421912373084, 0.012992558687697466, -0.00479278940182136, 0.029056731814335393, -0.025435453534635215, 0.0012258814995832912, -0.021170839624583295]","[0.015818161927214733, 0.016459275829825055, 0.019559355101591052, 0.020129989500777157, 0.020666548199315286, 0.019204515943286506, 0.019226147041977976, 0.02021655527457685]",8.0,0.07296351824087956,0.02474008763803428,,circular_within_block_fw7,0.0,2000,685.0,5.3576357692881835,21417.0,OK,nan missing_district_step 2016-01-01,REAL,True,2000,2000,1000,circular_within_block_fw7,0,resume with 2 workers after a second out-of-memory kill of the process pool at 20:17:13Z (a worker reached 4.96 GB on the pooled stratum's 60-day cells under 3 workers); the automatic 3-worker retry (start row 6) was stopped by hand at 20:19Z; parallelism changes no number (every cell is seeded from its own identity); no sealed result existed; cells resume from their ledgers
C1_clean,cardiac_share,OLS_share,sens_coverage_clean,sensitivity,early,primary_minus_2_break_window(s),13,59.0,14,14,15.188158515594072,0.002022143685793779,0.0014670266512633629,"[0.0017860121701265199, 0.0023182292346599275, 0.0005578704518681996, -0.001092175210434479, 0.0032391565389726096, 0.0014629271268639344, 0.004183930168160894, 0.0037211990061326275]","[0.0017671099076706819, 0.0019277331884340518, 0.002057109007825796, 0.0017031321810248828, 0.0017530923224658688, 0.0019415555378888367, 0.002609352224612756, 0.002027489941428533]",8.0,0.16391804097951024,0.055588454160966284,,circular_within_block_fw7,0.0,2000,685.0,5.783417682382374,20296.0,OK,ARREFC last_date 2024-04-24; ARREFT first_date 2022-11-21; ARREFT last_date 2022-12-03; CARDFC last_date 2024-06-29; CARDFT first_date 2021-01-06; CARDFT last_date 2023-01-14; CVACFC last_date 2024-03-31; CVACFT first_date 2022-11-01; CVACFT last_date 2022-11-01; CVAFC last_date 2023-11-27; nan missing_district_step 2016-01-01,REAL,True,2000,2000,1000,circular_within_block_fw7,0,resume with 2 workers after a second out-of-memory kill of the process pool at 20:17:13Z (a worker reached 4.96 GB on the pooled stratum's 60-day cells under 3 workers); the automatic 3-worker retry (start row 6) was stopped by hand at 20:19Z; parallelism changes no number (every cell is seeded from its own identity); no sealed result existed; cells resume from their ledgers
C1_clean,cardiac,PPML_count_offset,sens_coverage_clean,sensitivity,early,primary_minus_2_break_window(s),13,59.0,14,14,12.499901269412161,0.023256642506050935,0.020067655994168238,"[0.02072243386712688, 0.024704644269259213, 0.011588059221964294, -0.012297057108418516, 0.036675339989553996, 0.03007071398521205, 0.04132222996786726, 0.03326677585584229]","[0.023046464626957024, 0.02427807139278654, 0.026783483982962628, 0.021663040171806595, 0.02457772514177593, 0.025786576611074002, 0.03160391913366763, 0.026542500626193177]",8.0,0.29235382308845576,0.13025423244028714,,circular_within_block_fw7,0.0,2000,685.0,6.025139448292388,20296.0,OK,ARREFC last_date 2024-04-24; ARREFT first_date 2022-11-21; ARREFT last_date 2022-12-03; CARDFC last_date 2024-06-29; CARDFT first_date 2021-01-06; CARDFT last_date 2023-01-14; CVACFC last_date 2024-03-31; CVACFT first_date 2022-11-01; CVACFT last_date 2022-11-01; CVAFC last_date 2023-11-27; nan missing_district_step 2016-01-01,REAL,True,2000,2000,1000,circular_within_block_fw7,0,resume with 2 workers after a second out-of-memory kill of the process pool at 20:17:13Z (a worker reached 4.96 GB on the pooled stratum's 60-day cells under 3 workers); the automatic 3-worker retry (start row 6) was stopped by hand at 20:19Z; parallelism changes no number (every cell is seeded from its own identity); no sealed result existed; cells resume from their ledgers
C1_clean,injury_share,OLS_share,sens_coverage_clean,sensitivity,early,primary_minus_1_break_window(s),14,59.0,14,14,7.130676946083197,-0.001222881811101608,0.0020021635488746987,"[0.0025731505867725396, -0.0031757095877731106, -0.0013932824634620856, -0.0018208089669662483, -0.0012057951035978963, 0.0011009057544492488, -0.0020605192997196287, -0.0038009954085156845]","[0.0027025024234015095, 0.003006890805729232, 0.002763040243685919, 0.0029092619817280944, 0.003272523608788609, 0.003852775380125407, 0.002594759744893239, 0.0026869881372150895]",8.0,0.5967016491754122,0.5226015882830444,,circular_within_block_fw7,0.0,2000,685.0,4.869390155627728,21417.0,OK,INJALS last_date 2015-12-16; nan missing_district_step 2016-01-01,REAL,True,2000,2000,1000,circular_within_block_fw7,0,resume with 2 workers after a second out-of-memory kill of the process pool at 20:17:13Z (a worker reached 4.96 GB on the pooled stratum's 60-day cells under 3 workers); the automatic 3-worker retry (start row 6) was stopped by hand at 20:19Z; parallelism changes no number (every cell is seeded from its own identity); no sealed result existed; cells resume from their ledgers
C1_clean,injury,PPML_count_offset,sens_coverage_clean,sensitivity,early,primary_minus_1_break_window(s),14,59.0,14,14,7.845896248122481,-0.007369570516959889,0.009579573009685474,"[0.015624298057247053, -0.014362415936142363, -0.013692854881744055, -0.01699398411176624, -0.011229439601365136, 0.005828917189499197, -0.009194957930115627, -0.014936126921291936]","[0.01339076258484531, 0.016277010302692737, 0.012876603459612692, 0.01553112863444587, 0.015870440207656596, 0.018683670294548798, 0.012479523761743265, 0.01425010145596885]",8.0,0.5647176411794103,0.44866656110952774,,circular_within_block_fw7,0.0,2000,685.0,4.773443205461226,21417.0,OK,INJALS last_date 2015-12-16; nan missing_district_step 2016-01-01,REAL,True,2000,2000,1000,circular_within_block_fw7,0,resume with 2 workers after a second out-of-memory kill of the process pool at 20:17:13Z (a worker reached 4.96 GB on the pooled stratum's 60-day cells under 3 workers); the automatic 3-worker retry (start row 6) was stopped by hand at 20:19Z; parallelism changes no number (every cell is seeded from its own identity); no sealed result existed; cells resume from their ledgers
C1_clean,asthma_share,OLS_share,sens_coverage_clean,sensitivity,early,primary_minus_1_break_window(s),14,59.0,14,14,12.067277862628279,0.00010273234548995269,0.0006846974150527445,"[-0.0009153288576251516, 0.00035158704625713895, 0.00011373114438138957, 0.00026513605141139404, 4.570837125535537e-06, 9.566849471820292e-05, 8.359323688172986e-05, 0.0008229008107693822]","[0.0007871080771102116, 0.0008262361182506517, 0.0007814162853266977, 0.000776809136562372, 0.0007807480724983142, 0.0007752813595822562, 0.0008986881061922498, 0.0007743859426483183]",8.0,0.24287856071964017,0.14822725972849488,,circular_within_block_fw7,0.0,2000,685.0,4.882060889551079,21417.0,OK,ASTHFC last_date 2024-12-19; ASTHFT first_date 2021-12-19; ASTHFT last_date 2023-05-21; nan missing_district_step 2016-01-01,REAL,True,2000,2000,1000,circular_within_block_fw7,0,resume with 2 workers after a second out-of-memory kill of the process pool at 20:17:13Z (a worker reached 4.96 GB on the pooled stratum's 60-day cells under 3 workers); the automatic 3-worker retry (start row 6) was stopped by hand at 20:19Z; parallelism changes no number (every cell is seeded from its own identity); no sealed result existed; cells resume from their ledgers
C1_clean,asthma,PPML_count_offset,sens_coverage_clean,sensitivity,early,primary_minus_1_break_window(s),14,59.0,14,14,6.985631246202934,0.029585694059065408,0.06398138372073116,"[-0.045526125565609143, 0.046301583207264144, 0.027461858440875873, 0.03846572191936183, 0.03796633521966134, 0.022610822197295447, 0.017659706252996364, 0.0917456508006774]","[0.07645070177454254, 0.0796228642262482, 0.08122676945634781, 0.07328529793548284, 0.07838305928718825, 0.07970117741152137, 0.0774680327835685, 0.07247969104403147]",8.0,0.7096451774112944,0.5381837445988722,,circular_within_block_fw7,0.0,2000,685.0,5.5939001489782605,21417.0,OK,ASTHFC last_date 2024-12-19; ASTHFT first_date 2021-12-19; ASTHFT last_date 2023-05-21; nan missing_district_step 2016-01-01,REAL,True,2000,2000,1000,circular_within_block_fw7,0,resume with 2 workers after a second out-of-memory kill of the process pool at 20:17:13Z (a worker reached 4.96 GB on the pooled stratum's 60-day cells under 3 workers); the automatic 3-worker retry (start row 6) was stopped by hand at 20:19Z; parallelism changes no number (every cell is seeded from its own identity); no sealed result existed; cells resume from their ledgers
C1_clean,edp_share_incl_cancelled,OLS_share,sens_incl_cancelled,sensitivity,early,primary,15,59.0,14,14,18.83502312111863,-0.0009441427502908536,0.0012335063225834852,"[0.0007354608749198659, 0.0009323695095817788, 0.0009024498000295029, -0.0028912883888237827, 0.0006086926535083722, -0.003315683724261657, -0.002042359116763819, -0.002482783610517089]","[0.0013972847769893712, 0.0014555488583488055, 0.0022378973908482045, 0.001665693688957004, 0.0020068534580001437, 0.0016184016121633365, 0.0016776210321625827, 0.0019699148797868876]",8.0,0.057971014492753624,0.0157672836443904,,circular_within_block_fw7,0.0,2000,685.0,5.099098947793548,23128.0,OK,"cancelled/never-sent dispositions included, own denominator (O1)",REAL,True,2000,2000,1000,circular_within_block_fw7,0,resume with 2 workers after a second out-of-memory kill of the process pool at 20:17:13Z (a worker reached 4.96 GB on the pooled stratum's 60-day cells under 3 workers); the automatic 3-worker retry (start row 6) was stopped by hand at 20:19Z; parallelism changes no number (every cell is seeded from its own identity); no sealed result existed; cells resume from their ledgers
C1_clean,edp_incl_cancelled,PPML_count_offset,sens_incl_cancelled,sensitivity,early,primary,15,59.0,14,14,22.9324105379855,0.004709954973673143,0.014032153949817308,"[0.03483609923568426, 0.021655509777703457, 0.027678158652267155, -0.023745128370631714, 0.03071460779092859, -0.030633364813984022, -0.003033426882302994, -0.01979281560027959]","[0.016689680037614583, 0.01609387585387006, 0.02487596027073131, 0.021083104431655727, 0.025505017942186636, 0.02063860952075126, 0.018943942479625782, 0.023052258388862785]",8.0,0.02348825587206397,0.0034521157983300327,,circular_within_block_fw7,0.0,2000,685.0,5.26141721320214,23128.0,OK,"cancelled/never-sent dispositions included, own denominator (O1)",REAL,True,2000,2000,1000,circular_within_block_fw7,0,resume with 2 workers after a second out-of-memory kill of the process pool at 20:17:13Z (a worker reached 4.96 GB on the pooled stratum's 60-day cells under 3 workers); the automatic 3-worker retry (start row 6) was stopped by hand at 20:19Z; parallelism changes no number (every cell is seeded from its own identity); no sealed result existed; cells resume from their ledgers
C1_clean,mh_narrow_share_incl_cancelled,OLS_share,sens_incl_cancelled,sensitivity,early,primary,15,59.0,14,14,11.18062659018831,-0.0010475549176777793,0.0015519801884507757,"[-0.001442289116283938, 0.0012056081330396916, 0.00046334051076952354, -0.0015586367195323542, 0.00018946595999274227, -0.0031083587158287846, -0.0013297083348997498, -0.0027998610586793655]","[0.0016588339372093856, 0.0017809944944099875, 0.0022285503037543556, 0.0019595613918134062, 0.0026274337048586573, 0.0019245528216833578, 0.0020468942929786123, 0.0021265975706270305]",8.0,0.3553223388305847,0.19167319978559344,,circular_within_block_fw7,0.0,2000,685.0,5.613130924071525,23128.0,OK,"cancelled/never-sent dispositions included, own denominator (O1)",REAL,True,2000,2000,1000,circular_within_block_fw7,0,resume with 2 workers after a second out-of-memory kill of the process pool at 20:17:13Z (a worker reached 4.96 GB on the pooled stratum's 60-day cells under 3 workers); the automatic 3-worker retry (start row 6) was stopped by hand at 20:19Z; parallelism changes no number (every cell is seeded from its own identity); no sealed result existed; cells resume from their ledgers
C1_clean,mh_narrow_incl_cancelled,PPML_count_offset,sens_incl_cancelled,sensitivity,early,primary,15,59.0,14,14,10.75679261808269,-0.002514556026323302,0.013516964464376429,"[0.0030541259982879844, 0.012861916164626406, 0.01615741176028744, -0.012230774720747076, 0.00814917055243064, -0.024800954416313775, 0.000741709242866912, -0.024049052792024943]","[0.014364840006625504, 0.015296476427478643, 0.019304058800500068, 0.01972018153043002, 0.026672512575958828, 0.017792653144207308, 0.019351301538945067, 0.020077752705160174]",8.0,0.35732133933033483,0.21586408445667046,,circular_within_block_fw7,0.0,2000,685.0,5.297607447556389,23128.0,OK,"cancelled/never-sent dispositions included, own denominator (O1)",REAL,True,2000,2000,1000,circular_within_block_fw7,0,resume with 2 workers after a second out-of-memory kill of the process pool at 20:17:13Z (a worker reached 4.96 GB on the pooled stratum's 60-day cells under 3 workers); the automatic 3-worker retry (start row 6) was stopped by hand at 20:19Z; parallelism changes no number (every cell is seeded from its own identity); no sealed result existed; cells resume from their ledgers
C2_exposed,edp_share,OLS_share,primary,primary_H1,early,primary,30,59.0,14,14,6.037934001988701,-0.00018780500227148165,0.0011351112392240215,"[0.0016649562370121716, -0.000595194660764364, 0.0008599078510399839, -0.0005843139264050851, -0.001521929474051366, -0.001686364318808875, 0.0006576804983885035, -0.0002971822245828221]","[0.0016848687179879455, 0.0014463624676452297, 0.0016463992115043082, 0.0015000414227092928, 0.0018243078214073948, 0.001555619725603225, 0.0014759958509366123, 0.001641691684986002]",8.0,0.6521739130434783,0.6429825722530061,0.7453416149068323,anchor_shift,0.0,2000,1280.0,4.372243664783736,45017.0,OK,,REAL,True,2000,2000,1000,anchor_shift,0,resume with 2 workers after a second out-of-memory kill of the process pool at 20:17:13Z (a worker reached 4.96 GB on the pooled stratum's 60-day cells under 3 workers); the automatic 3-worker retry (start row 6) was stopped by hand at 20:19Z; parallelism changes no number (every cell is seeded from its own identity); no sealed result existed; cells resume from their ledgers
C2_exposed,edp,PPML_count_offset,primary,primary_H1,early,primary,30,59.0,14,14,4.746450627127998,0.005906319653756266,0.011273129604051768,"[0.018432969677144202, 0.006904799881917495, 0.015355720458378467, 0.00827069680133973, -0.006381070379154074, -0.011291473410952423, 0.014976429002722492, 0.0009824851986542395]","[0.01813097559491706, 0.015139245498704445, 0.017214664093051744, 0.01618630623192184, 0.020364167297865738, 0.015703194791722525, 0.01549330581461599, 0.017337182473351965]",8.0,0.7861069465267366,0.7843001631732867,0.7861069465267366,anchor_shift,0.0,2000,1280.0,4.484801523307245,45017.0,OK,,REAL,True,2000,2000,1000,anchor_shift,0,resume with 2 workers after a second out-of-memory kill of the process pool at 20:17:13Z (a worker reached 4.96 GB on the pooled stratum's 60-day cells under 3 workers); the automatic 3-worker retry (start row 6) was stopped by hand at 20:19Z; parallelism changes no number (every cell is seeded from its own identity); no sealed result existed; cells resume from their ledgers
C2_exposed,mh_narrow_share,OLS_share,primary,primary_H1,early,primary,30,59.0,14,14,7.982304778629119,-0.0006729946648840767,0.0013312540176681814,"[0.001049673358758493, -0.0008587727590698266, 0.001079574716029569, -0.0009103705416461165, -0.0023040794760551034, -0.002335532288383292, -2.4359507312723716e-05, -0.0010800908213936132]","[0.0018145919616537184, 0.001697982732664979, 0.001788343260029244, 0.0017516535353378163, 0.0020187425102443134, 0.0016265398559968888, 0.0016582113465596767, 0.001864943086579793]",8.0,0.4522738630684658,0.435200558724686,0.6596701649175413,anchor_shift,0.0,2000,1280.0,4.5045001460634,45017.0,OK,,REAL,True,2000,2000,1000,anchor_shift,0,resume with 2 workers after a second out-of-memory kill of the process pool at 20:17:13Z (a worker reached 4.96 GB on the pooled stratum's 60-day cells under 3 workers); the automatic 3-worker retry (start row 6) was stopped by hand at 20:19Z; parallelism changes no number (every cell is seeded from its own identity); no sealed result existed; cells resume from their ledgers
C2_exposed,mh_narrow,PPML_count_offset,primary,primary_H1,early,primary,30,59.0,14,14,7.571175055636396,0.001967196513205132,0.010788222144677808,"[0.011688802578397325, 0.006153452758271849, 0.014031982900779874, 0.0065020742842035895, -0.012116391107822205, -0.014571725265734387, 0.007577243240431535, -0.003527867282886519]","[0.01519047147319636, 0.014119259841433158, 0.015151405178420242, 0.015278824874787671, 0.018074905388015778, 0.012963077573158423, 0.013937663719431831, 0.015496558063134842]",8.0,0.4947526236881559,0.4764379210958205,0.6596701649175413,anchor_shift,0.0,2000,1280.0,4.483792326454242,45017.0,OK,,REAL,True,2000,2000,1000,anchor_shift,0,resume with 2 workers after a second out-of-memory kill of the process pool at 20:17:13Z (a worker reached 4.96 GB on the pooled stratum's 60-day cells under 3 workers); the automatic 3-worker retry (start row 6) was stopped by hand at 20:19Z; parallelism changes no number (every cell is seeded from its own identity); no sealed result existed; cells resume from their ledgers
C2_exposed,edp,PPML_count_no_offset,diag_raw_count,diagnostic,early,primary,30,59.0,14,14,9.24266903489183,-0.004416013064229983,0.011257153006237117,"[0.010849211164236367, 0.0015092408355364634, 0.012830571041510823, -0.004774303698452141, -0.022064889342716658, -0.023953682027034538, 1.0645709474118344e-05, -0.009734898196394299]","[0.016541008237226238, 0.01579342181973664, 0.01707913613732121, 0.018124935264052913, 0.0183584274623716, 0.013835547735635119, 0.01645256342341785, 0.01824440151552621]",8.0,0.33683158420789605,0.3222402283221467,,anchor_shift,0.0,2000,1280.0,4.383371113818476,45017.0,OK,"PPML on the count, no offset, every district-day (addendum 23.3, 30)",REAL,True,2000,2000,1000,anchor_shift,0,resume with 2 workers after a second out-of-memory kill of the process pool at 20:17:13Z (a worker reached 4.96 GB on the pooled stratum's 60-day cells under 3 workers); the automatic 3-worker retry (start row 6) was stopped by hand at 20:19Z; parallelism changes no number (every cell is seeded from its own identity); no sealed result existed; cells resume from their ledgers
C2_exposed,mh_narrow,PPML_count_no_offset,diag_raw_count,diagnostic,early,primary,30,59.0,14,14,14.156734023557137,-0.008397737518201925,0.010883163683787946,"[0.0039652724185861915, 0.0005726417861241451, 0.011306342737876333, -0.006662694598889185, -0.027771028166237097, -0.027202036469091632, -0.00733003092037525, -0.01406036693360891]","[0.014345397915406713, 0.014779774361939241, 0.015795378970085885, 0.0175113780569853, 0.016325546900655595, 0.012596187730873495, 0.015127177545337041, 0.016636183950859633]",8.0,0.1054472763618191,0.0777705687384893,,anchor_shift,0.0,2000,1280.0,4.493547534638057,45017.0,OK,"PPML on the count, no offset, every district-day (addendum 23.3, 30)",REAL,True,2000,2000,1000,anchor_shift,0,resume with 2 workers after a second out-of-memory kill of the process pool at 20:17:13Z (a worker reached 4.96 GB on the pooled stratum's 60-day cells under 3 workers); the automatic 3-worker retry (start row 6) was stopped by hand at 20:19Z; parallelism changes no number (every cell is seeded from its own identity); no sealed result existed; cells resume from their ledgers
C2_exposed,total_calls,PPML_count_no_offset,diag_total_dispatches,diagnostic,early,primary,30,59.0,14,14,4.526875452739658,-0.010035387471962334,0.007662703750574307,"[-0.008263714545828055, -0.006415903614593592, -0.003408791492449891, -0.012991173576813179, -0.01526063093201318, -0.012761349626663334, -0.012304710772654583, -0.008876825214682854]","[0.009756063186805573, 0.010157967905082348, 0.00904002379866979, 0.009628771213430306, 0.009920545215780117, 0.009845088325325388, 0.010442279304847027, 0.010720951596022507]",8.0,0.7481259370314842,0.8067383181641548,,anchor_shift,0.0,2000,1280.0,4.4619099900409935,45017.0,OK,"PPML on total dispatches, no offset, every district-day (addendum 23.3, 30)",REAL,True,2000,2000,1000,anchor_shift,0,resume with 2 workers after a second out-of-memory kill of the process pool at 20:17:13Z (a worker reached 4.96 GB on the pooled stratum's 60-day cells under 3 workers); the automatic 3-worker retry (start row 6) was stopped by hand at 20:19Z; parallelism changes no number (every cell is seeded from its own identity); no sealed result existed; cells resume from their ledgers
C2_exposed,cardiac_share,OLS_share,placebo,placebo,early,primary,30,59.0,14,14,5.230088743568327,0.0011750095071040314,0.0010902268702001627,"[0.001890355356724951, -0.0006628656490977705, 0.001147911576212686, 0.0015186030956601433, 0.0010534852100185942, 0.0018272515510680519, 0.0012412152224084213, 0.0013841196938371744]","[0.0013533059570015977, 0.0015355597968420048, 0.0013624073395217143, 0.001361746291679179, 0.0014088722842053865, 0.0013967427278689867, 0.00137382497607858, 0.0014145672688036072]",8.0,0.7736131934032984,0.7327246731236067,,anchor_shift,0.0,2000,1280.0,4.624922410238226,45017.0,OK,"falsification, not confirmation",REAL,True,2000,2000,1000,anchor_shift,0,resume with 2 workers after a second out-of-memory kill of the process pool at 20:17:13Z (a worker reached 4.96 GB on the pooled stratum's 60-day cells under 3 workers); the automatic 3-worker retry (start row 6) was stopped by hand at 20:19Z; parallelism changes no number (every cell is seeded from its own identity); no sealed result existed; cells resume from their ledgers
C2_exposed,cardiac,PPML_count_offset,placebo,placebo,early,primary,30,59.0,14,14,3.920044750081038,0.00987936777175524,0.012692497462044537,"[0.013983933605738078, -0.006494712703517771, 0.007976168840428196, 0.013582829537942117, 0.008761685647748945, 0.018852124364114004, 0.015278362593215833, 0.0070945502883725175]","[0.016069959298937717, 0.018067096049201103, 0.015409857609312613, 0.015829325552653907, 0.016638265090666945, 0.015155286961395904, 0.014706831237760636, 0.015909682713657447]",8.0,0.8865567216391804,0.8642642508567251,,anchor_shift,0.0,2000,1280.0,4.479556054093926,45017.0,OK,"falsification, not confirmation",REAL,True,2000,2000,1000,anchor_shift,0,resume with 2 workers after a second out-of-memory kill of the process pool at 20:17:13Z (a worker reached 4.96 GB on the pooled stratum's 60-day cells under 3 workers); the automatic 3-worker retry (start row 6) was stopped by hand at 20:19Z; parallelism changes no number (every cell is seeded from its own identity); no sealed result existed; cells resume from their ledgers
C2_exposed,injury_share,OLS_share,placebo,placebo,early,primary,30,59.0,14,14,11.294295777448196,-3.781287882783502e-05,0.0015337698865638026,"[0.0022009417376812274, 0.0016915585259179172, -0.0006638374397181393, 0.0005698514057813358, 0.0007974651414376935, -0.002201526048471664, 0.0006066979583743275, -0.0033036543116253783]","[0.002143421828787617, 0.0018802621635604301, 0.001993058800804163, 0.002108584670825096, 0.002000594649357632, 0.002136042700231533, 0.0021380813808053963, 0.0021329310745674887]",8.0,0.20739630184907545,0.1855750289525572,,anchor_shift,0.0,2000,1280.0,4.357802322291464,45017.0,OK,"falsification, not confirmation",REAL,True,2000,2000,1000,anchor_shift,0,resume with 2 workers after a second out-of-memory kill of the process pool at 20:17:13Z (a worker reached 4.96 GB on the pooled stratum's 60-day cells under 3 workers); the automatic 3-worker retry (start row 6) was stopped by hand at 20:19Z; parallelism changes no number (every cell is seeded from its own identity); no sealed result existed; cells resume from their ledgers
C2_exposed,injury,PPML_count_offset,placebo,placebo,early,primary,30,59.0,14,14,11.408182584537261,-0.0012425256110082496,0.0075850607271677395,"[0.012042171323846105, 0.006567739802984427, -0.001017833369180701, -0.0019539117551755423, 0.004230751188349823, -0.013372493310816662, -0.0011601042744226041, -0.015276524493650842]","[0.01058229600002881, 0.009037462937591275, 0.009667630193973004, 0.010253416366032189, 0.010263653792699898, 0.010756985902882987, 0.010291426171140006, 0.01032669464367666]",8.0,0.20389805097451275,0.1796259557319266,,anchor_shift,0.0,2000,1280.0,4.255650278250256,45017.0,OK,"falsification, not confirmation",REAL,True,2000,2000,1000,anchor_shift,0,resume with 2 workers after a second out-of-memory kill of the process pool at 20:17:13Z (a worker reached 4.96 GB on the pooled stratum's 60-day cells under 3 workers); the automatic 3-worker retry (start row 6) was stopped by hand at 20:19Z; parallelism changes no number (every cell is seeded from its own identity); no sealed result existed; cells resume from their ledgers
C2_exposed,asthma_share,OLS_share,placebo,placebo,early,primary,30,59.0,14,14,2.586570677797848,0.0003166477988068619,0.00026204179872779687,"[0.00033534583563423875, 0.00019819687162847308, 0.00021162597589041292, 0.0002649313930403431, 0.0005406534234184377, 0.00039391336737070256, 0.00022839332058817408, 0.000360122202884113]","[0.00036273056703162, 0.0003744677837802115, 0.0003382528658019316, 0.00032037063758098085, 0.00039487416889665076, 0.00035480087016150064, 0.00031721377517395096, 0.00034669586328228897]",8.0,0.9630184907546226,0.9575716750038424,,anchor_shift,0.0,2000,1280.0,4.456488105567781,45017.0,OK,"falsification, not confirmation",REAL,True,2000,2000,1000,anchor_shift,0,resume with 2 workers after a second out-of-memory kill of the process pool at 20:17:13Z (a worker reached 4.96 GB on the pooled stratum's 60-day cells under 3 workers); the automatic 3-worker retry (start row 6) was stopped by hand at 20:19Z; parallelism changes no number (every cell is seeded from its own identity); no sealed result existed; cells resume from their ledgers
C2_exposed,asthma,PPML_count_offset,placebo,placebo,early,primary,30,59.0,14,14,2.383189037643079,0.031923311730079826,0.05028537974951556,"[0.05561834185853632, 0.023369172901982472, 0.0020540055052142613, 0.0023578107850380286, 0.0659241327021584, 0.04034723546318474, 0.03322455390545726, 0.03249124071906711]","[0.06353428107058649, 0.07063131577720916, 0.06200521280579703, 0.06210747157298998, 0.06999482649649429, 0.06342559160615677, 0.06102792286438242, 0.06322020504846272]",8.0,0.9675162418790605,0.9669555613057249,,anchor_shift,0.0,2000,1280.0,4.335548003116543,45017.0,OK,"falsification, not confirmation",REAL,True,2000,2000,1000,anchor_shift,0,resume with 2 workers after a second out-of-memory kill of the process pool at 20:17:13Z (a worker reached 4.96 GB on the pooled stratum's 60-day cells under 3 workers); the automatic 3-worker retry (start row 6) was stopped by hand at 20:19Z; parallelism changes no number (every cell is seeded from its own identity); no sealed result existed; cells resume from their ledgers
C2_exposed,edp_share,OLS_share,sens_post28,sensitivity,early,primary,30,59.0,28,14,6.225010620138094,-0.00021007993466119344,0.0010934961443386988,"[0.0016154650240116932, -0.000538482087942459, 0.0008747173324986421, -0.0006267754913857126, -0.0015819783774988039, -0.0017437407139285965, 0.0006575884727192483, -0.00033743363576355887]","[0.0016814299686389788, 0.0014044751761003655, 0.001604605589786071, 0.0014712612791081862, 0.0017822294939642011, 0.001496449895331769, 0.0014668407308957732, 0.0016240446325809467]",8.0,0.6176911544227887,0.6220433844945845,,anchor_shift,0.0,2000,1280.0,4.193610406958011,58292.0,OK,28-day post window (addendum 3); placebo starts drawn on the certified 14-day geometry; tails truncate at the stratum edge (addendum 17),REAL,True,2000,2000,1000,anchor_shift,0,resume with 2 workers after a second out-of-memory kill of the process pool at 20:17:13Z (a worker reached 4.96 GB on the pooled stratum's 60-day cells under 3 workers); the automatic 3-worker retry (start row 6) was stopped by hand at 20:19Z; parallelism changes no number (every cell is seeded from its own identity); no sealed result existed; cells resume from their ledgers
C2_exposed,edp,PPML_count_offset,sens_post28,sensitivity,early,primary,30,59.0,28,14,5.127267440861277,0.00571670467466096,0.01081361563189813,"[0.017968478011450177, 0.0076746561983527025, 0.015848383227311098, 0.007647264864934309, -0.0073353850927688185, -0.012043069577466637, 0.015101981443254565, 0.000871328322220286]","[0.018079177744591984, 0.014697207184276388, 0.016958328043316057, 0.015905901034303827, 0.019865122126730105, 0.015058154527747098, 0.015414471323881958, 0.01704068503986467]",8.0,0.7141429285357321,0.743891062301363,,anchor_shift,0.0,2000,1280.0,4.183835841963444,58292.0,OK,28-day post window (addendum 3); placebo starts drawn on the certified 14-day geometry; tails truncate at the stratum edge (addendum 17),REAL,True,2000,2000,1000,anchor_shift,0,resume with 2 workers after a second out-of-memory kill of the process pool at 20:17:13Z (a worker reached 4.96 GB on the pooled stratum's 60-day cells under 3 workers); the automatic 3-worker retry (start row 6) was stopped by hand at 20:19Z; parallelism changes no number (every cell is seeded from its own identity); no sealed result existed; cells resume from their ledgers
C2_exposed,mh_narrow_share,OLS_share,sens_post28,sensitivity,early,primary,30,59.0,28,14,8.693863988379864,-0.0007113505468511583,0.0013060025382038347,"[0.0009911927539678852, -0.0007838652145133048, 0.0010966703742239826, -0.0010057142886660795, -0.0023982812898405265, -0.0024433576394037072, -2.5601353054012916e-05, -0.001121847717523503]","[0.0018172954164919783, 0.0016537154978277712, 0.0017565328011122576, 0.0017461435596754036, 0.0019793702961186307, 0.0015793390434142693, 0.0016569685762519689, 0.0018407261735280118]",8.0,0.367816091954023,0.3687756681155913,,anchor_shift,0.0,2000,1280.0,4.272953838277748,58292.0,OK,28-day post window (addendum 3); placebo starts drawn on the certified 14-day geometry; tails truncate at the stratum edge (addendum 17),REAL,True,2000,2000,1000,anchor_shift,0,resume with 2 workers after a second out-of-memory kill of the process pool at 20:17:13Z (a worker reached 4.96 GB on the pooled stratum's 60-day cells under 3 workers); the automatic 3-worker retry (start row 6) was stopped by hand at 20:19Z; parallelism changes no number (every cell is seeded from its own identity); no sealed result existed; cells resume from their ledgers
C2_exposed,mh_narrow,PPML_count_offset,sens_post28,sensitivity,early,primary,30,59.0,28,14,8.541859635092186,0.0018305602281961726,0.010507100057232736,"[0.011371650989730203, 0.007020632036127466, 0.014637474579838314, 0.005763080131454124, -0.012886124884148482, -0.01532547353392257, 0.007657401489438781, -0.003594158982948447]","[0.01513739594430119, 0.01376395414874337, 0.01490489603871182, 0.01522152081618927, 0.017638138858760602, 0.012487277269862757, 0.013903134840096094, 0.015223483103707525]",8.0,0.3638180909545227,0.3824036394150693,,anchor_shift,0.0,2000,1280.0,4.195163297020818,58292.0,OK,28-day post window (addendum 3); placebo starts drawn on the certified 14-day geometry; tails truncate at the stratum edge (addendum 17),REAL,True,2000,2000,1000,anchor_shift,0,resume with 2 workers after a second out-of-memory kill of the process pool at 20:17:13Z (a worker reached 4.96 GB on the pooled stratum's 60-day cells under 3 workers); the automatic 3-worker retry (start row 6) was stopped by hand at 20:19Z; parallelism changes no number (every cell is seeded from its own identity); no sealed result existed; cells resume from their ledgers
C2_exposed,edp_share,OLS_share,sens_post60,sensitivity,early,primary,30,59.0,60,14,5.5037662511528636,-0.0001765339893355688,0.0011954958173032995,"[0.001621543002516552, -0.0004897855984245509, 0.0008572412117058957, -0.0004951544612311581, -0.0015172658897169527, -0.001696545773253702, 0.000660848569762779, -0.00035315297604341387]","[0.0017462666549748482, 0.0014981470688295382, 0.001750630143565538, 0.0015860955462897127, 0.0019208457662435979, 0.0016033063923816425, 0.0015632844911949838, 0.0016995319409838262]",8.0,0.6426786606696652,0.7026226896872529,,anchor_shift,0.0,2000,1280.0,4.004501975504157,71921.0,OK,60-day post window (addendum 3); placebo starts drawn on the certified 14-day geometry; tails truncate at the stratum edge (addendum 17),REAL,True,2000,2000,1000,anchor_shift,0,resume with 2 workers after a second out-of-memory kill of the process pool at 20:17:13Z (a worker reached 4.96 GB on the pooled stratum's 60-day cells under 3 workers); the automatic 3-worker retry (start row 6) was stopped by hand at 20:19Z; parallelism changes no number (every cell is seeded from its own identity); no sealed result existed; cells resume from their ledgers
C2_exposed,edp,PPML_count_offset,sens_post60,sensitivity,early,primary,30,59.0,60,14,4.461289051372174,0.005453936042705491,0.01173379194102773,"[0.017895555938340413, 0.0076340718888629686, 0.014860355851231829, 0.007935347260087032, -0.0074490235990243145, -0.012356998480651653, 0.014842321664494737, 0.0002698578183029129]","[0.018348521673233593, 0.015442053893681069, 0.018569331912565535, 0.017110510925114727, 0.021725357153665997, 0.01651080534251981, 0.01646688942004195, 0.017632444000345214]",8.0,0.7591204397801099,0.8132934084975543,,anchor_shift,0.0,2000,1280.0,4.012286952621163,71921.0,OK,60-day post window (addendum 3); placebo starts drawn on the certified 14-day geometry; tails truncate at the stratum edge (addendum 17),REAL,True,2000,2000,1000,anchor_shift,0,resume with 2 workers after a second out-of-memory kill of the process pool at 20:17:13Z (a worker reached 4.96 GB on the pooled stratum's 60-day cells under 3 workers); the automatic 3-worker retry (start row 6) was stopped by hand at 20:19Z; parallelism changes no number (every cell is seeded from its own identity); no sealed result existed; cells resume from their ledgers
C2_exposed,mh_narrow_share,OLS_share,sens_post60,sensitivity,early,primary,30,59.0,60,14,7.759917446049684,-0.0007077134342492109,0.0014077655368237212,"[0.0009570499058429031, -0.0007583752992726233, 0.0010174891913690655, -0.0009040597801757027, -0.002359017344960051, -0.0024201459171338444, -1.728903162887779e-05, -0.0011773591980345566]","[0.0018892582719197567, 0.0017182119701452685, 0.001878461563281329, 0.0018593751942219405, 0.0020970290459299246, 0.0016858626188104079, 0.0017315135149278248, 0.0019267773713063656]",8.0,0.431784107946027,0.45726668929278114,,anchor_shift,0.0,2000,1280.0,4.098791183791265,71921.0,OK,60-day post window (addendum 3); placebo starts drawn on the certified 14-day geometry; tails truncate at the stratum edge (addendum 17),REAL,True,2000,2000,1000,anchor_shift,0,resume with 2 workers after a second out-of-memory kill of the process pool at 20:17:13Z (a worker reached 4.96 GB on the pooled stratum's 60-day cells under 3 workers); the automatic 3-worker retry (start row 6) was stopped by hand at 20:19Z; parallelism changes no number (every cell is seeded from its own identity); no sealed result existed; cells resume from their ledgers
C2_exposed,mh_narrow,PPML_count_offset,sens_post60,sensitivity,early,primary,30,59.0,60,14,7.460534923296649,0.0013614652614334275,0.01124390348333898,"[0.01097041427219498, 0.006799994430264752, 0.013383892751792545, 0.005702395779043122, -0.01320140952318399, -0.01577132427687238, 0.007404405705866178, -0.004396647047637788]","[0.015527609306767973, 0.014095363629109259, 0.015946067671293224, 0.016117506740288647, 0.018888152977155615, 0.013565591149299706, 0.014477170877514434, 0.015741586153182982]",8.0,0.4292853573213393,0.4878540783935673,,anchor_shift,0.0,2000,1280.0,4.226912349686862,71921.0,OK,60-day post window (addendum 3); placebo starts drawn on the certified 14-day geometry; tails truncate at the stratum edge (addendum 17),REAL,True,2000,2000,1000,anchor_shift,0,resume with 2 workers after a second out-of-memory kill of the process pool at 20:17:13Z (a worker reached 4.96 GB on the pooled stratum's 60-day cells under 3 workers); the automatic 3-worker retry (start row 6) was stopped by hand at 20:19Z; parallelism changes no number (every cell is seeded from its own identity); no sealed result existed; cells resume from their ledgers
C2_exposed,edp_share,OLS_share,sens_broad_basket,sensitivity,early,confirmation_episodes_rebuilt_broad.csv,31,59.0,14,14,5.855241018985537,0.00022872877486359306,0.0011185799877970381,"[0.0013311385136061105, -0.0009306366007415733, 0.0008605766624247088, -4.542424470363353e-05, -0.0004645084057603237, -0.001189753248504627, 0.0012898234297662743, 0.0009786140928218084]","[0.001643641082354753, 0.0014278780316750047, 0.0016547610533227143, 0.001496210939274327, 0.0017936496545147404, 0.0015554417723477136, 0.0013599527472693198, 0.0016957641996759275]",8.0,0.6681659170414792,0.6634431445938684,,anchor_shift,0.0,2000,1280.0,4.5232454411069565,46433.0,OK,broad basket: +9 civilian-actor articles,REAL,True,2000,2000,1000,anchor_shift,0,resume with 2 workers after a second out-of-memory kill of the process pool at 20:17:13Z (a worker reached 4.96 GB on the pooled stratum's 60-day cells under 3 workers); the automatic 3-worker retry (start row 6) was stopped by hand at 20:19Z; parallelism changes no number (every cell is seeded from its own identity); no sealed result existed; cells resume from their ledgers
C2_exposed,edp,PPML_count_offset,sens_broad_basket,sensitivity,early,confirmation_episodes_rebuilt_broad.csv,31,59.0,14,14,6.446118990286837,0.007860809013080243,0.011103242459619704,"[0.015605590112689421, -0.001062897022916161, 0.011630574788778988, 0.008706497349780396, 0.002029738906236735, -0.011445127515098021, 0.02160592152560718, 0.01581617395956341]","[0.01755753328962872, 0.01506085671090985, 0.01719036979329913, 0.015978822518512563, 0.01967478415864568, 0.015846515919178236, 0.013878093912648383, 0.017845777254161033]",8.0,0.5987006496751625,0.5973901422855064,,anchor_shift,0.0,2000,1280.0,4.409285084398897,46433.0,OK,broad basket: +9 civilian-actor articles,REAL,True,2000,2000,1000,anchor_shift,0,resume with 2 workers after a second out-of-memory kill of the process pool at 20:17:13Z (a worker reached 4.96 GB on the pooled stratum's 60-day cells under 3 workers); the automatic 3-worker retry (start row 6) was stopped by hand at 20:19Z; parallelism changes no number (every cell is seeded from its own identity); no sealed result existed; cells resume from their ledgers
C2_exposed,mh_narrow_share,OLS_share,sens_broad_basket,sensitivity,early,confirmation_episodes_rebuilt_broad.csv,31,59.0,14,14,6.585966655384324,-0.0002127246428165717,0.001288372540965433,"[0.0008940047291728056, -0.0011277820920374381, 0.0015060214853294133, -0.0003724248049200628, -0.0014498266949213878, -0.001886168058072515, 0.00034414797870078415, 0.000390230314215827]","[0.0017639821454142942, 0.0016394521461670722, 0.001776725854200871, 0.0017303434540282313, 0.001985832248665935, 0.001637945495883358, 0.001593146633006981, 0.0019082998514425953]",8.0,0.5957021489255372,0.5818887536743176,,anchor_shift,0.0,2000,1280.0,4.292767068514698,46433.0,OK,broad basket: +9 civilian-actor articles,REAL,True,2000,2000,1000,anchor_shift,0,resume with 2 workers after a second out-of-memory kill of the process pool at 20:17:13Z (a worker reached 4.96 GB on the pooled stratum's 60-day cells under 3 workers); the automatic 3-worker retry (start row 6) was stopped by hand at 20:19Z; parallelism changes no number (every cell is seeded from its own identity); no sealed result existed; cells resume from their ledgers
C2_exposed,mh_narrow,PPML_count_offset,sens_broad_basket,sensitivity,early,confirmation_episodes_rebuilt_broad.csv,31,59.0,14,14,6.723871902652149,0.003754513375529351,0.010533699812185746,"[0.009786730581637593, -0.0001961629864789731, 0.014000042834381143, 0.007054697992218888, -0.006536101438594353, -0.01499366885975731, 0.011056853828260157, 0.00986371505256766]","[0.01480210586102928, 0.013815366468763999, 0.015103678516491128, 0.014997284330160985, 0.017601842374215314, 0.013556674856805862, 0.013480548573733524, 0.016197656645398035]",8.0,0.5692153923038481,0.566696643706874,,anchor_shift,0.0,2000,1280.0,4.334918536240258,46433.0,OK,broad basket: +9 civilian-actor articles,REAL,True,2000,2000,1000,anchor_shift,0,resume with 2 workers after a second out-of-memory kill of the process pool at 20:17:13Z (a worker reached 4.96 GB on the pooled stratum's 60-day cells under 3 workers); the automatic 3-worker retry (start row 6) was stopped by hand at 20:19Z; parallelism changes no number (every cell is seeded from its own identity); no sealed result existed; cells resume from their ledgers
C2_exposed,edp_share,OLS_share,sens_spliced_wiki,sensitivity,early,confirmation_episodes_rebuilt_spliced.csv,30,59.0,14,14,6.702174757748086,4.291582030464281e-05,0.001158148168494724,"[0.0016557244092829592, -0.0005657833073982915, 0.00041340240936233667, -0.0005530083923715014, -0.0010149195031854989, -0.0014078517808758045, 0.001471715348248143, 0.0003440473793747999]","[0.001680269994640137, 0.0014655460030051518, 0.0016996149651093836, 0.0015174006165231668, 0.0018349762027279706, 0.0015793787604707961, 0.0014046796932985258, 0.0016915473551692025]",8.0,0.5637181409295352,0.5690799002183633,,anchor_shift,0.0,2000,1280.0,4.512807291491273,45489.0,OK,user+automated Wikipedia series (addendum 20),REAL,True,2000,2000,1000,anchor_shift,0,resume with 2 workers after a second out-of-memory kill of the process pool at 20:17:13Z (a worker reached 4.96 GB on the pooled stratum's 60-day cells under 3 workers); the automatic 3-worker retry (start row 6) was stopped by hand at 20:19Z; parallelism changes no number (every cell is seeded from its own identity); no sealed result existed; cells resume from their ledgers
C2_exposed,edp,PPML_count_offset,sens_spliced_wiki,sensitivity,early,confirmation_episodes_rebuilt_spliced.csv,30,59.0,14,14,6.240170202320346,0.0072344438951379856,0.01175205049856961,"[0.01892818675381353, 0.005171611387069011, 0.007663568901521564, 0.008745106567378319, -0.001369700966285945, -0.011236255384437755, 0.02332506946139814, 0.006647964440647027]","[0.01832024725798632, 0.015470791566717016, 0.018036646895477643, 0.016446857357860088, 0.020698064937685213, 0.016283980317234343, 0.014495428903086579, 0.017812641488888288]",8.0,0.6261869065467266,0.6203489232945594,,anchor_shift,0.0,2000,1280.0,4.363084981157738,45489.0,OK,user+automated Wikipedia series (addendum 20),REAL,True,2000,2000,1000,anchor_shift,0,resume with 2 workers after a second out-of-memory kill of the process pool at 20:17:13Z (a worker reached 4.96 GB on the pooled stratum's 60-day cells under 3 workers); the automatic 3-worker retry (start row 6) was stopped by hand at 20:19Z; parallelism changes no number (every cell is seeded from its own identity); no sealed result existed; cells resume from their ledgers
C2_exposed,mh_narrow_share,OLS_share,sens_spliced_wiki,sensitivity,early,confirmation_episodes_rebuilt_spliced.csv,30,59.0,14,14,6.433778797559153,-0.00048454553572376436,0.001334542053861932,"[0.0008570942178491853, -0.0007038279673119284, 0.0006942919526850794, -0.001064108813686148, -0.0019260483362752048, -0.0020454671545100237, 0.0005928695984053032, -0.0002811677829463776]","[0.0018000419513704237, 0.001703954923632446, 0.001828533233586873, 0.001773536476047921, 0.002018235118210016, 0.0016343416041136778, 0.001596617191755734, 0.0019286999661554934]",8.0,0.6221889055472264,0.5987619102042441,,anchor_shift,0.0,2000,1280.0,4.400467370523137,45489.0,OK,user+automated Wikipedia series (addendum 20),REAL,True,2000,2000,1000,anchor_shift,0,resume with 2 workers after a second out-of-memory kill of the process pool at 20:17:13Z (a worker reached 4.96 GB on the pooled stratum's 60-day cells under 3 workers); the automatic 3-worker retry (start row 6) was stopped by hand at 20:19Z; parallelism changes no number (every cell is seeded from its own identity); no sealed result existed; cells resume from their ledgers
C2_exposed,mh_narrow,PPML_count_offset,sens_spliced_wiki,sensitivity,early,confirmation_episodes_rebuilt_spliced.csv,30,59.0,14,14,7.008590819164764,0.002474063061169796,0.01100707604961579,"[0.010165874973523606, 0.005409819329600764, 0.008355141610587046, 0.0052389376113875265, -0.009555751713994644, -0.014545897746355787, 0.01260405149241607, 0.0021203289321937847]","[0.015227660547039203, 0.01430724446142087, 0.015712090805822827, 0.015528757533898218, 0.01826146504026554, 0.013307963934545726, 0.013171754751740561, 0.015929711351671635]",8.0,0.544727636181909,0.5357060659512503,,anchor_shift,0.0,2000,1280.0,4.470442050162756,45489.0,OK,user+automated Wikipedia series (addendum 20),REAL,True,2000,2000,1000,anchor_shift,0,resume with 2 workers after a second out-of-memory kill of the process pool at 20:17:13Z (a worker reached 4.96 GB on the pooled stratum's 60-day cells under 3 workers); the automatic 3-worker retry (start row 6) was stopped by hand at 20:19Z; parallelism changes no number (every cell is seeded from its own identity); no sealed result existed; cells resume from their ledgers
C2_exposed,edp_share,OLS_share,sens_coverage_clean,sensitivity,early,primary_minus_2_break_window(s),28,59.0,14,14,8.196236265812942,-0.00015627432773992385,0.0012096485219412433,"[0.002175863111548267, -0.0005902789469535942, 0.0010392679875521266, -0.0007501646234380267, -0.0021953297839167824, -0.0015103067926910852, 0.0004918597405416157, 8.889468543808808e-05]","[0.0016499830565113913, 0.001543481386087686, 0.0017652929654975295, 0.0015971876027627424, 0.001904629363543257, 0.0016578250767844379, 0.001550739441125151, 0.001669258042159667]",8.0,0.46926536731634183,0.41453987839071454,,anchor_shift,0.0,2000,1280.0,4.779386889764063,43306.0,OK,EDPE first_date 2024-04-10; EDPM first_date 2021-06-03; EDPT first_date 2023-03-01; EDPW last_date 2021-08-25; nan missing_district_step 2016-01-01,REAL,True,2000,2000,1000,anchor_shift,0,resume with 2 workers after a second out-of-memory kill of the process pool at 20:17:13Z (a worker reached 4.96 GB on the pooled stratum's 60-day cells under 3 workers); the automatic 3-worker retry (start row 6) was stopped by hand at 20:19Z; parallelism changes no number (every cell is seeded from its own identity); no sealed result existed; cells resume from their ledgers
C2_exposed,edp,PPML_count_offset,sens_coverage_clean,sensitivity,early,primary_minus_2_break_window(s),28,59.0,14,14,6.439678977800317,0.006879566138875684,0.011952524085415448,"[0.025830296001414857, 0.008361932767936849, 0.018019855164527084, 0.006805516029629083, -0.012915750021510021, -0.010773647221400668, 0.014408379959111007, 0.005299946431297274]","[0.017071471439428484, 0.01618335608755898, 0.018464633689046224, 0.017075157844985187, 0.021334743295922044, 0.01665120830497191, 0.0163160787376337, 0.017631057005268166]",8.0,0.6051974012993503,0.5981059586977131,,anchor_shift,0.0,2000,1280.0,4.60921248051074,43306.0,OK,EDPE first_date 2024-04-10; EDPM first_date 2021-06-03; EDPT first_date 2023-03-01; EDPW last_date 2021-08-25; nan missing_district_step 2016-01-01,REAL,True,2000,2000,1000,anchor_shift,0,resume with 2 workers after a second out-of-memory kill of the process pool at 20:17:13Z (a worker reached 4.96 GB on the pooled stratum's 60-day cells under 3 workers); the automatic 3-worker retry (start row 6) was stopped by hand at 20:19Z; parallelism changes no number (every cell is seeded from its own identity); no sealed result existed; cells resume from their ledgers
C2_exposed,mh_narrow_share,OLS_share,sens_coverage_clean,sensitivity,early,primary_minus_3_break_window(s),27,59.0,14,14,10.62646609454322,-0.00046982704466559205,0.0014579784121184437,"[0.0017574337768348966, -0.0004983552622610434, 0.001429764512561606, -0.00042147009022529904, -0.0029063438132885715, -0.0025064864795441327, -1.3408890594796121e-05, -0.0005997501108073962]","[0.001866202924277871, 0.0018538019742876822, 0.0019679858589417465, 0.0018782952242156657, 0.002160354458196275, 0.0017770586775277702, 0.0017909839043572622, 0.0019862269734745672]",8.0,0.2698650674662669,0.2237752810125554,,anchor_shift,0.0,2000,1280.0,4.766024286142683,41595.0,OK,ALTMFC last_date 2024-03-30; ALTMFT first_date 2021-03-10; ALTMFT last_date 2022-12-24; EDPE first_date 2024-04-10; EDPM first_date 2021-06-03; EDPT first_date 2023-03-01; EDPW last_date 2021-08-25; nan missing_district_step 2016-01-01,REAL,True,2000,2000,1000,anchor_shift,0,resume with 2 workers after a second out-of-memory kill of the process pool at 20:17:13Z (a worker reached 4.96 GB on the pooled stratum's 60-day cells under 3 workers); the automatic 3-worker retry (start row 6) was stopped by hand at 20:19Z; parallelism changes no number (every cell is seeded from its own identity); no sealed result existed; cells resume from their ledgers
C2_exposed,mh_narrow,PPML_count_offset,sens_coverage_clean,sensitivity,early,primary_minus_3_break_window(s),27,59.0,14,14,11.829261817060681,0.004082663681906722,0.011763061647564682,"[0.019086927305523794, 0.008913095651468328, 0.018999752067957888, 0.011164793761454258, -0.016521377156907966, -0.017268780497531586, 0.008192070633091932, 9.482769019713197e-05]","[0.015099300564096613, 0.015482002464454917, 0.016653309579246083, 0.016216197549156434, 0.019516367821505898, 0.014032320231172119, 0.01508460908907133, 0.016530417312179118]",8.0,0.19640179910044978,0.158985920333321,,anchor_shift,0.0,2000,1280.0,4.5615231280055815,41595.0,OK,ALTMFC last_date 2024-03-30; ALTMFT first_date 2021-03-10; ALTMFT last_date 2022-12-24; EDPE first_date 2024-04-10; EDPM first_date 2021-06-03; EDPT first_date 2023-03-01; EDPW last_date 2021-08-25; nan missing_district_step 2016-01-01,REAL,True,2000,2000,1000,anchor_shift,0,resume with 2 workers after a second out-of-memory kill of the process pool at 20:17:13Z (a worker reached 4.96 GB on the pooled stratum's 60-day cells under 3 workers); the automatic 3-worker retry (start row 6) was stopped by hand at 20:19Z; parallelism changes no number (every cell is seeded from its own identity); no sealed result existed; cells resume from their ledgers
C2_exposed,cardiac_share,OLS_share,sens_coverage_clean,sensitivity,early,primary_minus_5_break_window(s),25,59.0,14,14,3.980733021827162,0.0008128699793495658,0.0011519945763900762,"[0.0011470525236354787, -0.0007374655964076585, 0.000873700854796438, 0.0016777866103813597, 0.0006960616891402196, 0.0015687271070802178, 0.0003252278613420896, 0.000951868784828381]","[0.0013059977741077472, 0.0016332055861510814, 0.001479572747572855, 0.0014631852799542348, 0.0014828747452441833, 0.0014422134196212391, 0.001442442677063838, 0.0015563033479614834]",8.0,0.8900549725137431,0.858857595146307,,anchor_shift,0.0,2000,1280.0,4.906277632056428,37583.0,OK,ARREFC last_date 2024-04-24; ARREFT first_date 2022-11-21; ARREFT last_date 2022-12-03; CARDFC last_date 2024-06-29; CARDFT first_date 2021-01-06; CARDFT last_date 2023-01-14; CVACFC last_date 2024-03-31; CVACFT first_date 2022-11-01; CVACFT last_date 2022-11-01; CVAFC last_date 2023-11-27; nan missing_district_step 2016-01-01,REAL,True,2000,2000,1000,anchor_shift,0,resume with 2 workers after a second out-of-memory kill of the process pool at 20:17:13Z (a worker reached 4.96 GB on the pooled stratum's 60-day cells under 3 workers); the automatic 3-worker retry (start row 6) was stopped by hand at 20:19Z; parallelism changes no number (every cell is seeded from its own identity); no sealed result existed; cells resume from their ledgers
C2_exposed,cardiac,PPML_count_offset,sens_coverage_clean,sensitivity,early,primary_minus_5_break_window(s),25,59.0,14,14,3.2636512789625107,0.0024239780124807706,0.013565946208993963,"[0.002701471526461939, -0.010757995685098179, 0.0010772548496721776, 0.01120269037076756, -0.002536662196092541, 0.01373384778595537, 0.004934465604303247, -0.0009632481561234108]","[0.0154583463540773, 0.019749429384804364, 0.016467893055159367, 0.01692394131137989, 0.018021668687326964, 0.015775852470207782, 0.01574807807834019, 0.017603756895142927]",8.0,0.9370314842578711,0.91673927820902,,anchor_shift,0.0,2000,1280.0,4.800679232168913,37583.0,OK,ARREFC last_date 2024-04-24; ARREFT first_date 2022-11-21; ARREFT last_date 2022-12-03; CARDFC last_date 2024-06-29; CARDFT first_date 2021-01-06; CARDFT last_date 2023-01-14; CVACFC last_date 2024-03-31; CVACFT first_date 2022-11-01; CVACFT last_date 2022-11-01; CVAFC last_date 2023-11-27; nan missing_district_step 2016-01-01,REAL,True,2000,2000,1000,anchor_shift,0,resume with 2 workers after a second out-of-memory kill of the process pool at 20:17:13Z (a worker reached 4.96 GB on the pooled stratum's 60-day cells under 3 workers); the automatic 3-worker retry (start row 6) was stopped by hand at 20:19Z; parallelism changes no number (every cell is seeded from its own identity); no sealed result existed; cells resume from their ledgers
C2_exposed,asthma_share,OLS_share,sens_coverage_clean,sensitivity,early,primary_minus_2_break_window(s),28,59.0,14,14,3.09452909396517,0.00020436145771874243,0.00026633391128520924,"[0.0003110580848057533, -8.44581734749768e-05, 0.00015078965309733483, 6.829049630391673e-05, 0.00035022680409880325, 0.0003106570521796316, 0.0001901552590332024, 0.00033817248570627416]","[0.00037073418988496035, 0.00035508581938598397, 0.0003522087365113413, 0.00032315715032132214, 0.0004049615783623376, 0.0003669804627839047, 0.00032269078221419575, 0.0003518961851187361]",8.0,0.9340329835082459,0.9282859146552412,,anchor_shift,0.0,2000,1280.0,4.451654197825557,42244.0,OK,ASTHFC last_date 2024-12-19; ASTHFT first_date 2021-12-19; ASTHFT last_date 2023-05-21; nan missing_district_step 2016-01-01,REAL,True,2000,2000,1000,anchor_shift,0,resume with 2 workers after a second out-of-memory kill of the process pool at 20:17:13Z (a worker reached 4.96 GB on the pooled stratum's 60-day cells under 3 workers); the automatic 3-worker retry (start row 6) was stopped by hand at 20:19Z; parallelism changes no number (every cell is seeded from its own identity); no sealed result existed; cells resume from their ledgers
C2_exposed,asthma,PPML_count_offset,sens_coverage_clean,sensitivity,early,primary_minus_2_break_window(s),28,59.0,14,14,4.218206228260825,0.014754114582702878,0.05117121244851664,"[0.050836031804737704, -0.028536534472132856, -0.016440302665161794, -0.027827290008289266, 0.04740024510995377, 0.03312569962803642, 0.03389684685367844, 0.025578220410800608]","[0.0645586966882021, 0.06884218700220343, 0.06427164946758657, 0.06370375982422648, 0.07339225922687907, 0.06527963268085253, 0.06159560884802633, 0.06474845201377526]",8.0,0.841079460269865,0.8369189111650951,,anchor_shift,0.0,2000,1280.0,4.7646380599664955,42244.0,OK,ASTHFC last_date 2024-12-19; ASTHFT first_date 2021-12-19; ASTHFT last_date 2023-05-21; nan missing_district_step 2016-01-01,REAL,True,2000,2000,1000,anchor_shift,0,resume with 2 workers after a second out-of-memory kill of the process pool at 20:17:13Z (a worker reached 4.96 GB on the pooled stratum's 60-day cells under 3 workers); the automatic 3-worker retry (start row 6) was stopped by hand at 20:19Z; parallelism changes no number (every cell is seeded from its own identity); no sealed result existed; cells resume from their ledgers
C2_exposed,edp_share_incl_cancelled,OLS_share,sens_incl_cancelled,sensitivity,early,primary,30,59.0,14,14,16.986563197018015,-0.000391825475599345,0.0011957743903688858,"[0.0025848197953499278, -0.0012078884950519253, 0.0006907850002528328, -0.0010485375317723683, -0.0022183455513729205, -0.002292866794650104, 0.0009551021054511963, -0.0005976723330013984]","[0.0014984944432716286, 0.0014976977347013513, 0.001603899550687349, 0.0015287726597416514, 0.0018461999441036414, 0.0016175106846897547, 0.0014635243635628418, 0.0017225561879427695]",8.0,0.06696651674162919,0.030249300532003805,,anchor_shift,0.0,2000,1280.0,4.863230026347037,45017.0,OK,"cancelled/never-sent dispositions included, own denominator (O1)",REAL,True,2000,2000,1000,anchor_shift,0,resume with 2 workers after a second out-of-memory kill of the process pool at 20:17:13Z (a worker reached 4.96 GB on the pooled stratum's 60-day cells under 3 workers); the automatic 3-worker retry (start row 6) was stopped by hand at 20:19Z; parallelism changes no number (every cell is seeded from its own identity); no sealed result existed; cells resume from their ledgers
C2_exposed,edp_incl_cancelled,PPML_count_offset,sens_incl_cancelled,sensitivity,early,primary,30,59.0,14,14,14.912989258814404,0.00408144226419596,0.010946018769420751,"[0.029025857211341197, -0.001838358311907115, 0.012107418803292493, 0.003958883935781899, -0.011352713883628941, -0.017313778311380222, 0.0189768081098815, -0.000912579439813138]","[0.014132023949914845, 0.014316536183451476, 0.015430713534469625, 0.015101910970557632, 0.018762036656401297, 0.014932065716255728, 0.013610975888772619, 0.016377542004764215]",8.0,0.08245877061469266,0.06085957498838696,,anchor_shift,0.0,2000,1280.0,4.448307521575126,45017.0,OK,"cancelled/never-sent dispositions included, own denominator (O1)",REAL,True,2000,2000,1000,anchor_shift,0,resume with 2 workers after a second out-of-memory kill of the process pool at 20:17:13Z (a worker reached 4.96 GB on the pooled stratum's 60-day cells under 3 workers); the automatic 3-worker retry (start row 6) was stopped by hand at 20:19Z; parallelism changes no number (every cell is seeded from its own identity); no sealed result existed; cells resume from their ledgers
C2_exposed,mh_narrow_share_incl_cancelled,OLS_share,sens_incl_cancelled,sensitivity,early,primary,30,59.0,14,14,16.420013584237847,-0.0008349817987884433,0.0013731046098071915,"[0.0019702172615157273, -0.0014034651241813321, 0.0009104831826809654, -0.0013402155606655492, -0.002855399885032233, -0.002849800909079821, 0.00026752928413148637, -0.0013792026396767898]","[0.0016816136249151296, 0.0016976723845681194, 0.001737933576121037, 0.001763016383704037, 0.002045425684579607, 0.0016957551131118304, 0.0016510452874656711, 0.0019242103929473947]",8.0,0.06546726636681659,0.03674810056676049,,anchor_shift,0.0,2000,1280.0,4.537760929768816,45017.0,OK,"cancelled/never-sent dispositions included, own denominator (O1)",REAL,True,2000,2000,1000,anchor_shift,0,resume with 2 workers after a second out-of-memory kill of the process pool at 20:17:13Z (a worker reached 4.96 GB on the pooled stratum's 60-day cells under 3 workers); the automatic 3-worker retry (start row 6) was stopped by hand at 20:19Z; parallelism changes no number (every cell is seeded from its own identity); no sealed result existed; cells resume from their ledgers
C2_exposed,mh_narrow_incl_cancelled,PPML_count_offset,sens_incl_cancelled,sensitivity,early,primary,30,59.0,14,14,16.54306587168977,0.000927570173116724,0.010531514864643498,"[0.020593613559763975, -0.0005610318640849895, 0.011295661861473311, 0.003040435107260214, -0.014666875241236617, -0.018797242465438284, 0.011259049261772637, -0.004743048834576455]","[0.012794509223844732, 0.013338685029531689, 0.013945869902865192, 0.014460844497511864, 0.017165904651512978, 0.0126900170343626, 0.012840570004826647, 0.014919896618916757]",8.0,0.05647176411794103,0.03523483342454891,,anchor_shift,0.0,2000,1280.0,4.528086099422123,45017.0,OK,"cancelled/never-sent dispositions included, own denominator (O1)",REAL,True,2000,2000,1000,anchor_shift,0,resume with 2 workers after a second out-of-memory kill of the process pool at 20:17:13Z (a worker reached 4.96 GB on the pooled stratum's 60-day cells under 3 workers); the automatic 3-worker retry (start row 6) was stopped by hand at 20:19Z; parallelism changes no number (every cell is seeded from its own identity); no sealed result existed; cells resume from their ledgers
C2_exposed,edp_ex_edpm_share,OLS_share,sens_no_edpm,sensitivity,early,primary,30,59.0,14,14,3.1149844273722063,-0.000959316719959067,0.0010804120280593927,"[9.347791165280892e-05, -0.0012084097832736913, -0.0009867142895696704, -0.0012188919787825333, -0.0018159735222610923, -0.0013727159522987239, -3.407145044320434e-05, -0.0011312346946964298]","[0.0016297255732281204, 0.0013449484413887698, 0.001529451150918691, 0.0014143733165988123, 0.001656391844649029, 0.0014158802292327803, 0.001358364272103093, 0.0014324835257047907]",8.0,0.928535732133933,0.9269356217086323,,anchor_shift,0.0,2000,1280.0,4.50242645854411,45017.0,OK,EDP without EDPM (incident F2; addendum 30),REAL,True,2000,2000,1000,anchor_shift,0,resume with 2 workers after a second out-of-memory kill of the process pool at 20:17:13Z (a worker reached 4.96 GB on the pooled stratum's 60-day cells under 3 workers); the automatic 3-worker retry (start row 6) was stopped by hand at 20:19Z; parallelism changes no number (every cell is seeded from its own identity); no sealed result existed; cells resume from their ledgers
C2_exposed,edp_ex_edpm,PPML_count_offset,sens_no_edpm,sensitivity,early,primary,30,59.0,14,14,1.8491864910422642,-0.0005960131895357175,0.013246410127215173,"[0.003539126424198295, 0.001679261737399748, 0.0009293243101078435, 0.0037822800219768425, -0.013423026885666786, -0.007142232242841713, 0.010866214251464378, -0.0049990531329243484]","[0.021756229071819375, 0.017196685309835993, 0.01969187501353398, 0.01772717493845455, 0.02221999352243691, 0.017680537597668314, 0.017602692866106717, 0.018315032805329947]",8.0,0.9835082458770614,0.9852913505699017,,anchor_shift,0.0,2000,1280.0,4.44970823772032,45017.0,OK,EDP without EDPM (incident F2; addendum 30),REAL,True,2000,2000,1000,anchor_shift,0,resume with 2 workers after a second out-of-memory kill of the process pool at 20:17:13Z (a worker reached 4.96 GB on the pooled stratum's 60-day cells under 3 workers); the automatic 3-worker retry (start row 6) was stopped by hand at 20:19Z; parallelism changes no number (every cell is seeded from its own identity); no sealed result existed; cells resume from their ledgers
C2_exposed,edp_share,OLS_share,sens_bheard_late_bound,sensitivity,late,primary,30,59.0,14,14,6.0489134748792885,-0.0001916064004659603,0.0011360257139961534,"[0.0016676573882583653, -0.0005905917991394169, 0.0008636525259115811, -0.0005816596737502045, -0.001521510373275135, -0.0017021205837313767, 0.0006419162095865953, -0.0003101948975880911]","[0.0016866954087930803, 0.0014465206392837405, 0.0016468016796578494, 0.0015001502244034273, 0.001825422244928376, 0.001556901140014693, 0.0014768108827711666, 0.0016387040713251202]",8.0,0.6351824087956022,0.6417527384487092,,anchor_shift,0.0,2000,1280.0,4.699617721193678,45017.0,OK,,REAL,True,2000,2000,1000,anchor_shift,0,resume with 2 workers after a second out-of-memory kill of the process pool at 20:17:13Z (a worker reached 4.96 GB on the pooled stratum's 60-day cells under 3 workers); the automatic 3-worker retry (start row 6) was stopped by hand at 20:19Z; parallelism changes no number (every cell is seeded from its own identity); no sealed result existed; cells resume from their ledgers
C2_exposed,edp,PPML_count_offset,sens_bheard_late_bound,sensitivity,late,primary,30,59.0,14,14,4.780343394959833,0.0058237903164626275,0.011284175167487247,"[0.018448870379730895, 0.006938116226905657, 0.01538198518776171, 0.008293529684949695, -0.006390566423095388, -0.011569168584613881, 0.014728224433839065, 0.0007593316262232653]","[0.018141684921975133, 0.015142118150659705, 0.017208466766130238, 0.01619430745746738, 0.02036146172453701, 0.015744128197769415, 0.015489086756492347, 0.017328408500514307]",8.0,0.775112443778111,0.7807746265828561,,anchor_shift,0.0,2000,1280.0,4.326157665357119,45017.0,OK,,REAL,True,2000,2000,1000,anchor_shift,0,resume with 2 workers after a second out-of-memory kill of the process pool at 20:17:13Z (a worker reached 4.96 GB on the pooled stratum's 60-day cells under 3 workers); the automatic 3-worker retry (start row 6) was stopped by hand at 20:19Z; parallelism changes no number (every cell is seeded from its own identity); no sealed result existed; cells resume from their ledgers
C2_exposed,mh_narrow_share,OLS_share,sens_bheard_late_bound,sensitivity,late,primary,30,59.0,14,14,8.02275198206679,-0.0006783397190098868,0.0013330038727541467,"[0.0010517221209381865, -0.0008555315953517042, 0.0010819994200256188, -0.0009088383198220416, -0.0023041642637736384, -0.0023536058462891273, -4.233423815207918e-05, -0.0010959650296543087]","[0.0018171393120347498, 0.001697629999013257, 0.0017895814405626026, 0.001752862012593888, 0.0020205182499355126, 0.0016288101138305447, 0.0016595473594529081, 0.0018655741641576777]",8.0,0.4482758620689655,0.43125079557536405,,anchor_shift,0.0,2000,1280.0,4.377482958618344,45017.0,OK,,REAL,True,2000,2000,1000,anchor_shift,0,resume with 2 workers after a second out-of-memory kill of the process pool at 20:17:13Z (a worker reached 4.96 GB on the pooled stratum's 60-day cells under 3 workers); the automatic 3-worker retry (start row 6) was stopped by hand at 20:19Z; parallelism changes no number (every cell is seeded from its own identity); no sealed result existed; cells resume from their ledgers
C2_exposed,mh_narrow,PPML_count_offset,sens_bheard_late_bound,sensitivity,late,primary,30,59.0,14,14,7.660252043049607,0.001886680761775427,0.010808146728782065,"[0.011700186471350198, 0.006171894710916081, 0.014042908786189514, 0.006515458322498108, -0.012124891842177634, -0.01482488429683121, 0.0073509120094808035, -0.0037381380672224483]","[0.015212451931191114, 0.01412062577628665, 0.015156569091952352, 0.01529870892194417, 0.018082255497578765, 0.012993782971223363, 0.013948678887381882, 0.015525315844350221]",8.0,0.49775112443778113,0.46734111174706383,,anchor_shift,0.0,2000,1280.0,4.471120599539931,45017.0,OK,,REAL,True,2000,2000,1000,anchor_shift,0,resume with 2 workers after a second out-of-memory kill of the process pool at 20:17:13Z (a worker reached 4.96 GB on the pooled stratum's 60-day cells under 3 workers); the automatic 3-worker retry (start row 6) was stopped by hand at 20:19Z; parallelism changes no number (every cell is seeded from its own identity); no sealed result existed; cells resume from their ledgers
pooled,edp_share,OLS_share,primary,descriptive,early,primary,45,59.0,14,14,10.463264301944475,-0.0003555705515091308,0.0009057507121911531,"[0.0012237141056156426, 0.00021546735889802583, 0.0008807139462314642, -0.0012246577239643282, -0.0006998684236107525, -0.002066735710355159, -0.00011884452912739888, -0.0010543534357605401]","[0.0012505442995256236, 0.0011412314814343322, 0.001331295016695359, 0.001167800616789274, 0.0014445028787786502, 0.001238225678134144, 0.0011844957630883462, 0.0012930008610993367]",8.0,0.23288355822088955,0.23400344735769074,,circular_within_block_fw7,0.0,2000,1987.0,4.27258884498989,68558.0,OK,,REAL,True,2000,2000,200,circular_within_block_fw7,0,resume with 2 workers after a second out-of-memory kill of the process pool at 20:17:13Z (a worker reached 4.96 GB on the pooled stratum's 60-day cells under 3 workers); the automatic 3-worker retry (start row 6) was stopped by hand at 20:19Z; parallelism changes no number (every cell is seeded from its own identity); no sealed result existed; cells resume from their ledgers
pooled,edp,PPML_count_offset,primary,descriptive,early,primary,45,59.0,14,14,11.579161301869743,0.0076233978273445675,0.009362296789280668,"[0.02364942100318946, 0.016354215100461783, 0.021497052459751236, 0.0020184667961250556, 0.004853535157530407, -0.015388948084968858, 0.010962002870843687, -0.0029585626841762366]","[0.0141368633799856, 0.011995448390745966, 0.014235462362587747, 0.013263972420820678, 0.017033668188628146, 0.013374294039199507, 0.012785186439356793, 0.014015571373587514]",8.0,0.18240879560219891,0.17099127546041964,,circular_within_block_fw7,0.0,2000,1987.0,4.296064031180052,68558.0,OK,,REAL,True,2000,2000,200,circular_within_block_fw7,0,resume with 2 workers after a second out-of-memory kill of the process pool at 20:17:13Z (a worker reached 4.96 GB on the pooled stratum's 60-day cells under 3 workers); the automatic 3-worker retry (start row 6) was stopped by hand at 20:19Z; parallelism changes no number (every cell is seeded from its own identity); no sealed result existed; cells resume from their ledgers
pooled,mh_narrow_share,OLS_share,primary,descriptive,early,primary,45,59.0,14,14,10.397571394877941,-0.0007656757267509181,0.0010594974676890934,"[9.531641506299578e-05, 1.7333055755609153e-05, 0.0007779779686688677, -0.0011724281009227503, -0.0014057367277890644, -0.002479098260076905, -0.0003402899097342397, -0.0016184802549718577]","[0.0013748998445061683, 0.00132173727171841, 0.0014150050985966708, 0.0013614234668506673, 0.0016690337391522085, 0.001291653849771914, 0.0013237890828899522, 0.0014317970126992733]",8.0,0.25987006496751625,0.2382225226870342,,circular_within_block_fw7,0.0,2000,1987.0,4.155557766071071,68558.0,OK,,REAL,True,2000,2000,200,circular_within_block_fw7,0,resume with 2 workers after a second out-of-memory kill of the process pool at 20:17:13Z (a worker reached 4.96 GB on the pooled stratum's 60-day cells under 3 workers); the automatic 3-worker retry (start row 6) was stopped by hand at 20:19Z; parallelism changes no number (every cell is seeded from its own identity); no sealed result existed; cells resume from their ledgers
pooled,mh_narrow,PPML_count_offset,primary,descriptive,early,primary,45,59.0,14,14,13.320474040753336,0.0016309774289703836,0.00880258372509587,"[0.008836947026059019, 0.011040731797575278, 0.015594003837300446, 0.0018037013586263602, -0.005925633672796425, -0.016904276896654146, 0.006267905964987621, -0.007665559983335077]","[0.011827478492960286, 0.011017029970261346, 0.0121109605976031, 0.01239989506177122, 0.015585443535124473, 0.010826570426290793, 0.011477629404810834, 0.012302140156238718]",8.0,0.11244377811094453,0.10128851733888797,,circular_within_block_fw7,0.0,2000,1987.0,4.097092435613099,68558.0,OK,,REAL,True,2000,2000,200,circular_within_block_fw7,0,resume with 2 workers after a second out-of-memory kill of the process pool at 20:17:13Z (a worker reached 4.96 GB on the pooled stratum's 60-day cells under 3 workers); the automatic 3-worker retry (start row 6) was stopped by hand at 20:19Z; parallelism changes no number (every cell is seeded from its own identity); no sealed result existed; cells resume from their ledgers
pooled,edp,PPML_count_no_offset,diag_raw_count,diagnostic,early,primary,45,59.0,14,14,19.10590738458634,-0.006144621538389558,0.008909738045761303,"[0.013925852651660032, 0.008840429037681027, 0.010435064908229551, -0.014268968335403864, -0.009149851236748253, -0.030902357104875045, -0.0051967085344414785, -0.022840433693218438]","[0.012977781087313641, 0.01211115234183154, 0.014507418788967934, 0.014815613806886533, 0.01493571957247272, 0.011870745412814179, 0.013295452253754614, 0.015232912167280337]",8.0,0.02148925537231384,0.014303400549004062,,circular_within_block_fw7,0.0,2000,1987.0,4.41549029218889,68558.0,OK,"PPML on the count, no offset, every district-day (addendum 23.3, 30)",REAL,True,2000,2000,200,circular_within_block_fw7,0,resume with 2 workers after a second out-of-memory kill of the process pool at 20:17:13Z (a worker reached 4.96 GB on the pooled stratum's 60-day cells under 3 workers); the automatic 3-worker retry (start row 6) was stopped by hand at 20:19Z; parallelism changes no number (every cell is seeded from its own identity); no sealed result existed; cells resume from their ledgers
pooled,mh_narrow,PPML_count_no_offset,diag_raw_count,diagnostic,early,primary,45,59.0,14,14,20.51100073020386,-0.0118397226852867,0.008933735182336689,"[-0.0007629919689959119, 0.003500882434977748, 0.004550265205885851, -0.014247704827478499, -0.01920302666905486, -0.03188053746748558, -0.009294341226983817, -0.02738032696315853]","[0.011539421853103, 0.01172786311760511, 0.013140432152493019, 0.014315450469956269, 0.013863206461415662, 0.0108569048681916, 0.012222191017188095, 0.013931750652698482]",8.0,0.025987006496751622,0.008566334818217504,,circular_within_block_fw7,0.0,2000,1987.0,4.8098223787033705,68558.0,OK,"PPML on the count, no offset, every district-day (addendum 23.3, 30)",REAL,True,2000,2000,200,circular_within_block_fw7,0,resume with 2 workers after a second out-of-memory kill of the process pool at 20:17:13Z (a worker reached 4.96 GB on the pooled stratum's 60-day cells under 3 workers); the automatic 3-worker retry (start row 6) was stopped by hand at 20:19Z; parallelism changes no number (every cell is seeded from its own identity); no sealed result existed; cells resume from their ledgers
pooled,total_calls,PPML_count_no_offset,diag_total_dispatches,diagnostic,early,primary,45,59.0,14,14,5.867385112959905,-0.012148954675616646,0.006165260429024284,"[-0.009178200960336134, -0.007289358711306617, -0.010303076664229742, -0.014837002347860924, -0.010940658851076876, -0.014267221873110955, -0.012451481917766833, -0.017924636079245077]","[0.007769537759096386, 0.008162139332810799, 0.007857883069554357, 0.008158810342391326, 0.009448822996894816, 0.008634457238623385, 0.008702680188509112, 0.009091643714332158]",8.0,0.5697151424287856,0.662083859830248,,circular_within_block_fw7,0.0,2000,1987.0,4.300999091081716,68558.0,OK,"PPML on total dispatches, no offset, every district-day (addendum 23.3, 30)",REAL,True,2000,2000,200,circular_within_block_fw7,0,resume with 2 workers after a second out-of-memory kill of the process pool at 20:17:13Z (a worker reached 4.96 GB on the pooled stratum's 60-day cells under 3 workers); the automatic 3-worker retry (start row 6) was stopped by hand at 20:19Z; parallelism changes no number (every cell is seeded from its own identity); no sealed result existed; cells resume from their ledgers
pooled,cardiac_share,OLS_share,placebo,placebo,early,primary,45,59.0,14,14,7.511557305309742,0.0012152199699246799,0.0008692750744016954,"[0.0017265200579834029, 8.2733720722225e-05, 0.0005370968504090931, 0.0006118711344696112, 0.001176760101433852, 0.0017188032675294353, 0.0018488551884254616, 0.002019119438424358]","[0.0011051755221173146, 0.0012222157838715885, 0.0010972934859347747, 0.0010646481557759022, 0.0011201931323768562, 0.0011235366436330065, 0.001241063351095187, 0.0011325268630985829]",8.0,0.5462268865567217,0.48257363156196054,,circular_within_block_fw7,0.0,2000,1987.0,4.253735969540313,68558.0,OK,"falsification, not confirmation",REAL,True,2000,2000,200,circular_within_block_fw7,0,resume with 2 workers after a second out-of-memory kill of the process pool at 20:17:13Z (a worker reached 4.96 GB on the pooled stratum's 60-day cells under 3 workers); the automatic 3-worker retry (start row 6) was stopped by hand at 20:19Z; parallelism changes no number (every cell is seeded from its own identity); no sealed result existed; cells resume from their ledgers
pooled,cardiac,PPML_count_offset,placebo,placebo,early,primary,45,59.0,14,14,5.43138349347617,0.011053281242446561,0.010497757460788728,"[0.015063079636176195, 0.0007275177322933103, 0.004499627115257491, 0.006605751340234248, 0.009204152690112329, 0.019976781583897377, 0.01855131848421944, 0.013798021357382097]","[0.013252282115978023, 0.014517950628486176, 0.012906128018006648, 0.012739526608833611, 0.014065099353924885, 0.01271054903510425, 0.013402835387326891, 0.013185655456706977]",8.0,0.7461269365317341,0.7106296932377428,,circular_within_block_fw7,0.0,2000,1987.0,4.1530916859659435,68558.0,OK,"falsification, not confirmation",REAL,True,2000,2000,200,circular_within_block_fw7,0,resume with 2 workers after a second out-of-memory kill of the process pool at 20:17:13Z (a worker reached 4.96 GB on the pooled stratum's 60-day cells under 3 workers); the automatic 3-worker retry (start row 6) was stopped by hand at 20:19Z; parallelism changes no number (every cell is seeded from its own identity); no sealed result existed; cells resume from their ledgers
pooled,injury_share,OLS_share,placebo,placebo,early,primary,45,59.0,14,14,13.368447566563848,-0.00017591050526564143,0.001189249274760349,"[0.0023614871219785325, -5.4907350387959784e-05, -0.0005369986953931304, 0.0009336495962125327, 0.000981817272747235, -0.0009894571085310863, -0.0005308011968546087, -0.0035720736818966466]","[0.00168511073192623, 0.001660436981986955, 0.001580919304930243, 0.0016517182340540513, 0.0016497945774980652, 0.0019253999400053318, 0.0016966422242794706, 0.0016856615734354434]",8.0,0.09645177411294353,0.09978564149896085,,circular_within_block_fw7,0.0,2000,1987.0,4.041312783578459,68558.0,OK,"falsification, not confirmation",REAL,True,2000,2000,200,circular_within_block_fw7,0,resume with 2 workers after a second out-of-memory kill of the process pool at 20:17:13Z (a worker reached 4.96 GB on the pooled stratum's 60-day cells under 3 workers); the automatic 3-worker retry (start row 6) was stopped by hand at 20:19Z; parallelism changes no number (every cell is seeded from its own identity); no sealed result existed; cells resume from their ledgers
pooled,injury,PPML_count_offset,placebo,placebo,early,primary,45,59.0,14,14,12.11913391867089,-0.0019612003310359137,0.005874433543126224,"[0.012897696921981871, -0.0003008355605024321, -0.002328396490417495, -0.0005750036568636479, 0.0034922666684129937, -0.007207316445583739, -0.005487542959011478, -0.016180471126303383]","[0.00845073221310226, 0.008091195772111875, 0.007637671640506185, 0.008252259265278157, 0.008365707712659936, 0.009507056683915218, 0.008202571912612455, 0.008363458401310805]",8.0,0.1329335332333833,0.14596705183395167,,circular_within_block_fw7,0.0,2000,1987.0,4.054150348376627,68558.0,OK,"falsification, not confirmation",REAL,True,2000,2000,200,circular_within_block_fw7,0,resume with 2 workers after a second out-of-memory kill of the process pool at 20:17:13Z (a worker reached 4.96 GB on the pooled stratum's 60-day cells under 3 workers); the automatic 3-worker retry (start row 6) was stopped by hand at 20:19Z; parallelism changes no number (every cell is seeded from its own identity); no sealed result existed; cells resume from their ledgers
pooled,asthma_share,OLS_share,placebo,placebo,early,primary,45,59.0,14,14,5.590086834323545,0.00024271849093838505,0.00028114121895816724,"[-1.550646213764472e-05, 0.0003128081607955089, 0.00016944714125594518, 0.0001326439764535595, 0.0003470848734813357, 0.00023775026188112676, 0.0001800761225288519, 0.0005774438532483971]","[0.0003527056890827095, 0.00036794533183885625, 0.0003315341860112647, 0.0003375137953025794, 0.0003661868475756371, 0.0003442110062230512, 0.0003625058649813615, 0.00033915897062392406]",8.0,0.7016491754122939,0.6930399948069984,,circular_within_block_fw7,0.0,2000,1987.0,3.92976043036148,68558.0,OK,"falsification, not confirmation",REAL,True,2000,2000,200,circular_within_block_fw7,0,resume with 2 workers after a second out-of-memory kill of the process pool at 20:17:13Z (a worker reached 4.96 GB on the pooled stratum's 60-day cells under 3 workers); the automatic 3-worker retry (start row 6) was stopped by hand at 20:19Z; parallelism changes no number (every cell is seeded from its own identity); no sealed result existed; cells resume from their ledgers
pooled,asthma,PPML_count_offset,placebo,placebo,early,primary,45,59.0,14,14,3.2697093613504937,0.03191365418518916,0.03783774232565499,"[0.012555467757349814, 0.04319456339585818, 0.017453628626649894, 0.015591629721028122, 0.05449021697854327, 0.029096799067747568, 0.024235916550831287, 0.05869101138350516]","[0.047378999259713575, 0.051120054493789105, 0.04685541765223661, 0.04557046178924665, 0.050269437850040836, 0.04796258886761224, 0.046315895130978224, 0.045470334093519506]",8.0,0.9315342328835582,0.9163097089826199,,circular_within_block_fw7,0.0,2000,1987.0,4.227012754646016,68558.0,OK,"falsification, not confirmation",REAL,True,2000,2000,200,circular_within_block_fw7,0,resume with 2 workers after a second out-of-memory kill of the process pool at 20:17:13Z (a worker reached 4.96 GB on the pooled stratum's 60-day cells under 3 workers); the automatic 3-worker retry (start row 6) was stopped by hand at 20:19Z; parallelism changes no number (every cell is seeded from its own identity); no sealed result existed; cells resume from their ledgers
pooled,edp_share,OLS_share,sens_post28,sensitivity,early,primary,45,59.0,28,14,10.156584575574232,-0.0003658871222338697,0.0008857994820654027,"[0.0011686933577705842, 0.00020519656522482096, 0.0008591778428181235, -0.0012042332581840619, -0.0007196331011869207, -0.002005056840274106, -0.00011862016799162179, -0.0011126213760477759]","[0.0012445918180590918, 0.0011212901960226038, 0.0013190401786469708, 0.0011454834565223972, 0.0014224545910639735, 0.0012043171027981557, 0.001187400312493844, 0.0012889877079596192]",8.0,0.23288355822088955,0.25420733460684525,,circular_within_block_fw7,0.0,2000,1987.0,4.1702942105864915,90152.0,OK,28-day post window (addendum 3); placebo starts drawn on the certified 14-day geometry; tails truncate at the stratum edge (addendum 17),REAL,True,2000,2000,200,circular_within_block_fw7,0,resume with 2 workers after a second out-of-memory kill of the process pool at 20:17:13Z (a worker reached 4.96 GB on the pooled stratum's 60-day cells under 3 workers); the automatic 3-worker retry (start row 6) was stopped by hand at 20:19Z; parallelism changes no number (every cell is seeded from its own identity); no sealed result existed; cells resume from their ledgers
pooled,edp,PPML_count_offset,sens_post28,sensitivity,early,primary,45,59.0,28,14,11.510089917898092,0.007618434892536359,0.00908763629948372,"[0.022971147030397203, 0.016562527960640283, 0.021761631855609434, 0.0024840933637793943, 0.004432810169509161, -0.014810343939811487, 0.011049642388579358, -0.0035040296884124708]","[0.01403493258685392, 0.01176046618621909, 0.01417361695912511, 0.012958644696829854, 0.016690652825256645, 0.013013166110188625, 0.01286347834085297, 0.013858050995132536]",8.0,0.1744127936031984,0.174437042569776,,circular_within_block_fw7,0.0,2000,1987.0,4.219952832245741,90152.0,OK,28-day post window (addendum 3); placebo starts drawn on the certified 14-day geometry; tails truncate at the stratum edge (addendum 17),REAL,True,2000,2000,200,circular_within_block_fw7,0,resume with 2 workers after a second out-of-memory kill of the process pool at 20:17:13Z (a worker reached 4.96 GB on the pooled stratum's 60-day cells under 3 workers); the automatic 3-worker retry (start row 6) was stopped by hand at 20:19Z; parallelism changes no number (every cell is seeded from its own identity); no sealed result existed; cells resume from their ledgers
pooled,mh_narrow_share,OLS_share,sens_post28,sensitivity,early,primary,45,59.0,28,14,10.449810811296901,-0.0007847158435715525,0.0010405858431630276,"[1.8594493067524884e-05, 1.9449423698282557e-05, 0.0007593217973399501, -0.0011616236679178088, -0.0014436052961227463, -0.0024335863283046896, -0.0003403884754734, -0.0016958886948595336]","[0.0013630693570627621, 0.0012974631160080415, 0.0013960647023128097, 0.0013415396773108995, 0.0016413799206097383, 0.0012625604168020783, 0.0013249117514960165, 0.0014174486434734884]",8.0,0.24987506246876562,0.2348626967459198,,circular_within_block_fw7,0.0,2000,1987.0,4.318470223309116,90152.0,OK,28-day post window (addendum 3); placebo starts drawn on the certified 14-day geometry; tails truncate at the stratum edge (addendum 17),REAL,True,2000,2000,200,circular_within_block_fw7,0,resume with 2 workers after a second out-of-memory kill of the process pool at 20:17:13Z (a worker reached 4.96 GB on the pooled stratum's 60-day cells under 3 workers); the automatic 3-worker retry (start row 6) was stopped by hand at 20:19Z; parallelism changes no number (every cell is seeded from its own identity); no sealed result existed; cells resume from their ledgers
pooled,mh_narrow,PPML_count_offset,sens_post28,sensitivity,early,primary,45,59.0,28,14,13.490865765787229,0.0015756280913053074,0.008571661662370765,"[0.008203917266860119, 0.0112538981371928, 0.015791800954997753, 0.002086142985690251, -0.00631936380160528, -0.016449566256701423, 0.006332985730374471, -0.008294790286366234]","[0.011684595783311453, 0.010817190895976329, 0.011952919916560532, 0.012172680720051345, 0.015240142583483366, 0.010541384990514059, 0.011513836940184085, 0.012098791343619932]",8.0,0.09945027486256872,0.09603959788124565,,circular_within_block_fw7,0.0,2000,1987.0,4.130126016072592,90152.0,OK,28-day post window (addendum 3); placebo starts drawn on the certified 14-day geometry; tails truncate at the stratum edge (addendum 17),REAL,True,2000,2000,200,circular_within_block_fw7,0,resume with 2 workers after a second out-of-memory kill of the process pool at 20:17:13Z (a worker reached 4.96 GB on the pooled stratum's 60-day cells under 3 workers); the automatic 3-worker retry (start row 6) was stopped by hand at 20:19Z; parallelism changes no number (every cell is seeded from its own identity); no sealed result existed; cells resume from their ledgers
pooled,edp_share,OLS_share,sens_post60,sensitivity,early,primary,45,59.0,60,14,9.405443379758553,-0.00030917646174045916,0.0009476938956984224,"[0.0012459605376163151, 0.00027259009482346903, 0.0008993936496932904, -0.001086273570019894, -0.0006817945717672427, -0.0019629760182921893, -0.00011920966116527711, -0.0010411021548121448]","[0.0012955270289860114, 0.0011605061034986525, 0.001384344576043513, 0.0012273350767109232, 0.001501562594039172, 0.0012787559134738765, 0.0012501476028420823, 0.0013364950623794571]",8.0,0.27886056971514245,0.30925543684918716,,circular_within_block_fw7,0.0,2000,1987.0,4.17638237566,111215.0,OK,60-day post window (addendum 3); placebo starts drawn on the certified 14-day geometry; tails truncate at the stratum edge (addendum 17),REAL,True,2000,2000,200,circular_within_block_fw7,0,resume with 2 workers after a second out-of-memory kill of the process pool at 20:17:13Z (a worker reached 4.96 GB on the pooled stratum's 60-day cells under 3 workers); the automatic 3-worker retry (start row 6) was stopped by hand at 20:19Z; parallelism changes no number (every cell is seeded from its own identity); no sealed result existed; cells resume from their ledgers
pooled,edp,PPML_count_offset,sens_post60,sensitivity,early,primary,45,59.0,60,14,10.6285049920162,0.007757918062424825,0.009648593869189112,"[0.023337013529599538, 0.016782176201427523, 0.021754498324333977, 0.003181237442865707, 0.004326171497958478, -0.014867925974880191, 0.010831424560191672, -0.0032812510820981]","[0.014289460296750971, 0.012062480743500994, 0.014937564395276331, 0.013889952044756645, 0.01777244523529303, 0.0141298987307353, 0.013563278479429947, 0.014195571808464648]",8.0,0.1934032983508246,0.22364976863374683,,circular_within_block_fw7,0.0,2000,1987.0,3.9542031034299026,111215.0,OK,60-day post window (addendum 3); placebo starts drawn on the certified 14-day geometry; tails truncate at the stratum edge (addendum 17),REAL,True,2000,2000,200,circular_within_block_fw7,0,resume with 2 workers after a second out-of-memory kill of the process pool at 20:17:13Z (a worker reached 4.96 GB on the pooled stratum's 60-day cells under 3 workers); the automatic 3-worker retry (start row 6) was stopped by hand at 20:19Z; parallelism changes no number (every cell is seeded from its own identity); no sealed result existed; cells resume from their ledgers
pooled,mh_narrow_share,OLS_share,sens_post60,sensitivity,early,primary,45,59.0,60,14,9.779616226358312,-0.0007444393158667148,0.001101870270052173,"[7.719269220913254e-05, 8.149390291444541e-05, 0.000750681717661931, -0.0010484895689320903, -0.001431739854192637, -0.0024025337639860707, -0.0003385807103938858, -0.001643538942214543]","[0.001416802874864495, 0.0013208891019688212, 0.0014497192289952944, 0.0014168037273101734, 0.0017039743014931443, 0.001335418999890302, 0.001371018516693254, 0.0014676883584449334]",8.0,0.24587706146926536,0.28083600959837385,,circular_within_block_fw7,0.0,2000,1987.0,4.095373737569863,111215.0,OK,60-day post window (addendum 3); placebo starts drawn on the certified 14-day geometry; tails truncate at the stratum edge (addendum 17),REAL,True,2000,2000,200,circular_within_block_fw7,0,resume with 2 workers after a second out-of-memory kill of the process pool at 20:17:13Z (a worker reached 4.96 GB on the pooled stratum's 60-day cells under 3 workers); the automatic 3-worker retry (start row 6) was stopped by hand at 20:19Z; parallelism changes no number (every cell is seeded from its own identity); no sealed result existed; cells resume from their ledgers
pooled,mh_narrow,PPML_count_offset,sens_post60,sensitivity,early,primary,45,59.0,60,14,12.416000448192133,0.0015542315525607156,0.008966305786244688,"[0.008304878079436154, 0.01144851619362715, 0.015484521677843848, 0.0025257784261921747, -0.006577129495693198, -0.016569879180435534, 0.006117203507949801, -0.008300036788434668]","[0.011957261382180775, 0.010862465067471336, 0.012384658964416904, 0.012772197783923973, 0.015895827774992034, 0.01130906408314882, 0.011841767449612264, 0.012379804962121937]",8.0,0.11294352823588207,0.13358566677295322,,circular_within_block_fw7,0.0,2000,1987.0,3.973527569254611,111215.0,OK,60-day post window (addendum 3); placebo starts drawn on the certified 14-day geometry; tails truncate at the stratum edge (addendum 17),REAL,True,2000,2000,200,circular_within_block_fw7,0,resume with 2 workers after a second out-of-memory kill of the process pool at 20:17:13Z (a worker reached 4.96 GB on the pooled stratum's 60-day cells under 3 workers); the automatic 3-worker retry (start row 6) was stopped by hand at 20:19Z; parallelism changes no number (every cell is seeded from its own identity); no sealed result existed; cells resume from their ledgers
pooled,edp_share,OLS_share,sens_drop_jul2016,sensitivity,early,primary_minus_jul2016,44,59.0,14,14,10.826428471034546,-0.0006740631520574836,0.0008856706072080056,"[0.0010762206672338954, -0.00011060042425429907, 0.0002842975202971012, -0.001585684506611798, -0.000985376656601904, -0.0023764151972863563, -0.0003249674617448726, -0.0013699791574916355]","[0.0012474005681263212, 0.0011305039325891087, 0.0012840714918236238, 0.0011595954090723797, 0.0014524262623539798, 0.0012337855719063515, 0.0011813545600297707, 0.0012936395171699925]",8.0,0.2518740629685157,0.21172928865036747,,circular_within_block_fw7,0.0,2000,1987.0,4.361544437575231,66847.0,OK,Sterling + Castile + the Dallas attack,REAL,True,2000,2000,200,circular_within_block_fw7,0,resume with 2 workers after a second out-of-memory kill of the process pool at 20:17:13Z (a worker reached 4.96 GB on the pooled stratum's 60-day cells under 3 workers); the automatic 3-worker retry (start row 6) was stopped by hand at 20:19Z; parallelism changes no number (every cell is seeded from its own identity); no sealed result existed; cells resume from their ledgers
pooled,edp,PPML_count_offset,sens_drop_jul2016,sensitivity,early,primary_minus_jul2016,44,59.0,14,14,10.557187484756998,0.0046492034363005506,0.009169687927129508,"[0.021561473244843622, 0.014522688399628962, 0.015476964405902512, -0.0017918241843759128, 0.0024857556514369097, -0.017554356123052978, 0.008276098936719777, -0.005783172840698491]","[0.014162363559968376, 0.01192818738967945, 0.013815875361406866, 0.013213790239872202, 0.017115198584944518, 0.013341482683077605, 0.012776207628018356, 0.014054698852922366]",8.0,0.23088455772113944,0.22807318129917337,,circular_within_block_fw7,0.0,2000,1987.0,4.22157537201541,66847.0,OK,Sterling + Castile + the Dallas attack,REAL,True,2000,2000,200,circular_within_block_fw7,0,resume with 2 workers after a second out-of-memory kill of the process pool at 20:17:13Z (a worker reached 4.96 GB on the pooled stratum's 60-day cells under 3 workers); the automatic 3-worker retry (start row 6) was stopped by hand at 20:19Z; parallelism changes no number (every cell is seeded from its own identity); no sealed result existed; cells resume from their ledgers
pooled,mh_narrow_share,OLS_share,sens_drop_jul2016,sensitivity,early,primary_minus_jul2016,44,59.0,14,14,10.76276072525017,-0.0011468706194321457,0.0010297549613307135,"[-8.17765326788083e-05, -0.00034261926825278187, 0.00015297144031750903, -0.001580846356798551, -0.0017498994742484394, -0.002885967285289191, -0.0007625114743135314, -0.0019243160041933702]","[0.0013617988068995673, 0.001305438190286447, 0.0013698763557837422, 0.001350630022626161, 0.0016735704554611765, 0.0012715920702318874, 0.001307023690449846, 0.0014282493211468272]",8.0,0.2353823088455772,0.2155072068077675,,circular_within_block_fw7,0.0,2000,1987.0,4.147031134689937,66847.0,OK,Sterling + Castile + the Dallas attack,REAL,True,2000,2000,200,circular_within_block_fw7,0,resume with 2 workers after a second out-of-memory kill of the process pool at 20:17:13Z (a worker reached 4.96 GB on the pooled stratum's 60-day cells under 3 workers); the automatic 3-worker retry (start row 6) was stopped by hand at 20:19Z; parallelism changes no number (every cell is seeded from its own identity); no sealed result existed; cells resume from their ledgers
pooled,mh_narrow,PPML_count_offset,sens_drop_jul2016,sensitivity,early,primary_minus_jul2016,44,59.0,14,14,12.57049746811236,-0.0011173511667444446,0.008630228942938085,"[0.0072012562086778325, 0.009454303787964736, 0.01060082628958625, -0.0015612713526298218, -0.007929681838578671, -0.019498911571569216, 0.002632045010430787, -0.009837375867837448]","[0.01180713747778335, 0.010948413712682587, 0.011794500954559414, 0.01237388896327587, 0.01566835239647106, 0.010735861613314917, 0.01137134906178815, 0.012331866555894636]",8.0,0.12743628185907047,0.1275068174128481,,circular_within_block_fw7,0.0,2000,1987.0,4.128340315738659,66847.0,OK,Sterling + Castile + the Dallas attack,REAL,True,2000,2000,200,circular_within_block_fw7,0,resume with 2 workers after a second out-of-memory kill of the process pool at 20:17:13Z (a worker reached 4.96 GB on the pooled stratum's 60-day cells under 3 workers); the automatic 3-worker retry (start row 6) was stopped by hand at 20:19Z; parallelism changes no number (every cell is seeded from its own identity); no sealed result existed; cells resume from their ledgers
pooled,edp_share,OLS_share,sens_broad_basket,sensitivity,early,confirmation_episodes_rebuilt_broad.csv,46,59.0,14,14,6.738506226115078,-5.369991071294759e-05,0.0009009623169475505,"[0.0010015012485108934, 5.724225374969793e-05, 0.0009390309515704451, -0.0008217968257047714, 4.1694071171897554e-06, -0.001727693104168292, 0.00031785599025044867, -0.00019990920702919233]","[0.0012324587673303773, 0.0011422583891396898, 0.0013467818668825497, 0.0011761873630505046, 0.001429458766995607, 0.0012442814888328024, 0.0011251193489101997, 0.0013355232091786038]",8.0,0.5402298850574713,0.565090747747017,,circular_within_block_fw7,0.0,2000,1987.0,4.259526519719529,69974.0,OK,broad basket: +9 civilian-actor articles,REAL,True,2000,2000,200,circular_within_block_fw7,0,resume with 2 workers after a second out-of-memory kill of the process pool at 20:17:13Z (a worker reached 4.96 GB on the pooled stratum's 60-day cells under 3 workers); the automatic 3-worker retry (start row 6) was stopped by hand at 20:19Z; parallelism changes no number (every cell is seeded from its own identity); no sealed result existed; cells resume from their ledgers
pooled,edp,PPML_count_offset,sens_broad_basket,sensitivity,early,confirmation_episodes_rebuilt_broad.csv,46,59.0,14,14,9.504293379247418,0.0090798662122938,0.009311459518985024,"[0.021238914423426063, 0.011025531128696463, 0.01904172194689549, 0.002646682814363699, 0.010758557641205823, -0.015380012926505711, 0.015800334793930247, 0.007507199876338331]","[0.013822137031198337, 0.012094872135266109, 0.014370552936000975, 0.013240169886750036, 0.016585208256663285, 0.013539459551766124, 0.011854023447860695, 0.014515023335594285]",8.0,0.2983508245877061,0.30155397290154434,,circular_within_block_fw7,0.0,2000,1987.0,4.1785338841598065,69974.0,OK,broad basket: +9 civilian-actor articles,REAL,True,2000,2000,200,circular_within_block_fw7,0,resume with 2 workers after a second out-of-memory kill of the process pool at 20:17:13Z (a worker reached 4.96 GB on the pooled stratum's 60-day cells under 3 workers); the automatic 3-worker retry (start row 6) was stopped by hand at 20:19Z; parallelism changes no number (every cell is seeded from its own identity); no sealed result existed; cells resume from their ledgers
pooled,mh_narrow_share,OLS_share,sens_broad_basket,sensitivity,early,confirmation_episodes_rebuilt_broad.csv,46,59.0,14,14,7.248906411905486,-0.0004312993090535572,0.0010432306540252474,"[-1.5163547187097698e-05, -0.00011085443440672344, 0.0011366488366240351, -0.0007436252357311892, -0.0008127576831095912, -0.0021549813657489756, -8.997211841101283e-05, -0.0006596889244579027]","[0.001351492459705144, 0.0013046554771812989, 0.0014248480721573123, 0.0013594164552529467, 0.0016534115408613245, 0.0013118312313691808, 0.0012945539045815058, 0.0014696051546104205]",8.0,0.5222388805597201,0.5100312478006382,,circular_within_block_fw7,0.0,2000,1987.0,4.3472652163670515,69974.0,OK,broad basket: +9 civilian-actor articles,REAL,True,2000,2000,200,circular_within_block_fw7,0,resume with 2 workers after a second out-of-memory kill of the process pool at 20:17:13Z (a worker reached 4.96 GB on the pooled stratum's 60-day cells under 3 workers); the automatic 3-worker retry (start row 6) was stopped by hand at 20:19Z; parallelism changes no number (every cell is seeded from its own identity); no sealed result existed; cells resume from their ledgers
pooled,mh_narrow,PPML_count_offset,sens_broad_basket,sensitivity,early,confirmation_episodes_rebuilt_broad.csv,46,59.0,14,14,9.785530796284203,0.003005195203727406,0.008695325474304136,"[0.007259437195976566, 0.006891880621806023, 0.01590169206673978, 0.002652510105639558, -0.0018725573784867957, -0.0170778963596629, 0.00873620200519519, 0.001550293372611825]","[0.011622210423034818, 0.010961451144861264, 0.012237444054481782, 0.012289274274203456, 0.015282382694896603, 0.011304207744085817, 0.011254949250854454, 0.012871901437586089]",8.0,0.2993503248375812,0.2804027457485735,,circular_within_block_fw7,0.0,2000,1987.0,4.450148747618365,69974.0,OK,broad basket: +9 civilian-actor articles,REAL,True,2000,2000,200,circular_within_block_fw7,0,resume with 2 workers after a second out-of-memory kill of the process pool at 20:17:13Z (a worker reached 4.96 GB on the pooled stratum's 60-day cells under 3 workers); the automatic 3-worker retry (start row 6) was stopped by hand at 20:19Z; parallelism changes no number (every cell is seeded from its own identity); no sealed result existed; cells resume from their ledgers
pooled,edp_share,OLS_share,sens_spliced_wiki,sensitivity,early,confirmation_episodes_rebuilt_spliced.csv,45,59.0,14,14,9.404746024876157,-0.00017926035067238066,0.0009213327406662758,"[0.0012542440188676879, 0.0003123161064806815, 0.0006456735936723954, -0.001179847349308449, -0.000386050889797106, -0.0019014237489290559, 0.0004150823921809232, -0.0005940769285461226]","[0.001252358798750956, 0.0011575448381188139, 0.001370296947626087, 0.0011779805216333217, 0.0014532392456919588, 0.0012509441310988114, 0.0011497583813458753, 0.0013241024986499392]",8.0,0.2988505747126437,0.30931026224378405,,circular_within_block_fw7,0.0,2000,1987.0,4.161284082550742,69030.0,OK,user+automated Wikipedia series (addendum 20),REAL,True,2000,2000,200,circular_within_block_fw7,0,resume with 2 workers after a second out-of-memory kill of the process pool at 20:17:13Z (a worker reached 4.96 GB on the pooled stratum's 60-day cells under 3 workers); the automatic 3-worker retry (start row 6) was stopped by hand at 20:19Z; parallelism changes no number (every cell is seeded from its own identity); no sealed result existed; cells resume from their ledgers
pooled,edp,PPML_count_offset,sens_spliced_wiki,sensitivity,early,confirmation_episodes_rebuilt_spliced.csv,45,59.0,14,14,10.9572426785612,0.008692909587410584,0.009675948158597845,"[0.02425144744907911, 0.015557733439032441, 0.016387322120129867, 0.002390045023672207, 0.008227844775983076, -0.015480732729710301, 0.016917849099914724, 0.00129176752118354]","[0.01429434808551159, 0.012238768719698378, 0.014840144305909533, 0.01346317589267186, 0.01722735911860183, 0.013710411941547172, 0.012200873175418125, 0.014328773641552644]",8.0,0.22188905547226387,0.2041336787550409,,circular_within_block_fw7,0.0,2000,1987.0,4.21406414209574,69030.0,OK,user+automated Wikipedia series (addendum 20),REAL,True,2000,2000,200,circular_within_block_fw7,0,resume with 2 workers after a second out-of-memory kill of the process pool at 20:17:13Z (a worker reached 4.96 GB on the pooled stratum's 60-day cells under 3 workers); the automatic 3-worker retry (start row 6) was stopped by hand at 20:19Z; parallelism changes no number (every cell is seeded from its own identity); no sealed result existed; cells resume from their ledgers
pooled,mh_narrow_share,OLS_share,sens_spliced_wiki,sensitivity,early,confirmation_episodes_rebuilt_spliced.csv,45,59.0,14,14,8.684221862037665,-0.0006025712147856571,0.0010634767365271171,"[1.0011521743479674e-05, 0.00021264153329674635, 0.000606438712093153, -0.0012170705367243254, -0.0011581082346599132, -0.002288307101464387, 6.242825426405743e-05, -0.001048603866834068]","[0.0013690083778946358, 0.0013282848363414881, 0.001446246645539928, 0.001374116571929444, 0.001670080260780381, 0.0012957303267572297, 0.0012922949968535073, 0.0014711781006259664]",8.0,0.3708145927036482,0.36963076571777465,,circular_within_block_fw7,0.0,2000,1987.0,4.159774226518864,69030.0,OK,user+automated Wikipedia series (addendum 20),REAL,True,2000,2000,200,circular_within_block_fw7,0,resume with 2 workers after a second out-of-memory kill of the process pool at 20:17:13Z (a worker reached 4.96 GB on the pooled stratum's 60-day cells under 3 workers); the automatic 3-worker retry (start row 6) was stopped by hand at 20:19Z; parallelism changes no number (every cell is seeded from its own identity); no sealed result existed; cells resume from their ledgers
pooled,mh_narrow,PPML_count_offset,sens_spliced_wiki,sensitivity,early,confirmation_episodes_rebuilt_spliced.csv,45,59.0,14,14,11.768465398528274,0.002194989698055488,0.008941451650421123,"[0.008030342040258725, 0.011038467665372306, 0.01207749239031753, 0.0012085759106869464, -0.004205699885696122, -0.016903477765471242, 0.009779357069430275, -0.003465139840454516]","[0.011872143183610302, 0.011154844756840565, 0.012534218729028542, 0.01255196533299834, 0.015677806207504853, 0.011013531419110845, 0.011035059720700806, 0.012574994772124828]",8.0,0.15342328835582209,0.16183719610879044,,circular_within_block_fw7,0.0,2000,1987.0,4.093159193294259,69030.0,OK,user+automated Wikipedia series (addendum 20),REAL,True,2000,2000,200,circular_within_block_fw7,0,resume with 2 workers after a second out-of-memory kill of the process pool at 20:17:13Z (a worker reached 4.96 GB on the pooled stratum's 60-day cells under 3 workers); the automatic 3-worker retry (start row 6) was stopped by hand at 20:19Z; parallelism changes no number (every cell is seeded from its own identity); no sealed result existed; cells resume from their ledgers
pooled,edp_share,OLS_share,sens_coverage_clean,sensitivity,early,primary_minus_4_break_window(s),41,59.0,14,14,10.475933624694457,-0.00034251115730809503,0.0009819621549752332,"[0.001547355884967208, 6.924262597302817e-05, 0.0008049500446949161, -0.001104980538762416, -0.0007061260932001705, -0.0019710839721496266, -0.0004422308423697982, -0.0009372163676179016]","[0.0012544849956831895, 0.0012422242909712515, 0.0014459608315880294, 0.0012432121164666536, 0.0014831686362632378, 0.0013385665798256608, 0.001254920630355127, 0.0013416610212402288]",8.0,0.248375812093953,0.23319653228080822,,circular_within_block_fw7,0.0,2000,1987.0,4.307723871500599,63425.0,OK,EDPE first_date 2024-04-10; EDPM first_date 2021-06-03; EDPT first_date 2023-03-01; EDPW last_date 2021-08-25; nan missing_district_step 2016-01-01,REAL,True,2000,2000,200,circular_within_block_fw7,0,resume with 2 workers after a second out-of-memory kill of the process pool at 20:17:13Z (a worker reached 4.96 GB on the pooled stratum's 60-day cells under 3 workers); the automatic 3-worker retry (start row 6) was stopped by hand at 20:19Z; parallelism changes no number (every cell is seeded from its own identity); no sealed result existed; cells resume from their ledgers
pooled,edp,PPML_count_offset,sens_coverage_clean,sensitivity,early,primary_minus_4_break_window(s),41,59.0,14,14,12.333361337820817,0.008559132247179005,0.010084831119574934,"[0.028079467437640306, 0.016343040517414566, 0.022311703416198866, 0.004086225861408726, 0.005339708786251231, -0.015647727314990006, 0.00869223571315422, -0.0007315964396458619]","[0.013551261723446433, 0.013105422022774876, 0.01546227061693902, 0.01403412946560998, 0.017288187066044902, 0.014373836148127348, 0.013635666616280148, 0.014549715155776643]",8.0,0.1619190404797601,0.13693836442022728,,circular_within_block_fw7,0.0,2000,1987.0,4.3825216060214185,63425.0,OK,EDPE first_date 2024-04-10; EDPM first_date 2021-06-03; EDPT first_date 2023-03-01; EDPW last_date 2021-08-25; nan missing_district_step 2016-01-01,REAL,True,2000,2000,200,circular_within_block_fw7,0,resume with 2 workers after a second out-of-memory kill of the process pool at 20:17:13Z (a worker reached 4.96 GB on the pooled stratum's 60-day cells under 3 workers); the automatic 3-worker retry (start row 6) was stopped by hand at 20:19Z; parallelism changes no number (every cell is seeded from its own identity); no sealed result existed; cells resume from their ledgers
pooled,edp_share,OLS_share,sens_geocoding_clean,sensitivity,early,primary_minus_1_break_window(s),44,59.0,14,14,9.59874608231482,-0.000278547268040617,0.0009221156385268568,"[0.0013925752369182477, 0.0001954960139183394, 0.0007593359794519364, -0.0009429597842694635, -0.00018800123550248191, -0.001939958892881226, -0.0002666873633701059, -0.001238178098590182]","[0.0012689261188765593, 0.0011657400015018745, 0.0013495409226509862, 0.0011695374163707987, 0.0014059089519466506, 0.0012635591280719526, 0.0011911621192449322, 0.001299596648033551]",8.0,0.3233383308345827,0.294325031500742,,circular_within_block_fw7,0.0,2000,1987.0,4.417905040176011,66847.0,OK,nan missing_district_step 2016-01-01,REAL,True,2000,2000,200,circular_within_block_fw7,0,resume with 2 workers after a second out-of-memory kill of the process pool at 20:17:13Z (a worker reached 4.96 GB on the pooled stratum's 60-day cells under 3 workers); the automatic 3-worker retry (start row 6) was stopped by hand at 20:19Z; parallelism changes no number (every cell is seeded from its own identity); no sealed result existed; cells resume from their ledgers
pooled,edp,PPML_count_offset,sens_geocoding_clean,sensitivity,early,primary_minus_1_break_window(s),44,59.0,14,14,11.057898175775536,0.008294417832531986,0.009481026475755407,"[0.02505544216140222, 0.015916805087665273, 0.019709371491389977, 0.0043661697813485055, 0.010896928664239582, -0.014706947700145277, 0.00974994810116771, -0.004632374926812103]","[0.014281077772713934, 0.012205592798971302, 0.014366279736687993, 0.013269892787030474, 0.016351196799926977, 0.013579491020409158, 0.012875503684324033, 0.014100343239418259]",8.0,0.2143928035982009,0.19844014261173568,,circular_within_block_fw7,0.0,2000,1987.0,4.3388944294578735,66847.0,OK,nan missing_district_step 2016-01-01,REAL,True,2000,2000,200,circular_within_block_fw7,0,resume with 2 workers after a second out-of-memory kill of the process pool at 20:17:13Z (a worker reached 4.96 GB on the pooled stratum's 60-day cells under 3 workers); the automatic 3-worker retry (start row 6) was stopped by hand at 20:19Z; parallelism changes no number (every cell is seeded from its own identity); no sealed result existed; cells resume from their ledgers
pooled,mh_narrow_share,OLS_share,sens_coverage_clean,sensitivity,early,primary_minus_6_break_window(s),39,59.0,14,14,10.787627375102428,-0.0004237995209201497,0.0011788089586740047,"[0.0007752269791461591, 0.00048250384515751305, 0.0012337631864200109, -0.00058585810498913, -0.0011426532128063676, -0.0022907063716587133, -0.000411365196197188, -0.0014513072924334824]","[0.001468528334499534, 0.001480096372946608, 0.0015678347078411615, 0.0014938463876316456, 0.0017289927834966087, 0.0014220970513463443, 0.0014484828693011778, 0.0015517246805821043]",8.0,0.22638680659670166,0.21402531004979017,,circular_within_block_fw7,0.0,2000,1987.0,4.152621449048003,60711.0,OK,ALTMFC last_date 2024-03-30; ALTMFT first_date 2021-03-10; ALTMFT last_date 2022-12-24; EDPE first_date 2024-04-10; EDPM first_date 2021-06-03; EDPT first_date 2023-03-01; EDPW last_date 2021-08-25; nan missing_district_step 2016-01-01,REAL,True,2000,2000,200,circular_within_block_fw7,0,resume with 2 workers after a second out-of-memory kill of the process pool at 20:17:13Z (a worker reached 4.96 GB on the pooled stratum's 60-day cells under 3 workers); the automatic 3-worker retry (start row 6) was stopped by hand at 20:19Z; parallelism changes no number (every cell is seeded from its own identity); no sealed result existed; cells resume from their ledgers
pooled,mh_narrow,PPML_count_offset,sens_coverage_clean,sensitivity,early,primary_minus_6_break_window(s),39,59.0,14,14,16.680028203652927,0.003925193479544965,0.009856933241652934,"[0.014148817226378034, 0.014224490074625817, 0.020888695990559963, 0.006912144976421901, -0.004041661651893979, -0.018213878048298333, 0.004924142905668687, -0.007441203637102369]","[0.01235876884790633, 0.012457397477324212, 0.01348565490294623, 0.01357668002148528, 0.01601149729240014, 0.011918938579733897, 0.01272588078550431, 0.013443492437470313]",8.0,0.03498250874562719,0.03361884040242488,,circular_within_block_fw7,0.0,2000,1987.0,4.049479205655366,60711.0,OK,ALTMFC last_date 2024-03-30; ALTMFT first_date 2021-03-10; ALTMFT last_date 2022-12-24; EDPE first_date 2024-04-10; EDPM first_date 2021-06-03; EDPT first_date 2023-03-01; EDPW last_date 2021-08-25; nan missing_district_step 2016-01-01,REAL,True,2000,2000,200,circular_within_block_fw7,0,resume with 2 workers after a second out-of-memory kill of the process pool at 20:17:13Z (a worker reached 4.96 GB on the pooled stratum's 60-day cells under 3 workers); the automatic 3-worker retry (start row 6) was stopped by hand at 20:19Z; parallelism changes no number (every cell is seeded from its own identity); no sealed result existed; cells resume from their ledgers
pooled,mh_narrow_share,OLS_share,sens_geocoding_clean,sensitivity,early,primary_minus_1_break_window(s),44,59.0,14,14,8.91642527455614,-0.0005958585187730292,0.0010662666962767777,"[0.00021969567006805928, 0.0001417273153127184, 0.0007321326134908012, -0.0009269615840639504, -0.0006261459723937891, -0.002319306271772647, -0.00040617916225988457, -0.0015818307585655411]","[0.001393554860178672, 0.00133984014561487, 0.0014202783157850137, 0.0013754604878143584, 0.0015818339869403519, 0.00130889254224912, 0.001320597545114066, 0.001446765255123776]",8.0,0.3748125937031484,0.34939525354454426,,circular_within_block_fw7,0.0,2000,1987.0,4.4246914529645975,66847.0,OK,nan missing_district_step 2016-01-01,REAL,True,2000,2000,200,circular_within_block_fw7,0,resume with 2 workers after a second out-of-memory kill of the process pool at 20:17:13Z (a worker reached 4.96 GB on the pooled stratum's 60-day cells under 3 workers); the automatic 3-worker retry (start row 6) was stopped by hand at 20:19Z; parallelism changes no number (every cell is seeded from its own identity); no sealed result existed; cells resume from their ledgers
pooled,mh_narrow,PPML_count_offset,sens_geocoding_clean,sensitivity,early,primary_minus_1_break_window(s),44,59.0,14,14,12.45217681149639,0.0027460146212642533,0.008871884903443891,"[0.009489268813735106, 0.011598637575090151, 0.01481271652858998, 0.003426178534932929, 0.0012543224320900677, -0.01650887419385729, 0.005742588417287542, -0.007846721137754458]","[0.011976572588358374, 0.011170141952750302, 0.012193799899363164, 0.0125278024154713, 0.014533980954498205, 0.010958280249498756, 0.011518877355994432, 0.012420942327495013]",8.0,0.15442278860569716,0.13214033138725156,,circular_within_block_fw7,0.0,2000,1987.0,4.223780071695053,66847.0,OK,nan missing_district_step 2016-01-01,REAL,True,2000,2000,200,circular_within_block_fw7,0,resume with 2 workers after a second out-of-memory kill of the process pool at 20:17:13Z (a worker reached 4.96 GB on the pooled stratum's 60-day cells under 3 workers); the automatic 3-worker retry (start row 6) was stopped by hand at 20:19Z; parallelism changes no number (every cell is seeded from its own identity); no sealed result existed; cells resume from their ledgers
pooled,cardiac_share,OLS_share,sens_coverage_clean,sensitivity,early,primary_minus_7_break_window(s),38,59.0,14,14,5.609558273639381,0.0012733094945357867,0.0009001501193743571,"[0.001483473760450848, 0.00016285785789111622, 0.0007771226460612205, 0.0007910336286001665, 0.0015980752499868084, 0.001711501576068061, 0.0016453102294640184, 0.0020171010077640558]","[0.0010391981138191248, 0.0012720694453684806, 0.0011687595910688355, 0.0011406147520358271, 0.0011459575662060464, 0.001155038657553877, 0.0013274290109032232, 0.0012345690751494613]",8.0,0.7326336831584208,0.6908739723571407,,circular_within_block_fw7,0.0,2000,1987.0,4.364730884748451,58292.0,OK,ARREFC last_date 2024-04-24; ARREFT first_date 2022-11-21; ARREFT last_date 2022-12-03; CARDFC last_date 2024-06-29; CARDFT first_date 2021-01-06; CARDFT last_date 2023-01-14; CVACFC last_date 2024-03-31; CVACFT first_date 2022-11-01; CVACFT last_date 2022-11-01; CVAFC last_date 2023-11-27; nan missing_district_step 2016-01-01,REAL,True,2000,2000,200,circular_within_block_fw7,0,resume with 2 workers after a second out-of-memory kill of the process pool at 20:17:13Z (a worker reached 4.96 GB on the pooled stratum's 60-day cells under 3 workers); the automatic 3-worker retry (start row 6) was stopped by hand at 20:19Z; parallelism changes no number (every cell is seeded from its own identity); no sealed result existed; cells resume from their ledgers
pooled,cardiac,PPML_count_offset,sens_coverage_clean,sensitivity,early,primary_minus_7_break_window(s),38,59.0,14,14,4.044962136083973,0.00892108963360714,0.011154794822215505,"[0.008815340210051358, -0.0007416301005238386, 0.003949724905371992, 0.005213114110820556, 0.00895526307339629, 0.019335120043394386, 0.015756398155469677, 0.010085386670876701]","[0.012727715081341311, 0.01566018816607934, 0.013699131177275016, 0.013594290291687967, 0.014672894297249602, 0.013430247175231584, 0.014576662143647829, 0.014586756161804259]",8.0,0.889055472263868,0.853044190127759,,circular_within_block_fw7,0.0,2000,1987.0,4.125506835016844,58292.0,OK,ARREFC last_date 2024-04-24; ARREFT first_date 2022-11-21; ARREFT last_date 2022-12-03; CARDFC last_date 2024-06-29; CARDFT first_date 2021-01-06; CARDFT last_date 2023-01-14; CVACFC last_date 2024-03-31; CVACFT first_date 2022-11-01; CVACFT last_date 2022-11-01; CVAFC last_date 2023-11-27; nan missing_district_step 2016-01-01,REAL,True,2000,2000,200,circular_within_block_fw7,0,resume with 2 workers after a second out-of-memory kill of the process pool at 20:17:13Z (a worker reached 4.96 GB on the pooled stratum's 60-day cells under 3 workers); the automatic 3-worker retry (start row 6) was stopped by hand at 20:19Z; parallelism changes no number (every cell is seeded from its own identity); no sealed result existed; cells resume from their ledgers
pooled,injury_share,OLS_share,sens_coverage_clean,sensitivity,early,primary_minus_1_break_window(s),44,59.0,14,14,11.774332585975948,-1.0372204245680293e-05,0.0012045438705315865,"[0.0024247918278019172, 0.0005120804572755356, -0.00034269436490305444, 0.0008106073965677675, 0.0007373596633787479, -0.0005407517432753195, -0.0002947602999785396, -0.003389610570832497]","[0.0017170402882309551, 0.001591909613657963, 0.0015967230864595387, 0.0016818320706037477, 0.001669424187288635, 0.0019022344561936738, 0.001705176238654324, 0.0017062155117281669]",8.0,0.15592203898050974,0.1615601728829016,,circular_within_block_fw7,0.0,2000,1987.0,4.229702456317259,66847.0,OK,INJALS last_date 2015-12-16; nan missing_district_step 2016-01-01,REAL,True,2000,2000,200,circular_within_block_fw7,0,resume with 2 workers after a second out-of-memory kill of the process pool at 20:17:13Z (a worker reached 4.96 GB on the pooled stratum's 60-day cells under 3 workers); the automatic 3-worker retry (start row 6) was stopped by hand at 20:19Z; parallelism changes no number (every cell is seeded from its own identity); no sealed result existed; cells resume from their ledgers
pooled,injury,PPML_count_offset,sens_coverage_clean,sensitivity,early,primary_minus_1_break_window(s),44,59.0,14,14,10.957381174275431,-0.000757169775779362,0.0059368910620410985,"[0.013717975625702863, 0.0025289452777498647, -0.0012131545074669503, -0.0008777943851958228, 0.0030158197756911006, -0.004750841094551376, -0.0037961391370051984, -0.014682169761159379]","[0.008578758527044454, 0.007858574567113617, 0.007721906481577202, 0.008367456755162945, 0.008490871829529822, 0.009404689095220324, 0.008208356360846497, 0.008418463268284578]",8.0,0.19640179910044978,0.20412575507147765,,circular_within_block_fw7,0.0,2000,1987.0,4.049141440603123,66847.0,OK,INJALS last_date 2015-12-16; nan missing_district_step 2016-01-01,REAL,True,2000,2000,200,circular_within_block_fw7,0,resume with 2 workers after a second out-of-memory kill of the process pool at 20:17:13Z (a worker reached 4.96 GB on the pooled stratum's 60-day cells under 3 workers); the automatic 3-worker retry (start row 6) was stopped by hand at 20:19Z; parallelism changes no number (every cell is seeded from its own identity); no sealed result existed; cells resume from their ledgers
pooled,asthma_share,OLS_share,sens_coverage_clean,sensitivity,early,primary_minus_3_break_window(s),42,59.0,14,14,5.138404273981091,0.00013699137695458673,0.0002916093231115422,"[-8.53820560232217e-05, 4.691696137506603e-05, 7.826586308620256e-05, 3.0454962329453863e-05, 0.0001606820562193571, 0.0001825268820594698, 0.00015803648925506709, 0.0005244298573352992]","[0.00036749880954320765, 0.000370694930140497, 0.0003479798667722841, 0.00033935235995106273, 0.0003797680934443849, 0.0003575224843154441, 0.00037727312758802903, 0.0003511191447475121]",8.0,0.7781109445277361,0.7426860784593676,,circular_within_block_fw7,0.0,2000,1987.0,4.192842262102195,64074.0,OK,ASTHFC last_date 2024-12-19; ASTHFT first_date 2021-12-19; ASTHFT last_date 2023-05-21; nan missing_district_step 2016-01-01,REAL,True,2000,2000,200,circular_within_block_fw7,0,resume with 2 workers after a second out-of-memory kill of the process pool at 20:17:13Z (a worker reached 4.96 GB on the pooled stratum's 60-day cells under 3 workers); the automatic 3-worker retry (start row 6) was stopped by hand at 20:19Z; parallelism changes no number (every cell is seeded from its own identity); no sealed result existed; cells resume from their ledgers
pooled,asthma,PPML_count_offset,sens_coverage_clean,sensitivity,early,primary_minus_3_break_window(s),42,59.0,14,14,3.2479156200784884,0.02183325132479142,0.03965333576422996,"[0.01026208510963886, 0.00836585092949345, 0.0037790428567997148, 0.00098267426087732, 0.042514324182773754, 0.02576940047016335, 0.026812583124798037, 0.05618004966378688]","[0.04946100836386247, 0.05252285822510777, 0.04970415211068884, 0.04753447699855478, 0.053580154076269315, 0.05026749116975629, 0.04841116533829289, 0.0475965575917422]",8.0,0.9390304847576212,0.9178499746169205,,circular_within_block_fw7,0.0,2000,1987.0,4.075460081937473,64074.0,OK,ASTHFC last_date 2024-12-19; ASTHFT first_date 2021-12-19; ASTHFT last_date 2023-05-21; nan missing_district_step 2016-01-01,REAL,True,2000,2000,200,circular_within_block_fw7,0,resume with 2 workers after a second out-of-memory kill of the process pool at 20:17:13Z (a worker reached 4.96 GB on the pooled stratum's 60-day cells under 3 workers); the automatic 3-worker retry (start row 6) was stopped by hand at 20:19Z; parallelism changes no number (every cell is seeded from its own identity); no sealed result existed; cells resume from their ledgers
pooled,edp_share_incl_cancelled,OLS_share,sens_incl_cancelled,sensitivity,early,primary,45,59.0,14,14,20.45516732298405,-0.0006275462211766175,0.0009185316304793449,"[0.0018001044810730554, -0.0008054010169766852, 0.0006216379074332146, -0.0016271903515315894, -0.0010743219067930773, -0.002479437861192398, -5.0279034740501014e-05, -0.0014054819866849587]","[0.0011274451840608284, 0.0011452473104986447, 0.0013107716636906203, 0.0011751541992249725, 0.001428171190054081, 0.0012365024231521021, 0.0011576896630979968, 0.0013325977155839873]",8.0,0.01699150424787606,0.008744560548474107,,circular_within_block_fw7,0.0,2000,1987.0,4.3496415984083585,68558.0,OK,"cancelled/never-sent dispositions included, own denominator (O1)",REAL,True,2000,2000,200,circular_within_block_fw7,0,resume with 2 workers after a second out-of-memory kill of the process pool at 20:17:13Z (a worker reached 4.96 GB on the pooled stratum's 60-day cells under 3 workers); the automatic 3-worker retry (start row 6) was stopped by hand at 20:19Z; parallelism changes no number (every cell is seeded from its own identity); no sealed result existed; cells resume from their ledgers
pooled,edp_incl_cancelled,PPML_count_offset,sens_incl_cancelled,sensitivity,early,primary,45,59.0,14,14,23.122798937095645,0.005163073610705933,0.00888850593746952,"[0.03115667563261311, 0.0049532227029868295, 0.017957035315643743, -0.0017763487427690735, 0.0017705922849704362, -0.01995764673214477, 0.01291099290005419, -0.0057099344757070075]","[0.011397309127415153, 0.01127126531527818, 0.012968525113084302, 0.01246567750947355, 0.015611569927767953, 0.012379051532838099, 0.011385130380823383, 0.013374490579771076]",8.0,0.0074962518740629685,0.0032101128488681535,,circular_within_block_fw7,0.0,2000,1987.0,4.407893473567906,68558.0,OK,"cancelled/never-sent dispositions included, own denominator (O1)",REAL,True,2000,2000,200,circular_within_block_fw7,0,resume with 2 workers after a second out-of-memory kill of the process pool at 20:17:13Z (a worker reached 4.96 GB on the pooled stratum's 60-day cells under 3 workers); the automatic 3-worker retry (start row 6) was stopped by hand at 20:19Z; parallelism changes no number (every cell is seeded from its own identity); no sealed result existed; cells resume from their ledgers
pooled,mh_narrow_share_incl_cancelled,OLS_share,sens_incl_cancelled,sensitivity,early,primary,45,59.0,14,14,15.405441534519293,-0.0009979913101664391,0.0010766560672563086,"[0.0007048690941378145, -0.0009185335077422697, 0.0005523249237443834, -0.001554314163673504, -0.0017121997035730026, -0.002821580648331722, -0.0002561364842547628, -0.0019783599916384513]","[0.0012840642711671537, 0.0013114816214066702, 0.0013913286220784888, 0.0013702471943638794, 0.0016534543184933744, 0.0013221544035610141, 0.001313675143066522, 0.001475915260808979]",8.0,0.06646676661669165,0.051725083893553785,,circular_within_block_fw7,0.0,2000,1987.0,4.460525831828229,68558.0,OK,"cancelled/never-sent dispositions included, own denominator (O1)",REAL,True,2000,2000,200,circular_within_block_fw7,0,resume with 2 workers after a second out-of-memory kill of the process pool at 20:17:13Z (a worker reached 4.96 GB on the pooled stratum's 60-day cells under 3 workers); the automatic 3-worker retry (start row 6) was stopped by hand at 20:19Z; parallelism changes no number (every cell is seeded from its own identity); no sealed result existed; cells resume from their ledgers
pooled,mh_narrow_incl_cancelled,PPML_count_offset,sens_incl_cancelled,sensitivity,early,primary,45,59.0,14,14,21.229560647884043,0.0003564505630659484,0.008581268699629968,"[0.016124335200467816, 0.002681694546273542, 0.013364754545700125, -0.0010926304085356927, -0.00705978097824858, -0.01976401670150332, 0.008261792242080233, -0.009664543941706537]","[0.010170266934462302, 0.010494197084491105, 0.011358516584466146, 0.01191308462287253, 0.014696874234180356, 0.010500760095102375, 0.010781481050071508, 0.012092728321960651]",8.0,0.017991004497751123,0.006561985637123854,,circular_within_block_fw7,0.0,2000,1987.0,4.706144356247516,68558.0,OK,"cancelled/never-sent dispositions included, own denominator (O1)",REAL,True,2000,2000,200,circular_within_block_fw7,0,resume with 2 workers after a second out-of-memory kill of the process pool at 20:17:13Z (a worker reached 4.96 GB on the pooled stratum's 60-day cells under 3 workers); the automatic 3-worker retry (start row 6) was stopped by hand at 20:19Z; parallelism changes no number (every cell is seeded from its own identity); no sealed result existed; cells resume from their ledgers
pooled,edp_ex_edpm_share,OLS_share,sens_no_edpm,sensitivity,early,primary,45,59.0,14,14,9.773529833298358,-0.0006282531538582591,0.0008454701342741424,"[0.0005690756729349175, 0.0004053873934282064, 0.0001865390411274357, -0.0013910667843240593, -0.0009368446060899568, -0.0020381219265582515, -0.0006096006988639004, -0.0012113933225204637]","[0.0012115313682771085, 0.001059540791296085, 0.0012375003973883866, 0.0011003623297837556, 0.0013415232881109655, 0.0011264363562038112, 0.0010954012718812588, 0.0011489151123243262]",8.0,0.3183408295852074,0.2812823773937475,,circular_within_block_fw7,0.0,2000,1987.0,4.257959208210803,68558.0,OK,EDP without EDPM (incident F2; addendum 30),REAL,True,2000,2000,200,circular_within_block_fw7,0,resume with 2 workers after a second out-of-memory kill of the process pool at 20:17:13Z (a worker reached 4.96 GB on the pooled stratum's 60-day cells under 3 workers); the automatic 3-worker retry (start row 6) was stopped by hand at 20:19Z; parallelism changes no number (every cell is seeded from its own identity); no sealed result existed; cells resume from their ledgers
pooled,edp_ex_edpm,PPML_count_offset,sens_no_edpm,sensitivity,early,primary,45,59.0,14,14,8.476590694092216,0.005285816911843544,0.010356844017704354,"[0.0172399449742001, 0.018003699819346616, 0.016613074843409903, 0.0002290039564829706, 0.001828423165721631, -0.014067462406126535, 0.007292009404271279, -0.004852158462557612]","[0.016124819509014874, 0.012955022117280736, 0.015394358881755565, 0.013963290883579836, 0.01816413351115805, 0.014431655850647793, 0.013904394324322378, 0.01435269873463935]",8.0,0.4112943528235882,0.38835133996979787,,circular_within_block_fw7,0.0,2000,1987.0,4.221773048672273,68558.0,OK,EDP without EDPM (incident F2; addendum 30),REAL,True,2000,2000,200,circular_within_block_fw7,0,resume with 2 workers after a second out-of-memory kill of the process pool at 20:17:13Z (a worker reached 4.96 GB on the pooled stratum's 60-day cells under 3 workers); the automatic 3-worker retry (start row 6) was stopped by hand at 20:19Z; parallelism changes no number (every cell is seeded from its own identity); no sealed result existed; cells resume from their ledgers
pooled,edp_share,OLS_share,sens_bheard_late_bound,sensitivity,late,primary,45,59.0,14,14,10.517453344970832,-0.0003585005146109969,0.0009066297417156226,"[0.0012247633803514372, 0.000216837983555209, 0.0008824142647912456, -0.0012229977929303095, -0.0006987865603859457, -0.002076532191737009, -0.0001296277882640109, -0.001064075412268592]","[0.001251604269338357, 0.0011413418837094543, 0.001331812433425705, 0.0011682552854091865, 0.0014448884041278042, 0.0012392758105112104, 0.0011851996192277555, 0.001292231357909424]",8.0,0.25337331334332835,0.23056739487009018,,circular_within_block_fw7,0.0,2000,1987.0,4.20837696143338,68558.0,OK,,REAL,True,2000,2000,200,circular_within_block_fw7,0,resume with 2 workers after a second out-of-memory kill of the process pool at 20:17:13Z (a worker reached 4.96 GB on the pooled stratum's 60-day cells under 3 workers); the automatic 3-worker retry (start row 6) was stopped by hand at 20:19Z; parallelism changes no number (every cell is seeded from its own identity); no sealed result existed; cells resume from their ledgers
pooled,edp,PPML_count_offset,sens_bheard_late_bound,sensitivity,late,primary,45,59.0,14,14,11.657113415650558,0.007557586768400468,0.009374005209781015,"[0.023653949300930184, 0.016354742380869862, 0.021497779405319162, 0.0020305839696338826, 0.00485395002628723, -0.01558519643206903, 0.010783732717871766, -0.003128847221639301]","[0.014142373406408112, 0.011998768458519835, 0.014236441459755035, 0.01327370317085385, 0.017028893129589582, 0.013402172757489372, 0.012784782007704889, 0.014022116042491909]",8.0,0.19590204897551225,0.16717074474965107,,circular_within_block_fw7,0.0,2000,1987.0,4.382718554607138,68558.0,OK,,REAL,True,2000,2000,200,circular_within_block_fw7,0,resume with 2 workers after a second out-of-memory kill of the process pool at 20:17:13Z (a worker reached 4.96 GB on the pooled stratum's 60-day cells under 3 workers); the automatic 3-worker retry (start row 6) was stopped by hand at 20:19Z; parallelism changes no number (every cell is seeded from its own identity); no sealed result existed; cells resume from their ledgers
pooled,mh_narrow_share,OLS_share,sens_bheard_late_bound,sensitivity,late,primary,45,59.0,14,14,10.4645087036989,-0.0007694343332234946,0.001060675997206465,"[9.616454432530271e-05, 1.8335532050405482e-05, 0.0007791328410168488, -0.001171311780626961, -0.0014050925127296401, -0.002490592385876847, -0.0003523904737444454, -0.00162972043020262]","[0.0013764296261439051, 0.0013216607010079838, 0.0014159454976357146, 0.0013623065242034072, 0.001669752406061573, 0.0012930124597651665, 0.0013244268127196115, 0.0014327109411064434]",8.0,0.25837081459270367,0.23392409417324517,,circular_within_block_fw7,0.0,2000,1987.0,4.33398097569666,68558.0,OK,,REAL,True,2000,2000,200,circular_within_block_fw7,0,resume with 2 workers after a second out-of-memory kill of the process pool at 20:17:13Z (a worker reached 4.96 GB on the pooled stratum's 60-day cells under 3 workers); the automatic 3-worker retry (start row 6) was stopped by hand at 20:19Z; parallelism changes no number (every cell is seeded from its own identity); no sealed result existed; cells resume from their ledgers
pooled,mh_narrow,PPML_count_offset,sens_bheard_late_bound,sensitivity,late,primary,45,59.0,14,14,13.443199920737431,0.001570535802582916,0.00881639628585106,"[0.00884014076075429, 0.011039146653220425, 0.015591411263308342, 0.0018125381913392503, -0.005925640022900703, -0.01708171212801414, 0.006108350753606277, -0.007819949050650414]","[0.011840379650650908, 0.011019712532530531, 0.012117199577223558, 0.012414789402770025, 0.015587197101433234, 0.010844423643866268, 0.011482032612021586, 0.012325766919880072]",8.0,0.12193903048475763,0.09748312609234637,,circular_within_block_fw7,0.0,2000,1987.0,4.29081030305305,68558.0,OK,,REAL,True,2000,2000,200,circular_within_block_fw7,0,resume with 2 workers after a second out-of-memory kill of the process pool at 20:17:13Z (a worker reached 4.96 GB on the pooled stratum's 60-day cells under 3 workers); the automatic 3-worker retry (start row 6) was stopped by hand at 20:19Z; parallelism changes no number (every cell is seeded from its own identity); no sealed result existed; cells resume from their ledgers
C2_exposed,edp_share,OLS_share,bheard_interaction,secondary,early,primary,30,59.0,14,14,,0.00026307897374642917,,,,,,0.7731598037578915,,,,0,,,45017.0,OK,"effect per unit B-HEARD exposure; exposure range 0..1; asymptotic p only, see the docstring",REAL,True,2000,2000,1000,anchor_shift,0,resume with 2 workers after a second out-of-memory kill of the process pool at 20:17:13Z (a worker reached 4.96 GB on the pooled stratum's 60-day cells under 3 workers); the automatic 3-worker retry (start row 6) was stopped by hand at 20:19Z; parallelism changes no number (every cell is seeded from its own identity); no sealed result existed; cells resume from their ledgers
C2_exposed,edp,PPML_count_offset,bheard_interaction,secondary,early,primary,30,59.0,14,14,,0.001995563253454436,,,,,,0.8496069353051117,,,,0,,,45017.0,OK,"effect per unit B-HEARD exposure; exposure range 0..1; asymptotic p only, see the docstring",REAL,True,2000,2000,1000,anchor_shift,0,resume with 2 workers after a second out-of-memory kill of the process pool at 20:17:13Z (a worker reached 4.96 GB on the pooled stratum's 60-day cells under 3 workers); the automatic 3-worker retry (start row 6) was stopped by hand at 20:19Z; parallelism changes no number (every cell is seeded from its own identity); no sealed result existed; cells resume from their ledgers
C2_exposed,mh_narrow_share,OLS_share,bheard_interaction,secondary,early,primary,30,59.0,14,14,,2.992582557116307e-05,,,,,,0.9760882673879245,,,,0,,,45017.0,OK,"effect per unit B-HEARD exposure; exposure range 0..1; asymptotic p only, see the docstring",REAL,True,2000,2000,1000,anchor_shift,0,resume with 2 workers after a second out-of-memory kill of the process pool at 20:17:13Z (a worker reached 4.96 GB on the pooled stratum's 60-day cells under 3 workers); the automatic 3-worker retry (start row 6) was stopped by hand at 20:19Z; parallelism changes no number (every cell is seeded from its own identity); no sealed result existed; cells resume from their ledgers
C2_exposed,mh_narrow,PPML_count_offset,bheard_interaction,secondary,early,primary,30,59.0,14,14,,-0.0012044586406557043,,,,,,0.893274912246349,,,,0,,,45017.0,OK,"effect per unit B-HEARD exposure; exposure range 0..1; asymptotic p only, see the docstring",REAL,True,2000,2000,1000,anchor_shift,0,resume with 2 workers after a second out-of-memory kill of the process pool at 20:17:13Z (a worker reached 4.96 GB on the pooled stratum's 60-day cells under 3 workers); the automatic 3-worker retry (start row 6) was stopped by hand at 20:19Z; parallelism changes no number (every cell is seeded from its own identity); no sealed result existed; cells resume from their ledgers
