run_utc,run_id,kind,source_id,target,status,detail
2026-09-10T23:41:40+00:00,a78bbbd2,claim,S1,C01_ems_source_rows,absent,artifact nan does not exist
2026-09-10T23:41:40+00:00,a78bbbd2,claim,S10,C02_registry_rows,verified,"computed 13,241; document agrees"
2026-09-10T23:41:40+00:00,a78bbbd2,claim,S11,C03_wiki_start,verified,computed 2015-07-01; document agrees
2026-09-10T23:41:40+00:00,a78bbbd2,claim,S16,C04_basket_articles,verified,computed 121; document agrees
2026-09-10T23:41:40+00:00,a78bbbd2,claim,S16,C05_basket_people,verified,computed 111; document agrees
2026-09-10T23:41:40+00:00,a78bbbd2,claim,S16,C06_basket_after_2020,verified,computed 24; document agrees
2026-09-10T23:41:40+00:00,a78bbbd2,claim,S11,C07_scored_days,verified,"computed 3,472; document agrees"
2026-09-10T23:41:40+00:00,a78bbbd2,claim,S11,C08_cai_ref_mean,mismatch,"computed 0.000000, but the document does not say 'mean `0.000000`' (the surrounding wording is present, so the number differs)"
2026-09-10T23:41:40+00:00,a78bbbd2,claim,S11,C09_cai_ref_sd,verified,computed 1.000000; document agrees
2026-09-10T23:41:40+00:00,a78bbbd2,claim,S1,C10_panel_rows,verified,"computed 89,857; document agrees"
2026-09-10T23:41:40+00:00,a78bbbd2,claim,S1,C11_panel_districts,verified,computed 59; document agrees
2026-09-10T23:41:40+00:00,a78bbbd2,claim,S1,C12_mean_edp_share,verified,computed 0.0856; document agrees
2026-09-10T23:41:40+00:00,a78bbbd2,claim,S1,C13_mean_total_calls,verified,computed 65.9; document agrees
2026-09-10T23:41:40+00:00,a78bbbd2,claim,S12,C14_trends_nyc_zero_all,mismatch,computed 42.6%; the claim's wording is not in docs/PAPER_MASTER.md at all - the register is stale
2026-09-10T23:41:40+00:00,a78bbbd2,claim,S12,C15_trends_nyc_zero_2020,mismatch,"computed 26%, but the document does not say 'from 26% censored in' (the surrounding wording is present, so the number differs)"
2026-09-10T23:41:40+00:00,a78bbbd2,claim,S12,C16_trends_nyc_zero_2024,mismatch,"computed 71%, but the document does not say '2020 to 71% in 2024' (the surrounding wording is present, so the number differs)"
2026-09-10T23:41:40+00:00,a78bbbd2,claim,S17,C17_rename_views_recovered,mismatch,"computed 79,082,746; the claim's wording is not in docs/PAPER_MASTER.md at all - the register is stale"
2026-09-10T23:41:40+00:00,a78bbbd2,claim,S17,C18_rename_articles,mismatch,computed 106; the claim's wording is not in docs/PAPER_MASTER.md at all - the register is stale
2026-09-10T23:41:40+00:00,a78bbbd2,claim,S17,C19_rename_articles_total,mismatch,"computed 127, but the document does not say 'of 127 articles**' (the surrounding wording is present, so the number differs)"
2026-09-10T23:41:40+00:00,a78bbbd2,claim,S11,C20_episodes_frozen,verified,computed 70; document agrees
2026-09-10T23:41:40+00:00,a78bbbd2,claim,S11,C21_episodes_rebuilt,mismatch,computed 72; the claim's wording is not in docs/PAPER_MASTER.md at all - the register is stale
2026-09-10T23:41:40+00:00,a78bbbd2,claim,S11,C22_episode_max_days,mismatch,computed 15; the claim's wording is not in docs/PAPER_MASTER.md at all - the register is stale
2026-09-10T23:41:40+00:00,a78bbbd2,claim,S11,C23_basket_usable,mismatch,computed 119; the claim's wording is not in docs/PAPER_MASTER.md at all - the register is stale
2026-09-10T23:41:40+00:00,a78bbbd2,claim,S15,C24_bheard_precincts,verified,computed 31; document agrees
2026-09-10T23:41:40+00:00,a78bbbd2,claim,S15,C25_bheard_low_conf,mismatch,computed 17; the claim's wording is not in docs/PAPER_MASTER.md at all - the register is stale
2026-09-10T23:42:33+00:00,316ef3c5,claim,S1,C01_ems_source_rows,failed,expression raised NameError: name 'pd' is not defined
2026-09-10T23:42:33+00:00,316ef3c5,claim,S10,C02_registry_rows,verified,"computed 13,241; document agrees"
2026-09-10T23:42:33+00:00,316ef3c5,claim,S11,C03_wiki_start,verified,computed 2015-07-01; document agrees
2026-09-10T23:42:33+00:00,316ef3c5,claim,S16,C04_basket_articles,verified,computed 121; document agrees
2026-09-10T23:42:33+00:00,316ef3c5,claim,S16,C05_basket_people,verified,computed 111; document agrees
2026-09-10T23:42:33+00:00,316ef3c5,claim,S16,C06_basket_after_2020,verified,computed 24; document agrees
2026-09-10T23:42:33+00:00,316ef3c5,claim,S11,C07_scored_days,verified,"computed 3,472; document agrees"
2026-09-10T23:42:33+00:00,316ef3c5,claim,S11,C08_cai_ref_mean,mismatch,"computed 0.000000, but the document does not say 'mean `0.000000`' (the surrounding wording is present, so the number differs)"
2026-09-10T23:42:33+00:00,316ef3c5,claim,S11,C09_cai_ref_sd,verified,computed 1.000000; document agrees
2026-09-10T23:42:33+00:00,316ef3c5,claim,S1,C10_panel_rows,verified,"computed 89,857; document agrees"
2026-09-10T23:42:33+00:00,316ef3c5,claim,S1,C11_panel_districts,verified,computed 59; document agrees
2026-09-10T23:42:33+00:00,316ef3c5,claim,S1,C12_mean_edp_share,verified,computed 0.0856; document agrees
2026-09-10T23:42:33+00:00,316ef3c5,claim,S1,C13_mean_total_calls,verified,computed 65.9; document agrees
2026-09-10T23:42:33+00:00,316ef3c5,claim,S12,C14_trends_nyc_zero_all,mismatch,computed 42.6%; the claim's wording is not in docs/PAPER_MASTER.md at all - the register is stale
2026-09-10T23:42:33+00:00,316ef3c5,claim,S12,C15_trends_nyc_zero_2020,verified,computed 26%; document agrees
2026-09-10T23:42:33+00:00,316ef3c5,claim,S12,C16_trends_nyc_zero_2024,verified,computed 71%; document agrees
2026-09-10T23:42:33+00:00,316ef3c5,claim,S17,C17_rename_views_recovered,verified,"computed 79,082,746; document agrees"
2026-09-10T23:42:33+00:00,316ef3c5,claim,S17,C18_rename_articles,mismatch,computed 106; the claim's wording is not in docs/PAPER_MASTER.md at all - the register is stale
2026-09-10T23:42:33+00:00,316ef3c5,claim,S17,C19_rename_articles_total,verified,computed 127; document agrees
2026-09-10T23:42:33+00:00,316ef3c5,claim,S11,C20_episodes_frozen,mismatch,computed 70; the claim's wording is not in docs/PAPER_MASTER.md at all - the register is stale
2026-09-10T23:42:33+00:00,316ef3c5,claim,S11,C21_episodes_rebuilt,verified,computed 72; document agrees
2026-09-10T23:42:33+00:00,316ef3c5,claim,S11,C22_episode_max_days,mismatch,computed 14; the claim's wording is not in docs/PAPER_MASTER.md at all - the register is stale
2026-09-10T23:42:33+00:00,316ef3c5,claim,S11,C23_basket_usable,verified,computed 119; document agrees
2026-09-10T23:42:33+00:00,316ef3c5,claim,S15,C24_bheard_precincts,verified,computed 31; document agrees
2026-09-10T23:42:33+00:00,316ef3c5,claim,S15,C25_bheard_low_conf,verified,computed 17; document agrees
2026-09-10T23:42:50+00:00,86c20c6d,claim,S1,C01_ems_source_rows,failed,expression raised NameError: name 'pd' is not defined
2026-09-10T23:42:50+00:00,86c20c6d,claim,S10,C02_registry_rows,verified,"computed 13,241; document agrees"
2026-09-10T23:42:50+00:00,86c20c6d,claim,S11,C03_wiki_start,verified,computed 2015-07-01; document agrees
2026-09-10T23:42:50+00:00,86c20c6d,claim,S16,C04_basket_articles,verified,computed 121; document agrees
2026-09-10T23:42:50+00:00,86c20c6d,claim,S16,C05_basket_people,verified,computed 111; document agrees
2026-09-10T23:42:50+00:00,86c20c6d,claim,S16,C06_basket_after_2020,verified,computed 24; document agrees
2026-09-10T23:42:50+00:00,86c20c6d,claim,S11,C07_scored_days,verified,"computed 3,472; document agrees"
2026-09-10T23:42:50+00:00,86c20c6d,claim,S11,C08_cai_ref_mean,verified,computed 0.000000; document agrees
2026-09-10T23:42:50+00:00,86c20c6d,claim,S11,C09_cai_ref_sd,verified,computed 1.000000; document agrees
2026-09-10T23:42:50+00:00,86c20c6d,claim,S1,C10_panel_rows,verified,"computed 89,857; document agrees"
2026-09-10T23:42:50+00:00,86c20c6d,claim,S1,C11_panel_districts,verified,computed 59; document agrees
2026-09-10T23:42:50+00:00,86c20c6d,claim,S1,C12_mean_edp_share,verified,computed 0.0856; document agrees
2026-09-10T23:42:50+00:00,86c20c6d,claim,S1,C13_mean_total_calls,verified,computed 65.9; document agrees
2026-09-10T23:42:50+00:00,86c20c6d,claim,S12,C14_trends_nyc_zero_all,verified,computed 42.6%; document agrees
2026-09-10T23:42:50+00:00,86c20c6d,claim,S12,C15_trends_nyc_zero_2020,verified,computed 26%; document agrees
2026-09-10T23:42:50+00:00,86c20c6d,claim,S12,C16_trends_nyc_zero_2024,verified,computed 71%; document agrees
2026-09-10T23:42:50+00:00,86c20c6d,claim,S17,C17_rename_views_recovered,verified,"computed 79,082,746; document agrees"
2026-09-10T23:42:50+00:00,86c20c6d,claim,S17,C18_rename_articles,verified,computed 106; document agrees
2026-09-10T23:42:50+00:00,86c20c6d,claim,S17,C19_rename_articles_total,verified,computed 127; document agrees
2026-09-10T23:42:50+00:00,86c20c6d,claim,S11,C20_episodes_frozen,verified,computed 70; document agrees
2026-09-10T23:42:50+00:00,86c20c6d,claim,S11,C21_episodes_rebuilt,verified,computed 72; document agrees
2026-09-10T23:42:50+00:00,86c20c6d,claim,S11,C22_episode_max_days,verified,computed 14; document agrees
2026-09-10T23:42:50+00:00,86c20c6d,claim,S11,C23_basket_usable,verified,computed 119; document agrees
2026-09-10T23:42:50+00:00,86c20c6d,claim,S15,C24_bheard_precincts,verified,computed 31; document agrees
2026-09-10T23:42:50+00:00,86c20c6d,claim,S15,C25_bheard_low_conf,verified,computed 17; document agrees
2026-09-10T23:42:53+00:00,cf6b3dee,claim,S1,C01_ems_source_rows,failed,expression raised NameError: name 'pd' is not defined
2026-09-10T23:42:53+00:00,cf6b3dee,claim,S10,C02_registry_rows,verified,"computed 13,241; document agrees"
2026-09-10T23:42:53+00:00,cf6b3dee,claim,S11,C03_wiki_start,verified,computed 2015-07-01; document agrees
2026-09-10T23:42:53+00:00,cf6b3dee,claim,S16,C04_basket_articles,verified,computed 121; document agrees
2026-09-10T23:42:53+00:00,cf6b3dee,claim,S16,C05_basket_people,verified,computed 111; document agrees
2026-09-10T23:42:53+00:00,cf6b3dee,claim,S16,C06_basket_after_2020,verified,computed 24; document agrees
2026-09-10T23:42:53+00:00,cf6b3dee,claim,S11,C07_scored_days,verified,"computed 3,472; document agrees"
2026-09-10T23:42:53+00:00,cf6b3dee,claim,S11,C08_cai_ref_mean,verified,computed 0.000000; document agrees
2026-09-10T23:42:53+00:00,cf6b3dee,claim,S11,C09_cai_ref_sd,verified,computed 1.000000; document agrees
2026-09-10T23:42:53+00:00,cf6b3dee,claim,S1,C10_panel_rows,verified,"computed 89,857; document agrees"
2026-09-10T23:42:53+00:00,cf6b3dee,claim,S1,C11_panel_districts,verified,computed 59; document agrees
2026-09-10T23:42:53+00:00,cf6b3dee,claim,S1,C12_mean_edp_share,verified,computed 0.0856; document agrees
2026-09-10T23:42:53+00:00,cf6b3dee,claim,S1,C13_mean_total_calls,verified,computed 65.9; document agrees
2026-09-10T23:42:53+00:00,cf6b3dee,claim,S12,C14_trends_nyc_zero_all,verified,computed 42.6%; document agrees
2026-09-10T23:42:53+00:00,cf6b3dee,claim,S12,C15_trends_nyc_zero_2020,verified,computed 26%; document agrees
2026-09-10T23:42:53+00:00,cf6b3dee,claim,S12,C16_trends_nyc_zero_2024,verified,computed 71%; document agrees
2026-09-10T23:42:53+00:00,cf6b3dee,claim,S17,C17_rename_views_recovered,verified,"computed 79,082,746; document agrees"
2026-09-10T23:42:53+00:00,cf6b3dee,claim,S17,C18_rename_articles,verified,computed 106; document agrees
2026-09-10T23:42:53+00:00,cf6b3dee,claim,S17,C19_rename_articles_total,verified,computed 127; document agrees
2026-09-10T23:42:53+00:00,cf6b3dee,claim,S11,C20_episodes_frozen,verified,computed 70; document agrees
2026-09-10T23:42:53+00:00,cf6b3dee,claim,S11,C21_episodes_rebuilt,verified,computed 72; document agrees
2026-09-10T23:42:53+00:00,cf6b3dee,claim,S11,C22_episode_max_days,verified,computed 14; document agrees
2026-09-10T23:42:53+00:00,cf6b3dee,claim,S11,C23_basket_usable,verified,computed 119; document agrees
2026-09-10T23:42:53+00:00,cf6b3dee,claim,S15,C24_bheard_precincts,verified,computed 31; document agrees
2026-09-10T23:42:53+00:00,cf6b3dee,claim,S15,C25_bheard_low_conf,verified,computed 17; document agrees
2026-09-10T23:43:02+00:00,9230c734,claim,S1,C01_ems_source_rows,verified,"computed 29,978,154; document agrees"
2026-09-10T23:43:02+00:00,9230c734,claim,S10,C02_registry_rows,verified,"computed 13,241; document agrees"
2026-09-10T23:43:02+00:00,9230c734,claim,S11,C03_wiki_start,verified,computed 2015-07-01; document agrees
2026-09-10T23:43:02+00:00,9230c734,claim,S16,C04_basket_articles,verified,computed 121; document agrees
2026-09-10T23:43:02+00:00,9230c734,claim,S16,C05_basket_people,verified,computed 111; document agrees
2026-09-10T23:43:02+00:00,9230c734,claim,S16,C06_basket_after_2020,verified,computed 24; document agrees
2026-09-10T23:43:02+00:00,9230c734,claim,S11,C07_scored_days,verified,"computed 3,472; document agrees"
2026-09-10T23:43:02+00:00,9230c734,claim,S11,C08_cai_ref_mean,verified,computed 0.000000; document agrees
2026-09-10T23:43:02+00:00,9230c734,claim,S11,C09_cai_ref_sd,verified,computed 1.000000; document agrees
2026-09-10T23:43:02+00:00,9230c734,claim,S1,C10_panel_rows,verified,"computed 89,857; document agrees"
2026-09-10T23:43:02+00:00,9230c734,claim,S1,C11_panel_districts,verified,computed 59; document agrees
2026-09-10T23:43:02+00:00,9230c734,claim,S1,C12_mean_edp_share,verified,computed 0.0856; document agrees
2026-09-10T23:43:02+00:00,9230c734,claim,S1,C13_mean_total_calls,verified,computed 65.9; document agrees
2026-09-10T23:43:02+00:00,9230c734,claim,S12,C14_trends_nyc_zero_all,verified,computed 42.6%; document agrees
2026-09-10T23:43:02+00:00,9230c734,claim,S12,C15_trends_nyc_zero_2020,verified,computed 26%; document agrees
2026-09-10T23:43:02+00:00,9230c734,claim,S12,C16_trends_nyc_zero_2024,verified,computed 71%; document agrees
2026-09-10T23:43:02+00:00,9230c734,claim,S17,C17_rename_views_recovered,verified,"computed 79,082,746; document agrees"
2026-09-10T23:43:02+00:00,9230c734,claim,S17,C18_rename_articles,verified,computed 106; document agrees
2026-09-10T23:43:02+00:00,9230c734,claim,S17,C19_rename_articles_total,verified,computed 127; document agrees
2026-09-10T23:43:02+00:00,9230c734,claim,S11,C20_episodes_frozen,verified,computed 70; document agrees
2026-09-10T23:43:02+00:00,9230c734,claim,S11,C21_episodes_rebuilt,verified,computed 72; document agrees
2026-09-10T23:43:02+00:00,9230c734,claim,S11,C22_episode_max_days,verified,computed 14; document agrees
2026-09-10T23:43:02+00:00,9230c734,claim,S11,C23_basket_usable,verified,computed 119; document agrees
2026-09-10T23:43:02+00:00,9230c734,claim,S15,C24_bheard_precincts,verified,computed 31; document agrees
2026-09-10T23:43:02+00:00,9230c734,claim,S15,C25_bheard_low_conf,verified,computed 17; document agrees
2026-09-10T23:43:07+00:00,a2d84000,link,S1,https://data.cityofnewyork.us/resource/76xm-jjuj.csv,verified,HEAD 200 text/csv; charset=UTF-8
2026-09-10T23:43:07+00:00,a2d84000,link,S1b,https://data.cityofnewyork.us/resource/76xm-jjuj.csv,verified,HEAD 200 text/csv; charset=UTF-8
2026-09-10T23:43:07+00:00,a2d84000,link,S2,(none),unverifiable,no endpoint: not obtained over the network
2026-09-10T23:43:07+00:00,a2d84000,link,S3,(none),unverifiable,no endpoint: not obtained over the network
2026-09-10T23:43:07+00:00,a2d84000,link,S4,https://github.com/washingtonpost/data-police-shootings,failed,GET HTTP 403 Forbidden
2026-09-10T23:43:07+00:00,a2d84000,link,S5,(none),template,no endpoint: not obtained over the network
2026-09-10T23:43:07+00:00,a2d84000,link,S6,(none),template,no endpoint: not obtained over the network
2026-09-10T23:43:07+00:00,a2d84000,link,S7,https://s-media.nyc.gov/agencies/dcp/assets/files/excel/data-tools/census/acs/demo_2019_acs5yr_nta.xlsx,verified,HEAD 200 application/vnd.openxmlformats-officedocument.spreadsheetml.sheet
2026-09-10T23:43:07+00:00,a2d84000,link,S8,https://wikimedia.org/api/rest_v1/metrics/pageviews/per-article/,failed,HEAD HTTP 404 Not Found
2026-09-10T23:43:07+00:00,a2d84000,link,S9,https://en.wikipedia.org/api/rest_v1/page/summary/,failed,HEAD HTTP 404 Not Found
2026-09-10T23:43:07+00:00,a2d84000,link,S10,https://mappingpoliceviolence.us/s/MPVDatasetDownload.xlsx,verified,HEAD 200 application/vnd.openxmlformats-officedocument.spreadsheetml.sheet -> https://static1.squarespace.com/static/54ecf211e4b0ed744420c5b6/t/6a8a0f4b345aa5414009c041/1787432779239/MPVDatasetDownload.xlsx
2026-09-10T23:43:07+00:00,a2d84000,link,S11,https://api.gdeltproject.org/api/v2/doc/doc,failed,HEAD HTTP 429 Too Many Requests
2026-09-10T23:43:07+00:00,a2d84000,link,S11,https://api.gdeltproject.org/api/v2/tv/tv,verified,HEAD 200 text/html; charset=utf-8
2026-09-10T23:43:07+00:00,a2d84000,link,S11,https://wikimedia.org/api/rest_v1/metrics/pageviews/per-article/,failed,HEAD HTTP 404 Not Found
2026-09-10T23:43:07+00:00,a2d84000,link,S12,https://trends.google.com,verified,HEAD 200 text/html; charset=utf-8 -> https://trends.google.com/trends/
2026-09-10T23:43:07+00:00,a2d84000,link,S13,https://trends.google.com,verified,HEAD 200 text/html; charset=utf-8 -> https://trends.google.com/trends/
2026-09-10T23:43:07+00:00,a2d84000,link,S14,https://data.cityofnewyork.us/resource/76xm-jjuj.json,verified,HEAD 200 application/json;charset=utf-8
2026-09-10T23:43:07+00:00,a2d84000,link,S15,https://mentalhealth.cityofnewyork.us/b-heard,verified,HEAD 200 text/html; charset=UTF-8
2026-09-10T23:43:07+00:00,a2d84000,link,S16,https://query.wikidata.org/sparql,verified,HEAD 200 application/rdf+xml
2026-09-10T23:43:07+00:00,a2d84000,link,S17,https://en.wikipedia.org/w/api.php,verified,HEAD 200 text/html; charset=utf-8
2026-09-10T23:43:07+00:00,a2d84000,link,S18,https://en.wikipedia.org/w/api.php,verified,HEAD 200 text/html; charset=utf-8
2026-09-10T23:43:07+00:00,a2d84000,link,S18,https://wikimedia.org/api/rest_v1/metrics/pageviews/per-article/,failed,HEAD HTTP 404 Not Found
2026-09-10T23:43:07+00:00,a2d84000,artifact,S1,data/processed/ems_cd_day_calltype.parquet,verified,"sha256 6247a7239559f930, 4,876,509 rows, 2014-12-01..2024-12-31; not registered in data_sources.csv"
2026-09-10T23:43:07+00:00,a2d84000,artifact,S1,data/processed/ems_citywide_day_trends.parquet,verified,"sha256 33c8850350f90ab3, 39,037 rows, 2005-01-01..2026-06-30; not registered in data_sources.csv"
2026-09-10T23:43:07+00:00,a2d84000,artifact,S1b,data/processed/ems_cd_day_calltype.parquet,verified,"sha256 6247a7239559f930, 4,876,509 rows, 2014-12-01..2024-12-31; matches the provenance register"
2026-09-10T23:43:07+00:00,a2d84000,artifact,S2,data/raw/211118_tweet_count_name_date.csv,unverifiable,"artifact absent, and the source is unverifiable"
2026-09-10T23:43:07+00:00,a2d84000,artifact,S3,data/raw/220126_final_daily_tweet_count.csv,unverifiable,"artifact absent, and the source is unverifiable"
2026-09-10T23:43:07+00:00,a2d84000,artifact,S4,data/raw/fatalpoliceshootingsCLEANED.csv,unverifiable,"artifact absent, and the source is retired"
2026-09-10T23:43:07+00:00,a2d84000,artifact,S5,data/raw/sf1_dp_cd_demoprofile.xlsx,verified,"sha256 20459df2681c751b, unreadable: UnicodeDecodeError; not registered in data_sources.csv"
2026-09-10T23:43:07+00:00,a2d84000,artifact,S6,data/reference/victim_curation_table.csv,verified,"sha256 75e6bea4243eebe7, 101 rows, 2013-05-24..2020-10-20; not registered in data_sources.csv"
2026-09-10T23:43:07+00:00,a2d84000,artifact,S7,data/reference/acs_2019_cd_demographics.csv,verified,"sha256 210ec18a067b7f5d, 59 rows; register holds a payload hash only"
2026-09-10T23:43:07+00:00,a2d84000,artifact,S8,data/reference/wikipedia_pageviews_victims.csv,mismatch,"sha256 e1e88d7d93c69631, 25,211 rows, 2017-01-01..2020-12-31; provenance register says 33f6527152e59750 (registered 2026-07-12T15:24:44+00:00)"
2026-09-10T23:43:07+00:00,a2d84000,artifact,S9,data/reference/wikipedia_article_resolution.csv,verified,"sha256 8c587914076bb844, 121 rows; not registered in data_sources.csv"
2026-09-10T23:43:07+00:00,a2d84000,artifact,S10,data/reference/victim_registry.csv,verified,"sha256 13f3fbcfe5298589, 13,241 rows, 2013-01-01..2024-12-31; register holds a payload hash only"
2026-09-10T23:43:07+00:00,a2d84000,artifact,S11,data/reference/cai_components_daily.csv,verified,"sha256 dbb89a5aa3380194, 9,232 rows, 2015-01-01..2024-12-31; matches the provenance register"
2026-09-10T23:43:07+00:00,a2d84000,artifact,S11,data/reference/wiki_ext_basket_used.csv,verified,"sha256 0cffc9013f1382d2, 121 rows; not registered in data_sources.csv"
2026-09-10T23:43:07+00:00,a2d84000,artifact,S11,data/reference/wiki_ext_aggregation_diagnostic.csv,verified,"sha256 a8ea321b5a7319b8, 3,472 rows, 2015-07-01..2024-12-31; not registered in data_sources.csv"
2026-09-10T23:43:07+00:00,a2d84000,artifact,S12,data/reference/cai_trends_daily.csv,verified,"sha256 f18c11eb209350bd, 7,306 rows, 2015-01-01..2024-12-31; matches the provenance register"
2026-09-10T23:43:07+00:00,a2d84000,artifact,S12,data/reference/cai_trends_stitch_diagnostics.csv,verified,"sha256 a79bdc97be843bd6, 58 rows; not registered in data_sources.csv"
2026-09-10T23:43:07+00:00,a2d84000,artifact,S13,data/reference/cai_trends_anchored.csv,unverifiable,"artifact absent, and the source is retired"
2026-09-10T23:43:07+00:00,a2d84000,artifact,S14,data/reference/precinct_cd_crosswalk.csv,mismatch,"sha256 3ab767637c94be5b, 131 rows; provenance register says 0f3e7868a7965937 (registered 2026-09-01T00:27:27+00:00)"
2026-09-10T23:43:07+00:00,a2d84000,artifact,S15,data/reference/bheard_precinct_adoption.csv,verified,"sha256 b7627d01221e5159, 31 rows; matches the provenance register"
2026-09-10T23:43:07+00:00,a2d84000,artifact,S15,data/reference/bheard_cd_exposure.csv,verified,"sha256 c387a640fc425626, 74 rows; not registered in data_sources.csv"
2026-09-10T23:43:07+00:00,a2d84000,artifact,S16,data/reference/basket_decisions.csv,verified,"sha256 c2ca055d09357245, 161 rows, 1958-04-25..2024-09-19; not registered in data_sources.csv"
2026-09-10T23:43:07+00:00,a2d84000,artifact,S17,data/reference/article_title_map.csv,verified,"sha256 9673c440c82199d6, 559 rows; not registered in data_sources.csv"
2026-09-10T23:43:07+00:00,a2d84000,artifact,S17,outputs/tables/rename_recovery.csv,verified,"sha256 bdacd2e6adb24ce9, 127 rows; not registered in data_sources.csv"
2026-09-10T23:43:07+00:00,a2d84000,artifact,S18,data/reference/wiki_nyc_articles.csv,verified,"sha256 5957f170624a9a60, 501 rows; not registered in data_sources.csv"
2026-09-10T23:43:07+00:00,a2d84000,artifact,S18,data/reference/wiki_nyc_daily.csv,verified,"sha256 78bdc607d06dd5dd, 6,944 rows, 2015-07-01..2024-12-31; not registered in data_sources.csv"
2026-09-10T23:43:07+00:00,a2d84000,artifact,S18,data/reference/wiki_nyc_per_article.csv,verified,"sha256 5bebc81f679a8cc7, 38,192 rows, 2015-07-01..2024-12-31; not registered in data_sources.csv"
2026-09-10T23:43:07+00:00,a2d84000,claim,S1,C01_ems_source_rows,verified,"computed 29,978,154; document agrees"
2026-09-10T23:43:07+00:00,a2d84000,claim,S10,C02_registry_rows,verified,"computed 13,241; document agrees"
2026-09-10T23:43:07+00:00,a2d84000,claim,S11,C03_wiki_start,verified,computed 2015-07-01; document agrees
2026-09-10T23:43:07+00:00,a2d84000,claim,S16,C04_basket_articles,verified,computed 121; document agrees
2026-09-10T23:43:07+00:00,a2d84000,claim,S16,C05_basket_people,verified,computed 111; document agrees
2026-09-10T23:43:07+00:00,a2d84000,claim,S16,C06_basket_after_2020,verified,computed 24; document agrees
2026-09-10T23:43:07+00:00,a2d84000,claim,S11,C07_scored_days,verified,"computed 3,472; document agrees"
2026-09-10T23:43:07+00:00,a2d84000,claim,S11,C08_cai_ref_mean,verified,computed 0.000000; document agrees
2026-09-10T23:43:07+00:00,a2d84000,claim,S11,C09_cai_ref_sd,verified,computed 1.000000; document agrees
2026-09-10T23:43:07+00:00,a2d84000,claim,S1,C10_panel_rows,verified,"computed 89,857; document agrees"
2026-09-10T23:43:07+00:00,a2d84000,claim,S1,C11_panel_districts,verified,computed 59; document agrees
2026-09-10T23:43:07+00:00,a2d84000,claim,S1,C12_mean_edp_share,verified,computed 0.0856; document agrees
2026-09-10T23:43:07+00:00,a2d84000,claim,S1,C13_mean_total_calls,verified,computed 65.9; document agrees
2026-09-10T23:43:07+00:00,a2d84000,claim,S12,C14_trends_nyc_zero_all,verified,computed 42.6%; document agrees
2026-09-10T23:43:07+00:00,a2d84000,claim,S12,C15_trends_nyc_zero_2020,verified,computed 26%; document agrees
2026-09-10T23:43:07+00:00,a2d84000,claim,S12,C16_trends_nyc_zero_2024,verified,computed 71%; document agrees
2026-09-10T23:43:07+00:00,a2d84000,claim,S17,C17_rename_views_recovered,verified,"computed 79,082,746; document agrees"
2026-09-10T23:43:07+00:00,a2d84000,claim,S17,C18_rename_articles,verified,computed 106; document agrees
2026-09-10T23:43:07+00:00,a2d84000,claim,S17,C19_rename_articles_total,verified,computed 127; document agrees
2026-09-10T23:43:07+00:00,a2d84000,claim,S11,C20_episodes_frozen,verified,computed 70; document agrees
2026-09-10T23:43:07+00:00,a2d84000,claim,S11,C21_episodes_rebuilt,verified,computed 72; document agrees
2026-09-10T23:43:07+00:00,a2d84000,claim,S11,C22_episode_max_days,verified,computed 14; document agrees
2026-09-10T23:43:07+00:00,a2d84000,claim,S11,C23_basket_usable,verified,computed 119; document agrees
2026-09-10T23:43:07+00:00,a2d84000,claim,S15,C24_bheard_precincts,verified,computed 31; document agrees
2026-09-10T23:43:07+00:00,a2d84000,claim,S15,C25_bheard_low_conf,verified,computed 17; document agrees
2026-09-10T23:44:52+00:00,6c3daa03,link,S1,https://data.cityofnewyork.us/resource/76xm-jjuj.csv,verified,HEAD 200 text/csv; charset=UTF-8
2026-09-10T23:44:52+00:00,6c3daa03,link,S1b,https://data.cityofnewyork.us/resource/76xm-jjuj.csv,verified,HEAD 200 text/csv; charset=UTF-8
2026-09-10T23:44:52+00:00,6c3daa03,link,S2,(none),unverifiable,no endpoint: not obtained over the network
2026-09-10T23:44:52+00:00,6c3daa03,link,S3,(none),unverifiable,no endpoint: not obtained over the network
2026-09-10T23:44:52+00:00,6c3daa03,link,S4,https://github.com/washingtonpost/data-police-shootings,unreachable,"GET HTTP 403 Forbidden - our access, not necessarily the resource (egress policy?)"
2026-09-10T23:44:52+00:00,6c3daa03,link,S5,(none),template,no endpoint: not obtained over the network
2026-09-10T23:44:52+00:00,6c3daa03,link,S6,(none),template,no endpoint: not obtained over the network
2026-09-10T23:44:52+00:00,6c3daa03,link,S7,https://s-media.nyc.gov/agencies/dcp/assets/files/excel/data-tools/census/acs/demo_2019_acs5yr_nta.xlsx,verified,HEAD 200 application/vnd.openxmlformats-officedocument.spreadsheetml.sheet
2026-09-10T23:44:52+00:00,6c3daa03,link,S8,https://wikimedia.org/api/rest_v1/metrics/pageviews/per-article/,verified,HEAD 200 application/json; charset=utf-8 (probe https://wikimedia.org/api/rest_v1/metrics/pageviews/per-article/en.wikipedia/all-access/user/Killing_of_George_Floyd/daily/20200525/20200601)
2026-09-10T23:44:52+00:00,6c3daa03,link,S9,https://en.wikipedia.org/api/rest_v1/page/summary/,verified,"HEAD 200 application/json; charset=utf-8; profile=""https://www.mediawiki.org/wiki/Specs/Summary/1.5.0"" (probe https://en.wikipedia.org/api/rest_v1/page/summary/Killing_of_George_Floyd)"
2026-09-10T23:44:52+00:00,6c3daa03,link,S10,https://mappingpoliceviolence.us/s/MPVDatasetDownload.xlsx,verified,HEAD 200 application/vnd.openxmlformats-officedocument.spreadsheetml.sheet -> https://static1.squarespace.com/static/54ecf211e4b0ed744420c5b6/t/6a8a0f4b345aa5414009c041/1787432779239/MPVDatasetDownload.xlsx
2026-09-10T23:44:52+00:00,6c3daa03,link,S11,https://api.gdeltproject.org/api/v2/doc/doc,failed,HEAD HTTP 429 Too Many Requests
2026-09-10T23:44:52+00:00,6c3daa03,link,S11,https://api.gdeltproject.org/api/v2/tv/tv,verified,HEAD 200 text/html; charset=utf-8 (probe https://api.gdeltproject.org/api/v2/tv/tv?query=%22police+brutality%22&mode=timelinevol&format=json&datanorm=perc&datacomb=sep&startdatetime=20200525000000&enddatetime=20200601000000)
2026-09-10T23:44:52+00:00,6c3daa03,link,S11,https://wikimedia.org/api/rest_v1/metrics/pageviews/per-article/,verified,HEAD 200 application/json; charset=utf-8 (probe https://wikimedia.org/api/rest_v1/metrics/pageviews/per-article/en.wikipedia/all-access/user/Killing_of_George_Floyd/daily/20200525/20200601)
2026-09-10T23:44:52+00:00,6c3daa03,link,S12,https://trends.google.com,verified,HEAD 200 text/html; charset=utf-8 -> https://trends.google.com/trends/
2026-09-10T23:44:52+00:00,6c3daa03,link,S13,https://trends.google.com,verified,HEAD 200 text/html; charset=utf-8 -> https://trends.google.com/trends/
2026-09-10T23:44:52+00:00,6c3daa03,link,S14,https://data.cityofnewyork.us/resource/76xm-jjuj.json,verified,HEAD 200 application/json;charset=utf-8
2026-09-10T23:44:52+00:00,6c3daa03,link,S15,https://mentalhealth.cityofnewyork.us/b-heard,verified,HEAD 200 text/html; charset=UTF-8
2026-09-10T23:44:52+00:00,6c3daa03,link,S16,https://query.wikidata.org/sparql,verified,HEAD 200 application/sparql-results+json;charset=utf-8 (probe https://query.wikidata.org/sparql?format=json&query=SELECT%20%3Fd%20WHERE%20%7B%20wd%3AQ93544244%20wdt%3AP570%20%3Fd%20%7D)
2026-09-10T23:44:52+00:00,6c3daa03,link,S17,https://en.wikipedia.org/w/api.php,verified,HEAD 200 application/json; charset=utf-8 (probe https://en.wikipedia.org/w/api.php?action=query&format=json&prop=redirects&rdlimit=max&titles=Killing%20of%20George%20Floyd)
2026-09-10T23:44:52+00:00,6c3daa03,link,S18,https://en.wikipedia.org/w/api.php,failed,HEAD HTTP 429 Too Many Requests
2026-09-10T23:44:52+00:00,6c3daa03,link,S18,https://wikimedia.org/api/rest_v1/metrics/pageviews/per-article/,verified,HEAD 200 application/json; charset=utf-8 (probe https://wikimedia.org/api/rest_v1/metrics/pageviews/per-article/en.wikipedia/all-access/user/Killing_of_George_Floyd/daily/20200525/20200601)
2026-09-10T23:44:52+00:00,6c3daa03,artifact,S1,data/processed/ems_cd_day_calltype.parquet,verified,"sha256 6247a7239559f930, 4,876,509 rows, 2014-12-01..2024-12-31; not registered in data_sources.csv"
2026-09-10T23:44:52+00:00,6c3daa03,artifact,S1,data/processed/ems_citywide_day_trends.parquet,verified,"sha256 33c8850350f90ab3, 39,037 rows, 2005-01-01..2026-06-30; not registered in data_sources.csv"
2026-09-10T23:44:52+00:00,6c3daa03,artifact,S1b,data/processed/ems_cd_day_calltype.parquet,verified,"sha256 6247a7239559f930, 4,876,509 rows, 2014-12-01..2024-12-31; matches the provenance register"
2026-09-10T23:44:52+00:00,6c3daa03,artifact,S2,data/raw/211118_tweet_count_name_date.csv,unverifiable,"artifact absent, and the source is unverifiable"
2026-09-10T23:44:52+00:00,6c3daa03,artifact,S3,data/raw/220126_final_daily_tweet_count.csv,unverifiable,"artifact absent, and the source is unverifiable"
2026-09-10T23:44:52+00:00,6c3daa03,artifact,S4,data/raw/fatalpoliceshootingsCLEANED.csv,unverifiable,"artifact absent, and the source is retired"
2026-09-10T23:44:52+00:00,6c3daa03,artifact,S5,data/raw/sf1_dp_cd_demoprofile.xlsx,verified,"sha256 20459df2681c751b, unreadable: UnicodeDecodeError; not registered in data_sources.csv"
2026-09-10T23:44:52+00:00,6c3daa03,artifact,S6,data/reference/victim_curation_table.csv,verified,"sha256 75e6bea4243eebe7, 101 rows, 2013-05-24..2020-10-20; not registered in data_sources.csv"
2026-09-10T23:44:52+00:00,6c3daa03,artifact,S7,data/reference/acs_2019_cd_demographics.csv,verified,"sha256 210ec18a067b7f5d, 59 rows; register holds a payload hash only"
2026-09-10T23:44:52+00:00,6c3daa03,artifact,S8,data/reference/wikipedia_pageviews_victims.csv,mismatch,"sha256 e1e88d7d93c69631, 25,211 rows, 2017-01-01..2020-12-31; provenance register says 33f6527152e59750 (registered 2026-07-12T15:24:44+00:00)"
2026-09-10T23:44:52+00:00,6c3daa03,artifact,S9,data/reference/wikipedia_article_resolution.csv,verified,"sha256 8c587914076bb844, 121 rows; not registered in data_sources.csv"
2026-09-10T23:44:52+00:00,6c3daa03,artifact,S10,data/reference/victim_registry.csv,verified,"sha256 13f3fbcfe5298589, 13,241 rows, 2013-01-01..2024-12-31; register holds a payload hash only"
2026-09-10T23:44:52+00:00,6c3daa03,artifact,S11,data/reference/cai_components_daily.csv,verified,"sha256 dbb89a5aa3380194, 9,232 rows, 2015-01-01..2024-12-31; matches the provenance register"
2026-09-10T23:44:52+00:00,6c3daa03,artifact,S11,data/reference/wiki_ext_basket_used.csv,verified,"sha256 0cffc9013f1382d2, 121 rows; not registered in data_sources.csv"
2026-09-10T23:44:52+00:00,6c3daa03,artifact,S11,data/reference/wiki_ext_aggregation_diagnostic.csv,verified,"sha256 a8ea321b5a7319b8, 3,472 rows, 2015-07-01..2024-12-31; not registered in data_sources.csv"
2026-09-10T23:44:52+00:00,6c3daa03,artifact,S12,data/reference/cai_trends_daily.csv,verified,"sha256 f18c11eb209350bd, 7,306 rows, 2015-01-01..2024-12-31; matches the provenance register"
2026-09-10T23:44:52+00:00,6c3daa03,artifact,S12,data/reference/cai_trends_stitch_diagnostics.csv,verified,"sha256 a79bdc97be843bd6, 58 rows; not registered in data_sources.csv"
2026-09-10T23:44:52+00:00,6c3daa03,artifact,S13,data/reference/cai_trends_anchored.csv,unverifiable,"artifact absent, and the source is retired"
2026-09-10T23:44:52+00:00,6c3daa03,artifact,S14,data/reference/precinct_cd_crosswalk.csv,mismatch,"sha256 3ab767637c94be5b, 131 rows; provenance register says 0f3e7868a7965937 (registered 2026-09-01T00:27:27+00:00)"
2026-09-10T23:44:52+00:00,6c3daa03,artifact,S15,data/reference/bheard_precinct_adoption.csv,verified,"sha256 b7627d01221e5159, 31 rows; matches the provenance register"
2026-09-10T23:44:52+00:00,6c3daa03,artifact,S15,data/reference/bheard_cd_exposure.csv,verified,"sha256 c387a640fc425626, 74 rows; not registered in data_sources.csv"
2026-09-10T23:44:52+00:00,6c3daa03,artifact,S16,data/reference/basket_decisions.csv,verified,"sha256 c2ca055d09357245, 161 rows, 1958-04-25..2024-09-19; not registered in data_sources.csv"
2026-09-10T23:44:52+00:00,6c3daa03,artifact,S17,data/reference/article_title_map.csv,verified,"sha256 9673c440c82199d6, 559 rows; not registered in data_sources.csv"
2026-09-10T23:44:52+00:00,6c3daa03,artifact,S17,outputs/tables/rename_recovery.csv,verified,"sha256 bdacd2e6adb24ce9, 127 rows; not registered in data_sources.csv"
2026-09-10T23:44:52+00:00,6c3daa03,artifact,S18,data/reference/wiki_nyc_articles.csv,verified,"sha256 5957f170624a9a60, 501 rows; not registered in data_sources.csv"
2026-09-10T23:44:52+00:00,6c3daa03,artifact,S18,data/reference/wiki_nyc_daily.csv,verified,"sha256 78bdc607d06dd5dd, 6,944 rows, 2015-07-01..2024-12-31; not registered in data_sources.csv"
2026-09-10T23:44:52+00:00,6c3daa03,artifact,S18,data/reference/wiki_nyc_per_article.csv,verified,"sha256 5bebc81f679a8cc7, 38,192 rows, 2015-07-01..2024-12-31; not registered in data_sources.csv"
2026-09-10T23:44:52+00:00,6c3daa03,claim,S1,C01_ems_source_rows,verified,"computed 29,978,154; document agrees"
2026-09-10T23:44:52+00:00,6c3daa03,claim,S10,C02_registry_rows,verified,"computed 13,241; document agrees"
2026-09-10T23:44:52+00:00,6c3daa03,claim,S11,C03_wiki_start,verified,computed 2015-07-01; document agrees
2026-09-10T23:44:52+00:00,6c3daa03,claim,S16,C04_basket_articles,verified,computed 121; document agrees
2026-09-10T23:44:52+00:00,6c3daa03,claim,S16,C05_basket_people,verified,computed 111; document agrees
2026-09-10T23:44:52+00:00,6c3daa03,claim,S16,C06_basket_after_2020,verified,computed 24; document agrees
2026-09-10T23:44:52+00:00,6c3daa03,claim,S11,C07_scored_days,verified,"computed 3,472; document agrees"
2026-09-10T23:44:52+00:00,6c3daa03,claim,S11,C08_cai_ref_mean,verified,computed 0.000000; document agrees
2026-09-10T23:44:52+00:00,6c3daa03,claim,S11,C09_cai_ref_sd,verified,computed 1.000000; document agrees
2026-09-10T23:44:52+00:00,6c3daa03,claim,S1,C10_panel_rows,verified,"computed 89,857; document agrees"
2026-09-10T23:44:52+00:00,6c3daa03,claim,S1,C11_panel_districts,verified,computed 59; document agrees
2026-09-10T23:44:52+00:00,6c3daa03,claim,S1,C12_mean_edp_share,verified,computed 0.0856; document agrees
2026-09-10T23:44:52+00:00,6c3daa03,claim,S1,C13_mean_total_calls,verified,computed 65.9; document agrees
2026-09-10T23:44:52+00:00,6c3daa03,claim,S12,C14_trends_nyc_zero_all,verified,computed 42.6%; document agrees
2026-09-10T23:44:52+00:00,6c3daa03,claim,S12,C15_trends_nyc_zero_2020,verified,computed 26%; document agrees
2026-09-10T23:44:52+00:00,6c3daa03,claim,S12,C16_trends_nyc_zero_2024,verified,computed 71%; document agrees
2026-09-10T23:44:52+00:00,6c3daa03,claim,S17,C17_rename_views_recovered,verified,"computed 79,082,746; document agrees"
2026-09-10T23:44:52+00:00,6c3daa03,claim,S17,C18_rename_articles,verified,computed 106; document agrees
2026-09-10T23:44:52+00:00,6c3daa03,claim,S17,C19_rename_articles_total,verified,computed 127; document agrees
2026-09-10T23:44:52+00:00,6c3daa03,claim,S11,C20_episodes_frozen,verified,computed 70; document agrees
2026-09-10T23:44:52+00:00,6c3daa03,claim,S11,C21_episodes_rebuilt,verified,computed 72; document agrees
2026-09-10T23:44:52+00:00,6c3daa03,claim,S11,C22_episode_max_days,verified,computed 14; document agrees
2026-09-10T23:44:52+00:00,6c3daa03,claim,S11,C23_basket_usable,verified,computed 119; document agrees
2026-09-10T23:44:52+00:00,6c3daa03,claim,S15,C24_bheard_precincts,verified,computed 31; document agrees
2026-09-10T23:44:52+00:00,6c3daa03,claim,S15,C25_bheard_low_conf,verified,computed 17; document agrees
2026-09-10T23:45:40+00:00,53050f7a,link,S1,https://data.cityofnewyork.us/resource/76xm-jjuj.csv,unreachable,NameError: name 'probe' is not defined
2026-09-10T23:45:40+00:00,53050f7a,link,S1b,https://data.cityofnewyork.us/resource/76xm-jjuj.csv,unreachable,NameError: name 'probe' is not defined
2026-09-10T23:45:40+00:00,53050f7a,link,S2,(none),unverifiable,no endpoint: not obtained over the network
2026-09-10T23:45:40+00:00,53050f7a,link,S3,(none),unverifiable,no endpoint: not obtained over the network
2026-09-10T23:45:40+00:00,53050f7a,link,S4,https://github.com/washingtonpost/data-police-shootings,unreachable,"GET HTTP 403 Forbidden - our access, not necessarily the resource (egress policy?)"
2026-09-10T23:45:40+00:00,53050f7a,link,S5,(none),template,no endpoint: not obtained over the network
2026-09-10T23:45:40+00:00,53050f7a,link,S6,(none),template,no endpoint: not obtained over the network
2026-09-10T23:45:40+00:00,53050f7a,link,S7,https://s-media.nyc.gov/agencies/dcp/assets/files/excel/data-tools/census/acs/demo_2019_acs5yr_nta.xlsx,unreachable,NameError: name 'probe' is not defined
2026-09-10T23:45:40+00:00,53050f7a,link,S8,https://wikimedia.org/api/rest_v1/metrics/pageviews/per-article/,unreachable,NameError: name 'probe' is not defined
2026-09-10T23:45:40+00:00,53050f7a,link,S9,https://en.wikipedia.org/api/rest_v1/page/summary/,unreachable,NameError: name 'probe' is not defined
2026-09-10T23:45:40+00:00,53050f7a,link,S10,https://mappingpoliceviolence.us/s/MPVDatasetDownload.xlsx,unreachable,NameError: name 'probe' is not defined
2026-09-10T23:45:40+00:00,53050f7a,link,S11,https://api.gdeltproject.org/api/v2/doc/doc,unreachable,rate limited (HTTP 429) after 3 attempts - not a verdict on the endpoint
2026-09-10T23:45:40+00:00,53050f7a,link,S11,https://api.gdeltproject.org/api/v2/tv/tv,unreachable,NameError: name 'probe' is not defined
2026-09-10T23:45:40+00:00,53050f7a,link,S11,https://wikimedia.org/api/rest_v1/metrics/pageviews/per-article/,unreachable,NameError: name 'probe' is not defined
2026-09-10T23:45:40+00:00,53050f7a,link,S12,https://trends.google.com,unreachable,NameError: name 'probe' is not defined
2026-09-10T23:45:40+00:00,53050f7a,link,S13,https://trends.google.com,unreachable,NameError: name 'probe' is not defined
2026-09-10T23:45:40+00:00,53050f7a,link,S14,https://data.cityofnewyork.us/resource/76xm-jjuj.json,unreachable,NameError: name 'probe' is not defined
2026-09-10T23:45:40+00:00,53050f7a,link,S15,https://mentalhealth.cityofnewyork.us/b-heard,unreachable,NameError: name 'probe' is not defined
2026-09-10T23:45:40+00:00,53050f7a,link,S16,https://query.wikidata.org/sparql,unreachable,NameError: name 'probe' is not defined
2026-09-10T23:45:40+00:00,53050f7a,link,S17,https://en.wikipedia.org/w/api.php,unreachable,NameError: name 'probe' is not defined
2026-09-10T23:45:40+00:00,53050f7a,link,S18,https://en.wikipedia.org/w/api.php,unreachable,NameError: name 'probe' is not defined
2026-09-10T23:45:40+00:00,53050f7a,link,S18,https://wikimedia.org/api/rest_v1/metrics/pageviews/per-article/,unreachable,NameError: name 'probe' is not defined
2026-09-10T23:45:40+00:00,53050f7a,artifact,S1,data/processed/ems_cd_day_calltype.parquet,verified,"sha256 6247a7239559f930, 4,876,509 rows, 2014-12-01..2024-12-31; not registered in data_sources.csv"
2026-09-10T23:45:40+00:00,53050f7a,artifact,S1,data/processed/ems_citywide_day_trends.parquet,verified,"sha256 33c8850350f90ab3, 39,037 rows, 2005-01-01..2026-06-30; not registered in data_sources.csv"
2026-09-10T23:45:40+00:00,53050f7a,artifact,S1b,data/processed/ems_cd_day_calltype.parquet,verified,"sha256 6247a7239559f930, 4,876,509 rows, 2014-12-01..2024-12-31; matches the provenance register"
2026-09-10T23:45:40+00:00,53050f7a,artifact,S2,data/raw/211118_tweet_count_name_date.csv,unverifiable,"artifact absent, and the source is unverifiable"
2026-09-10T23:45:40+00:00,53050f7a,artifact,S3,data/raw/220126_final_daily_tweet_count.csv,unverifiable,"artifact absent, and the source is unverifiable"
2026-09-10T23:45:40+00:00,53050f7a,artifact,S4,data/raw/fatalpoliceshootingsCLEANED.csv,unverifiable,"artifact absent, and the source is retired"
2026-09-10T23:45:40+00:00,53050f7a,artifact,S5,data/raw/sf1_dp_cd_demoprofile.xlsx,verified,"sha256 20459df2681c751b, unreadable: UnicodeDecodeError; not registered in data_sources.csv"
2026-09-10T23:45:40+00:00,53050f7a,artifact,S6,data/reference/victim_curation_table.csv,verified,"sha256 75e6bea4243eebe7, 101 rows, 2013-05-24..2020-10-20; not registered in data_sources.csv"
2026-09-10T23:45:40+00:00,53050f7a,artifact,S7,data/reference/acs_2019_cd_demographics.csv,verified,"sha256 210ec18a067b7f5d, 59 rows; register holds a payload hash only"
2026-09-10T23:45:40+00:00,53050f7a,artifact,S8,data/reference/wikipedia_pageviews_victims.csv,mismatch,"sha256 e1e88d7d93c69631, 25,211 rows, 2017-01-01..2020-12-31; provenance register says 33f6527152e59750 (registered 2026-07-12T15:24:44+00:00)"
2026-09-10T23:45:40+00:00,53050f7a,artifact,S9,data/reference/wikipedia_article_resolution.csv,verified,"sha256 8c587914076bb844, 121 rows; not registered in data_sources.csv"
2026-09-10T23:45:40+00:00,53050f7a,artifact,S10,data/reference/victim_registry.csv,verified,"sha256 13f3fbcfe5298589, 13,241 rows, 2013-01-01..2024-12-31; register holds a payload hash only"
2026-09-10T23:45:40+00:00,53050f7a,artifact,S11,data/reference/cai_components_daily.csv,verified,"sha256 dbb89a5aa3380194, 9,232 rows, 2015-01-01..2024-12-31; matches the provenance register"
2026-09-10T23:45:40+00:00,53050f7a,artifact,S11,data/reference/wiki_ext_basket_used.csv,verified,"sha256 0cffc9013f1382d2, 121 rows; not registered in data_sources.csv"
2026-09-10T23:45:40+00:00,53050f7a,artifact,S11,data/reference/wiki_ext_aggregation_diagnostic.csv,verified,"sha256 a8ea321b5a7319b8, 3,472 rows, 2015-07-01..2024-12-31; not registered in data_sources.csv"
2026-09-10T23:45:40+00:00,53050f7a,artifact,S12,data/reference/cai_trends_daily.csv,verified,"sha256 f18c11eb209350bd, 7,306 rows, 2015-01-01..2024-12-31; matches the provenance register"
2026-09-10T23:45:40+00:00,53050f7a,artifact,S12,data/reference/cai_trends_stitch_diagnostics.csv,verified,"sha256 a79bdc97be843bd6, 58 rows; not registered in data_sources.csv"
2026-09-10T23:45:40+00:00,53050f7a,artifact,S13,data/reference/cai_trends_anchored.csv,unverifiable,"artifact absent, and the source is retired"
2026-09-10T23:45:40+00:00,53050f7a,artifact,S14,data/reference/precinct_cd_crosswalk.csv,mismatch,"sha256 3ab767637c94be5b, 131 rows; provenance register says 0f3e7868a7965937 (registered 2026-09-01T00:27:27+00:00)"
2026-09-10T23:45:40+00:00,53050f7a,artifact,S15,data/reference/bheard_precinct_adoption.csv,verified,"sha256 b7627d01221e5159, 31 rows; matches the provenance register"
2026-09-10T23:45:40+00:00,53050f7a,artifact,S15,data/reference/bheard_cd_exposure.csv,verified,"sha256 c387a640fc425626, 74 rows; not registered in data_sources.csv"
2026-09-10T23:45:40+00:00,53050f7a,artifact,S16,data/reference/basket_decisions.csv,verified,"sha256 c2ca055d09357245, 161 rows, 1958-04-25..2024-09-19; not registered in data_sources.csv"
2026-09-10T23:45:40+00:00,53050f7a,artifact,S17,data/reference/article_title_map.csv,verified,"sha256 9673c440c82199d6, 559 rows; not registered in data_sources.csv"
2026-09-10T23:45:40+00:00,53050f7a,artifact,S17,outputs/tables/rename_recovery.csv,verified,"sha256 bdacd2e6adb24ce9, 127 rows; not registered in data_sources.csv"
2026-09-10T23:45:40+00:00,53050f7a,artifact,S18,data/reference/wiki_nyc_articles.csv,verified,"sha256 5957f170624a9a60, 501 rows; not registered in data_sources.csv"
2026-09-10T23:45:40+00:00,53050f7a,artifact,S18,data/reference/wiki_nyc_daily.csv,verified,"sha256 78bdc607d06dd5dd, 6,944 rows, 2015-07-01..2024-12-31; not registered in data_sources.csv"
2026-09-10T23:45:40+00:00,53050f7a,artifact,S18,data/reference/wiki_nyc_per_article.csv,verified,"sha256 5bebc81f679a8cc7, 38,192 rows, 2015-07-01..2024-12-31; not registered in data_sources.csv"
2026-09-10T23:45:40+00:00,53050f7a,claim,S1,C01_ems_source_rows,verified,"computed 29,978,154; document agrees"
2026-09-10T23:45:40+00:00,53050f7a,claim,S10,C02_registry_rows,verified,"computed 13,241; document agrees"
2026-09-10T23:45:40+00:00,53050f7a,claim,S11,C03_wiki_start,verified,computed 2015-07-01; document agrees
2026-09-10T23:45:40+00:00,53050f7a,claim,S16,C04_basket_articles,verified,computed 121; document agrees
2026-09-10T23:45:40+00:00,53050f7a,claim,S16,C05_basket_people,verified,computed 111; document agrees
2026-09-10T23:45:40+00:00,53050f7a,claim,S16,C06_basket_after_2020,verified,computed 24; document agrees
2026-09-10T23:45:40+00:00,53050f7a,claim,S11,C07_scored_days,verified,"computed 3,472; document agrees"
2026-09-10T23:45:40+00:00,53050f7a,claim,S11,C08_cai_ref_mean,verified,computed 0.000000; document agrees
2026-09-10T23:45:40+00:00,53050f7a,claim,S11,C09_cai_ref_sd,verified,computed 1.000000; document agrees
2026-09-10T23:45:40+00:00,53050f7a,claim,S1,C10_panel_rows,verified,"computed 89,857; document agrees"
2026-09-10T23:45:40+00:00,53050f7a,claim,S1,C11_panel_districts,verified,computed 59; document agrees
2026-09-10T23:45:40+00:00,53050f7a,claim,S1,C12_mean_edp_share,verified,computed 0.0856; document agrees
2026-09-10T23:45:40+00:00,53050f7a,claim,S1,C13_mean_total_calls,verified,computed 65.9; document agrees
2026-09-10T23:45:40+00:00,53050f7a,claim,S12,C14_trends_nyc_zero_all,verified,computed 42.6%; document agrees
2026-09-10T23:45:40+00:00,53050f7a,claim,S12,C15_trends_nyc_zero_2020,verified,computed 26%; document agrees
2026-09-10T23:45:40+00:00,53050f7a,claim,S12,C16_trends_nyc_zero_2024,verified,computed 71%; document agrees
2026-09-10T23:45:40+00:00,53050f7a,claim,S17,C17_rename_views_recovered,verified,"computed 79,082,746; document agrees"
2026-09-10T23:45:40+00:00,53050f7a,claim,S17,C18_rename_articles,verified,computed 106; document agrees
2026-09-10T23:45:40+00:00,53050f7a,claim,S17,C19_rename_articles_total,verified,computed 127; document agrees
2026-09-10T23:45:40+00:00,53050f7a,claim,S11,C20_episodes_frozen,verified,computed 70; document agrees
2026-09-10T23:45:40+00:00,53050f7a,claim,S11,C21_episodes_rebuilt,verified,computed 72; document agrees
2026-09-10T23:45:40+00:00,53050f7a,claim,S11,C22_episode_max_days,verified,computed 14; document agrees
2026-09-10T23:45:40+00:00,53050f7a,claim,S11,C23_basket_usable,verified,computed 119; document agrees
2026-09-10T23:45:40+00:00,53050f7a,claim,S15,C24_bheard_precincts,verified,computed 31; document agrees
2026-09-10T23:45:40+00:00,53050f7a,claim,S15,C25_bheard_low_conf,verified,computed 17; document agrees
2026-09-10T23:48:45+00:00,ca8b9760,link,S1,https://data.cityofnewyork.us/resource/76xm-jjuj.csv,verified,HEAD 200 text/csv; charset=UTF-8
2026-09-10T23:48:45+00:00,ca8b9760,link,S1b,https://data.cityofnewyork.us/resource/76xm-jjuj.csv,verified,HEAD 200 text/csv; charset=UTF-8
2026-09-10T23:48:45+00:00,ca8b9760,link,S2,(none),unverifiable,no endpoint: not obtained over the network
2026-09-10T23:48:45+00:00,ca8b9760,link,S3,(none),unverifiable,no endpoint: not obtained over the network
2026-09-10T23:48:45+00:00,ca8b9760,link,S4,https://github.com/washingtonpost/data-police-shootings,unreachable,"GET HTTP 403 Forbidden - our access, not necessarily the resource (egress policy?)"
2026-09-10T23:48:45+00:00,ca8b9760,link,S5,(none),template,no endpoint: not obtained over the network
2026-09-10T23:48:45+00:00,ca8b9760,link,S6,(none),template,no endpoint: not obtained over the network
2026-09-10T23:48:45+00:00,ca8b9760,link,S7,https://s-media.nyc.gov/agencies/dcp/assets/files/excel/data-tools/census/acs/demo_2019_acs5yr_nta.xlsx,verified,HEAD 200 application/vnd.openxmlformats-officedocument.spreadsheetml.sheet
2026-09-10T23:48:45+00:00,ca8b9760,link,S8,https://wikimedia.org/api/rest_v1/metrics/pageviews/per-article/,verified,HEAD 200 application/json; charset=utf-8 (probe https://wikimedia.org/api/rest_v1/metrics/pageviews/per-article/en.wikipedia/all-access/user/Killing_of_George_Floyd/daily/20200525/20200601)
2026-09-10T23:48:45+00:00,ca8b9760,link,S9,https://en.wikipedia.org/api/rest_v1/page/summary/,verified,"HEAD 200 application/json; charset=utf-8; profile=""https://www.mediawiki.org/wiki/Specs/Summary/1.5.0"" (probe https://en.wikipedia.org/api/rest_v1/page/summary/Killing_of_George_Floyd)"
2026-09-10T23:48:45+00:00,ca8b9760,link,S10,https://mappingpoliceviolence.us/s/MPVDatasetDownload.xlsx,verified,HEAD 200 application/vnd.openxmlformats-officedocument.spreadsheetml.sheet -> https://static1.squarespace.com/static/54ecf211e4b0ed744420c5b6/t/6a8a0f4b345aa5414009c041/1787432779239/MPVDatasetDownload.xlsx
2026-09-10T23:48:45+00:00,ca8b9760,link,S11,https://api.gdeltproject.org/api/v2/doc/doc,verified,HEAD 200 application/json; charset=utf-8 (probe https://api.gdeltproject.org/api/v2/doc/doc?query=%22police+brutality%22&mode=timelinevol&format=json&startdatetime=20200525000000&enddatetime=20200601000000)
2026-09-10T23:48:45+00:00,ca8b9760,link,S11,https://api.gdeltproject.org/api/v2/tv/tv,verified,HEAD 200 text/html; charset=utf-8 (probe https://api.gdeltproject.org/api/v2/tv/tv?query=%22police+brutality%22&mode=timelinevol&format=json&datanorm=perc&datacomb=sep&startdatetime=20200525000000&enddatetime=20200601000000)
2026-09-10T23:48:45+00:00,ca8b9760,link,S11,https://wikimedia.org/api/rest_v1/metrics/pageviews/per-article/,verified,HEAD 200 application/json; charset=utf-8 (probe https://wikimedia.org/api/rest_v1/metrics/pageviews/per-article/en.wikipedia/all-access/user/Killing_of_George_Floyd/daily/20200525/20200601)
2026-09-10T23:48:45+00:00,ca8b9760,link,S12,https://trends.google.com,verified,HEAD 200 text/html; charset=utf-8 -> https://trends.google.com/trends/
2026-09-10T23:48:45+00:00,ca8b9760,link,S13,https://trends.google.com,verified,HEAD 200 text/html; charset=utf-8 -> https://trends.google.com/trends/
2026-09-10T23:48:45+00:00,ca8b9760,link,S14,https://data.cityofnewyork.us/resource/76xm-jjuj.json,verified,HEAD 200 application/json;charset=utf-8
2026-09-10T23:48:45+00:00,ca8b9760,link,S15,https://mentalhealth.cityofnewyork.us/b-heard,verified,HEAD 200 text/html; charset=UTF-8
2026-09-10T23:48:45+00:00,ca8b9760,link,S16,https://query.wikidata.org/sparql,verified,HEAD 200 application/sparql-results+json;charset=utf-8 (probe https://query.wikidata.org/sparql?format=json&query=SELECT%20%3Fd%20WHERE%20%7B%20wd%3AQ93544244%20wdt%3AP570%20%3Fd%20%7D)
2026-09-10T23:48:45+00:00,ca8b9760,link,S17,https://en.wikipedia.org/w/api.php,verified,HEAD 200 application/json; charset=utf-8 (probe https://en.wikipedia.org/w/api.php?action=query&format=json&prop=redirects&rdlimit=max&titles=Killing%20of%20George%20Floyd)
2026-09-10T23:48:45+00:00,ca8b9760,link,S18,https://en.wikipedia.org/w/api.php,verified,HEAD 200 application/json; charset=utf-8 (probe https://en.wikipedia.org/w/api.php?action=query&format=json&list=categorymembers&cmtitle=Category%3ADeaths%20by%20law%20enforcement%20in%20New%20York%20(state)&cmlimit=5)
2026-09-10T23:48:45+00:00,ca8b9760,link,S18,https://wikimedia.org/api/rest_v1/metrics/pageviews/per-article/,verified,HEAD 200 application/json; charset=utf-8 (probe https://wikimedia.org/api/rest_v1/metrics/pageviews/per-article/en.wikipedia/all-access/user/Killing_of_George_Floyd/daily/20200525/20200601)
2026-09-10T23:48:45+00:00,ca8b9760,artifact,S1,data/processed/ems_cd_day_calltype.parquet,verified,"sha256 6247a7239559f930, 4,876,509 rows, 2014-12-01..2024-12-31; not registered in data_sources.csv"
2026-09-10T23:48:45+00:00,ca8b9760,artifact,S1,data/processed/ems_citywide_day_trends.parquet,verified,"sha256 33c8850350f90ab3, 39,037 rows, 2005-01-01..2026-06-30; not registered in data_sources.csv"
2026-09-10T23:48:45+00:00,ca8b9760,artifact,S1b,data/processed/ems_cd_day_calltype.parquet,verified,"sha256 6247a7239559f930, 4,876,509 rows, 2014-12-01..2024-12-31; matches the provenance register"
2026-09-10T23:48:45+00:00,ca8b9760,artifact,S2,data/raw/211118_tweet_count_name_date.csv,unverifiable,"artifact absent, and the source is unverifiable"
2026-09-10T23:48:45+00:00,ca8b9760,artifact,S3,data/raw/220126_final_daily_tweet_count.csv,unverifiable,"artifact absent, and the source is unverifiable"
2026-09-10T23:48:45+00:00,ca8b9760,artifact,S4,data/raw/fatalpoliceshootingsCLEANED.csv,unverifiable,"artifact absent, and the source is retired"
2026-09-10T23:48:45+00:00,ca8b9760,artifact,S5,data/raw/sf1_dp_cd_demoprofile.xlsx,verified,"sha256 20459df2681c751b, unreadable: UnicodeDecodeError; not registered in data_sources.csv"
2026-09-10T23:48:45+00:00,ca8b9760,artifact,S6,data/reference/victim_curation_table.csv,verified,"sha256 75e6bea4243eebe7, 101 rows, 2013-05-24..2020-10-20; not registered in data_sources.csv"
2026-09-10T23:48:45+00:00,ca8b9760,artifact,S7,data/reference/acs_2019_cd_demographics.csv,verified,"sha256 210ec18a067b7f5d, 59 rows; register holds a payload hash only"
2026-09-10T23:48:45+00:00,ca8b9760,artifact,S8,data/reference/wikipedia_pageviews_victims.csv,mismatch,"sha256 e1e88d7d93c69631, 25,211 rows, 2017-01-01..2020-12-31; provenance register says 33f6527152e59750 (registered 2026-07-12T15:24:44+00:00)"
2026-09-10T23:48:45+00:00,ca8b9760,artifact,S9,data/reference/wikipedia_article_resolution.csv,verified,"sha256 8c587914076bb844, 121 rows; not registered in data_sources.csv"
2026-09-10T23:48:45+00:00,ca8b9760,artifact,S10,data/reference/victim_registry.csv,verified,"sha256 13f3fbcfe5298589, 13,241 rows, 2013-01-01..2024-12-31; register holds a payload hash only"
2026-09-10T23:48:45+00:00,ca8b9760,artifact,S11,data/reference/cai_components_daily.csv,verified,"sha256 dbb89a5aa3380194, 9,232 rows, 2015-01-01..2024-12-31; matches the provenance register"
2026-09-10T23:48:45+00:00,ca8b9760,artifact,S11,data/reference/wiki_ext_basket_used.csv,verified,"sha256 0cffc9013f1382d2, 121 rows; not registered in data_sources.csv"
2026-09-10T23:48:45+00:00,ca8b9760,artifact,S11,data/reference/wiki_ext_aggregation_diagnostic.csv,verified,"sha256 a8ea321b5a7319b8, 3,472 rows, 2015-07-01..2024-12-31; not registered in data_sources.csv"
2026-09-10T23:48:45+00:00,ca8b9760,artifact,S12,data/reference/cai_trends_daily.csv,verified,"sha256 f18c11eb209350bd, 7,306 rows, 2015-01-01..2024-12-31; matches the provenance register"
2026-09-10T23:48:45+00:00,ca8b9760,artifact,S12,data/reference/cai_trends_stitch_diagnostics.csv,verified,"sha256 a79bdc97be843bd6, 58 rows; not registered in data_sources.csv"
2026-09-10T23:48:45+00:00,ca8b9760,artifact,S13,data/reference/cai_trends_anchored.csv,unverifiable,"artifact absent, and the source is retired"
2026-09-10T23:48:45+00:00,ca8b9760,artifact,S14,data/reference/precinct_cd_crosswalk.csv,mismatch,"sha256 3ab767637c94be5b, 131 rows; provenance register says 0f3e7868a7965937 (registered 2026-09-01T00:27:27+00:00)"
2026-09-10T23:48:45+00:00,ca8b9760,artifact,S15,data/reference/bheard_precinct_adoption.csv,verified,"sha256 b7627d01221e5159, 31 rows; matches the provenance register"
2026-09-10T23:48:45+00:00,ca8b9760,artifact,S15,data/reference/bheard_cd_exposure.csv,verified,"sha256 c387a640fc425626, 74 rows; not registered in data_sources.csv"
2026-09-10T23:48:45+00:00,ca8b9760,artifact,S16,data/reference/basket_decisions.csv,verified,"sha256 c2ca055d09357245, 161 rows, 1958-04-25..2024-09-19; not registered in data_sources.csv"
2026-09-10T23:48:45+00:00,ca8b9760,artifact,S17,data/reference/article_title_map.csv,verified,"sha256 9673c440c82199d6, 559 rows; not registered in data_sources.csv"
2026-09-10T23:48:45+00:00,ca8b9760,artifact,S17,outputs/tables/rename_recovery.csv,verified,"sha256 bdacd2e6adb24ce9, 127 rows; not registered in data_sources.csv"
2026-09-10T23:48:45+00:00,ca8b9760,artifact,S18,data/reference/wiki_nyc_articles.csv,verified,"sha256 5957f170624a9a60, 501 rows; not registered in data_sources.csv"
2026-09-10T23:48:45+00:00,ca8b9760,artifact,S18,data/reference/wiki_nyc_daily.csv,verified,"sha256 78bdc607d06dd5dd, 6,944 rows, 2015-07-01..2024-12-31; not registered in data_sources.csv"
2026-09-10T23:48:45+00:00,ca8b9760,artifact,S18,data/reference/wiki_nyc_per_article.csv,verified,"sha256 5bebc81f679a8cc7, 38,192 rows, 2015-07-01..2024-12-31; not registered in data_sources.csv"
2026-09-10T23:48:45+00:00,ca8b9760,claim,S1,C01_ems_source_rows,verified,"computed 29,978,154; document agrees"
2026-09-10T23:48:45+00:00,ca8b9760,claim,S10,C02_registry_rows,verified,"computed 13,241; document agrees"
2026-09-10T23:48:45+00:00,ca8b9760,claim,S11,C03_wiki_start,verified,computed 2015-07-01; document agrees
2026-09-10T23:48:45+00:00,ca8b9760,claim,S16,C04_basket_articles,verified,computed 121; document agrees
2026-09-10T23:48:45+00:00,ca8b9760,claim,S16,C05_basket_people,verified,computed 111; document agrees
2026-09-10T23:48:45+00:00,ca8b9760,claim,S16,C06_basket_after_2020,verified,computed 24; document agrees
2026-09-10T23:48:45+00:00,ca8b9760,claim,S11,C07_scored_days,verified,"computed 3,472; document agrees"
2026-09-10T23:48:45+00:00,ca8b9760,claim,S11,C08_cai_ref_mean,verified,computed 0.000000; document agrees
2026-09-10T23:48:45+00:00,ca8b9760,claim,S11,C09_cai_ref_sd,verified,computed 1.000000; document agrees
2026-09-10T23:48:45+00:00,ca8b9760,claim,S1,C10_panel_rows,verified,"computed 89,857; document agrees"
2026-09-10T23:48:45+00:00,ca8b9760,claim,S1,C11_panel_districts,verified,computed 59; document agrees
2026-09-10T23:48:45+00:00,ca8b9760,claim,S1,C12_mean_edp_share,verified,computed 0.0856; document agrees
2026-09-10T23:48:45+00:00,ca8b9760,claim,S1,C13_mean_total_calls,verified,computed 65.9; document agrees
2026-09-10T23:48:45+00:00,ca8b9760,claim,S12,C14_trends_nyc_zero_all,verified,computed 42.6%; document agrees
2026-09-10T23:48:45+00:00,ca8b9760,claim,S12,C15_trends_nyc_zero_2020,verified,computed 26%; document agrees
2026-09-10T23:48:45+00:00,ca8b9760,claim,S12,C16_trends_nyc_zero_2024,verified,computed 71%; document agrees
2026-09-10T23:48:45+00:00,ca8b9760,claim,S17,C17_rename_views_recovered,verified,"computed 79,082,746; document agrees"
2026-09-10T23:48:45+00:00,ca8b9760,claim,S17,C18_rename_articles,verified,computed 106; document agrees
2026-09-10T23:48:45+00:00,ca8b9760,claim,S17,C19_rename_articles_total,verified,computed 127; document agrees
2026-09-10T23:48:45+00:00,ca8b9760,claim,S11,C20_episodes_frozen,verified,computed 70; document agrees
2026-09-10T23:48:45+00:00,ca8b9760,claim,S11,C21_episodes_rebuilt,verified,computed 72; document agrees
2026-09-10T23:48:45+00:00,ca8b9760,claim,S11,C22_episode_max_days,verified,computed 14; document agrees
2026-09-10T23:48:45+00:00,ca8b9760,claim,S11,C23_basket_usable,verified,computed 119; document agrees
2026-09-10T23:48:45+00:00,ca8b9760,claim,S15,C24_bheard_precincts,verified,computed 31; document agrees
2026-09-10T23:48:45+00:00,ca8b9760,claim,S15,C25_bheard_low_conf,verified,computed 17; document agrees
2026-09-10T23:54:30+00:00,ca5e5d72,link,S1,https://data.cityofnewyork.us/resource/76xm-jjuj.csv,verified,HEAD 200 text/csv; charset=UTF-8
2026-09-10T23:54:30+00:00,ca5e5d72,link,S1b,https://data.cityofnewyork.us/resource/76xm-jjuj.csv,verified,HEAD 200 text/csv; charset=UTF-8
2026-09-10T23:54:30+00:00,ca5e5d72,link,S2,(none),unverifiable,no endpoint: not obtained over the network
2026-09-10T23:54:30+00:00,ca5e5d72,link,S3,(none),unverifiable,no endpoint: not obtained over the network
2026-09-10T23:54:30+00:00,ca5e5d72,link,S4,https://github.com/washingtonpost/data-police-shootings,unreachable,"GET HTTP 403 Forbidden - our access, not necessarily the resource (egress policy?)"
2026-09-10T23:54:30+00:00,ca5e5d72,link,S5,(none),template,no endpoint: not obtained over the network
2026-09-10T23:54:30+00:00,ca5e5d72,link,S6,(none),template,no endpoint: not obtained over the network
2026-09-10T23:54:30+00:00,ca5e5d72,link,S7,https://s-media.nyc.gov/agencies/dcp/assets/files/excel/data-tools/census/acs/demo_2019_acs5yr_nta.xlsx,verified,HEAD 200 application/vnd.openxmlformats-officedocument.spreadsheetml.sheet
2026-09-10T23:54:30+00:00,ca5e5d72,link,S8,https://wikimedia.org/api/rest_v1/metrics/pageviews/per-article/,verified,HEAD 200 application/json; charset=utf-8 (probe https://wikimedia.org/api/rest_v1/metrics/pageviews/per-article/en.wikipedia/all-access/user/Killing_of_George_Floyd/daily/20200525/20200601)
2026-09-10T23:54:30+00:00,ca5e5d72,link,S9,https://en.wikipedia.org/api/rest_v1/page/summary/,verified,"HEAD 200 application/json; charset=utf-8; profile=""https://www.mediawiki.org/wiki/Specs/Summary/1.5.0"" (probe https://en.wikipedia.org/api/rest_v1/page/summary/Killing_of_George_Floyd)"
2026-09-10T23:54:30+00:00,ca5e5d72,link,S10,https://mappingpoliceviolence.us/s/MPVDatasetDownload.xlsx,verified,HEAD 200 application/vnd.openxmlformats-officedocument.spreadsheetml.sheet -> https://static1.squarespace.com/static/54ecf211e4b0ed744420c5b6/t/6a8a0f4b345aa5414009c041/1787432779239/MPVDatasetDownload.xlsx
2026-09-10T23:54:30+00:00,ca5e5d72,link,S11,https://api.gdeltproject.org/api/v2/doc/doc,verified,HEAD 200 application/json; charset=utf-8 (probe https://api.gdeltproject.org/api/v2/doc/doc?query=%22police+brutality%22&mode=timelinevol&format=json&startdatetime=20200525000000&enddatetime=20200601000000)
2026-09-10T23:54:30+00:00,ca5e5d72,link,S11,https://api.gdeltproject.org/api/v2/tv/tv,verified,HEAD 200 text/html; charset=utf-8 (probe https://api.gdeltproject.org/api/v2/tv/tv?query=%22police+brutality%22&mode=timelinevol&format=json&datanorm=perc&datacomb=sep&startdatetime=20200525000000&enddatetime=20200601000000)
2026-09-10T23:54:30+00:00,ca5e5d72,link,S11,https://wikimedia.org/api/rest_v1/metrics/pageviews/per-article/,verified,HEAD 200 application/json; charset=utf-8 (probe https://wikimedia.org/api/rest_v1/metrics/pageviews/per-article/en.wikipedia/all-access/user/Killing_of_George_Floyd/daily/20200525/20200601)
2026-09-10T23:54:30+00:00,ca5e5d72,link,S12,https://trends.google.com,verified,HEAD 200 text/html; charset=utf-8 -> https://trends.google.com/trends/
2026-09-10T23:54:30+00:00,ca5e5d72,link,S13,https://trends.google.com,verified,HEAD 200 text/html; charset=utf-8 -> https://trends.google.com/trends/
2026-09-10T23:54:30+00:00,ca5e5d72,link,S14,https://data.cityofnewyork.us/resource/76xm-jjuj.json,verified,HEAD 200 application/json;charset=utf-8
2026-09-10T23:54:30+00:00,ca5e5d72,link,S15,https://mentalhealth.cityofnewyork.us/b-heard,verified,HEAD 200 text/html; charset=UTF-8
2026-09-10T23:54:30+00:00,ca5e5d72,link,S16,https://query.wikidata.org/sparql,verified,HEAD 200 application/sparql-results+json;charset=utf-8 (probe https://query.wikidata.org/sparql?format=json&query=SELECT%20%3Fd%20WHERE%20%7B%20wd%3AQ93544244%20wdt%3AP570%20%3Fd%20%7D)
2026-09-10T23:54:30+00:00,ca5e5d72,link,S17,https://en.wikipedia.org/w/api.php,verified,HEAD 200 application/json; charset=utf-8 (probe https://en.wikipedia.org/w/api.php?action=query&format=json&prop=redirects&rdlimit=max&titles=Killing%20of%20George%20Floyd)
2026-09-10T23:54:30+00:00,ca5e5d72,link,S18,https://en.wikipedia.org/w/api.php,verified,HEAD 200 application/json; charset=utf-8 (probe https://en.wikipedia.org/w/api.php?action=query&format=json&list=categorymembers&cmtitle=Category%3ADeaths%20by%20law%20enforcement%20in%20New%20York%20(state)&cmlimit=5)
2026-09-10T23:54:30+00:00,ca5e5d72,link,S18,https://wikimedia.org/api/rest_v1/metrics/pageviews/per-article/,verified,HEAD 200 application/json; charset=utf-8 (probe https://wikimedia.org/api/rest_v1/metrics/pageviews/per-article/en.wikipedia/all-access/user/Killing_of_George_Floyd/daily/20200525/20200601)
2026-09-10T23:54:30+00:00,ca5e5d72,artifact,S1,data/processed/ems_cd_day_calltype.parquet,verified,"sha256 6247a7239559f930, 4,876,509 rows, 2014-12-01..2024-12-31; not registered in data_sources.csv"
2026-09-10T23:54:30+00:00,ca5e5d72,artifact,S1,data/processed/ems_citywide_day_trends.parquet,verified,"sha256 33c8850350f90ab3, 39,037 rows, 2005-01-01..2026-06-30; not registered in data_sources.csv"
2026-09-10T23:54:30+00:00,ca5e5d72,artifact,S1b,data/processed/ems_cd_day_calltype.parquet,verified,"sha256 6247a7239559f930, 4,876,509 rows, 2014-12-01..2024-12-31; matches the provenance register"
2026-09-10T23:54:30+00:00,ca5e5d72,artifact,S2,data/raw/211118_tweet_count_name_date.csv,unverifiable,"artifact absent, and the source is unverifiable"
2026-09-10T23:54:30+00:00,ca5e5d72,artifact,S3,data/raw/220126_final_daily_tweet_count.csv,unverifiable,"artifact absent, and the source is unverifiable"
2026-09-10T23:54:30+00:00,ca5e5d72,artifact,S4,data/raw/fatalpoliceshootingsCLEANED.csv,unverifiable,"artifact absent, and the source is retired"
2026-09-10T23:54:30+00:00,ca5e5d72,artifact,S5,data/raw/sf1_dp_cd_demoprofile.xlsx,verified,"sha256 20459df2681c751b, unreadable: UnicodeDecodeError; not registered in data_sources.csv"
2026-09-10T23:54:30+00:00,ca5e5d72,artifact,S6,data/reference/victim_curation_table.csv,verified,"sha256 75e6bea4243eebe7, 101 rows, 2013-05-24..2020-10-20; not registered in data_sources.csv"
2026-09-10T23:54:30+00:00,ca5e5d72,artifact,S7,data/reference/acs_2019_cd_demographics.csv,verified,"sha256 210ec18a067b7f5d, 59 rows; register holds a payload hash only"
2026-09-10T23:54:30+00:00,ca5e5d72,artifact,S8,data/reference/wikipedia_pageviews_victims.csv,verified,"sha256 e1e88d7d93c69631, 25,211 rows, 2017-01-01..2020-12-31; provenance register is stale and cannot be refreshed — accepted 2026-09-10: Neither registered hash matches this file, and it cannot be re-registered by re-running its fetch: 09_fetch_public_data.py selects this basket from the retired Twitter per-victim file (S2), which is not in the repository and cannot be reconstructed. The bytes ac"
2026-09-10T23:54:30+00:00,ca5e5d72,artifact,S9,data/reference/wikipedia_article_resolution.csv,verified,"sha256 8c587914076bb844, 121 rows; not registered in data_sources.csv"
2026-09-10T23:54:30+00:00,ca5e5d72,artifact,S10,data/reference/victim_registry.csv,verified,"sha256 13f3fbcfe5298589, 13,241 rows, 2013-01-01..2024-12-31; register holds a payload hash only"
2026-09-10T23:54:30+00:00,ca5e5d72,artifact,S11,data/reference/cai_components_daily.csv,verified,"sha256 dbb89a5aa3380194, 9,232 rows, 2015-01-01..2024-12-31; matches the provenance register"
2026-09-10T23:54:30+00:00,ca5e5d72,artifact,S11,data/reference/wiki_ext_basket_used.csv,verified,"sha256 0cffc9013f1382d2, 121 rows; not registered in data_sources.csv"
2026-09-10T23:54:30+00:00,ca5e5d72,artifact,S11,data/reference/wiki_ext_aggregation_diagnostic.csv,verified,"sha256 a8ea321b5a7319b8, 3,472 rows, 2015-07-01..2024-12-31; not registered in data_sources.csv"
2026-09-10T23:54:30+00:00,ca5e5d72,artifact,S12,data/reference/cai_trends_daily.csv,verified,"sha256 f18c11eb209350bd, 7,306 rows, 2015-01-01..2024-12-31; matches the provenance register"
2026-09-10T23:54:30+00:00,ca5e5d72,artifact,S12,data/reference/cai_trends_stitch_diagnostics.csv,verified,"sha256 a79bdc97be843bd6, 58 rows; not registered in data_sources.csv"
2026-09-10T23:54:30+00:00,ca5e5d72,artifact,S13,data/reference/cai_trends_anchored.csv,unverifiable,"artifact absent, and the source is retired"
2026-09-10T23:54:30+00:00,ca5e5d72,artifact,S14,data/reference/precinct_cd_crosswalk.csv,verified,"sha256 4c519dc6e115d562, 131 rows; matches the provenance register"
2026-09-10T23:54:30+00:00,ca5e5d72,artifact,S15,data/reference/bheard_precinct_adoption.csv,verified,"sha256 b7627d01221e5159, 31 rows; matches the provenance register"
2026-09-10T23:54:30+00:00,ca5e5d72,artifact,S15,data/reference/bheard_cd_exposure.csv,verified,"sha256 c387a640fc425626, 74 rows; not registered in data_sources.csv"
2026-09-10T23:54:30+00:00,ca5e5d72,artifact,S16,data/reference/basket_decisions.csv,verified,"sha256 c2ca055d09357245, 161 rows, 1958-04-25..2024-09-19; not registered in data_sources.csv"
2026-09-10T23:54:30+00:00,ca5e5d72,artifact,S17,data/reference/article_title_map.csv,verified,"sha256 9673c440c82199d6, 559 rows; not registered in data_sources.csv"
2026-09-10T23:54:30+00:00,ca5e5d72,artifact,S17,outputs/tables/rename_recovery.csv,verified,"sha256 bdacd2e6adb24ce9, 127 rows; not registered in data_sources.csv"
2026-09-10T23:54:30+00:00,ca5e5d72,artifact,S18,data/reference/wiki_nyc_articles.csv,verified,"sha256 5957f170624a9a60, 501 rows; not registered in data_sources.csv"
2026-09-10T23:54:30+00:00,ca5e5d72,artifact,S18,data/reference/wiki_nyc_daily.csv,verified,"sha256 78bdc607d06dd5dd, 6,944 rows, 2015-07-01..2024-12-31; not registered in data_sources.csv"
2026-09-10T23:54:30+00:00,ca5e5d72,artifact,S18,data/reference/wiki_nyc_per_article.csv,verified,"sha256 5bebc81f679a8cc7, 38,192 rows, 2015-07-01..2024-12-31; not registered in data_sources.csv"
2026-09-10T23:54:30+00:00,ca5e5d72,claim,S1,C01_ems_source_rows,verified,"computed 29,978,154; document agrees"
2026-09-10T23:54:30+00:00,ca5e5d72,claim,S10,C02_registry_rows,verified,"computed 13,241; document agrees"
2026-09-10T23:54:30+00:00,ca5e5d72,claim,S11,C03_wiki_start,verified,computed 2015-07-01; document agrees
2026-09-10T23:54:30+00:00,ca5e5d72,claim,S16,C04_basket_articles,verified,computed 121; document agrees
2026-09-10T23:54:30+00:00,ca5e5d72,claim,S16,C05_basket_people,verified,computed 111; document agrees
2026-09-10T23:54:30+00:00,ca5e5d72,claim,S16,C06_basket_after_2020,verified,computed 24; document agrees
2026-09-10T23:54:30+00:00,ca5e5d72,claim,S11,C07_scored_days,verified,"computed 3,472; document agrees"
2026-09-10T23:54:30+00:00,ca5e5d72,claim,S11,C08_cai_ref_mean,verified,computed 0.000000; document agrees
2026-09-10T23:54:30+00:00,ca5e5d72,claim,S11,C09_cai_ref_sd,verified,computed 1.000000; document agrees
2026-09-10T23:54:30+00:00,ca5e5d72,claim,S1,C10_panel_rows,verified,"computed 89,857; document agrees"
2026-09-10T23:54:30+00:00,ca5e5d72,claim,S1,C11_panel_districts,verified,computed 59; document agrees
2026-09-10T23:54:30+00:00,ca5e5d72,claim,S1,C12_mean_edp_share,verified,computed 0.0856; document agrees
2026-09-10T23:54:30+00:00,ca5e5d72,claim,S1,C13_mean_total_calls,verified,computed 65.9; document agrees
2026-09-10T23:54:30+00:00,ca5e5d72,claim,S12,C14_trends_nyc_zero_all,verified,computed 42.6%; document agrees
2026-09-10T23:54:30+00:00,ca5e5d72,claim,S12,C15_trends_nyc_zero_2020,verified,computed 26%; document agrees
2026-09-10T23:54:30+00:00,ca5e5d72,claim,S12,C16_trends_nyc_zero_2024,verified,computed 71%; document agrees
2026-09-10T23:54:30+00:00,ca5e5d72,claim,S17,C17_rename_views_recovered,verified,"computed 79,082,746; document agrees"
2026-09-10T23:54:30+00:00,ca5e5d72,claim,S17,C18_rename_articles,verified,computed 106; document agrees
2026-09-10T23:54:30+00:00,ca5e5d72,claim,S17,C19_rename_articles_total,verified,computed 127; document agrees
2026-09-10T23:54:30+00:00,ca5e5d72,claim,S11,C20_episodes_frozen,verified,computed 70; document agrees
2026-09-10T23:54:30+00:00,ca5e5d72,claim,S11,C21_episodes_rebuilt,verified,computed 72; document agrees
2026-09-10T23:54:30+00:00,ca5e5d72,claim,S11,C22_episode_max_days,verified,computed 14; document agrees
2026-09-10T23:54:30+00:00,ca5e5d72,claim,S11,C23_basket_usable,verified,computed 119; document agrees
2026-09-10T23:54:30+00:00,ca5e5d72,claim,S15,C24_bheard_precincts,verified,computed 31; document agrees
2026-09-10T23:54:30+00:00,ca5e5d72,claim,S15,C25_bheard_low_conf,verified,computed 17; document agrees
2026-09-10T23:56:12+00:00,1c60f0a9,claim,S1,C01_ems_source_rows,verified,"computed 29,978,154; document agrees"
2026-09-10T23:56:12+00:00,1c60f0a9,claim,S10,C02_registry_rows,mismatch,"computed 13,241, but the document does not say '| Victim registry | Mapping Police Violence | 2013–2024 | 13,241 killings |' (the surrounding wording is present, so the number differs)"
2026-09-10T23:56:12+00:00,1c60f0a9,claim,S11,C03_wiki_start,verified,computed 2015-07-01; document agrees
2026-09-10T23:56:12+00:00,1c60f0a9,claim,S16,C04_basket_articles,verified,computed 121; document agrees
2026-09-10T23:56:12+00:00,1c60f0a9,claim,S16,C05_basket_people,verified,computed 111; document agrees
2026-09-10T23:56:12+00:00,1c60f0a9,claim,S16,C06_basket_after_2020,verified,computed 24; document agrees
2026-09-10T23:56:12+00:00,1c60f0a9,claim,S11,C07_scored_days,verified,"computed 3,472; document agrees"
2026-09-10T23:56:12+00:00,1c60f0a9,claim,S11,C08_cai_ref_mean,verified,computed 0.000000; document agrees
2026-09-10T23:56:12+00:00,1c60f0a9,claim,S11,C09_cai_ref_sd,verified,computed 1.000000; document agrees
2026-09-10T23:56:12+00:00,1c60f0a9,claim,S1,C10_panel_rows,verified,"computed 89,857; document agrees"
2026-09-10T23:56:12+00:00,1c60f0a9,claim,S1,C11_panel_districts,verified,computed 59; document agrees
2026-09-10T23:56:12+00:00,1c60f0a9,claim,S1,C12_mean_edp_share,verified,computed 0.0856; document agrees
2026-09-10T23:56:12+00:00,1c60f0a9,claim,S1,C13_mean_total_calls,verified,computed 65.9; document agrees
2026-09-10T23:56:12+00:00,1c60f0a9,claim,S12,C14_trends_nyc_zero_all,verified,computed 42.6%; document agrees
2026-09-10T23:56:12+00:00,1c60f0a9,claim,S12,C15_trends_nyc_zero_2020,verified,computed 26%; document agrees
2026-09-10T23:56:12+00:00,1c60f0a9,claim,S12,C16_trends_nyc_zero_2024,verified,computed 71%; document agrees
2026-09-10T23:56:12+00:00,1c60f0a9,claim,S17,C17_rename_views_recovered,verified,"computed 79,082,746; document agrees"
2026-09-10T23:56:12+00:00,1c60f0a9,claim,S17,C18_rename_articles,verified,computed 106; document agrees
2026-09-10T23:56:12+00:00,1c60f0a9,claim,S17,C19_rename_articles_total,verified,computed 127; document agrees
2026-09-10T23:56:12+00:00,1c60f0a9,claim,S11,C20_episodes_frozen,verified,computed 70; document agrees
2026-09-10T23:56:12+00:00,1c60f0a9,claim,S11,C21_episodes_rebuilt,verified,computed 72; document agrees
2026-09-10T23:56:12+00:00,1c60f0a9,claim,S11,C22_episode_max_days,verified,computed 14; document agrees
2026-09-10T23:56:12+00:00,1c60f0a9,claim,S11,C23_basket_usable,verified,computed 119; document agrees
2026-09-10T23:56:12+00:00,1c60f0a9,claim,S15,C24_bheard_precincts,verified,computed 31; document agrees
2026-09-10T23:56:12+00:00,1c60f0a9,claim,S15,C25_bheard_low_conf,verified,computed 17; document agrees
2026-09-10T23:56:18+00:00,78ee3e53,claim,S1,C01_ems_source_rows,verified,"computed 29,978,154; document agrees"
2026-09-10T23:56:18+00:00,78ee3e53,claim,S10,C02_registry_rows,verified,"computed 13,241; document agrees"
2026-09-10T23:56:18+00:00,78ee3e53,claim,S11,C03_wiki_start,verified,computed 2015-07-01; document agrees
2026-09-10T23:56:18+00:00,78ee3e53,claim,S16,C04_basket_articles,verified,computed 121; document agrees
2026-09-10T23:56:18+00:00,78ee3e53,claim,S16,C05_basket_people,verified,computed 111; document agrees
2026-09-10T23:56:18+00:00,78ee3e53,claim,S16,C06_basket_after_2020,verified,computed 24; document agrees
2026-09-10T23:56:18+00:00,78ee3e53,claim,S11,C07_scored_days,verified,"computed 3,472; document agrees"
2026-09-10T23:56:18+00:00,78ee3e53,claim,S11,C08_cai_ref_mean,verified,computed 0.000000; document agrees
2026-09-10T23:56:18+00:00,78ee3e53,claim,S11,C09_cai_ref_sd,verified,computed 1.000000; document agrees
2026-09-10T23:56:18+00:00,78ee3e53,claim,S1,C10_panel_rows,verified,"computed 89,857; document agrees"
2026-09-10T23:56:18+00:00,78ee3e53,claim,S1,C11_panel_districts,verified,computed 59; document agrees
2026-09-10T23:56:18+00:00,78ee3e53,claim,S1,C12_mean_edp_share,verified,computed 0.0856; document agrees
2026-09-10T23:56:18+00:00,78ee3e53,claim,S1,C13_mean_total_calls,verified,computed 65.9; document agrees
2026-09-10T23:56:18+00:00,78ee3e53,claim,S12,C14_trends_nyc_zero_all,verified,computed 42.6%; document agrees
2026-09-10T23:56:18+00:00,78ee3e53,claim,S12,C15_trends_nyc_zero_2020,verified,computed 26%; document agrees
2026-09-10T23:56:18+00:00,78ee3e53,claim,S12,C16_trends_nyc_zero_2024,verified,computed 71%; document agrees
2026-09-10T23:56:18+00:00,78ee3e53,claim,S17,C17_rename_views_recovered,verified,"computed 79,082,746; document agrees"
2026-09-10T23:56:18+00:00,78ee3e53,claim,S17,C18_rename_articles,verified,computed 106; document agrees
2026-09-10T23:56:18+00:00,78ee3e53,claim,S17,C19_rename_articles_total,verified,computed 127; document agrees
2026-09-10T23:56:18+00:00,78ee3e53,claim,S11,C20_episodes_frozen,verified,computed 70; document agrees
2026-09-10T23:56:18+00:00,78ee3e53,claim,S11,C21_episodes_rebuilt,verified,computed 72; document agrees
2026-09-10T23:56:18+00:00,78ee3e53,claim,S11,C22_episode_max_days,verified,computed 14; document agrees
2026-09-10T23:56:18+00:00,78ee3e53,claim,S11,C23_basket_usable,verified,computed 119; document agrees
2026-09-10T23:56:18+00:00,78ee3e53,claim,S15,C24_bheard_precincts,verified,computed 31; document agrees
2026-09-10T23:56:18+00:00,78ee3e53,claim,S15,C25_bheard_low_conf,verified,computed 17; document agrees
2026-09-10T23:56:24+00:00,de1fa440,claim,S1,C01_ems_source_rows,verified,"computed 29,978,154; document agrees"
2026-09-10T23:56:24+00:00,de1fa440,claim,S10,C02_registry_rows,mismatch,"computed 13,240, but the document does not say '| Victim registry | Mapping Police Violence | 2013–2024 | 13,240 killings |' (the surrounding wording is present, so the number differs)"
2026-09-10T23:56:24+00:00,de1fa440,claim,S11,C03_wiki_start,verified,computed 2015-07-01; document agrees
2026-09-10T23:56:24+00:00,de1fa440,claim,S16,C04_basket_articles,verified,computed 121; document agrees
2026-09-10T23:56:24+00:00,de1fa440,claim,S16,C05_basket_people,verified,computed 111; document agrees
2026-09-10T23:56:24+00:00,de1fa440,claim,S16,C06_basket_after_2020,verified,computed 24; document agrees
2026-09-10T23:56:24+00:00,de1fa440,claim,S11,C07_scored_days,verified,"computed 3,472; document agrees"
2026-09-10T23:56:24+00:00,de1fa440,claim,S11,C08_cai_ref_mean,verified,computed 0.000000; document agrees
2026-09-10T23:56:24+00:00,de1fa440,claim,S11,C09_cai_ref_sd,verified,computed 1.000000; document agrees
2026-09-10T23:56:24+00:00,de1fa440,claim,S1,C10_panel_rows,verified,"computed 89,857; document agrees"
2026-09-10T23:56:24+00:00,de1fa440,claim,S1,C11_panel_districts,verified,computed 59; document agrees
2026-09-10T23:56:24+00:00,de1fa440,claim,S1,C12_mean_edp_share,verified,computed 0.0856; document agrees
2026-09-10T23:56:24+00:00,de1fa440,claim,S1,C13_mean_total_calls,verified,computed 65.9; document agrees
2026-09-10T23:56:24+00:00,de1fa440,claim,S12,C14_trends_nyc_zero_all,verified,computed 42.6%; document agrees
2026-09-10T23:56:24+00:00,de1fa440,claim,S12,C15_trends_nyc_zero_2020,verified,computed 26%; document agrees
2026-09-10T23:56:24+00:00,de1fa440,claim,S12,C16_trends_nyc_zero_2024,verified,computed 71%; document agrees
2026-09-10T23:56:24+00:00,de1fa440,claim,S17,C17_rename_views_recovered,verified,"computed 79,082,746; document agrees"
2026-09-10T23:56:24+00:00,de1fa440,claim,S17,C18_rename_articles,verified,computed 106; document agrees
2026-09-10T23:56:24+00:00,de1fa440,claim,S17,C19_rename_articles_total,verified,computed 127; document agrees
2026-09-10T23:56:24+00:00,de1fa440,claim,S11,C20_episodes_frozen,verified,computed 70; document agrees
2026-09-10T23:56:24+00:00,de1fa440,claim,S11,C21_episodes_rebuilt,verified,computed 72; document agrees
2026-09-10T23:56:24+00:00,de1fa440,claim,S11,C22_episode_max_days,verified,computed 14; document agrees
2026-09-10T23:56:24+00:00,de1fa440,claim,S11,C23_basket_usable,verified,computed 119; document agrees
2026-09-10T23:56:24+00:00,de1fa440,claim,S15,C24_bheard_precincts,verified,computed 31; document agrees
2026-09-10T23:56:24+00:00,de1fa440,claim,S15,C25_bheard_low_conf,verified,computed 17; document agrees
2026-09-10T23:56:26+00:00,6f742acb,link,S1,https://data.cityofnewyork.us/resource/76xm-jjuj.csv,verified,HEAD 200 text/csv; charset=UTF-8
2026-09-10T23:56:26+00:00,6f742acb,link,S1b,https://data.cityofnewyork.us/resource/76xm-jjuj.csv,verified,HEAD 200 text/csv; charset=UTF-8
2026-09-10T23:56:26+00:00,6f742acb,link,S2,(none),unverifiable,no endpoint: not obtained over the network
2026-09-10T23:56:26+00:00,6f742acb,link,S3,(none),unverifiable,no endpoint: not obtained over the network
2026-09-10T23:56:26+00:00,6f742acb,link,S4,https://github.com/washingtonpost/data-police-shootings,unreachable,"GET HTTP 403 Forbidden - our access, not necessarily the resource (egress policy?)"
2026-09-10T23:56:26+00:00,6f742acb,link,S5,(none),template,no endpoint: not obtained over the network
2026-09-10T23:56:26+00:00,6f742acb,link,S6,(none),template,no endpoint: not obtained over the network
2026-09-10T23:56:26+00:00,6f742acb,link,S7,https://s-media.nyc.gov/agencies/dcp/assets/files/excel/data-tools/census/acs/demo_2019_acs5yr_nta.xlsx,verified,HEAD 200 application/vnd.openxmlformats-officedocument.spreadsheetml.sheet
2026-09-10T23:56:26+00:00,6f742acb,link,S8,https://wikimedia.org/api/rest_v1/metrics/pageviews/per-article/,verified,HEAD 200 application/json; charset=utf-8 (probe https://wikimedia.org/api/rest_v1/metrics/pageviews/per-article/en.wikipedia/all-access/user/Killing_of_George_Floyd/daily/20200525/20200601)
2026-09-10T23:56:26+00:00,6f742acb,link,S9,https://en.wikipedia.org/api/rest_v1/page/summary/,verified,"HEAD 200 application/json; charset=utf-8; profile=""https://www.mediawiki.org/wiki/Specs/Summary/1.5.0"" (probe https://en.wikipedia.org/api/rest_v1/page/summary/Killing_of_George_Floyd)"
2026-09-10T23:56:26+00:00,6f742acb,link,S10,https://mappingpoliceviolence.us/s/MPVDatasetDownload.xlsx,verified,HEAD 200 application/vnd.openxmlformats-officedocument.spreadsheetml.sheet -> https://static1.squarespace.com/static/54ecf211e4b0ed744420c5b6/t/6a8a0f4b345aa5414009c041/1787432779239/MPVDatasetDownload.xlsx
2026-09-10T23:56:26+00:00,6f742acb,link,S11,https://api.gdeltproject.org/api/v2/doc/doc,unreachable,rate limited (HTTP 429) after 3 attempts - not a verdict on the endpoint
2026-09-10T23:56:26+00:00,6f742acb,link,S11,https://api.gdeltproject.org/api/v2/tv/tv,verified,HEAD 200 text/html; charset=utf-8 (probe https://api.gdeltproject.org/api/v2/tv/tv?query=%22police+brutality%22&mode=timelinevol&format=json&datanorm=perc&datacomb=sep&startdatetime=20200525000000&enddatetime=20200601000000)
2026-09-10T23:56:26+00:00,6f742acb,link,S11,https://wikimedia.org/api/rest_v1/metrics/pageviews/per-article/,verified,HEAD 200 application/json; charset=utf-8 (probe https://wikimedia.org/api/rest_v1/metrics/pageviews/per-article/en.wikipedia/all-access/user/Killing_of_George_Floyd/daily/20200525/20200601)
2026-09-10T23:56:26+00:00,6f742acb,link,S12,https://trends.google.com,verified,HEAD 200 text/html; charset=utf-8 -> https://trends.google.com/trends/
2026-09-10T23:56:26+00:00,6f742acb,link,S13,https://trends.google.com,verified,HEAD 200 text/html; charset=utf-8 -> https://trends.google.com/trends/
2026-09-10T23:56:26+00:00,6f742acb,link,S14,https://data.cityofnewyork.us/resource/76xm-jjuj.json,verified,HEAD 200 application/json;charset=utf-8
2026-09-10T23:56:26+00:00,6f742acb,link,S15,https://mentalhealth.cityofnewyork.us/this-page-does-not-exist-xyz,failed,HEAD HTTP 404 Not Found
2026-09-10T23:56:26+00:00,6f742acb,link,S16,https://query.wikidata.org/sparql,verified,HEAD 200 application/sparql-results+json;charset=utf-8 (probe https://query.wikidata.org/sparql?format=json&query=SELECT%20%3Fd%20WHERE%20%7B%20wd%3AQ93544244%20wdt%3AP570%20%3Fd%20%7D)
2026-09-10T23:56:26+00:00,6f742acb,link,S17,https://en.wikipedia.org/w/api.php,verified,HEAD 200 application/json; charset=utf-8 (probe https://en.wikipedia.org/w/api.php?action=query&format=json&prop=redirects&rdlimit=max&titles=Killing%20of%20George%20Floyd)
2026-09-10T23:56:26+00:00,6f742acb,link,S18,https://en.wikipedia.org/w/api.php,verified,HEAD 200 application/json; charset=utf-8 (probe https://en.wikipedia.org/w/api.php?action=query&format=json&list=categorymembers&cmtitle=Category%3ADeaths%20by%20law%20enforcement%20in%20New%20York%20(state)&cmlimit=5)
2026-09-10T23:56:26+00:00,6f742acb,link,S18,https://wikimedia.org/api/rest_v1/metrics/pageviews/per-article/,verified,HEAD 200 application/json; charset=utf-8 (probe https://wikimedia.org/api/rest_v1/metrics/pageviews/per-article/en.wikipedia/all-access/user/Killing_of_George_Floyd/daily/20200525/20200601)
2026-09-10T23:56:26+00:00,6f742acb,artifact,S1,data/processed/ems_cd_day_calltype.parquet,verified,"sha256 6247a7239559f930, 4,876,509 rows, 2014-12-01..2024-12-31; not registered in data_sources.csv"
2026-09-10T23:56:26+00:00,6f742acb,artifact,S1,data/processed/ems_citywide_day_trends.parquet,verified,"sha256 33c8850350f90ab3, 39,037 rows, 2005-01-01..2026-06-30; not registered in data_sources.csv"
2026-09-10T23:56:26+00:00,6f742acb,artifact,S1b,data/processed/ems_cd_day_calltype.parquet,verified,"sha256 6247a7239559f930, 4,876,509 rows, 2014-12-01..2024-12-31; matches the provenance register"
2026-09-10T23:56:26+00:00,6f742acb,artifact,S2,data/raw/211118_tweet_count_name_date.csv,unverifiable,"artifact absent, and the source is unverifiable"
2026-09-10T23:56:26+00:00,6f742acb,artifact,S3,data/raw/220126_final_daily_tweet_count.csv,unverifiable,"artifact absent, and the source is unverifiable"
2026-09-10T23:56:26+00:00,6f742acb,artifact,S4,data/raw/fatalpoliceshootingsCLEANED.csv,unverifiable,"artifact absent, and the source is retired"
2026-09-10T23:56:26+00:00,6f742acb,artifact,S5,data/raw/sf1_dp_cd_demoprofile.xlsx,verified,"sha256 20459df2681c751b, unreadable: UnicodeDecodeError; not registered in data_sources.csv"
2026-09-10T23:56:26+00:00,6f742acb,artifact,S6,data/reference/victim_curation_table.csv,verified,"sha256 75e6bea4243eebe7, 101 rows, 2013-05-24..2020-10-20; not registered in data_sources.csv"
2026-09-10T23:56:26+00:00,6f742acb,artifact,S7,data/reference/acs_2019_cd_demographics.csv,verified,"sha256 210ec18a067b7f5d, 59 rows; register holds a payload hash only"
2026-09-10T23:56:26+00:00,6f742acb,artifact,S8,data/reference/wikipedia_pageviews_victims.csv,verified,"sha256 e1e88d7d93c69631, 25,211 rows, 2017-01-01..2020-12-31; provenance register is stale and cannot be refreshed — accepted 2026-09-10: Neither registered hash matches this file, and it cannot be re-registered by re-running its fetch: 09_fetch_public_data.py selects this basket from the retired Twitter per-victim file (S2), which is not in the repository and cannot be reconstructed. The bytes ac"
2026-09-10T23:56:26+00:00,6f742acb,artifact,S9,data/reference/wikipedia_article_resolution.csv,verified,"sha256 8c587914076bb844, 121 rows; not registered in data_sources.csv"
2026-09-10T23:56:26+00:00,6f742acb,artifact,S10,data/reference/victim_registry.csv,verified,"sha256 13f3fbcfe5298589, 13,241 rows, 2013-01-01..2024-12-31; register holds a payload hash only"
2026-09-10T23:56:26+00:00,6f742acb,artifact,S11,data/reference/cai_components_daily.csv,verified,"sha256 dbb89a5aa3380194, 9,232 rows, 2015-01-01..2024-12-31; matches the provenance register"
2026-09-10T23:56:26+00:00,6f742acb,artifact,S11,data/reference/wiki_ext_basket_used.csv,verified,"sha256 0cffc9013f1382d2, 121 rows; not registered in data_sources.csv"
2026-09-10T23:56:26+00:00,6f742acb,artifact,S11,data/reference/wiki_ext_aggregation_diagnostic.csv,verified,"sha256 a8ea321b5a7319b8, 3,472 rows, 2015-07-01..2024-12-31; not registered in data_sources.csv"
2026-09-10T23:56:26+00:00,6f742acb,artifact,S12,data/reference/cai_trends_daily.csv,verified,"sha256 f18c11eb209350bd, 7,306 rows, 2015-01-01..2024-12-31; matches the provenance register"
2026-09-10T23:56:26+00:00,6f742acb,artifact,S12,data/reference/cai_trends_stitch_diagnostics.csv,verified,"sha256 a79bdc97be843bd6, 58 rows; not registered in data_sources.csv"
2026-09-10T23:56:26+00:00,6f742acb,artifact,S13,data/reference/cai_trends_anchored.csv,unverifiable,"artifact absent, and the source is retired"
2026-09-10T23:56:26+00:00,6f742acb,artifact,S14,data/reference/precinct_cd_crosswalk.csv,verified,"sha256 4c519dc6e115d562, 131 rows; matches the provenance register"
2026-09-10T23:56:26+00:00,6f742acb,artifact,S15,data/reference/bheard_precinct_adoption.csv,verified,"sha256 b7627d01221e5159, 31 rows; matches the provenance register"
2026-09-10T23:56:26+00:00,6f742acb,artifact,S15,data/reference/bheard_cd_exposure.csv,verified,"sha256 c387a640fc425626, 74 rows; not registered in data_sources.csv"
2026-09-10T23:56:26+00:00,6f742acb,artifact,S16,data/reference/basket_decisions.csv,verified,"sha256 c2ca055d09357245, 161 rows, 1958-04-25..2024-09-19; not registered in data_sources.csv"
2026-09-10T23:56:26+00:00,6f742acb,artifact,S17,data/reference/article_title_map.csv,verified,"sha256 9673c440c82199d6, 559 rows; not registered in data_sources.csv"
2026-09-10T23:56:26+00:00,6f742acb,artifact,S17,outputs/tables/rename_recovery.csv,verified,"sha256 bdacd2e6adb24ce9, 127 rows; not registered in data_sources.csv"
2026-09-10T23:56:26+00:00,6f742acb,artifact,S18,data/reference/wiki_nyc_articles.csv,verified,"sha256 5957f170624a9a60, 501 rows; not registered in data_sources.csv"
2026-09-10T23:56:26+00:00,6f742acb,artifact,S18,data/reference/wiki_nyc_daily.csv,verified,"sha256 78bdc607d06dd5dd, 6,944 rows, 2015-07-01..2024-12-31; not registered in data_sources.csv"
2026-09-10T23:56:26+00:00,6f742acb,artifact,S18,data/reference/wiki_nyc_per_article.csv,verified,"sha256 5bebc81f679a8cc7, 38,192 rows, 2015-07-01..2024-12-31; not registered in data_sources.csv"
2026-09-10T23:56:26+00:00,6f742acb,claim,S1,C01_ems_source_rows,verified,"computed 29,978,154; document agrees"
2026-09-10T23:56:26+00:00,6f742acb,claim,S10,C02_registry_rows,verified,"computed 13,241; document agrees"
2026-09-10T23:56:26+00:00,6f742acb,claim,S11,C03_wiki_start,verified,computed 2015-07-01; document agrees
2026-09-10T23:56:26+00:00,6f742acb,claim,S16,C04_basket_articles,verified,computed 121; document agrees
2026-09-10T23:56:26+00:00,6f742acb,claim,S16,C05_basket_people,verified,computed 111; document agrees
2026-09-10T23:56:26+00:00,6f742acb,claim,S16,C06_basket_after_2020,verified,computed 24; document agrees
2026-09-10T23:56:26+00:00,6f742acb,claim,S11,C07_scored_days,verified,"computed 3,472; document agrees"
2026-09-10T23:56:26+00:00,6f742acb,claim,S11,C08_cai_ref_mean,verified,computed 0.000000; document agrees
2026-09-10T23:56:26+00:00,6f742acb,claim,S11,C09_cai_ref_sd,verified,computed 1.000000; document agrees
2026-09-10T23:56:26+00:00,6f742acb,claim,S1,C10_panel_rows,verified,"computed 89,857; document agrees"
2026-09-10T23:56:26+00:00,6f742acb,claim,S1,C11_panel_districts,verified,computed 59; document agrees
2026-09-10T23:56:26+00:00,6f742acb,claim,S1,C12_mean_edp_share,verified,computed 0.0856; document agrees
2026-09-10T23:56:26+00:00,6f742acb,claim,S1,C13_mean_total_calls,verified,computed 65.9; document agrees
2026-09-10T23:56:26+00:00,6f742acb,claim,S12,C14_trends_nyc_zero_all,verified,computed 42.6%; document agrees
2026-09-10T23:56:26+00:00,6f742acb,claim,S12,C15_trends_nyc_zero_2020,verified,computed 26%; document agrees
2026-09-10T23:56:26+00:00,6f742acb,claim,S12,C16_trends_nyc_zero_2024,verified,computed 71%; document agrees
2026-09-10T23:56:26+00:00,6f742acb,claim,S17,C17_rename_views_recovered,verified,"computed 79,082,746; document agrees"
2026-09-10T23:56:26+00:00,6f742acb,claim,S17,C18_rename_articles,verified,computed 106; document agrees
2026-09-10T23:56:26+00:00,6f742acb,claim,S17,C19_rename_articles_total,verified,computed 127; document agrees
2026-09-10T23:56:26+00:00,6f742acb,claim,S11,C20_episodes_frozen,verified,computed 70; document agrees
2026-09-10T23:56:26+00:00,6f742acb,claim,S11,C21_episodes_rebuilt,verified,computed 72; document agrees
2026-09-10T23:56:26+00:00,6f742acb,claim,S11,C22_episode_max_days,verified,computed 14; document agrees
2026-09-10T23:56:26+00:00,6f742acb,claim,S11,C23_basket_usable,verified,computed 119; document agrees
2026-09-10T23:56:26+00:00,6f742acb,claim,S15,C24_bheard_precincts,verified,computed 31; document agrees
2026-09-10T23:56:26+00:00,6f742acb,claim,S15,C25_bheard_low_conf,verified,computed 17; document agrees
2026-09-11T00:00:35+00:00,6f2ca524,link,S1,https://data.cityofnewyork.us/resource/76xm-jjuj.csv,verified,HEAD 200 text/csv; charset=UTF-8
2026-09-11T00:00:35+00:00,6f2ca524,link,S1b,https://data.cityofnewyork.us/resource/76xm-jjuj.csv,verified,HEAD 200 text/csv; charset=UTF-8
2026-09-11T00:00:35+00:00,6f2ca524,link,S2,(none),unverifiable,no endpoint: not obtained over the network
2026-09-11T00:00:35+00:00,6f2ca524,link,S3,(none),unverifiable,no endpoint: not obtained over the network
2026-09-11T00:00:35+00:00,6f2ca524,link,S4,https://github.com/washingtonpost/data-police-shootings,unreachable,"GET HTTP 403 Forbidden - our access, not necessarily the resource (egress policy?)"
2026-09-11T00:00:35+00:00,6f2ca524,link,S5,(none),template,no endpoint: not obtained over the network
2026-09-11T00:00:35+00:00,6f2ca524,link,S6,(none),template,no endpoint: not obtained over the network
2026-09-11T00:00:35+00:00,6f2ca524,link,S7,https://s-media.nyc.gov/agencies/dcp/assets/files/excel/data-tools/census/acs/demo_2019_acs5yr_nta.xlsx,verified,HEAD 200 application/vnd.openxmlformats-officedocument.spreadsheetml.sheet
2026-09-11T00:00:35+00:00,6f2ca524,link,S8,https://wikimedia.org/api/rest_v1/metrics/pageviews/per-article/,verified,HEAD 200 application/json; charset=utf-8 (probe https://wikimedia.org/api/rest_v1/metrics/pageviews/per-article/en.wikipedia/all-access/user/Killing_of_George_Floyd/daily/20200525/20200601)
2026-09-11T00:00:35+00:00,6f2ca524,link,S9,https://en.wikipedia.org/api/rest_v1/page/summary/,verified,"HEAD 200 application/json; charset=utf-8; profile=""https://www.mediawiki.org/wiki/Specs/Summary/1.5.0"" (probe https://en.wikipedia.org/api/rest_v1/page/summary/Killing_of_George_Floyd)"
2026-09-11T00:00:35+00:00,6f2ca524,link,S10,https://mappingpoliceviolence.us/s/MPVDatasetDownload.xlsx,verified,HEAD 200 application/vnd.openxmlformats-officedocument.spreadsheetml.sheet -> https://static1.squarespace.com/static/54ecf211e4b0ed744420c5b6/t/6a8a0f4b345aa5414009c041/1787432779239/MPVDatasetDownload.xlsx
2026-09-11T00:00:35+00:00,6f2ca524,link,S11,https://api.gdeltproject.org/api/v2/doc/doc,verified,HEAD 200 application/json; charset=utf-8 (probe https://api.gdeltproject.org/api/v2/doc/doc?query=%22police+brutality%22&mode=timelinevol&format=json&startdatetime=20200525000000&enddatetime=20200601000000)
2026-09-11T00:00:35+00:00,6f2ca524,link,S11,https://api.gdeltproject.org/api/v2/tv/tv,verified,HEAD 200 text/html; charset=utf-8 (probe https://api.gdeltproject.org/api/v2/tv/tv?query=%22police+brutality%22&mode=timelinevol&format=json&datanorm=perc&datacomb=sep&startdatetime=20200525000000&enddatetime=20200601000000)
2026-09-11T00:00:35+00:00,6f2ca524,link,S11,https://wikimedia.org/api/rest_v1/metrics/pageviews/per-article/,verified,HEAD 200 application/json; charset=utf-8 (probe https://wikimedia.org/api/rest_v1/metrics/pageviews/per-article/en.wikipedia/all-access/user/Killing_of_George_Floyd/daily/20200525/20200601)
2026-09-11T00:00:35+00:00,6f2ca524,link,S12,https://trends.google.com,verified,HEAD 200 text/html; charset=utf-8 -> https://trends.google.com/trends/
2026-09-11T00:00:35+00:00,6f2ca524,link,S13,https://trends.google.com,verified,HEAD 200 text/html; charset=utf-8 -> https://trends.google.com/trends/
2026-09-11T00:00:35+00:00,6f2ca524,link,S14,https://data.cityofnewyork.us/resource/76xm-jjuj.json,verified,HEAD 200 application/json;charset=utf-8
2026-09-11T00:00:35+00:00,6f2ca524,link,S15,https://mentalhealth.cityofnewyork.us/b-heard,verified,HEAD 200 text/html; charset=UTF-8
2026-09-11T00:00:35+00:00,6f2ca524,link,S16,https://query.wikidata.org/sparql,verified,HEAD 200 application/sparql-results+json;charset=utf-8 (probe https://query.wikidata.org/sparql?format=json&query=SELECT%20%3Fd%20WHERE%20%7B%20wd%3AQ93544244%20wdt%3AP570%20%3Fd%20%7D)
2026-09-11T00:00:35+00:00,6f2ca524,link,S17,https://en.wikipedia.org/w/api.php,verified,HEAD 200 application/json; charset=utf-8 (probe https://en.wikipedia.org/w/api.php?action=query&format=json&prop=redirects&rdlimit=max&titles=Killing%20of%20George%20Floyd)
2026-09-11T00:00:35+00:00,6f2ca524,link,S18,https://en.wikipedia.org/w/api.php,verified,HEAD 200 application/json; charset=utf-8 (probe https://en.wikipedia.org/w/api.php?action=query&format=json&list=categorymembers&cmtitle=Category%3ADeaths%20by%20law%20enforcement%20in%20New%20York%20(state)&cmlimit=5)
2026-09-11T00:00:35+00:00,6f2ca524,link,S18,https://wikimedia.org/api/rest_v1/metrics/pageviews/per-article/,verified,HEAD 200 application/json; charset=utf-8 (probe https://wikimedia.org/api/rest_v1/metrics/pageviews/per-article/en.wikipedia/all-access/user/Killing_of_George_Floyd/daily/20200525/20200601)
2026-09-11T00:00:35+00:00,6f2ca524,artifact,S1,data/processed/ems_cd_day_calltype.parquet,verified,"sha256 6247a7239559f930, 4,876,509 rows, 2014-12-01..2024-12-31; not registered in data_sources.csv"
2026-09-11T00:00:35+00:00,6f2ca524,artifact,S1,data/processed/ems_citywide_day_trends.parquet,verified,"sha256 33c8850350f90ab3, 39,037 rows, 2005-01-01..2026-06-30; not registered in data_sources.csv"
2026-09-11T00:00:35+00:00,6f2ca524,artifact,S1b,data/processed/ems_cd_day_calltype.parquet,verified,"sha256 6247a7239559f930, 4,876,509 rows, 2014-12-01..2024-12-31; matches the provenance register"
2026-09-11T00:00:35+00:00,6f2ca524,artifact,S2,data/raw/211118_tweet_count_name_date.csv,unverifiable,"artifact absent, and the source is unverifiable"
2026-09-11T00:00:35+00:00,6f2ca524,artifact,S3,data/raw/220126_final_daily_tweet_count.csv,unverifiable,"artifact absent, and the source is unverifiable"
2026-09-11T00:00:35+00:00,6f2ca524,artifact,S4,data/raw/fatalpoliceshootingsCLEANED.csv,unverifiable,"artifact absent, and the source is retired"
2026-09-11T00:00:35+00:00,6f2ca524,artifact,S5,data/raw/sf1_dp_cd_demoprofile.xlsx,verified,"sha256 20459df2681c751b, unreadable: UnicodeDecodeError; not registered in data_sources.csv"
2026-09-11T00:00:35+00:00,6f2ca524,artifact,S6,data/reference/victim_curation_table.csv,verified,"sha256 75e6bea4243eebe7, 101 rows, 2013-05-24..2020-10-20; not registered in data_sources.csv"
2026-09-11T00:00:35+00:00,6f2ca524,artifact,S7,data/reference/acs_2019_cd_demographics.csv,verified,"sha256 210ec18a067b7f5d, 59 rows; register holds a payload hash only"
2026-09-11T00:00:35+00:00,6f2ca524,artifact,S8,data/reference/wikipedia_pageviews_victims.csv,verified,"sha256 e1e88d7d93c69631, 25,211 rows, 2017-01-01..2020-12-31; provenance register is stale and cannot be refreshed — accepted 2026-09-10: Neither registered hash matches this file, and it cannot be re-registered by re-running its fetch: 09_fetch_public_data.py selects this basket from the retired Twitter per-victim file (S2), which is not in the repository and cannot be reconstructed. The bytes ac"
2026-09-11T00:00:35+00:00,6f2ca524,artifact,S9,data/reference/wikipedia_article_resolution.csv,verified,"sha256 8c587914076bb844, 121 rows; not registered in data_sources.csv"
2026-09-11T00:00:35+00:00,6f2ca524,artifact,S10,data/reference/victim_registry.csv,verified,"sha256 13f3fbcfe5298589, 13,241 rows, 2013-01-01..2024-12-31; register holds a payload hash only"
2026-09-11T00:00:35+00:00,6f2ca524,artifact,S11,data/reference/cai_components_daily.csv,verified,"sha256 dbb89a5aa3380194, 9,232 rows, 2015-01-01..2024-12-31; matches the provenance register"
2026-09-11T00:00:35+00:00,6f2ca524,artifact,S11,data/reference/wiki_ext_basket_used.csv,verified,"sha256 0cffc9013f1382d2, 121 rows; not registered in data_sources.csv"
2026-09-11T00:00:35+00:00,6f2ca524,artifact,S11,data/reference/wiki_ext_aggregation_diagnostic.csv,verified,"sha256 a8ea321b5a7319b8, 3,472 rows, 2015-07-01..2024-12-31; not registered in data_sources.csv"
2026-09-11T00:00:35+00:00,6f2ca524,artifact,S12,data/reference/cai_trends_daily.csv,verified,"sha256 f18c11eb209350bd, 7,306 rows, 2015-01-01..2024-12-31; matches the provenance register"
2026-09-11T00:00:35+00:00,6f2ca524,artifact,S12,data/reference/cai_trends_stitch_diagnostics.csv,verified,"sha256 a79bdc97be843bd6, 58 rows; not registered in data_sources.csv"
2026-09-11T00:00:35+00:00,6f2ca524,artifact,S13,data/reference/cai_trends_anchored.csv,unverifiable,"artifact absent, and the source is retired"
2026-09-11T00:00:35+00:00,6f2ca524,artifact,S14,data/reference/precinct_cd_crosswalk.csv,verified,"sha256 4c519dc6e115d562, 131 rows; matches the provenance register"
2026-09-11T00:00:35+00:00,6f2ca524,artifact,S15,data/reference/bheard_precinct_adoption.csv,verified,"sha256 b7627d01221e5159, 31 rows; matches the provenance register"
2026-09-11T00:00:35+00:00,6f2ca524,artifact,S15,data/reference/bheard_cd_exposure.csv,verified,"sha256 c387a640fc425626, 74 rows; not registered in data_sources.csv"
2026-09-11T00:00:35+00:00,6f2ca524,artifact,S16,data/reference/basket_decisions.csv,verified,"sha256 c2ca055d09357245, 161 rows, 1958-04-25..2024-09-19; not registered in data_sources.csv"
2026-09-11T00:00:35+00:00,6f2ca524,artifact,S17,data/reference/article_title_map.csv,verified,"sha256 9673c440c82199d6, 559 rows; not registered in data_sources.csv"
2026-09-11T00:00:35+00:00,6f2ca524,artifact,S17,outputs/tables/rename_recovery.csv,verified,"sha256 bdacd2e6adb24ce9, 127 rows; not registered in data_sources.csv"
2026-09-11T00:00:35+00:00,6f2ca524,artifact,S18,data/reference/wiki_nyc_articles.csv,verified,"sha256 5957f170624a9a60, 501 rows; not registered in data_sources.csv"
2026-09-11T00:00:35+00:00,6f2ca524,artifact,S18,data/reference/wiki_nyc_daily.csv,verified,"sha256 78bdc607d06dd5dd, 6,944 rows, 2015-07-01..2024-12-31; not registered in data_sources.csv"
2026-09-11T00:00:35+00:00,6f2ca524,artifact,S18,data/reference/wiki_nyc_per_article.csv,verified,"sha256 5bebc81f679a8cc7, 38,192 rows, 2015-07-01..2024-12-31; not registered in data_sources.csv"
2026-09-11T00:00:35+00:00,6f2ca524,claim,S1,C01_ems_source_rows,verified,"computed 29,978,154; document agrees"
2026-09-11T00:00:35+00:00,6f2ca524,claim,S10,C02_registry_rows,verified,"computed 13,241; document agrees"
2026-09-11T00:00:35+00:00,6f2ca524,claim,S11,C03_wiki_start,verified,computed 2015-07-01; document agrees
2026-09-11T00:00:35+00:00,6f2ca524,claim,S16,C04_basket_articles,verified,computed 121; document agrees
2026-09-11T00:00:35+00:00,6f2ca524,claim,S16,C05_basket_people,verified,computed 111; document agrees
2026-09-11T00:00:35+00:00,6f2ca524,claim,S16,C06_basket_after_2020,verified,computed 24; document agrees
2026-09-11T00:00:35+00:00,6f2ca524,claim,S11,C07_scored_days,verified,"computed 3,472; document agrees"
2026-09-11T00:00:35+00:00,6f2ca524,claim,S11,C08_cai_ref_mean,verified,computed 0.000000; document agrees
2026-09-11T00:00:35+00:00,6f2ca524,claim,S11,C09_cai_ref_sd,verified,computed 1.000000; document agrees
2026-09-11T00:00:35+00:00,6f2ca524,claim,S1,C10_panel_rows,verified,"computed 89,857; document agrees"
2026-09-11T00:00:35+00:00,6f2ca524,claim,S1,C11_panel_districts,verified,computed 59; document agrees
2026-09-11T00:00:35+00:00,6f2ca524,claim,S1,C12_mean_edp_share,verified,computed 0.0856; document agrees
2026-09-11T00:00:35+00:00,6f2ca524,claim,S1,C13_mean_total_calls,verified,computed 65.9; document agrees
2026-09-11T00:00:35+00:00,6f2ca524,claim,S12,C14_trends_nyc_zero_all,verified,computed 42.6%; document agrees
2026-09-11T00:00:35+00:00,6f2ca524,claim,S12,C15_trends_nyc_zero_2020,verified,computed 26%; document agrees
2026-09-11T00:00:35+00:00,6f2ca524,claim,S12,C16_trends_nyc_zero_2024,verified,computed 71%; document agrees
2026-09-11T00:00:35+00:00,6f2ca524,claim,S17,C17_rename_views_recovered,verified,"computed 79,082,746; document agrees"
2026-09-11T00:00:35+00:00,6f2ca524,claim,S17,C18_rename_articles,verified,computed 106; document agrees
2026-09-11T00:00:35+00:00,6f2ca524,claim,S17,C19_rename_articles_total,verified,computed 127; document agrees
2026-09-11T00:00:35+00:00,6f2ca524,claim,S11,C20_episodes_frozen,verified,computed 70; document agrees
2026-09-11T00:00:35+00:00,6f2ca524,claim,S11,C21_episodes_rebuilt,verified,computed 72; document agrees
2026-09-11T00:00:35+00:00,6f2ca524,claim,S11,C22_episode_max_days,verified,computed 14; document agrees
2026-09-11T00:00:35+00:00,6f2ca524,claim,S11,C23_basket_usable,verified,computed 119; document agrees
2026-09-11T00:00:35+00:00,6f2ca524,claim,S15,C24_bheard_precincts,verified,computed 31; document agrees
2026-09-11T00:00:35+00:00,6f2ca524,claim,S15,C25_bheard_low_conf,verified,computed 17; document agrees
2026-09-11T00:02:51+00:00,1e5b1807,claim,S1,C01_ems_source_rows,verified,"computed 29,978,154; document agrees"
2026-09-11T00:02:51+00:00,1e5b1807,claim,S10,C02_registry_rows,verified,"computed 13,241; document agrees"
2026-09-11T00:02:51+00:00,1e5b1807,claim,S11,C03_wiki_start,verified,computed 2015-07-01; document agrees
2026-09-11T00:02:51+00:00,1e5b1807,claim,S16,C04_basket_articles,verified,computed 121; document agrees
2026-09-11T00:02:51+00:00,1e5b1807,claim,S16,C05_basket_people,verified,computed 111; document agrees
2026-09-11T00:02:51+00:00,1e5b1807,claim,S16,C06_basket_after_2020,verified,computed 24; document agrees
2026-09-11T00:02:51+00:00,1e5b1807,claim,S11,C07_scored_days,verified,"computed 3,472; document agrees"
2026-09-11T00:02:51+00:00,1e5b1807,claim,S11,C08_cai_ref_mean,verified,computed 0.000000; document agrees
2026-09-11T00:02:51+00:00,1e5b1807,claim,S11,C09_cai_ref_sd,verified,computed 1.000000; document agrees
2026-09-11T00:02:51+00:00,1e5b1807,claim,S1,C10_panel_rows,verified,"computed 89,857; document agrees"
2026-09-11T00:02:51+00:00,1e5b1807,claim,S1,C11_panel_districts,verified,computed 59; document agrees
2026-09-11T00:02:51+00:00,1e5b1807,claim,S1,C12_mean_edp_share,verified,computed 0.0856; document agrees
2026-09-11T00:02:51+00:00,1e5b1807,claim,S1,C13_mean_total_calls,verified,computed 65.9; document agrees
2026-09-11T00:02:51+00:00,1e5b1807,claim,S12,C14_trends_nyc_zero_all,verified,computed 42.6%; document agrees
2026-09-11T00:02:51+00:00,1e5b1807,claim,S12,C15_trends_nyc_zero_2020,verified,computed 26%; document agrees
2026-09-11T00:02:51+00:00,1e5b1807,claim,S12,C16_trends_nyc_zero_2024,verified,computed 71%; document agrees
2026-09-11T00:02:51+00:00,1e5b1807,claim,S17,C17_rename_views_recovered,verified,"computed 79,082,746; document agrees"
2026-09-11T00:02:51+00:00,1e5b1807,claim,S17,C18_rename_articles,verified,computed 106; document agrees
2026-09-11T00:02:51+00:00,1e5b1807,claim,S17,C19_rename_articles_total,verified,computed 127; document agrees
2026-09-11T00:02:51+00:00,1e5b1807,claim,S11,C20_episodes_frozen,verified,computed 70; document agrees
2026-09-11T00:02:51+00:00,1e5b1807,claim,S11,C21_episodes_rebuilt,verified,computed 72; document agrees
2026-09-11T00:02:51+00:00,1e5b1807,claim,S11,C22_episode_max_days,verified,computed 14; document agrees
2026-09-11T00:02:51+00:00,1e5b1807,claim,S11,C23_basket_usable,verified,computed 119; document agrees
2026-09-11T00:02:51+00:00,1e5b1807,claim,S15,C24_bheard_precincts,verified,computed 31; document agrees
2026-09-11T00:02:51+00:00,1e5b1807,claim,S15,C25_bheard_low_conf,verified,computed 17; document agrees
2026-09-11T00:02:51+00:00,1e5b1807,claim,-,C26_suite_checks,verified,computed 38; document agrees
2026-09-11T00:02:51+00:00,1e5b1807,claim,-,C27_claims_registered,mismatch,"computed 31, but the document does not say 'All **31 registered claims** in this' (the surrounding wording is present, so the number differs)"
2026-09-11T00:02:51+00:00,1e5b1807,claim,-,C28_audit_checks,mismatch,"computed 45, but the document does not say 'now runs: **45 checks, 11 flagged.**' (the surrounding wording is present, so the number differs)"
2026-09-11T00:02:51+00:00,1e5b1807,claim,-,C29_audit_flags,mismatch,"computed 16, but the document does not say 'checks, 16 flagged.**' (the surrounding wording is present, so the number differs)"
2026-09-11T00:02:51+00:00,1e5b1807,claim,-,C30_sources_registered,failed,expression raised ValueError: All arrays must be of the same length
2026-09-11T00:02:56+00:00,ca66f25d,claim,S1,C01_ems_source_rows,verified,"computed 29,978,154; document agrees"
2026-09-11T00:02:56+00:00,ca66f25d,claim,S10,C02_registry_rows,verified,"computed 13,241; document agrees"
2026-09-11T00:02:56+00:00,ca66f25d,claim,S11,C03_wiki_start,verified,computed 2015-07-01; document agrees
2026-09-11T00:02:56+00:00,ca66f25d,claim,S16,C04_basket_articles,verified,computed 121; document agrees
2026-09-11T00:02:56+00:00,ca66f25d,claim,S16,C05_basket_people,verified,computed 111; document agrees
2026-09-11T00:02:56+00:00,ca66f25d,claim,S16,C06_basket_after_2020,verified,computed 24; document agrees
2026-09-11T00:02:56+00:00,ca66f25d,claim,S11,C07_scored_days,verified,"computed 3,472; document agrees"
2026-09-11T00:02:56+00:00,ca66f25d,claim,S11,C08_cai_ref_mean,verified,computed 0.000000; document agrees
2026-09-11T00:02:56+00:00,ca66f25d,claim,S11,C09_cai_ref_sd,verified,computed 1.000000; document agrees
2026-09-11T00:02:56+00:00,ca66f25d,claim,S1,C10_panel_rows,verified,"computed 89,857; document agrees"
2026-09-11T00:02:56+00:00,ca66f25d,claim,S1,C11_panel_districts,verified,computed 59; document agrees
2026-09-11T00:02:56+00:00,ca66f25d,claim,S1,C12_mean_edp_share,verified,computed 0.0856; document agrees
2026-09-11T00:02:56+00:00,ca66f25d,claim,S1,C13_mean_total_calls,verified,computed 65.9; document agrees
2026-09-11T00:02:56+00:00,ca66f25d,claim,S12,C14_trends_nyc_zero_all,verified,computed 42.6%; document agrees
2026-09-11T00:02:56+00:00,ca66f25d,claim,S12,C15_trends_nyc_zero_2020,verified,computed 26%; document agrees
2026-09-11T00:02:56+00:00,ca66f25d,claim,S12,C16_trends_nyc_zero_2024,verified,computed 71%; document agrees
2026-09-11T00:02:56+00:00,ca66f25d,claim,S17,C17_rename_views_recovered,verified,"computed 79,082,746; document agrees"
2026-09-11T00:02:56+00:00,ca66f25d,claim,S17,C18_rename_articles,verified,computed 106; document agrees
2026-09-11T00:02:56+00:00,ca66f25d,claim,S17,C19_rename_articles_total,verified,computed 127; document agrees
2026-09-11T00:02:56+00:00,ca66f25d,claim,S11,C20_episodes_frozen,verified,computed 70; document agrees
2026-09-11T00:02:56+00:00,ca66f25d,claim,S11,C21_episodes_rebuilt,verified,computed 72; document agrees
2026-09-11T00:02:56+00:00,ca66f25d,claim,S11,C22_episode_max_days,verified,computed 14; document agrees
2026-09-11T00:02:56+00:00,ca66f25d,claim,S11,C23_basket_usable,verified,computed 119; document agrees
2026-09-11T00:02:56+00:00,ca66f25d,claim,S15,C24_bheard_precincts,verified,computed 31; document agrees
2026-09-11T00:02:56+00:00,ca66f25d,claim,S15,C25_bheard_low_conf,verified,computed 17; document agrees
2026-09-11T00:02:56+00:00,ca66f25d,claim,-,C26_suite_checks,verified,computed 38; document agrees
2026-09-11T00:02:56+00:00,ca66f25d,claim,-,C27_claims_registered,mismatch,"computed 31, but the document does not say 'All **31 registered claims** in this' (the surrounding wording is present, so the number differs)"
2026-09-11T00:02:56+00:00,ca66f25d,claim,-,C28_audit_checks,mismatch,"computed 45, but the document does not say 'now runs: **45 checks, 11 flagged.**' (the surrounding wording is present, so the number differs)"
2026-09-11T00:02:56+00:00,ca66f25d,claim,-,C29_audit_flags,mismatch,"computed 16, but the document does not say 'checks, 16 flagged.**' (the surrounding wording is present, so the number differs)"
2026-09-11T00:02:56+00:00,ca66f25d,claim,-,C30_sources_registered,failed,expression raised ValueError: All arrays must be of the same length
2026-09-11T00:03:20+00:00,e3b03828,claim,S1,C01_ems_source_rows,verified,"computed 29,978,154; document agrees"
2026-09-11T00:03:20+00:00,e3b03828,claim,S10,C02_registry_rows,verified,"computed 13,241; document agrees"
2026-09-11T00:03:20+00:00,e3b03828,claim,S11,C03_wiki_start,verified,computed 2015-07-01; document agrees
2026-09-11T00:03:20+00:00,e3b03828,claim,S16,C04_basket_articles,verified,computed 121; document agrees
2026-09-11T00:03:20+00:00,e3b03828,claim,S16,C05_basket_people,verified,computed 111; document agrees
2026-09-11T00:03:20+00:00,e3b03828,claim,S16,C06_basket_after_2020,verified,computed 24; document agrees
2026-09-11T00:03:20+00:00,e3b03828,claim,S11,C07_scored_days,verified,"computed 3,472; document agrees"
2026-09-11T00:03:20+00:00,e3b03828,claim,S11,C08_cai_ref_mean,verified,computed 0.000000; document agrees
2026-09-11T00:03:20+00:00,e3b03828,claim,S11,C09_cai_ref_sd,verified,computed 1.000000; document agrees
2026-09-11T00:03:20+00:00,e3b03828,claim,S1,C10_panel_rows,verified,"computed 89,857; document agrees"
2026-09-11T00:03:20+00:00,e3b03828,claim,S1,C11_panel_districts,verified,computed 59; document agrees
2026-09-11T00:03:20+00:00,e3b03828,claim,S1,C12_mean_edp_share,verified,computed 0.0856; document agrees
2026-09-11T00:03:20+00:00,e3b03828,claim,S1,C13_mean_total_calls,verified,computed 65.9; document agrees
2026-09-11T00:03:20+00:00,e3b03828,claim,S12,C14_trends_nyc_zero_all,verified,computed 42.6%; document agrees
2026-09-11T00:03:20+00:00,e3b03828,claim,S12,C15_trends_nyc_zero_2020,verified,computed 26%; document agrees
2026-09-11T00:03:20+00:00,e3b03828,claim,S12,C16_trends_nyc_zero_2024,verified,computed 71%; document agrees
2026-09-11T00:03:20+00:00,e3b03828,claim,S17,C17_rename_views_recovered,verified,"computed 79,082,746; document agrees"
2026-09-11T00:03:20+00:00,e3b03828,claim,S17,C18_rename_articles,verified,computed 106; document agrees
2026-09-11T00:03:20+00:00,e3b03828,claim,S17,C19_rename_articles_total,verified,computed 127; document agrees
2026-09-11T00:03:20+00:00,e3b03828,claim,S11,C20_episodes_frozen,verified,computed 70; document agrees
2026-09-11T00:03:20+00:00,e3b03828,claim,S11,C21_episodes_rebuilt,verified,computed 72; document agrees
2026-09-11T00:03:20+00:00,e3b03828,claim,S11,C22_episode_max_days,verified,computed 14; document agrees
2026-09-11T00:03:20+00:00,e3b03828,claim,S11,C23_basket_usable,verified,computed 119; document agrees
2026-09-11T00:03:20+00:00,e3b03828,claim,S15,C24_bheard_precincts,verified,computed 31; document agrees
2026-09-11T00:03:20+00:00,e3b03828,claim,S15,C25_bheard_low_conf,verified,computed 17; document agrees
2026-09-11T00:03:20+00:00,e3b03828,claim,-,C26_suite_checks,verified,computed 38; document agrees
2026-09-11T00:03:20+00:00,e3b03828,claim,-,C28_audit_checks,mismatch,"computed 45, but the document does not say 'now runs: **45 checks, 11 flagged.**' (the surrounding wording is present, so the number differs)"
2026-09-11T00:03:20+00:00,e3b03828,claim,-,C29_audit_flags,verified,computed 16; document agrees
2026-09-11T00:03:20+00:00,e3b03828,claim,-,C30_sources_registered,verified,computed 19; document agrees
2026-09-11T00:03:26+00:00,af060859,claim,S1,C01_ems_source_rows,verified,"computed 29,978,154; document agrees"
2026-09-11T00:03:26+00:00,af060859,claim,S10,C02_registry_rows,verified,"computed 13,241; document agrees"
2026-09-11T00:03:26+00:00,af060859,claim,S11,C03_wiki_start,verified,computed 2015-07-01; document agrees
2026-09-11T00:03:26+00:00,af060859,claim,S16,C04_basket_articles,verified,computed 121; document agrees
2026-09-11T00:03:26+00:00,af060859,claim,S16,C05_basket_people,verified,computed 111; document agrees
2026-09-11T00:03:26+00:00,af060859,claim,S16,C06_basket_after_2020,verified,computed 24; document agrees
2026-09-11T00:03:26+00:00,af060859,claim,S11,C07_scored_days,verified,"computed 3,472; document agrees"
2026-09-11T00:03:26+00:00,af060859,claim,S11,C08_cai_ref_mean,verified,computed 0.000000; document agrees
2026-09-11T00:03:26+00:00,af060859,claim,S11,C09_cai_ref_sd,verified,computed 1.000000; document agrees
2026-09-11T00:03:26+00:00,af060859,claim,S1,C10_panel_rows,verified,"computed 89,857; document agrees"
2026-09-11T00:03:26+00:00,af060859,claim,S1,C11_panel_districts,verified,computed 59; document agrees
2026-09-11T00:03:26+00:00,af060859,claim,S1,C12_mean_edp_share,verified,computed 0.0856; document agrees
2026-09-11T00:03:26+00:00,af060859,claim,S1,C13_mean_total_calls,verified,computed 65.9; document agrees
2026-09-11T00:03:26+00:00,af060859,claim,S12,C14_trends_nyc_zero_all,verified,computed 42.6%; document agrees
2026-09-11T00:03:26+00:00,af060859,claim,S12,C15_trends_nyc_zero_2020,verified,computed 26%; document agrees
2026-09-11T00:03:26+00:00,af060859,claim,S12,C16_trends_nyc_zero_2024,verified,computed 71%; document agrees
2026-09-11T00:03:26+00:00,af060859,claim,S17,C17_rename_views_recovered,verified,"computed 79,082,746; document agrees"
2026-09-11T00:03:26+00:00,af060859,claim,S17,C18_rename_articles,verified,computed 106; document agrees
2026-09-11T00:03:26+00:00,af060859,claim,S17,C19_rename_articles_total,verified,computed 127; document agrees
2026-09-11T00:03:26+00:00,af060859,claim,S11,C20_episodes_frozen,verified,computed 70; document agrees
2026-09-11T00:03:26+00:00,af060859,claim,S11,C21_episodes_rebuilt,verified,computed 72; document agrees
2026-09-11T00:03:26+00:00,af060859,claim,S11,C22_episode_max_days,verified,computed 14; document agrees
2026-09-11T00:03:26+00:00,af060859,claim,S11,C23_basket_usable,verified,computed 119; document agrees
2026-09-11T00:03:26+00:00,af060859,claim,S15,C24_bheard_precincts,verified,computed 31; document agrees
2026-09-11T00:03:26+00:00,af060859,claim,S15,C25_bheard_low_conf,verified,computed 17; document agrees
2026-09-11T00:03:26+00:00,af060859,claim,-,C26_suite_checks,verified,computed 38; document agrees
2026-09-11T00:03:26+00:00,af060859,claim,-,C28_audit_checks,mismatch,"computed 45, but the document does not say 'now runs: **45 checks, 11 flagged.**' (the surrounding wording is present, so the number differs)"
2026-09-11T00:03:26+00:00,af060859,claim,-,C29_audit_flags,verified,computed 16; document agrees
2026-09-11T00:03:26+00:00,af060859,claim,-,C30_sources_registered,verified,computed 19; document agrees
2026-09-11T00:03:33+00:00,7b82bac1,claim,S1,C01_ems_source_rows,verified,"computed 29,978,154; document agrees"
2026-09-11T00:03:33+00:00,7b82bac1,claim,S10,C02_registry_rows,verified,"computed 13,241; document agrees"
2026-09-11T00:03:33+00:00,7b82bac1,claim,S11,C03_wiki_start,verified,computed 2015-07-01; document agrees
2026-09-11T00:03:33+00:00,7b82bac1,claim,S16,C04_basket_articles,verified,computed 121; document agrees
2026-09-11T00:03:33+00:00,7b82bac1,claim,S16,C05_basket_people,verified,computed 111; document agrees
2026-09-11T00:03:33+00:00,7b82bac1,claim,S16,C06_basket_after_2020,verified,computed 24; document agrees
2026-09-11T00:03:33+00:00,7b82bac1,claim,S11,C07_scored_days,verified,"computed 3,472; document agrees"
2026-09-11T00:03:33+00:00,7b82bac1,claim,S11,C08_cai_ref_mean,verified,computed 0.000000; document agrees
2026-09-11T00:03:33+00:00,7b82bac1,claim,S11,C09_cai_ref_sd,verified,computed 1.000000; document agrees
2026-09-11T00:03:33+00:00,7b82bac1,claim,S1,C10_panel_rows,verified,"computed 89,857; document agrees"
2026-09-11T00:03:33+00:00,7b82bac1,claim,S1,C11_panel_districts,verified,computed 59; document agrees
2026-09-11T00:03:33+00:00,7b82bac1,claim,S1,C12_mean_edp_share,verified,computed 0.0856; document agrees
2026-09-11T00:03:33+00:00,7b82bac1,claim,S1,C13_mean_total_calls,verified,computed 65.9; document agrees
2026-09-11T00:03:33+00:00,7b82bac1,claim,S12,C14_trends_nyc_zero_all,verified,computed 42.6%; document agrees
2026-09-11T00:03:33+00:00,7b82bac1,claim,S12,C15_trends_nyc_zero_2020,verified,computed 26%; document agrees
2026-09-11T00:03:33+00:00,7b82bac1,claim,S12,C16_trends_nyc_zero_2024,verified,computed 71%; document agrees
2026-09-11T00:03:33+00:00,7b82bac1,claim,S17,C17_rename_views_recovered,verified,"computed 79,082,746; document agrees"
2026-09-11T00:03:33+00:00,7b82bac1,claim,S17,C18_rename_articles,verified,computed 106; document agrees
2026-09-11T00:03:33+00:00,7b82bac1,claim,S17,C19_rename_articles_total,verified,computed 127; document agrees
2026-09-11T00:03:33+00:00,7b82bac1,claim,S11,C20_episodes_frozen,verified,computed 70; document agrees
2026-09-11T00:03:33+00:00,7b82bac1,claim,S11,C21_episodes_rebuilt,verified,computed 72; document agrees
2026-09-11T00:03:33+00:00,7b82bac1,claim,S11,C22_episode_max_days,verified,computed 14; document agrees
2026-09-11T00:03:33+00:00,7b82bac1,claim,S11,C23_basket_usable,verified,computed 119; document agrees
2026-09-11T00:03:33+00:00,7b82bac1,claim,S15,C24_bheard_precincts,verified,computed 31; document agrees
2026-09-11T00:03:33+00:00,7b82bac1,claim,S15,C25_bheard_low_conf,verified,computed 17; document agrees
2026-09-11T00:03:33+00:00,7b82bac1,claim,-,C26_suite_checks,verified,computed 38; document agrees
2026-09-11T00:03:33+00:00,7b82bac1,claim,-,C28_audit_checks,verified,computed 45; document agrees
2026-09-11T00:03:33+00:00,7b82bac1,claim,-,C29_audit_flags,verified,computed 16; document agrees
2026-09-11T00:03:33+00:00,7b82bac1,claim,-,C30_sources_registered,verified,computed 19; document agrees
2026-09-11T00:09:23+00:00,2d47459c,link,S1,https://data.cityofnewyork.us/resource/76xm-jjuj.csv,verified,HEAD 200 text/csv; charset=UTF-8
2026-09-11T00:09:23+00:00,2d47459c,link,S1b,https://data.cityofnewyork.us/resource/76xm-jjuj.csv,verified,HEAD 200 text/csv; charset=UTF-8
2026-09-11T00:09:23+00:00,2d47459c,link,S2,(none),unverifiable,no endpoint: not obtained over the network
2026-09-11T00:09:23+00:00,2d47459c,link,S3,(none),unverifiable,no endpoint: not obtained over the network
2026-09-11T00:09:23+00:00,2d47459c,link,S4,https://github.com/washingtonpost/data-police-shootings,unreachable,"GET HTTP 403 Forbidden - our access, not necessarily the resource (egress policy?)"
2026-09-11T00:09:23+00:00,2d47459c,link,S5,(none),template,no endpoint: not obtained over the network
2026-09-11T00:09:23+00:00,2d47459c,link,S6,(none),template,no endpoint: not obtained over the network
2026-09-11T00:09:23+00:00,2d47459c,link,S7,https://s-media.nyc.gov/agencies/dcp/assets/files/excel/data-tools/census/acs/demo_2019_acs5yr_nta.xlsx,verified,HEAD 200 application/vnd.openxmlformats-officedocument.spreadsheetml.sheet
2026-09-11T00:09:23+00:00,2d47459c,link,S8,https://wikimedia.org/api/rest_v1/metrics/pageviews/per-article/,verified,HEAD 200 application/json; charset=utf-8 (probe https://wikimedia.org/api/rest_v1/metrics/pageviews/per-article/en.wikipedia/all-access/user/Killing_of_George_Floyd/daily/20200525/20200601)
2026-09-11T00:09:23+00:00,2d47459c,link,S9,https://en.wikipedia.org/api/rest_v1/page/summary/,verified,"HEAD 200 application/json; charset=utf-8; profile=""https://www.mediawiki.org/wiki/Specs/Summary/1.5.0"" (probe https://en.wikipedia.org/api/rest_v1/page/summary/Killing_of_George_Floyd)"
2026-09-11T00:09:23+00:00,2d47459c,link,S10,https://mappingpoliceviolence.us/s/MPVDatasetDownload.xlsx,verified,HEAD 200 application/vnd.openxmlformats-officedocument.spreadsheetml.sheet -> https://static1.squarespace.com/static/54ecf211e4b0ed744420c5b6/t/6a8a0f4b345aa5414009c041/1787432779239/MPVDatasetDownload.xlsx
2026-09-11T00:09:23+00:00,2d47459c,link,S11,https://api.gdeltproject.org/api/v2/doc/doc,verified,HEAD 200 application/json; charset=utf-8 (probe https://api.gdeltproject.org/api/v2/doc/doc?query=%22police+brutality%22&mode=timelinevol&format=json&startdatetime=20200525000000&enddatetime=20200601000000)
2026-09-11T00:09:23+00:00,2d47459c,link,S11,https://api.gdeltproject.org/api/v2/tv/tv,verified,HEAD 200 text/html; charset=utf-8 (probe https://api.gdeltproject.org/api/v2/tv/tv?query=%22police+brutality%22&mode=timelinevol&format=json&datanorm=perc&datacomb=sep&startdatetime=20200525000000&enddatetime=20200601000000)
2026-09-11T00:09:23+00:00,2d47459c,link,S11,https://wikimedia.org/api/rest_v1/metrics/pageviews/per-article/,verified,HEAD 200 application/json; charset=utf-8 (probe https://wikimedia.org/api/rest_v1/metrics/pageviews/per-article/en.wikipedia/all-access/user/Killing_of_George_Floyd/daily/20200525/20200601)
2026-09-11T00:09:23+00:00,2d47459c,link,S12,https://trends.google.com,verified,HEAD 200 text/html; charset=utf-8 -> https://trends.google.com/trends/
2026-09-11T00:09:23+00:00,2d47459c,link,S13,https://trends.google.com,verified,HEAD 200 text/html; charset=utf-8 -> https://trends.google.com/trends/
2026-09-11T00:09:23+00:00,2d47459c,link,S14,https://data.cityofnewyork.us/resource/76xm-jjuj.json,verified,HEAD 200 application/json;charset=utf-8
2026-09-11T00:09:23+00:00,2d47459c,link,S15,https://mentalhealth.cityofnewyork.us/b-heard,verified,HEAD 200 text/html; charset=UTF-8
2026-09-11T00:09:23+00:00,2d47459c,link,S16,https://query.wikidata.org/sparql,verified,HEAD 200 application/sparql-results+json;charset=utf-8 (probe https://query.wikidata.org/sparql?format=json&query=SELECT%20%3Fd%20WHERE%20%7B%20wd%3AQ93544244%20wdt%3AP570%20%3Fd%20%7D)
2026-09-11T00:09:23+00:00,2d47459c,link,S17,https://en.wikipedia.org/w/api.php,verified,HEAD 200 application/json; charset=utf-8 (probe https://en.wikipedia.org/w/api.php?action=query&format=json&prop=redirects&rdlimit=max&titles=Killing%20of%20George%20Floyd)
2026-09-11T00:09:23+00:00,2d47459c,link,S18,https://en.wikipedia.org/w/api.php,verified,HEAD 200 application/json; charset=utf-8 (probe https://en.wikipedia.org/w/api.php?action=query&format=json&list=categorymembers&cmtitle=Category%3ADeaths%20by%20law%20enforcement%20in%20New%20York%20(state)&cmlimit=5)
2026-09-11T00:09:23+00:00,2d47459c,link,S18,https://wikimedia.org/api/rest_v1/metrics/pageviews/per-article/,verified,HEAD 200 application/json; charset=utf-8 (probe https://wikimedia.org/api/rest_v1/metrics/pageviews/per-article/en.wikipedia/all-access/user/Killing_of_George_Floyd/daily/20200525/20200601)
2026-09-11T00:09:23+00:00,2d47459c,artifact,S1,data/processed/ems_cd_day_calltype.parquet,verified,"sha256 6247a7239559f930, 4,876,509 rows, 2014-12-01..2024-12-31; not registered in data_sources.csv"
2026-09-11T00:09:23+00:00,2d47459c,artifact,S1,data/processed/ems_citywide_day_trends.parquet,verified,"sha256 33c8850350f90ab3, 39,037 rows, 2005-01-01..2026-06-30; not registered in data_sources.csv"
2026-09-11T00:09:23+00:00,2d47459c,artifact,S1b,data/processed/ems_cd_day_calltype.parquet,verified,"sha256 6247a7239559f930, 4,876,509 rows, 2014-12-01..2024-12-31; matches the provenance register"
2026-09-11T00:09:23+00:00,2d47459c,artifact,S2,data/raw/211118_tweet_count_name_date.csv,unverifiable,"artifact absent, and the source is unverifiable"
2026-09-11T00:09:23+00:00,2d47459c,artifact,S3,data/raw/220126_final_daily_tweet_count.csv,unverifiable,"artifact absent, and the source is unverifiable"
2026-09-11T00:09:23+00:00,2d47459c,artifact,S4,data/raw/fatalpoliceshootingsCLEANED.csv,unverifiable,"artifact absent, and the source is retired"
2026-09-11T00:09:23+00:00,2d47459c,artifact,S5,data/raw/sf1_dp_cd_demoprofile.xlsx,verified,"sha256 20459df2681c751b, unreadable: UnicodeDecodeError; not registered in data_sources.csv"
2026-09-11T00:09:23+00:00,2d47459c,artifact,S6,data/reference/victim_curation_table.csv,verified,"sha256 75e6bea4243eebe7, 101 rows, 2013-05-24..2020-10-20; not registered in data_sources.csv"
2026-09-11T00:09:23+00:00,2d47459c,artifact,S7,data/reference/acs_2019_cd_demographics.csv,verified,"sha256 210ec18a067b7f5d, 59 rows; register holds a payload hash only"
2026-09-11T00:09:23+00:00,2d47459c,artifact,S8,data/reference/wikipedia_pageviews_victims.csv,verified,"sha256 e1e88d7d93c69631, 25,211 rows, 2017-01-01..2020-12-31; provenance register is stale and cannot be refreshed — accepted 2026-09-10: Neither registered hash matches this file, and it cannot be re-registered by re-running its fetch: 09_fetch_public_data.py selects this basket from the retired Twitter per-victim file (S2), which is not in the repository and cannot be reconstructed. The bytes ac"
2026-09-11T00:09:23+00:00,2d47459c,artifact,S9,data/reference/wikipedia_article_resolution.csv,verified,"sha256 8c587914076bb844, 121 rows; not registered in data_sources.csv"
2026-09-11T00:09:23+00:00,2d47459c,artifact,S10,data/reference/victim_registry.csv,verified,"sha256 13f3fbcfe5298589, 13,241 rows, 2013-01-01..2024-12-31; register holds a payload hash only"
2026-09-11T00:09:23+00:00,2d47459c,artifact,S11,data/reference/cai_components_daily.csv,verified,"sha256 dbb89a5aa3380194, 9,232 rows, 2015-01-01..2024-12-31; matches the provenance register"
2026-09-11T00:09:23+00:00,2d47459c,artifact,S11,data/reference/wiki_ext_basket_used.csv,verified,"sha256 0cffc9013f1382d2, 121 rows; not registered in data_sources.csv"
2026-09-11T00:09:23+00:00,2d47459c,artifact,S11,data/reference/wiki_ext_aggregation_diagnostic.csv,verified,"sha256 a8ea321b5a7319b8, 3,472 rows, 2015-07-01..2024-12-31; not registered in data_sources.csv"
2026-09-11T00:09:23+00:00,2d47459c,artifact,S12,data/reference/cai_trends_daily.csv,verified,"sha256 f18c11eb209350bd, 7,306 rows, 2015-01-01..2024-12-31; matches the provenance register"
2026-09-11T00:09:23+00:00,2d47459c,artifact,S12,data/reference/cai_trends_stitch_diagnostics.csv,verified,"sha256 a79bdc97be843bd6, 58 rows; not registered in data_sources.csv"
2026-09-11T00:09:23+00:00,2d47459c,artifact,S13,data/reference/cai_trends_anchored.csv,unverifiable,"artifact absent, and the source is retired"
2026-09-11T00:09:23+00:00,2d47459c,artifact,S14,data/reference/precinct_cd_crosswalk.csv,verified,"sha256 4c519dc6e115d562, 131 rows; matches the provenance register"
2026-09-11T00:09:23+00:00,2d47459c,artifact,S15,data/reference/bheard_precinct_adoption.csv,verified,"sha256 b7627d01221e5159, 31 rows; matches the provenance register"
2026-09-11T00:09:23+00:00,2d47459c,artifact,S15,data/reference/bheard_cd_exposure.csv,verified,"sha256 c387a640fc425626, 74 rows; not registered in data_sources.csv"
2026-09-11T00:09:23+00:00,2d47459c,artifact,S16,data/reference/basket_decisions.csv,verified,"sha256 c2ca055d09357245, 161 rows, 1958-04-25..2024-09-19; not registered in data_sources.csv"
2026-09-11T00:09:23+00:00,2d47459c,artifact,S17,data/reference/article_title_map.csv,verified,"sha256 0a27b6dc42d3853a, 559 rows; not registered in data_sources.csv"
2026-09-11T00:09:23+00:00,2d47459c,artifact,S17,outputs/tables/rename_recovery.csv,verified,"sha256 bdacd2e6adb24ce9, 127 rows; not registered in data_sources.csv"
2026-09-11T00:09:23+00:00,2d47459c,artifact,S18,data/reference/wiki_nyc_articles.csv,verified,"sha256 5957f170624a9a60, 501 rows; not registered in data_sources.csv"
2026-09-11T00:09:23+00:00,2d47459c,artifact,S18,data/reference/wiki_nyc_daily.csv,verified,"sha256 78bdc607d06dd5dd, 6,944 rows, 2015-07-01..2024-12-31; not registered in data_sources.csv"
2026-09-11T00:09:23+00:00,2d47459c,artifact,S18,data/reference/wiki_nyc_per_article.csv,verified,"sha256 5bebc81f679a8cc7, 38,192 rows, 2015-07-01..2024-12-31; not registered in data_sources.csv"
2026-09-11T00:09:23+00:00,2d47459c,claim,S1,C01_ems_source_rows,verified,"computed 29,978,154; document agrees"
2026-09-11T00:09:23+00:00,2d47459c,claim,S10,C02_registry_rows,verified,"computed 13,241; document agrees"
2026-09-11T00:09:23+00:00,2d47459c,claim,S11,C03_wiki_start,verified,computed 2015-07-01; document agrees
2026-09-11T00:09:23+00:00,2d47459c,claim,S16,C04_basket_articles,verified,computed 121; document agrees
2026-09-11T00:09:23+00:00,2d47459c,claim,S16,C05_basket_people,verified,computed 111; document agrees
2026-09-11T00:09:23+00:00,2d47459c,claim,S16,C06_basket_after_2020,verified,computed 24; document agrees
2026-09-11T00:09:23+00:00,2d47459c,claim,S11,C07_scored_days,verified,"computed 3,472; document agrees"
2026-09-11T00:09:23+00:00,2d47459c,claim,S11,C08_cai_ref_mean,verified,computed 0.000000; document agrees
2026-09-11T00:09:23+00:00,2d47459c,claim,S11,C09_cai_ref_sd,verified,computed 1.000000; document agrees
2026-09-11T00:09:23+00:00,2d47459c,claim,S1,C10_panel_rows,verified,"computed 89,857; document agrees"
2026-09-11T00:09:23+00:00,2d47459c,claim,S1,C11_panel_districts,verified,computed 59; document agrees
2026-09-11T00:09:23+00:00,2d47459c,claim,S1,C12_mean_edp_share,verified,computed 0.0856; document agrees
2026-09-11T00:09:23+00:00,2d47459c,claim,S1,C13_mean_total_calls,verified,computed 65.9; document agrees
2026-09-11T00:09:23+00:00,2d47459c,claim,S12,C14_trends_nyc_zero_all,verified,computed 42.6%; document agrees
2026-09-11T00:09:23+00:00,2d47459c,claim,S12,C15_trends_nyc_zero_2020,verified,computed 26%; document agrees
2026-09-11T00:09:23+00:00,2d47459c,claim,S12,C16_trends_nyc_zero_2024,verified,computed 71%; document agrees
2026-09-11T00:09:23+00:00,2d47459c,claim,S17,C17_rename_views_recovered,verified,"computed 79,082,746; document agrees"
2026-09-11T00:09:23+00:00,2d47459c,claim,S17,C18_rename_articles,verified,computed 106; document agrees
2026-09-11T00:09:23+00:00,2d47459c,claim,S17,C19_rename_articles_total,verified,computed 127; document agrees
2026-09-11T00:09:23+00:00,2d47459c,claim,S11,C20_episodes_frozen,verified,computed 70; document agrees
2026-09-11T00:09:23+00:00,2d47459c,claim,S11,C21_episodes_rebuilt,verified,computed 72; document agrees
2026-09-11T00:09:23+00:00,2d47459c,claim,S11,C22_episode_max_days,verified,computed 14; document agrees
2026-09-11T00:09:23+00:00,2d47459c,claim,S11,C23_basket_usable,verified,computed 119; document agrees
2026-09-11T00:09:23+00:00,2d47459c,claim,S15,C24_bheard_precincts,verified,computed 31; document agrees
2026-09-11T00:09:23+00:00,2d47459c,claim,S15,C25_bheard_low_conf,verified,computed 17; document agrees
2026-09-11T00:09:23+00:00,2d47459c,claim,-,C26_suite_checks,mismatch,"computed 39, but the document does not say 'check. **39 checks, 37 passing.**' (the surrounding wording is present, so the number differs)"
2026-09-11T00:09:23+00:00,2d47459c,claim,-,C28_audit_checks,mismatch,"computed 46, but the document does not say 'now runs: **46 checks,' (the surrounding wording is present, so the number differs)"
2026-09-11T00:09:23+00:00,2d47459c,claim,-,C29_audit_flags,mismatch,"computed 1, but the document does not say 'checks, 1 flagged.**' (the surrounding wording is present, so the number differs)"
2026-09-11T00:09:23+00:00,2d47459c,claim,-,C30_sources_registered,verified,computed 19; document agrees
2026-09-11T00:11:46+00:00,1ab828d3,claim,S1,C01_ems_source_rows,verified,"computed 29,978,154; document agrees"
2026-09-11T00:11:46+00:00,1ab828d3,claim,S10,C02_registry_rows,verified,"computed 13,241; document agrees"
2026-09-11T00:11:46+00:00,1ab828d3,claim,S11,C03_wiki_start,verified,computed 2015-07-01; document agrees
2026-09-11T00:11:46+00:00,1ab828d3,claim,S16,C04_basket_articles,verified,computed 121; document agrees
2026-09-11T00:11:46+00:00,1ab828d3,claim,S16,C05_basket_people,verified,computed 111; document agrees
2026-09-11T00:11:46+00:00,1ab828d3,claim,S16,C06_basket_after_2020,verified,computed 24; document agrees
2026-09-11T00:11:46+00:00,1ab828d3,claim,S11,C07_scored_days,verified,"computed 3,472; document agrees"
2026-09-11T00:11:46+00:00,1ab828d3,claim,S11,C08_cai_ref_mean,verified,computed 0.000000; document agrees
2026-09-11T00:11:46+00:00,1ab828d3,claim,S11,C09_cai_ref_sd,verified,computed 1.000000; document agrees
2026-09-11T00:11:46+00:00,1ab828d3,claim,S1,C10_panel_rows,verified,"computed 89,857; document agrees"
2026-09-11T00:11:46+00:00,1ab828d3,claim,S1,C11_panel_districts,verified,computed 59; document agrees
2026-09-11T00:11:46+00:00,1ab828d3,claim,S1,C12_mean_edp_share,verified,computed 0.0856; document agrees
2026-09-11T00:11:46+00:00,1ab828d3,claim,S1,C13_mean_total_calls,verified,computed 65.9; document agrees
2026-09-11T00:11:46+00:00,1ab828d3,claim,S12,C14_trends_nyc_zero_all,verified,computed 42.6%; document agrees
2026-09-11T00:11:46+00:00,1ab828d3,claim,S12,C15_trends_nyc_zero_2020,verified,computed 26%; document agrees
2026-09-11T00:11:46+00:00,1ab828d3,claim,S12,C16_trends_nyc_zero_2024,verified,computed 71%; document agrees
2026-09-11T00:11:46+00:00,1ab828d3,claim,S17,C17_rename_views_recovered,verified,"computed 79,082,746; document agrees"
2026-09-11T00:11:46+00:00,1ab828d3,claim,S17,C18_rename_articles,verified,computed 106; document agrees
2026-09-11T00:11:46+00:00,1ab828d3,claim,S17,C19_rename_articles_total,verified,computed 127; document agrees
2026-09-11T00:11:46+00:00,1ab828d3,claim,S11,C20_episodes_frozen,verified,computed 70; document agrees
2026-09-11T00:11:46+00:00,1ab828d3,claim,S11,C21_episodes_rebuilt,verified,computed 72; document agrees
2026-09-11T00:11:46+00:00,1ab828d3,claim,S11,C22_episode_max_days,verified,computed 14; document agrees
2026-09-11T00:11:46+00:00,1ab828d3,claim,S11,C23_basket_usable,verified,computed 119; document agrees
2026-09-11T00:11:46+00:00,1ab828d3,claim,S15,C24_bheard_precincts,verified,computed 31; document agrees
2026-09-11T00:11:46+00:00,1ab828d3,claim,S15,C25_bheard_low_conf,verified,computed 17; document agrees
2026-09-11T00:11:46+00:00,1ab828d3,claim,-,C26_suite_checks,mismatch,"computed 39, but the document does not say 'check. **39 checks, 37 passing.**' (the surrounding wording is present, so the number differs)"
2026-09-11T00:11:46+00:00,1ab828d3,claim,-,C28_audit_checks,verified,computed 46; document agrees
2026-09-11T00:11:46+00:00,1ab828d3,claim,-,C29_audit_flags,verified,computed 1; document agrees
2026-09-11T00:11:46+00:00,1ab828d3,claim,-,C30_sources_registered,verified,computed 19; document agrees
2026-09-11T00:11:46+00:00,1ab828d3,claim,S17,C31_start_lag_max,verified,computed 3; document agrees
2026-09-11T00:11:46+00:00,1ab828d3,claim,S17,C32_start_lag_articles,verified,computed 119; document agrees
2026-09-11T00:11:46+00:00,1ab828d3,claim,S17,C33_titles_dated,verified,computed 559; document agrees
2026-09-11T00:12:14+00:00,f195f1ed,link,S1,https://data.cityofnewyork.us/resource/76xm-jjuj.csv,verified,HEAD 200 text/csv; charset=UTF-8
2026-09-11T00:12:14+00:00,f195f1ed,link,S1b,https://data.cityofnewyork.us/resource/76xm-jjuj.csv,verified,HEAD 200 text/csv; charset=UTF-8
2026-09-11T00:12:14+00:00,f195f1ed,link,S2,(none),unverifiable,no endpoint: not obtained over the network
2026-09-11T00:12:14+00:00,f195f1ed,link,S3,(none),unverifiable,no endpoint: not obtained over the network
2026-09-11T00:12:14+00:00,f195f1ed,link,S4,https://github.com/washingtonpost/data-police-shootings,unreachable,"GET HTTP 403 Forbidden - our access, not necessarily the resource (egress policy?)"
2026-09-11T00:12:14+00:00,f195f1ed,link,S5,(none),template,no endpoint: not obtained over the network
2026-09-11T00:12:14+00:00,f195f1ed,link,S6,(none),template,no endpoint: not obtained over the network
2026-09-11T00:12:14+00:00,f195f1ed,link,S7,https://s-media.nyc.gov/agencies/dcp/assets/files/excel/data-tools/census/acs/demo_2019_acs5yr_nta.xlsx,verified,HEAD 200 application/vnd.openxmlformats-officedocument.spreadsheetml.sheet
2026-09-11T00:12:14+00:00,f195f1ed,link,S8,https://wikimedia.org/api/rest_v1/metrics/pageviews/per-article/,verified,HEAD 200 application/json; charset=utf-8 (probe https://wikimedia.org/api/rest_v1/metrics/pageviews/per-article/en.wikipedia/all-access/user/Killing_of_George_Floyd/daily/20200525/20200601)
2026-09-11T00:12:14+00:00,f195f1ed,link,S9,https://en.wikipedia.org/api/rest_v1/page/summary/,verified,"HEAD 200 application/json; charset=utf-8; profile=""https://www.mediawiki.org/wiki/Specs/Summary/1.5.0"" (probe https://en.wikipedia.org/api/rest_v1/page/summary/Killing_of_George_Floyd)"
2026-09-11T00:12:14+00:00,f195f1ed,link,S10,https://mappingpoliceviolence.us/s/MPVDatasetDownload.xlsx,verified,HEAD 200 application/vnd.openxmlformats-officedocument.spreadsheetml.sheet -> https://static1.squarespace.com/static/54ecf211e4b0ed744420c5b6/t/6a8a0f4b345aa5414009c041/1787432779239/MPVDatasetDownload.xlsx
2026-09-11T00:12:14+00:00,f195f1ed,link,S11,https://api.gdeltproject.org/api/v2/doc/doc,verified,HEAD 200 application/json; charset=utf-8 (probe https://api.gdeltproject.org/api/v2/doc/doc?query=%22police+brutality%22&mode=timelinevol&format=json&startdatetime=20200525000000&enddatetime=20200601000000)
2026-09-11T00:12:14+00:00,f195f1ed,link,S11,https://api.gdeltproject.org/api/v2/tv/tv,verified,HEAD 200 text/html; charset=utf-8 (probe https://api.gdeltproject.org/api/v2/tv/tv?query=%22police+brutality%22&mode=timelinevol&format=json&datanorm=perc&datacomb=sep&startdatetime=20200525000000&enddatetime=20200601000000)
2026-09-11T00:12:14+00:00,f195f1ed,link,S11,https://wikimedia.org/api/rest_v1/metrics/pageviews/per-article/,verified,HEAD 200 application/json; charset=utf-8 (probe https://wikimedia.org/api/rest_v1/metrics/pageviews/per-article/en.wikipedia/all-access/user/Killing_of_George_Floyd/daily/20200525/20200601)
2026-09-11T00:12:14+00:00,f195f1ed,link,S12,https://trends.google.com,verified,HEAD 200 text/html; charset=utf-8 -> https://trends.google.com/trends/
2026-09-11T00:12:14+00:00,f195f1ed,link,S13,https://trends.google.com,verified,HEAD 200 text/html; charset=utf-8 -> https://trends.google.com/trends/
2026-09-11T00:12:14+00:00,f195f1ed,link,S14,https://data.cityofnewyork.us/resource/76xm-jjuj.json,verified,HEAD 200 application/json;charset=utf-8
2026-09-11T00:12:14+00:00,f195f1ed,link,S15,https://mentalhealth.cityofnewyork.us/b-heard,verified,HEAD 200 text/html; charset=UTF-8
2026-09-11T00:12:14+00:00,f195f1ed,link,S16,https://query.wikidata.org/sparql,verified,HEAD 200 application/sparql-results+json;charset=utf-8 (probe https://query.wikidata.org/sparql?format=json&query=SELECT%20%3Fd%20WHERE%20%7B%20wd%3AQ93544244%20wdt%3AP570%20%3Fd%20%7D)
2026-09-11T00:12:14+00:00,f195f1ed,link,S17,https://en.wikipedia.org/w/api.php,verified,HEAD 200 application/json; charset=utf-8 (probe https://en.wikipedia.org/w/api.php?action=query&format=json&prop=redirects&rdlimit=max&titles=Killing%20of%20George%20Floyd)
2026-09-11T00:12:14+00:00,f195f1ed,link,S18,https://en.wikipedia.org/w/api.php,verified,HEAD 200 application/json; charset=utf-8 (probe https://en.wikipedia.org/w/api.php?action=query&format=json&list=categorymembers&cmtitle=Category%3ADeaths%20by%20law%20enforcement%20in%20New%20York%20(state)&cmlimit=5)
2026-09-11T00:12:14+00:00,f195f1ed,link,S18,https://wikimedia.org/api/rest_v1/metrics/pageviews/per-article/,verified,HEAD 200 application/json; charset=utf-8 (probe https://wikimedia.org/api/rest_v1/metrics/pageviews/per-article/en.wikipedia/all-access/user/Killing_of_George_Floyd/daily/20200525/20200601)
2026-09-11T00:12:14+00:00,f195f1ed,artifact,S1,data/processed/ems_cd_day_calltype.parquet,verified,"sha256 6247a7239559f930, 4,876,509 rows, 2014-12-01..2024-12-31; not registered in data_sources.csv"
2026-09-11T00:12:14+00:00,f195f1ed,artifact,S1,data/processed/ems_citywide_day_trends.parquet,verified,"sha256 33c8850350f90ab3, 39,037 rows, 2005-01-01..2026-06-30; not registered in data_sources.csv"
2026-09-11T00:12:14+00:00,f195f1ed,artifact,S1b,data/processed/ems_cd_day_calltype.parquet,verified,"sha256 6247a7239559f930, 4,876,509 rows, 2014-12-01..2024-12-31; matches the provenance register"
2026-09-11T00:12:14+00:00,f195f1ed,artifact,S2,data/raw/211118_tweet_count_name_date.csv,unverifiable,"artifact absent, and the source is unverifiable"
2026-09-11T00:12:14+00:00,f195f1ed,artifact,S3,data/raw/220126_final_daily_tweet_count.csv,unverifiable,"artifact absent, and the source is unverifiable"
2026-09-11T00:12:14+00:00,f195f1ed,artifact,S4,data/raw/fatalpoliceshootingsCLEANED.csv,unverifiable,"artifact absent, and the source is retired"
2026-09-11T00:12:14+00:00,f195f1ed,artifact,S5,data/raw/sf1_dp_cd_demoprofile.xlsx,verified,"sha256 20459df2681c751b, unreadable: UnicodeDecodeError; not registered in data_sources.csv"
2026-09-11T00:12:14+00:00,f195f1ed,artifact,S6,data/reference/victim_curation_table.csv,verified,"sha256 75e6bea4243eebe7, 101 rows, 2013-05-24..2020-10-20; not registered in data_sources.csv"
2026-09-11T00:12:14+00:00,f195f1ed,artifact,S7,data/reference/acs_2019_cd_demographics.csv,verified,"sha256 210ec18a067b7f5d, 59 rows; register holds a payload hash only"
2026-09-11T00:12:14+00:00,f195f1ed,artifact,S8,data/reference/wikipedia_pageviews_victims.csv,verified,"sha256 e1e88d7d93c69631, 25,211 rows, 2017-01-01..2020-12-31; provenance register is stale and cannot be refreshed — accepted 2026-09-10: Neither registered hash matches this file, and it cannot be re-registered by re-running its fetch: 09_fetch_public_data.py selects this basket from the retired Twitter per-victim file (S2), which is not in the repository and cannot be reconstructed. The bytes ac"
2026-09-11T00:12:14+00:00,f195f1ed,artifact,S9,data/reference/wikipedia_article_resolution.csv,verified,"sha256 8c587914076bb844, 121 rows; not registered in data_sources.csv"
2026-09-11T00:12:14+00:00,f195f1ed,artifact,S10,data/reference/victim_registry.csv,verified,"sha256 13f3fbcfe5298589, 13,241 rows, 2013-01-01..2024-12-31; register holds a payload hash only"
2026-09-11T00:12:14+00:00,f195f1ed,artifact,S11,data/reference/cai_components_daily.csv,verified,"sha256 dbb89a5aa3380194, 9,232 rows, 2015-01-01..2024-12-31; matches the provenance register"
2026-09-11T00:12:14+00:00,f195f1ed,artifact,S11,data/reference/wiki_ext_basket_used.csv,verified,"sha256 0cffc9013f1382d2, 121 rows; not registered in data_sources.csv"
2026-09-11T00:12:14+00:00,f195f1ed,artifact,S11,data/reference/wiki_ext_aggregation_diagnostic.csv,verified,"sha256 a8ea321b5a7319b8, 3,472 rows, 2015-07-01..2024-12-31; not registered in data_sources.csv"
2026-09-11T00:12:14+00:00,f195f1ed,artifact,S12,data/reference/cai_trends_daily.csv,verified,"sha256 f18c11eb209350bd, 7,306 rows, 2015-01-01..2024-12-31; matches the provenance register"
2026-09-11T00:12:14+00:00,f195f1ed,artifact,S12,data/reference/cai_trends_stitch_diagnostics.csv,verified,"sha256 a79bdc97be843bd6, 58 rows; not registered in data_sources.csv"
2026-09-11T00:12:14+00:00,f195f1ed,artifact,S13,data/reference/cai_trends_anchored.csv,unverifiable,"artifact absent, and the source is retired"
2026-09-11T00:12:14+00:00,f195f1ed,artifact,S14,data/reference/precinct_cd_crosswalk.csv,verified,"sha256 4c519dc6e115d562, 131 rows; matches the provenance register"
2026-09-11T00:12:14+00:00,f195f1ed,artifact,S15,data/reference/bheard_precinct_adoption.csv,verified,"sha256 b7627d01221e5159, 31 rows; matches the provenance register"
2026-09-11T00:12:14+00:00,f195f1ed,artifact,S15,data/reference/bheard_cd_exposure.csv,verified,"sha256 c387a640fc425626, 74 rows; not registered in data_sources.csv"
2026-09-11T00:12:14+00:00,f195f1ed,artifact,S16,data/reference/basket_decisions.csv,verified,"sha256 c2ca055d09357245, 161 rows, 1958-04-25..2024-09-19; not registered in data_sources.csv"
2026-09-11T00:12:14+00:00,f195f1ed,artifact,S17,data/reference/article_title_map.csv,verified,"sha256 0a27b6dc42d3853a, 559 rows; not registered in data_sources.csv"
2026-09-11T00:12:14+00:00,f195f1ed,artifact,S17,outputs/tables/rename_recovery.csv,verified,"sha256 bdacd2e6adb24ce9, 127 rows; not registered in data_sources.csv"
2026-09-11T00:12:14+00:00,f195f1ed,artifact,S18,data/reference/wiki_nyc_articles.csv,verified,"sha256 5957f170624a9a60, 501 rows; not registered in data_sources.csv"
2026-09-11T00:12:14+00:00,f195f1ed,artifact,S18,data/reference/wiki_nyc_daily.csv,verified,"sha256 78bdc607d06dd5dd, 6,944 rows, 2015-07-01..2024-12-31; not registered in data_sources.csv"
2026-09-11T00:12:14+00:00,f195f1ed,artifact,S18,data/reference/wiki_nyc_per_article.csv,verified,"sha256 5bebc81f679a8cc7, 38,192 rows, 2015-07-01..2024-12-31; not registered in data_sources.csv"
2026-09-11T00:12:14+00:00,f195f1ed,claim,S1,C01_ems_source_rows,verified,"computed 29,978,154; document agrees"
2026-09-11T00:12:14+00:00,f195f1ed,claim,S10,C02_registry_rows,verified,"computed 13,241; document agrees"
2026-09-11T00:12:14+00:00,f195f1ed,claim,S11,C03_wiki_start,verified,computed 2015-07-01; document agrees
2026-09-11T00:12:14+00:00,f195f1ed,claim,S16,C04_basket_articles,verified,computed 121; document agrees
2026-09-11T00:12:14+00:00,f195f1ed,claim,S16,C05_basket_people,verified,computed 111; document agrees
2026-09-11T00:12:14+00:00,f195f1ed,claim,S16,C06_basket_after_2020,verified,computed 24; document agrees
2026-09-11T00:12:14+00:00,f195f1ed,claim,S11,C07_scored_days,verified,"computed 3,472; document agrees"
2026-09-11T00:12:14+00:00,f195f1ed,claim,S11,C08_cai_ref_mean,verified,computed 0.000000; document agrees
2026-09-11T00:12:14+00:00,f195f1ed,claim,S11,C09_cai_ref_sd,verified,computed 1.000000; document agrees
2026-09-11T00:12:14+00:00,f195f1ed,claim,S1,C10_panel_rows,verified,"computed 89,857; document agrees"
2026-09-11T00:12:14+00:00,f195f1ed,claim,S1,C11_panel_districts,verified,computed 59; document agrees
2026-09-11T00:12:14+00:00,f195f1ed,claim,S1,C12_mean_edp_share,verified,computed 0.0856; document agrees
2026-09-11T00:12:14+00:00,f195f1ed,claim,S1,C13_mean_total_calls,verified,computed 65.9; document agrees
2026-09-11T00:12:14+00:00,f195f1ed,claim,S12,C14_trends_nyc_zero_all,verified,computed 42.6%; document agrees
2026-09-11T00:12:14+00:00,f195f1ed,claim,S12,C15_trends_nyc_zero_2020,verified,computed 26%; document agrees
2026-09-11T00:12:14+00:00,f195f1ed,claim,S12,C16_trends_nyc_zero_2024,verified,computed 71%; document agrees
2026-09-11T00:12:14+00:00,f195f1ed,claim,S17,C17_rename_views_recovered,verified,"computed 79,082,746; document agrees"
2026-09-11T00:12:14+00:00,f195f1ed,claim,S17,C18_rename_articles,verified,computed 106; document agrees
2026-09-11T00:12:14+00:00,f195f1ed,claim,S17,C19_rename_articles_total,verified,computed 127; document agrees
2026-09-11T00:12:14+00:00,f195f1ed,claim,S11,C20_episodes_frozen,verified,computed 70; document agrees
2026-09-11T00:12:14+00:00,f195f1ed,claim,S11,C21_episodes_rebuilt,verified,computed 72; document agrees
2026-09-11T00:12:14+00:00,f195f1ed,claim,S11,C22_episode_max_days,verified,computed 14; document agrees
2026-09-11T00:12:14+00:00,f195f1ed,claim,S11,C23_basket_usable,verified,computed 119; document agrees
2026-09-11T00:12:14+00:00,f195f1ed,claim,S15,C24_bheard_precincts,verified,computed 31; document agrees
2026-09-11T00:12:14+00:00,f195f1ed,claim,S15,C25_bheard_low_conf,verified,computed 17; document agrees
2026-09-11T00:12:14+00:00,f195f1ed,claim,-,C26_suite_checks,verified,computed 39; document agrees
2026-09-11T00:12:14+00:00,f195f1ed,claim,-,C28_audit_checks,verified,computed 46; document agrees
2026-09-11T00:12:14+00:00,f195f1ed,claim,-,C29_audit_flags,verified,computed 1; document agrees
2026-09-11T00:12:14+00:00,f195f1ed,claim,-,C30_sources_registered,verified,computed 19; document agrees
2026-09-11T00:12:14+00:00,f195f1ed,claim,S17,C31_start_lag_max,verified,computed 3; document agrees
2026-09-11T00:12:14+00:00,f195f1ed,claim,S17,C32_start_lag_articles,verified,computed 119; document agrees
2026-09-11T00:12:14+00:00,f195f1ed,claim,S17,C33_titles_dated,verified,computed 559; document agrees
2026-09-11T01:08:07+00:00,5d43e252,claim,S1,C01_ems_source_rows,verified,"computed 29,978,154; document agrees"
2026-09-11T01:08:07+00:00,5d43e252,claim,S10,C02_registry_rows,verified,"computed 13,241; document agrees"
2026-09-11T01:08:07+00:00,5d43e252,claim,S11,C03_wiki_start,verified,computed 2015-07-01; document agrees
2026-09-11T01:08:07+00:00,5d43e252,claim,S16,C04_basket_articles,verified,computed 121; document agrees
2026-09-11T01:08:07+00:00,5d43e252,claim,S16,C05_basket_people,verified,computed 111; document agrees
2026-09-11T01:08:07+00:00,5d43e252,claim,S16,C06_basket_after_2020,verified,computed 24; document agrees
2026-09-11T01:08:07+00:00,5d43e252,claim,S11,C07_scored_days,verified,"computed 3,472; document agrees"
2026-09-11T01:08:07+00:00,5d43e252,claim,S11,C08_cai_ref_mean,verified,computed 0.000000; document agrees
2026-09-11T01:08:07+00:00,5d43e252,claim,S11,C09_cai_ref_sd,verified,computed 1.000000; document agrees
2026-09-11T01:08:07+00:00,5d43e252,claim,S1,C10_panel_rows,verified,"computed 89,857; document agrees"
2026-09-11T01:08:07+00:00,5d43e252,claim,S1,C11_panel_districts,verified,computed 59; document agrees
2026-09-11T01:08:07+00:00,5d43e252,claim,S1,C12_mean_edp_share,verified,computed 0.0856; document agrees
2026-09-11T01:08:07+00:00,5d43e252,claim,S1,C13_mean_total_calls,verified,computed 65.9; document agrees
2026-09-11T01:08:07+00:00,5d43e252,claim,S12,C14_trends_nyc_zero_all,verified,computed 42.6%; document agrees
2026-09-11T01:08:07+00:00,5d43e252,claim,S12,C15_trends_nyc_zero_2020,verified,computed 26%; document agrees
2026-09-11T01:08:07+00:00,5d43e252,claim,S12,C16_trends_nyc_zero_2024,verified,computed 71%; document agrees
2026-09-11T01:08:07+00:00,5d43e252,claim,S17,C17_rename_views_recovered,verified,"computed 79,082,746; document agrees"
2026-09-11T01:08:07+00:00,5d43e252,claim,S17,C18_rename_articles,verified,computed 106; document agrees
2026-09-11T01:08:07+00:00,5d43e252,claim,S17,C19_rename_articles_total,verified,computed 127; document agrees
2026-09-11T01:08:07+00:00,5d43e252,claim,S11,C20_episodes_frozen,verified,computed 70; document agrees
2026-09-11T01:08:07+00:00,5d43e252,claim,S11,C21_episodes_rebuilt,verified,computed 75; document agrees
2026-09-11T01:08:07+00:00,5d43e252,claim,S11,C22_episode_max_days,verified,computed 14; document agrees
2026-09-11T01:08:07+00:00,5d43e252,claim,S11,C23_basket_usable,verified,computed 119; document agrees
2026-09-11T01:08:07+00:00,5d43e252,claim,S15,C24_bheard_precincts,verified,computed 31; document agrees
2026-09-11T01:08:07+00:00,5d43e252,claim,S15,C25_bheard_low_conf,verified,computed 17; document agrees
2026-09-11T01:08:07+00:00,5d43e252,claim,-,C26_suite_checks,verified,computed 39; document agrees
2026-09-11T01:08:07+00:00,5d43e252,claim,-,C28_audit_checks,verified,computed 46; document agrees
2026-09-11T01:08:07+00:00,5d43e252,claim,-,C29_audit_flags,verified,computed 1; document agrees
2026-09-11T01:08:07+00:00,5d43e252,claim,-,C30_sources_registered,verified,computed 19; document agrees
2026-09-11T01:08:07+00:00,5d43e252,claim,S17,C31_start_lag_max,verified,computed 3; document agrees
2026-09-11T01:08:07+00:00,5d43e252,claim,S17,C32_start_lag_articles,verified,computed 119; document agrees
2026-09-11T01:08:07+00:00,5d43e252,claim,S17,C33_titles_dated,verified,computed 559; document agrees
2026-09-11T01:08:41+00:00,b158476b,claim,S1,C01_ems_source_rows,verified,"computed 29,978,154; document agrees"
2026-09-11T01:08:41+00:00,b158476b,claim,S10,C02_registry_rows,verified,"computed 13,241; document agrees"
2026-09-11T01:08:41+00:00,b158476b,claim,S11,C03_wiki_start,verified,computed 2015-07-01; document agrees
2026-09-11T01:08:41+00:00,b158476b,claim,S16,C04_basket_articles,verified,computed 121; document agrees
2026-09-11T01:08:41+00:00,b158476b,claim,S16,C05_basket_people,verified,computed 111; document agrees
2026-09-11T01:08:41+00:00,b158476b,claim,S16,C06_basket_after_2020,verified,computed 24; document agrees
2026-09-11T01:08:41+00:00,b158476b,claim,S11,C07_scored_days,verified,"computed 3,472; document agrees"
2026-09-11T01:08:41+00:00,b158476b,claim,S11,C08_cai_ref_mean,verified,computed 0.000000; document agrees
2026-09-11T01:08:41+00:00,b158476b,claim,S11,C09_cai_ref_sd,verified,computed 1.000000; document agrees
2026-09-11T01:08:41+00:00,b158476b,claim,S1,C10_panel_rows,verified,"computed 89,857; document agrees"
2026-09-11T01:08:41+00:00,b158476b,claim,S1,C11_panel_districts,verified,computed 59; document agrees
2026-09-11T01:08:41+00:00,b158476b,claim,S1,C12_mean_edp_share,verified,computed 0.0856; document agrees
2026-09-11T01:08:41+00:00,b158476b,claim,S1,C13_mean_total_calls,verified,computed 65.9; document agrees
2026-09-11T01:08:41+00:00,b158476b,claim,S12,C14_trends_nyc_zero_all,verified,computed 42.6%; document agrees
2026-09-11T01:08:41+00:00,b158476b,claim,S12,C15_trends_nyc_zero_2020,verified,computed 26%; document agrees
2026-09-11T01:08:41+00:00,b158476b,claim,S12,C16_trends_nyc_zero_2024,verified,computed 71%; document agrees
2026-09-11T01:08:41+00:00,b158476b,claim,S17,C17_rename_views_recovered,verified,"computed 79,082,746; document agrees"
2026-09-11T01:08:41+00:00,b158476b,claim,S17,C18_rename_articles,verified,computed 106; document agrees
2026-09-11T01:08:41+00:00,b158476b,claim,S17,C19_rename_articles_total,verified,computed 127; document agrees
2026-09-11T01:08:41+00:00,b158476b,claim,S11,C20_episodes_frozen,verified,computed 70; document agrees
2026-09-11T01:08:41+00:00,b158476b,claim,S11,C21_episodes_rebuilt,verified,computed 75; document agrees
2026-09-11T01:08:41+00:00,b158476b,claim,S11,C22_episode_max_days,verified,computed 14; document agrees
2026-09-11T01:08:41+00:00,b158476b,claim,S11,C23_basket_usable,verified,computed 119; document agrees
2026-09-11T01:08:41+00:00,b158476b,claim,S15,C24_bheard_precincts,verified,computed 31; document agrees
2026-09-11T01:08:41+00:00,b158476b,claim,S15,C25_bheard_low_conf,verified,computed 17; document agrees
2026-09-11T01:08:41+00:00,b158476b,claim,-,C26_suite_checks,verified,computed 39; document agrees
2026-09-11T01:08:41+00:00,b158476b,claim,-,C28_audit_checks,verified,computed 46; document agrees
2026-09-11T01:08:41+00:00,b158476b,claim,-,C29_audit_flags,verified,computed 1; document agrees
2026-09-11T01:08:41+00:00,b158476b,claim,-,C30_sources_registered,verified,computed 19; document agrees
2026-09-11T01:08:41+00:00,b158476b,claim,S17,C31_start_lag_max,verified,computed 3; document agrees
2026-09-11T01:08:41+00:00,b158476b,claim,S17,C32_start_lag_articles,verified,computed 119; document agrees
2026-09-11T01:08:41+00:00,b158476b,claim,S17,C33_titles_dated,verified,computed 559; document agrees
2026-09-11T01:08:41+00:00,b158476b,claim,S18,C34_nyc_corr_us,mismatch,"computed -0.18, but the document does not say 'correlates **-0.18** with `trends_us`' (the surrounding wording is present, so the number differs)"
2026-09-11T01:08:41+00:00,b158476b,claim,S18,C35_nyc_corr_nyc,mismatch,"computed -0.12, but the document does not say 'and **-0.12** with `trends_nyc`' (the surrounding wording is present, so the number differs)"
2026-09-11T01:08:41+00:00,b158476b,claim,S18,C36_nyc_corr_ext,verified,computed 0.32; document agrees
2026-09-11T01:08:41+00:00,b158476b,claim,S18,C37_national_corr,verified,computed 0.9695; document agrees
2026-09-11T01:08:41+00:00,b158476b,claim,S18,C38_diallo_share,verified,computed 44%; document agrees
2026-09-11T01:08:41+00:00,b158476b,claim,S18,C40_nyc_top50_ann,verified,computed 18; document agrees
2026-09-11T01:08:41+00:00,b158476b,claim,S18,C41_nyc_base_rate,verified,computed 13.3%; document agrees
2026-09-11T01:08:41+00:00,b158476b,claim,S18,C42_nyc_conc,verified,computed 100%; document agrees
2026-09-11T01:08:47+00:00,c70ccc36,claim,S1,C01_ems_source_rows,verified,"computed 29,978,154; document agrees"
2026-09-11T01:08:47+00:00,c70ccc36,claim,S10,C02_registry_rows,verified,"computed 13,241; document agrees"
2026-09-11T01:08:47+00:00,c70ccc36,claim,S11,C03_wiki_start,verified,computed 2015-07-01; document agrees
2026-09-11T01:08:47+00:00,c70ccc36,claim,S16,C04_basket_articles,verified,computed 121; document agrees
2026-09-11T01:08:47+00:00,c70ccc36,claim,S16,C05_basket_people,verified,computed 111; document agrees
2026-09-11T01:08:47+00:00,c70ccc36,claim,S16,C06_basket_after_2020,verified,computed 24; document agrees
2026-09-11T01:08:47+00:00,c70ccc36,claim,S11,C07_scored_days,verified,"computed 3,472; document agrees"
2026-09-11T01:08:47+00:00,c70ccc36,claim,S11,C08_cai_ref_mean,verified,computed 0.000000; document agrees
2026-09-11T01:08:47+00:00,c70ccc36,claim,S11,C09_cai_ref_sd,verified,computed 1.000000; document agrees
2026-09-11T01:08:47+00:00,c70ccc36,claim,S1,C10_panel_rows,verified,"computed 89,857; document agrees"
2026-09-11T01:08:47+00:00,c70ccc36,claim,S1,C11_panel_districts,verified,computed 59; document agrees
2026-09-11T01:08:47+00:00,c70ccc36,claim,S1,C12_mean_edp_share,verified,computed 0.0856; document agrees
2026-09-11T01:08:47+00:00,c70ccc36,claim,S1,C13_mean_total_calls,verified,computed 65.9; document agrees
2026-09-11T01:08:47+00:00,c70ccc36,claim,S12,C14_trends_nyc_zero_all,verified,computed 42.6%; document agrees
2026-09-11T01:08:47+00:00,c70ccc36,claim,S12,C15_trends_nyc_zero_2020,verified,computed 26%; document agrees
2026-09-11T01:08:47+00:00,c70ccc36,claim,S12,C16_trends_nyc_zero_2024,verified,computed 71%; document agrees
2026-09-11T01:08:47+00:00,c70ccc36,claim,S17,C17_rename_views_recovered,verified,"computed 79,082,746; document agrees"
2026-09-11T01:08:47+00:00,c70ccc36,claim,S17,C18_rename_articles,verified,computed 106; document agrees
2026-09-11T01:08:47+00:00,c70ccc36,claim,S17,C19_rename_articles_total,verified,computed 127; document agrees
2026-09-11T01:08:47+00:00,c70ccc36,claim,S11,C20_episodes_frozen,verified,computed 70; document agrees
2026-09-11T01:08:47+00:00,c70ccc36,claim,S11,C21_episodes_rebuilt,verified,computed 75; document agrees
2026-09-11T01:08:47+00:00,c70ccc36,claim,S11,C22_episode_max_days,verified,computed 14; document agrees
2026-09-11T01:08:47+00:00,c70ccc36,claim,S11,C23_basket_usable,verified,computed 119; document agrees
2026-09-11T01:08:47+00:00,c70ccc36,claim,S15,C24_bheard_precincts,verified,computed 31; document agrees
2026-09-11T01:08:47+00:00,c70ccc36,claim,S15,C25_bheard_low_conf,verified,computed 17; document agrees
2026-09-11T01:08:47+00:00,c70ccc36,claim,-,C26_suite_checks,verified,computed 39; document agrees
2026-09-11T01:08:47+00:00,c70ccc36,claim,-,C28_audit_checks,verified,computed 46; document agrees
2026-09-11T01:08:47+00:00,c70ccc36,claim,-,C29_audit_flags,verified,computed 1; document agrees
2026-09-11T01:08:47+00:00,c70ccc36,claim,-,C30_sources_registered,verified,computed 19; document agrees
2026-09-11T01:08:47+00:00,c70ccc36,claim,S17,C31_start_lag_max,verified,computed 3; document agrees
2026-09-11T01:08:47+00:00,c70ccc36,claim,S17,C32_start_lag_articles,verified,computed 119; document agrees
2026-09-11T01:08:47+00:00,c70ccc36,claim,S17,C33_titles_dated,verified,computed 559; document agrees
2026-09-11T01:08:47+00:00,c70ccc36,claim,S18,C34_nyc_corr_us,mismatch,"computed -0.18, but the document does not say 'correlates **-0.18** with `trends_us`' (the surrounding wording is present, so the number differs)"
2026-09-11T01:08:47+00:00,c70ccc36,claim,S18,C35_nyc_corr_nyc,mismatch,"computed -0.12, but the document does not say 'and **-0.12** with `trends_nyc`' (the surrounding wording is present, so the number differs)"
2026-09-11T01:08:47+00:00,c70ccc36,claim,S18,C36_nyc_corr_ext,verified,computed 0.32; document agrees
2026-09-11T01:08:47+00:00,c70ccc36,claim,S18,C37_national_corr,verified,computed 0.9695; document agrees
2026-09-11T01:08:47+00:00,c70ccc36,claim,S18,C38_diallo_share,verified,computed 44%; document agrees
2026-09-11T01:08:47+00:00,c70ccc36,claim,S18,C40_nyc_top50_ann,verified,computed 18; document agrees
2026-09-11T01:08:47+00:00,c70ccc36,claim,S18,C41_nyc_base_rate,verified,computed 13.3%; document agrees
2026-09-11T01:08:47+00:00,c70ccc36,claim,S18,C42_nyc_conc,verified,computed 100%; document agrees
2026-09-11T01:09:02+00:00,6a5c7134,claim,S1,C01_ems_source_rows,verified,"computed 29,978,154; document agrees"
2026-09-11T01:09:02+00:00,6a5c7134,claim,S10,C02_registry_rows,verified,"computed 13,241; document agrees"
2026-09-11T01:09:02+00:00,6a5c7134,claim,S11,C03_wiki_start,verified,computed 2015-07-01; document agrees
2026-09-11T01:09:02+00:00,6a5c7134,claim,S16,C04_basket_articles,verified,computed 121; document agrees
2026-09-11T01:09:02+00:00,6a5c7134,claim,S16,C05_basket_people,verified,computed 111; document agrees
2026-09-11T01:09:02+00:00,6a5c7134,claim,S16,C06_basket_after_2020,verified,computed 24; document agrees
2026-09-11T01:09:02+00:00,6a5c7134,claim,S11,C07_scored_days,verified,"computed 3,472; document agrees"
2026-09-11T01:09:02+00:00,6a5c7134,claim,S11,C08_cai_ref_mean,verified,computed 0.000000; document agrees
2026-09-11T01:09:02+00:00,6a5c7134,claim,S11,C09_cai_ref_sd,verified,computed 1.000000; document agrees
2026-09-11T01:09:02+00:00,6a5c7134,claim,S1,C10_panel_rows,verified,"computed 89,857; document agrees"
2026-09-11T01:09:02+00:00,6a5c7134,claim,S1,C11_panel_districts,verified,computed 59; document agrees
2026-09-11T01:09:02+00:00,6a5c7134,claim,S1,C12_mean_edp_share,verified,computed 0.0856; document agrees
2026-09-11T01:09:02+00:00,6a5c7134,claim,S1,C13_mean_total_calls,verified,computed 65.9; document agrees
2026-09-11T01:09:02+00:00,6a5c7134,claim,S12,C14_trends_nyc_zero_all,verified,computed 42.6%; document agrees
2026-09-11T01:09:02+00:00,6a5c7134,claim,S12,C15_trends_nyc_zero_2020,verified,computed 26%; document agrees
2026-09-11T01:09:02+00:00,6a5c7134,claim,S12,C16_trends_nyc_zero_2024,verified,computed 71%; document agrees
2026-09-11T01:09:02+00:00,6a5c7134,claim,S17,C17_rename_views_recovered,verified,"computed 79,082,746; document agrees"
2026-09-11T01:09:02+00:00,6a5c7134,claim,S17,C18_rename_articles,verified,computed 106; document agrees
2026-09-11T01:09:02+00:00,6a5c7134,claim,S17,C19_rename_articles_total,verified,computed 127; document agrees
2026-09-11T01:09:02+00:00,6a5c7134,claim,S11,C20_episodes_frozen,verified,computed 70; document agrees
2026-09-11T01:09:02+00:00,6a5c7134,claim,S11,C21_episodes_rebuilt,verified,computed 75; document agrees
2026-09-11T01:09:02+00:00,6a5c7134,claim,S11,C22_episode_max_days,verified,computed 14; document agrees
2026-09-11T01:09:02+00:00,6a5c7134,claim,S11,C23_basket_usable,verified,computed 119; document agrees
2026-09-11T01:09:02+00:00,6a5c7134,claim,S15,C24_bheard_precincts,verified,computed 31; document agrees
2026-09-11T01:09:02+00:00,6a5c7134,claim,S15,C25_bheard_low_conf,verified,computed 17; document agrees
2026-09-11T01:09:02+00:00,6a5c7134,claim,-,C26_suite_checks,verified,computed 39; document agrees
2026-09-11T01:09:02+00:00,6a5c7134,claim,-,C28_audit_checks,verified,computed 46; document agrees
2026-09-11T01:09:02+00:00,6a5c7134,claim,-,C29_audit_flags,verified,computed 1; document agrees
2026-09-11T01:09:02+00:00,6a5c7134,claim,-,C30_sources_registered,verified,computed 19; document agrees
2026-09-11T01:09:02+00:00,6a5c7134,claim,S17,C31_start_lag_max,verified,computed 3; document agrees
2026-09-11T01:09:02+00:00,6a5c7134,claim,S17,C32_start_lag_articles,verified,computed 119; document agrees
2026-09-11T01:09:02+00:00,6a5c7134,claim,S17,C33_titles_dated,verified,computed 559; document agrees
2026-09-11T01:09:02+00:00,6a5c7134,claim,S18,C34_nyc_corr_us,verified,computed -0.18; document agrees
2026-09-11T01:09:02+00:00,6a5c7134,claim,S18,C35_nyc_corr_nyc,verified,computed -0.12; document agrees
2026-09-11T01:09:02+00:00,6a5c7134,claim,S18,C36_nyc_corr_ext,verified,computed 0.32; document agrees
2026-09-11T01:09:02+00:00,6a5c7134,claim,S18,C37_national_corr,verified,computed 0.9695; document agrees
2026-09-11T01:09:02+00:00,6a5c7134,claim,S18,C38_diallo_share,verified,computed 44%; document agrees
2026-09-11T01:09:02+00:00,6a5c7134,claim,S18,C40_nyc_top50_ann,verified,computed 18; document agrees
2026-09-11T01:09:02+00:00,6a5c7134,claim,S18,C41_nyc_base_rate,verified,computed 13.3%; document agrees
2026-09-11T01:09:02+00:00,6a5c7134,claim,S18,C42_nyc_conc,verified,computed 100%; document agrees
2026-09-11T01:24:51+00:00,0c81640d,claim,S1,C01_ems_source_rows,verified,"computed 29,978,154; document agrees"
2026-09-11T01:24:51+00:00,0c81640d,claim,S10,C02_registry_rows,verified,"computed 13,241; document agrees"
2026-09-11T01:24:51+00:00,0c81640d,claim,S11,C03_wiki_start,verified,computed 2015-07-01; document agrees
2026-09-11T01:24:51+00:00,0c81640d,claim,S16,C04_basket_articles,verified,computed 121; document agrees
2026-09-11T01:24:51+00:00,0c81640d,claim,S16,C05_basket_people,verified,computed 111; document agrees
2026-09-11T01:24:51+00:00,0c81640d,claim,S16,C06_basket_after_2020,verified,computed 24; document agrees
2026-09-11T01:24:51+00:00,0c81640d,claim,S11,C07_scored_days,verified,"computed 3,472; document agrees"
2026-09-11T01:24:51+00:00,0c81640d,claim,S11,C08_cai_ref_mean,verified,computed 0.000000; document agrees
2026-09-11T01:24:51+00:00,0c81640d,claim,S11,C09_cai_ref_sd,verified,computed 1.000000; document agrees
2026-09-11T01:24:51+00:00,0c81640d,claim,S1,C10_panel_rows,verified,"computed 89,857; document agrees"
2026-09-11T01:24:51+00:00,0c81640d,claim,S1,C11_panel_districts,verified,computed 59; document agrees
2026-09-11T01:24:51+00:00,0c81640d,claim,S1,C12_mean_edp_share,verified,computed 0.0856; document agrees
2026-09-11T01:24:51+00:00,0c81640d,claim,S1,C13_mean_total_calls,verified,computed 65.9; document agrees
2026-09-11T01:24:51+00:00,0c81640d,claim,S12,C14_trends_nyc_zero_all,verified,computed 42.6%; document agrees
2026-09-11T01:24:51+00:00,0c81640d,claim,S12,C15_trends_nyc_zero_2020,verified,computed 26%; document agrees
2026-09-11T01:24:51+00:00,0c81640d,claim,S12,C16_trends_nyc_zero_2024,verified,computed 71%; document agrees
2026-09-11T01:24:51+00:00,0c81640d,claim,S17,C17_rename_views_recovered,verified,"computed 79,082,746; document agrees"
2026-09-11T01:24:51+00:00,0c81640d,claim,S17,C18_rename_articles,verified,computed 106; document agrees
2026-09-11T01:24:51+00:00,0c81640d,claim,S17,C19_rename_articles_total,verified,computed 127; document agrees
2026-09-11T01:24:51+00:00,0c81640d,claim,S11,C20_episodes_frozen,verified,computed 70; document agrees
2026-09-11T01:24:51+00:00,0c81640d,claim,S11,C21_episodes_rebuilt,verified,computed 75; document agrees
2026-09-11T01:24:51+00:00,0c81640d,claim,S11,C22_episode_max_days,verified,computed 14; document agrees
2026-09-11T01:24:51+00:00,0c81640d,claim,S11,C23_basket_usable,verified,computed 119; document agrees
2026-09-11T01:24:51+00:00,0c81640d,claim,S15,C24_bheard_precincts,verified,computed 31; document agrees
2026-09-11T01:24:51+00:00,0c81640d,claim,S15,C25_bheard_low_conf,verified,computed 17; document agrees
2026-09-11T01:24:51+00:00,0c81640d,claim,-,C26_suite_checks,mismatch,"computed 43, but the document does not say 'check — **43 checks** at present.' (the surrounding wording is present, so the number differs)"
2026-09-11T01:24:51+00:00,0c81640d,claim,-,C28_audit_checks,verified,computed 46; document agrees
2026-09-11T01:24:51+00:00,0c81640d,claim,-,C29_audit_flags,verified,computed 1; document agrees
2026-09-11T01:24:51+00:00,0c81640d,claim,-,C30_sources_registered,verified,computed 19; document agrees
2026-09-11T01:24:51+00:00,0c81640d,claim,S17,C31_start_lag_max,verified,computed 3; document agrees
2026-09-11T01:24:51+00:00,0c81640d,claim,S17,C32_start_lag_articles,verified,computed 119; document agrees
2026-09-11T01:24:51+00:00,0c81640d,claim,S17,C33_titles_dated,verified,computed 559; document agrees
2026-09-11T01:24:51+00:00,0c81640d,claim,S18,C37_national_corr,verified,computed 0.9695; document agrees
2026-09-11T01:24:51+00:00,0c81640d,claim,S18,C34_nyc_corr_ext,verified,computed 0.54; document agrees
2026-09-11T01:24:51+00:00,0c81640d,claim,S18,C35_nyc_corr_us,verified,computed 0.62; document agrees
2026-09-11T01:24:51+00:00,0c81640d,claim,S18,C36_nyc_articles,verified,computed 7; document agrees
2026-09-11T01:24:51+00:00,0c81640d,claim,S18,C38_nyc_overlap,verified,computed 67%; document agrees
2026-09-11T01:24:51+00:00,0c81640d,claim,S18,C40_nyc_garner,verified,computed 61%; document agrees
2026-09-11T01:24:51+00:00,0c81640d,claim,S18,C41_nyc_disjoint,verified,computed 4; document agrees
2026-09-11T01:24:51+00:00,0c81640d,claim,S18,C42_nyc_r2,verified,computed 0.454; document agrees
2026-09-11T01:24:51+00:00,0c81640d,claim,S18,C43_nyc_resid,verified,computed 8; document agrees
2026-09-11T01:24:51+00:00,0c81640d,claim,S18,C44_national_corr,verified,computed 0.9695; document agrees
2026-09-11T01:41:12+00:00,78b8feb2,claim,S1,C01_ems_source_rows,verified,"computed 29,978,154; document agrees"
2026-09-11T01:41:12+00:00,78b8feb2,claim,S10,C02_registry_rows,verified,"computed 13,241; document agrees"
2026-09-11T01:41:12+00:00,78b8feb2,claim,S11,C03_wiki_start,verified,computed 2015-07-01; document agrees
2026-09-11T01:41:12+00:00,78b8feb2,claim,S16,C04_basket_articles,verified,computed 121; document agrees
2026-09-11T01:41:12+00:00,78b8feb2,claim,S16,C05_basket_people,verified,computed 111; document agrees
2026-09-11T01:41:12+00:00,78b8feb2,claim,S16,C06_basket_after_2020,verified,computed 24; document agrees
2026-09-11T01:41:12+00:00,78b8feb2,claim,S11,C07_scored_days,verified,"computed 3,472; document agrees"
2026-09-11T01:41:12+00:00,78b8feb2,claim,S11,C08_cai_ref_mean,verified,computed 0.000000; document agrees
2026-09-11T01:41:12+00:00,78b8feb2,claim,S11,C09_cai_ref_sd,verified,computed 1.000000; document agrees
2026-09-11T01:41:12+00:00,78b8feb2,claim,S1,C10_panel_rows,verified,"computed 89,857; document agrees"
2026-09-11T01:41:12+00:00,78b8feb2,claim,S1,C11_panel_districts,verified,computed 59; document agrees
2026-09-11T01:41:12+00:00,78b8feb2,claim,S1,C12_mean_edp_share,verified,computed 0.0856; document agrees
2026-09-11T01:41:12+00:00,78b8feb2,claim,S1,C13_mean_total_calls,verified,computed 65.9; document agrees
2026-09-11T01:41:12+00:00,78b8feb2,claim,S12,C14_trends_nyc_zero_all,verified,computed 42.6%; document agrees
2026-09-11T01:41:12+00:00,78b8feb2,claim,S12,C15_trends_nyc_zero_2020,verified,computed 26%; document agrees
2026-09-11T01:41:12+00:00,78b8feb2,claim,S12,C16_trends_nyc_zero_2024,verified,computed 71%; document agrees
2026-09-11T01:41:12+00:00,78b8feb2,claim,S17,C17_rename_views_recovered,verified,"computed 79,082,746; document agrees"
2026-09-11T01:41:12+00:00,78b8feb2,claim,S17,C18_rename_articles,verified,computed 106; document agrees
2026-09-11T01:41:12+00:00,78b8feb2,claim,S17,C19_rename_articles_total,verified,computed 127; document agrees
2026-09-11T01:41:12+00:00,78b8feb2,claim,S11,C20_episodes_frozen,verified,computed 70; document agrees
2026-09-11T01:41:12+00:00,78b8feb2,claim,S11,C21_episodes_rebuilt,verified,computed 75; document agrees
2026-09-11T01:41:12+00:00,78b8feb2,claim,S11,C22_episode_max_days,verified,computed 14; document agrees
2026-09-11T01:41:12+00:00,78b8feb2,claim,S11,C23_basket_usable,verified,computed 119; document agrees
2026-09-11T01:41:12+00:00,78b8feb2,claim,S15,C24_bheard_precincts,verified,computed 31; document agrees
2026-09-11T01:41:12+00:00,78b8feb2,claim,S15,C25_bheard_low_conf,verified,computed 17; document agrees
2026-09-11T01:41:12+00:00,78b8feb2,claim,-,C26_suite_checks,mismatch,"computed 45, but the document does not say 'check — **45 checks** at present.' (the surrounding wording is present, so the number differs)"
2026-09-11T01:41:12+00:00,78b8feb2,claim,-,C28_audit_checks,verified,computed 46; document agrees
2026-09-11T01:41:12+00:00,78b8feb2,claim,-,C29_audit_flags,verified,computed 1; document agrees
2026-09-11T01:41:12+00:00,78b8feb2,claim,-,C30_sources_registered,verified,computed 19; document agrees
2026-09-11T01:41:12+00:00,78b8feb2,claim,S17,C31_start_lag_max,verified,computed 3; document agrees
2026-09-11T01:41:12+00:00,78b8feb2,claim,S17,C32_start_lag_articles,verified,computed 119; document agrees
2026-09-11T01:41:12+00:00,78b8feb2,claim,S17,C33_titles_dated,verified,computed 559; document agrees
2026-09-11T01:41:12+00:00,78b8feb2,claim,S18,C37_national_corr,verified,computed 0.9695; document agrees
2026-09-11T01:41:12+00:00,78b8feb2,claim,S18,C34_nyc_corr_ext,mismatch,"computed 0.54, but the document does not say 'correlates **0.54** with `wiki_ext`' (the surrounding wording is present, so the number differs)"
2026-09-11T01:41:12+00:00,78b8feb2,claim,S18,C35_nyc_corr_us,verified,computed 0.62; document agrees
2026-09-11T01:41:12+00:00,78b8feb2,claim,S18,C36_nyc_articles,verified,computed 11; document agrees
2026-09-11T01:41:12+00:00,78b8feb2,claim,S18,C38_nyc_overlap,verified,computed 59%; document agrees
2026-09-11T01:41:12+00:00,78b8feb2,claim,S18,C40_nyc_garner,verified,computed 53%; document agrees
2026-09-11T01:41:12+00:00,78b8feb2,claim,S18,C41_nyc_disjoint,verified,computed 8; document agrees
2026-09-11T01:41:12+00:00,78b8feb2,claim,S18,C42_nyc_r2,verified,computed 0.454; document agrees
2026-09-11T01:41:12+00:00,78b8feb2,claim,S18,C43_nyc_resid,verified,computed 6; document agrees
2026-09-11T01:41:12+00:00,78b8feb2,claim,S18,C44_national_corr,verified,computed 0.9695; document agrees
2026-09-11T01:41:12+00:00,78b8feb2,claim,S18,C45_nyc_disjoint_year,verified,computed 2012; document agrees
2026-09-11T01:41:19+00:00,95ba7224,claim,S1,C01_ems_source_rows,verified,"computed 29,978,154; document agrees"
2026-09-11T01:41:19+00:00,95ba7224,claim,S10,C02_registry_rows,verified,"computed 13,241; document agrees"
2026-09-11T01:41:19+00:00,95ba7224,claim,S11,C03_wiki_start,verified,computed 2015-07-01; document agrees
2026-09-11T01:41:19+00:00,95ba7224,claim,S16,C04_basket_articles,verified,computed 121; document agrees
2026-09-11T01:41:19+00:00,95ba7224,claim,S16,C05_basket_people,verified,computed 111; document agrees
2026-09-11T01:41:19+00:00,95ba7224,claim,S16,C06_basket_after_2020,verified,computed 24; document agrees
2026-09-11T01:41:19+00:00,95ba7224,claim,S11,C07_scored_days,verified,"computed 3,472; document agrees"
2026-09-11T01:41:19+00:00,95ba7224,claim,S11,C08_cai_ref_mean,verified,computed 0.000000; document agrees
2026-09-11T01:41:19+00:00,95ba7224,claim,S11,C09_cai_ref_sd,verified,computed 1.000000; document agrees
2026-09-11T01:41:19+00:00,95ba7224,claim,S1,C10_panel_rows,verified,"computed 89,857; document agrees"
2026-09-11T01:41:19+00:00,95ba7224,claim,S1,C11_panel_districts,verified,computed 59; document agrees
2026-09-11T01:41:19+00:00,95ba7224,claim,S1,C12_mean_edp_share,verified,computed 0.0856; document agrees
2026-09-11T01:41:19+00:00,95ba7224,claim,S1,C13_mean_total_calls,verified,computed 65.9; document agrees
2026-09-11T01:41:19+00:00,95ba7224,claim,S12,C14_trends_nyc_zero_all,verified,computed 42.6%; document agrees
2026-09-11T01:41:19+00:00,95ba7224,claim,S12,C15_trends_nyc_zero_2020,verified,computed 26%; document agrees
2026-09-11T01:41:19+00:00,95ba7224,claim,S12,C16_trends_nyc_zero_2024,verified,computed 71%; document agrees
2026-09-11T01:41:19+00:00,95ba7224,claim,S17,C17_rename_views_recovered,verified,"computed 79,082,746; document agrees"
2026-09-11T01:41:19+00:00,95ba7224,claim,S17,C18_rename_articles,verified,computed 106; document agrees
2026-09-11T01:41:19+00:00,95ba7224,claim,S17,C19_rename_articles_total,verified,computed 127; document agrees
2026-09-11T01:41:19+00:00,95ba7224,claim,S11,C20_episodes_frozen,verified,computed 70; document agrees
2026-09-11T01:41:19+00:00,95ba7224,claim,S11,C21_episodes_rebuilt,verified,computed 75; document agrees
2026-09-11T01:41:19+00:00,95ba7224,claim,S11,C22_episode_max_days,verified,computed 14; document agrees
2026-09-11T01:41:19+00:00,95ba7224,claim,S11,C23_basket_usable,verified,computed 119; document agrees
2026-09-11T01:41:19+00:00,95ba7224,claim,S15,C24_bheard_precincts,verified,computed 31; document agrees
2026-09-11T01:41:19+00:00,95ba7224,claim,S15,C25_bheard_low_conf,verified,computed 17; document agrees
2026-09-11T01:41:19+00:00,95ba7224,claim,-,C26_suite_checks,mismatch,"computed 45, but the document does not say 'check — **45 checks** at present.' (the surrounding wording is present, so the number differs)"
2026-09-11T01:41:19+00:00,95ba7224,claim,-,C28_audit_checks,verified,computed 46; document agrees
2026-09-11T01:41:19+00:00,95ba7224,claim,-,C29_audit_flags,verified,computed 1; document agrees
2026-09-11T01:41:19+00:00,95ba7224,claim,-,C30_sources_registered,verified,computed 19; document agrees
2026-09-11T01:41:19+00:00,95ba7224,claim,S17,C31_start_lag_max,verified,computed 3; document agrees
2026-09-11T01:41:19+00:00,95ba7224,claim,S17,C32_start_lag_articles,verified,computed 119; document agrees
2026-09-11T01:41:19+00:00,95ba7224,claim,S17,C33_titles_dated,verified,computed 559; document agrees
2026-09-11T01:41:19+00:00,95ba7224,claim,S18,C37_national_corr,verified,computed 0.9695; document agrees
2026-09-11T01:41:19+00:00,95ba7224,claim,S18,C34_nyc_corr_ext,mismatch,"computed 0.54, but the document does not say 'correlates **0.54** with `wiki_ext`' (the surrounding wording is present, so the number differs)"
2026-09-11T01:41:19+00:00,95ba7224,claim,S18,C35_nyc_corr_us,verified,computed 0.62; document agrees
2026-09-11T01:41:19+00:00,95ba7224,claim,S18,C36_nyc_articles,verified,computed 11; document agrees
2026-09-11T01:41:19+00:00,95ba7224,claim,S18,C38_nyc_overlap,verified,computed 59%; document agrees
2026-09-11T01:41:19+00:00,95ba7224,claim,S18,C40_nyc_garner,verified,computed 53%; document agrees
2026-09-11T01:41:19+00:00,95ba7224,claim,S18,C41_nyc_disjoint,verified,computed 8; document agrees
2026-09-11T01:41:19+00:00,95ba7224,claim,S18,C42_nyc_r2,verified,computed 0.454; document agrees
2026-09-11T01:41:19+00:00,95ba7224,claim,S18,C43_nyc_resid,verified,computed 6; document agrees
2026-09-11T01:41:19+00:00,95ba7224,claim,S18,C44_national_corr,verified,computed 0.9695; document agrees
2026-09-11T01:41:19+00:00,95ba7224,claim,S18,C45_nyc_disjoint_year,verified,computed 2012; document agrees
2026-09-11T01:41:30+00:00,55e75a43,claim,S1,C01_ems_source_rows,verified,"computed 29,978,154; document agrees"
2026-09-11T01:41:30+00:00,55e75a43,claim,S10,C02_registry_rows,verified,"computed 13,241; document agrees"
2026-09-11T01:41:30+00:00,55e75a43,claim,S11,C03_wiki_start,verified,computed 2015-07-01; document agrees
2026-09-11T01:41:30+00:00,55e75a43,claim,S16,C04_basket_articles,verified,computed 121; document agrees
2026-09-11T01:41:30+00:00,55e75a43,claim,S16,C05_basket_people,verified,computed 111; document agrees
2026-09-11T01:41:30+00:00,55e75a43,claim,S16,C06_basket_after_2020,verified,computed 24; document agrees
2026-09-11T01:41:30+00:00,55e75a43,claim,S11,C07_scored_days,verified,"computed 3,472; document agrees"
2026-09-11T01:41:30+00:00,55e75a43,claim,S11,C08_cai_ref_mean,verified,computed 0.000000; document agrees
2026-09-11T01:41:30+00:00,55e75a43,claim,S11,C09_cai_ref_sd,verified,computed 1.000000; document agrees
2026-09-11T01:41:30+00:00,55e75a43,claim,S1,C10_panel_rows,verified,"computed 89,857; document agrees"
2026-09-11T01:41:30+00:00,55e75a43,claim,S1,C11_panel_districts,verified,computed 59; document agrees
2026-09-11T01:41:30+00:00,55e75a43,claim,S1,C12_mean_edp_share,verified,computed 0.0856; document agrees
2026-09-11T01:41:30+00:00,55e75a43,claim,S1,C13_mean_total_calls,verified,computed 65.9; document agrees
2026-09-11T01:41:30+00:00,55e75a43,claim,S12,C14_trends_nyc_zero_all,verified,computed 42.6%; document agrees
2026-09-11T01:41:30+00:00,55e75a43,claim,S12,C15_trends_nyc_zero_2020,verified,computed 26%; document agrees
2026-09-11T01:41:30+00:00,55e75a43,claim,S12,C16_trends_nyc_zero_2024,verified,computed 71%; document agrees
2026-09-11T01:41:30+00:00,55e75a43,claim,S17,C17_rename_views_recovered,verified,"computed 79,082,746; document agrees"
2026-09-11T01:41:30+00:00,55e75a43,claim,S17,C18_rename_articles,verified,computed 106; document agrees
2026-09-11T01:41:30+00:00,55e75a43,claim,S17,C19_rename_articles_total,verified,computed 127; document agrees
2026-09-11T01:41:30+00:00,55e75a43,claim,S11,C20_episodes_frozen,verified,computed 70; document agrees
2026-09-11T01:41:30+00:00,55e75a43,claim,S11,C21_episodes_rebuilt,verified,computed 75; document agrees
2026-09-11T01:41:30+00:00,55e75a43,claim,S11,C22_episode_max_days,verified,computed 14; document agrees
2026-09-11T01:41:30+00:00,55e75a43,claim,S11,C23_basket_usable,verified,computed 119; document agrees
2026-09-11T01:41:30+00:00,55e75a43,claim,S15,C24_bheard_precincts,verified,computed 31; document agrees
2026-09-11T01:41:30+00:00,55e75a43,claim,S15,C25_bheard_low_conf,verified,computed 17; document agrees
2026-09-11T01:41:30+00:00,55e75a43,claim,-,C26_suite_checks,verified,computed 45; document agrees
2026-09-11T01:41:30+00:00,55e75a43,claim,-,C28_audit_checks,verified,computed 46; document agrees
2026-09-11T01:41:30+00:00,55e75a43,claim,-,C29_audit_flags,verified,computed 1; document agrees
2026-09-11T01:41:30+00:00,55e75a43,claim,-,C30_sources_registered,verified,computed 19; document agrees
2026-09-11T01:41:30+00:00,55e75a43,claim,S17,C31_start_lag_max,verified,computed 3; document agrees
2026-09-11T01:41:30+00:00,55e75a43,claim,S17,C32_start_lag_articles,verified,computed 119; document agrees
2026-09-11T01:41:30+00:00,55e75a43,claim,S17,C33_titles_dated,verified,computed 559; document agrees
2026-09-11T01:41:30+00:00,55e75a43,claim,S18,C37_national_corr,verified,computed 0.9695; document agrees
2026-09-11T01:41:30+00:00,55e75a43,claim,S18,C34_nyc_corr_ext,verified,computed 0.54; document agrees
2026-09-11T01:41:30+00:00,55e75a43,claim,S18,C35_nyc_corr_us,verified,computed 0.62; document agrees
2026-09-11T01:41:30+00:00,55e75a43,claim,S18,C36_nyc_articles,verified,computed 11; document agrees
2026-09-11T01:41:30+00:00,55e75a43,claim,S18,C38_nyc_overlap,verified,computed 59%; document agrees
2026-09-11T01:41:30+00:00,55e75a43,claim,S18,C40_nyc_garner,verified,computed 53%; document agrees
2026-09-11T01:41:30+00:00,55e75a43,claim,S18,C41_nyc_disjoint,verified,computed 8; document agrees
2026-09-11T01:41:30+00:00,55e75a43,claim,S18,C42_nyc_r2,verified,computed 0.454; document agrees
2026-09-11T01:41:30+00:00,55e75a43,claim,S18,C43_nyc_resid,verified,computed 6; document agrees
2026-09-11T01:41:30+00:00,55e75a43,claim,S18,C44_national_corr,verified,computed 0.9695; document agrees
2026-09-11T01:41:30+00:00,55e75a43,claim,S18,C45_nyc_disjoint_year,verified,computed 2012; document agrees
2026-09-11T01:41:43+00:00,7d25afec,link,S1,https://data.cityofnewyork.us/resource/76xm-jjuj.csv,verified,HEAD 200 text/csv; charset=UTF-8
2026-09-11T01:41:43+00:00,7d25afec,link,S1b,https://data.cityofnewyork.us/resource/76xm-jjuj.csv,verified,HEAD 200 text/csv; charset=UTF-8
2026-09-11T01:41:43+00:00,7d25afec,link,S2,(none),unverifiable,no endpoint: not obtained over the network
2026-09-11T01:41:43+00:00,7d25afec,link,S3,(none),unverifiable,no endpoint: not obtained over the network
2026-09-11T01:41:43+00:00,7d25afec,link,S4,https://github.com/washingtonpost/data-police-shootings,unreachable,"GET HTTP 403 Forbidden - our access, not necessarily the resource (egress policy?)"
2026-09-11T01:41:43+00:00,7d25afec,link,S5,(none),template,no endpoint: not obtained over the network
2026-09-11T01:41:43+00:00,7d25afec,link,S6,(none),template,no endpoint: not obtained over the network
2026-09-11T01:41:43+00:00,7d25afec,link,S7,https://s-media.nyc.gov/agencies/dcp/assets/files/excel/data-tools/census/acs/demo_2019_acs5yr_nta.xlsx,verified,HEAD 200 application/vnd.openxmlformats-officedocument.spreadsheetml.sheet
2026-09-11T01:41:43+00:00,7d25afec,link,S8,https://wikimedia.org/api/rest_v1/metrics/pageviews/per-article/,verified,HEAD 200 application/json; charset=utf-8 (probe https://wikimedia.org/api/rest_v1/metrics/pageviews/per-article/en.wikipedia/all-access/user/Killing_of_George_Floyd/daily/20200525/20200601)
2026-09-11T01:41:43+00:00,7d25afec,link,S9,https://en.wikipedia.org/api/rest_v1/page/summary/,verified,"HEAD 200 application/json; charset=utf-8; profile=""https://www.mediawiki.org/wiki/Specs/Summary/1.5.0"" (probe https://en.wikipedia.org/api/rest_v1/page/summary/Killing_of_George_Floyd)"
2026-09-11T01:41:43+00:00,7d25afec,link,S10,https://mappingpoliceviolence.us/s/MPVDatasetDownload.xlsx,verified,HEAD 200 application/vnd.openxmlformats-officedocument.spreadsheetml.sheet -> https://static1.squarespace.com/static/54ecf211e4b0ed744420c5b6/t/6a8a0f4b345aa5414009c041/1787432779239/MPVDatasetDownload.xlsx
2026-09-11T01:41:43+00:00,7d25afec,link,S11,https://api.gdeltproject.org/api/v2/doc/doc,unreachable,rate limited (HTTP 429) after 3 attempts - not a verdict on the endpoint
2026-09-11T01:41:43+00:00,7d25afec,link,S11,https://api.gdeltproject.org/api/v2/tv/tv,verified,HEAD 200 text/html; charset=utf-8 (probe https://api.gdeltproject.org/api/v2/tv/tv?query=%22police+brutality%22&mode=timelinevol&format=json&datanorm=perc&datacomb=sep&startdatetime=20200525000000&enddatetime=20200601000000)
2026-09-11T01:41:43+00:00,7d25afec,link,S11,https://wikimedia.org/api/rest_v1/metrics/pageviews/per-article/,verified,HEAD 200 application/json; charset=utf-8 (probe https://wikimedia.org/api/rest_v1/metrics/pageviews/per-article/en.wikipedia/all-access/user/Killing_of_George_Floyd/daily/20200525/20200601)
2026-09-11T01:41:43+00:00,7d25afec,link,S12,https://trends.google.com,verified,HEAD 200 text/html; charset=utf-8 -> https://trends.google.com/trends/
2026-09-11T01:41:43+00:00,7d25afec,link,S13,https://trends.google.com,verified,HEAD 200 text/html; charset=utf-8 -> https://trends.google.com/trends/
2026-09-11T01:41:43+00:00,7d25afec,link,S14,https://data.cityofnewyork.us/resource/76xm-jjuj.json,verified,HEAD 200 application/json;charset=utf-8
2026-09-11T01:41:43+00:00,7d25afec,link,S15,https://mentalhealth.cityofnewyork.us/b-heard,verified,HEAD 200 text/html; charset=UTF-8
2026-09-11T01:41:43+00:00,7d25afec,link,S16,https://query.wikidata.org/sparql,verified,HEAD 200 application/sparql-results+json;charset=utf-8 (probe https://query.wikidata.org/sparql?format=json&query=SELECT%20%3Fd%20WHERE%20%7B%20wd%3AQ93544244%20wdt%3AP570%20%3Fd%20%7D)
2026-09-11T01:41:43+00:00,7d25afec,link,S17,https://en.wikipedia.org/w/api.php,verified,HEAD 200 application/json; charset=utf-8 (probe https://en.wikipedia.org/w/api.php?action=query&format=json&prop=redirects&rdlimit=max&titles=Killing%20of%20George%20Floyd)
2026-09-11T01:41:43+00:00,7d25afec,link,S18,https://en.wikipedia.org/w/api.php,verified,HEAD 200 application/json; charset=utf-8 (probe https://en.wikipedia.org/w/api.php?action=query&format=json&list=categorymembers&cmtitle=Category%3ADeaths%20by%20law%20enforcement%20in%20New%20York%20(state)&cmlimit=5)
2026-09-11T01:41:43+00:00,7d25afec,link,S18,https://wikimedia.org/api/rest_v1/metrics/pageviews/per-article/,verified,HEAD 200 application/json; charset=utf-8 (probe https://wikimedia.org/api/rest_v1/metrics/pageviews/per-article/en.wikipedia/all-access/user/Killing_of_George_Floyd/daily/20200525/20200601)
2026-09-11T01:41:43+00:00,7d25afec,artifact,S1,data/processed/ems_cd_day_calltype.parquet,verified,"sha256 6247a7239559f930, 4,876,509 rows, 2014-12-01..2024-12-31; not registered in data_sources.csv"
2026-09-11T01:41:43+00:00,7d25afec,artifact,S1,data/processed/ems_citywide_day_trends.parquet,verified,"sha256 33c8850350f90ab3, 39,037 rows, 2005-01-01..2026-06-30; not registered in data_sources.csv"
2026-09-11T01:41:43+00:00,7d25afec,artifact,S1b,data/processed/ems_cd_day_calltype.parquet,verified,"sha256 6247a7239559f930, 4,876,509 rows, 2014-12-01..2024-12-31; matches the provenance register"
2026-09-11T01:41:43+00:00,7d25afec,artifact,S2,data/raw/211118_tweet_count_name_date.csv,unverifiable,"artifact absent, and the source is unverifiable"
2026-09-11T01:41:43+00:00,7d25afec,artifact,S3,data/raw/220126_final_daily_tweet_count.csv,unverifiable,"artifact absent, and the source is unverifiable"
2026-09-11T01:41:43+00:00,7d25afec,artifact,S4,data/raw/fatalpoliceshootingsCLEANED.csv,unverifiable,"artifact absent, and the source is retired"
2026-09-11T01:41:43+00:00,7d25afec,artifact,S5,data/raw/sf1_dp_cd_demoprofile.xlsx,verified,"sha256 20459df2681c751b, unreadable: UnicodeDecodeError; not registered in data_sources.csv"
2026-09-11T01:41:43+00:00,7d25afec,artifact,S6,data/reference/victim_curation_table.csv,verified,"sha256 75e6bea4243eebe7, 101 rows, 2013-05-24..2020-10-20; not registered in data_sources.csv"
2026-09-11T01:41:43+00:00,7d25afec,artifact,S7,data/reference/acs_2019_cd_demographics.csv,verified,"sha256 210ec18a067b7f5d, 59 rows; register holds a payload hash only"
2026-09-11T01:41:43+00:00,7d25afec,artifact,S8,data/reference/wikipedia_pageviews_victims.csv,verified,"sha256 e1e88d7d93c69631, 25,211 rows, 2017-01-01..2020-12-31; provenance register is stale and cannot be refreshed — accepted 2026-09-10: Neither registered hash matches this file, and it cannot be re-registered by re-running its fetch: 09_fetch_public_data.py selects this basket from the retired Twitter per-victim file (S2), which is not in the repository and cannot be reconstructed. The bytes ac"
2026-09-11T01:41:43+00:00,7d25afec,artifact,S9,data/reference/wikipedia_article_resolution.csv,verified,"sha256 8c587914076bb844, 121 rows; not registered in data_sources.csv"
2026-09-11T01:41:43+00:00,7d25afec,artifact,S10,data/reference/victim_registry.csv,verified,"sha256 13f3fbcfe5298589, 13,241 rows, 2013-01-01..2024-12-31; register holds a payload hash only"
2026-09-11T01:41:43+00:00,7d25afec,artifact,S11,data/reference/cai_components_daily.csv,verified,"sha256 dbb89a5aa3380194, 9,232 rows, 2015-01-01..2024-12-31; matches the provenance register"
2026-09-11T01:41:43+00:00,7d25afec,artifact,S11,data/reference/wiki_ext_basket_used.csv,verified,"sha256 0cffc9013f1382d2, 121 rows; not registered in data_sources.csv"
2026-09-11T01:41:43+00:00,7d25afec,artifact,S11,data/reference/wiki_ext_aggregation_diagnostic.csv,verified,"sha256 a8ea321b5a7319b8, 3,472 rows, 2015-07-01..2024-12-31; not registered in data_sources.csv"
2026-09-11T01:41:43+00:00,7d25afec,artifact,S12,data/reference/cai_trends_daily.csv,verified,"sha256 f18c11eb209350bd, 7,306 rows, 2015-01-01..2024-12-31; matches the provenance register"
2026-09-11T01:41:43+00:00,7d25afec,artifact,S12,data/reference/cai_trends_stitch_diagnostics.csv,verified,"sha256 a79bdc97be843bd6, 58 rows; not registered in data_sources.csv"
2026-09-11T01:41:43+00:00,7d25afec,artifact,S13,data/reference/cai_trends_anchored.csv,unverifiable,"artifact absent, and the source is retired"
2026-09-11T01:41:43+00:00,7d25afec,artifact,S14,data/reference/precinct_cd_crosswalk.csv,verified,"sha256 4c519dc6e115d562, 131 rows; matches the provenance register"
2026-09-11T01:41:43+00:00,7d25afec,artifact,S15,data/reference/bheard_precinct_adoption.csv,verified,"sha256 b7627d01221e5159, 31 rows; matches the provenance register"
2026-09-11T01:41:43+00:00,7d25afec,artifact,S15,data/reference/bheard_cd_exposure.csv,verified,"sha256 c387a640fc425626, 74 rows; not registered in data_sources.csv"
2026-09-11T01:41:43+00:00,7d25afec,artifact,S16,data/reference/basket_decisions.csv,verified,"sha256 c2ca055d09357245, 161 rows, 1958-04-25..2024-09-19; not registered in data_sources.csv"
2026-09-11T01:41:43+00:00,7d25afec,artifact,S17,data/reference/article_title_map.csv,verified,"sha256 0a27b6dc42d3853a, 559 rows; not registered in data_sources.csv"
2026-09-11T01:41:43+00:00,7d25afec,artifact,S17,outputs/tables/rename_recovery.csv,verified,"sha256 bdacd2e6adb24ce9, 127 rows; not registered in data_sources.csv"
2026-09-11T01:41:43+00:00,7d25afec,artifact,S18,data/reference/wiki_nyc_articles.csv,verified,"sha256 abb0d075af0e382f, 501 rows; not registered in data_sources.csv"
2026-09-11T01:41:43+00:00,7d25afec,artifact,S18,data/reference/wiki_nyc_daily.csv,verified,"sha256 1ebfe7c1bcd158d2, 6,944 rows, 2015-07-01..2024-12-31; matches the provenance register"
2026-09-11T01:41:43+00:00,7d25afec,artifact,S18,data/reference/wiki_nyc_per_article.csv,verified,"sha256 a82130d42a41569e, 52,080 rows, 2015-07-01..2024-12-31; not registered in data_sources.csv"
2026-09-11T01:41:43+00:00,7d25afec,claim,S1,C01_ems_source_rows,verified,"computed 29,978,154; document agrees"
2026-09-11T01:41:43+00:00,7d25afec,claim,S10,C02_registry_rows,verified,"computed 13,241; document agrees"
2026-09-11T01:41:43+00:00,7d25afec,claim,S11,C03_wiki_start,verified,computed 2015-07-01; document agrees
2026-09-11T01:41:43+00:00,7d25afec,claim,S16,C04_basket_articles,verified,computed 121; document agrees
2026-09-11T01:41:43+00:00,7d25afec,claim,S16,C05_basket_people,verified,computed 111; document agrees
2026-09-11T01:41:43+00:00,7d25afec,claim,S16,C06_basket_after_2020,verified,computed 24; document agrees
2026-09-11T01:41:43+00:00,7d25afec,claim,S11,C07_scored_days,verified,"computed 3,472; document agrees"
2026-09-11T01:41:43+00:00,7d25afec,claim,S11,C08_cai_ref_mean,verified,computed 0.000000; document agrees
2026-09-11T01:41:43+00:00,7d25afec,claim,S11,C09_cai_ref_sd,verified,computed 1.000000; document agrees
2026-09-11T01:41:43+00:00,7d25afec,claim,S1,C10_panel_rows,verified,"computed 89,857; document agrees"
2026-09-11T01:41:43+00:00,7d25afec,claim,S1,C11_panel_districts,verified,computed 59; document agrees
2026-09-11T01:41:43+00:00,7d25afec,claim,S1,C12_mean_edp_share,verified,computed 0.0856; document agrees
2026-09-11T01:41:43+00:00,7d25afec,claim,S1,C13_mean_total_calls,verified,computed 65.9; document agrees
2026-09-11T01:41:43+00:00,7d25afec,claim,S12,C14_trends_nyc_zero_all,verified,computed 42.6%; document agrees
2026-09-11T01:41:43+00:00,7d25afec,claim,S12,C15_trends_nyc_zero_2020,verified,computed 26%; document agrees
2026-09-11T01:41:43+00:00,7d25afec,claim,S12,C16_trends_nyc_zero_2024,verified,computed 71%; document agrees
2026-09-11T01:41:43+00:00,7d25afec,claim,S17,C17_rename_views_recovered,verified,"computed 79,082,746; document agrees"
2026-09-11T01:41:43+00:00,7d25afec,claim,S17,C18_rename_articles,verified,computed 106; document agrees
2026-09-11T01:41:43+00:00,7d25afec,claim,S17,C19_rename_articles_total,verified,computed 127; document agrees
2026-09-11T01:41:43+00:00,7d25afec,claim,S11,C20_episodes_frozen,verified,computed 70; document agrees
2026-09-11T01:41:43+00:00,7d25afec,claim,S11,C21_episodes_rebuilt,verified,computed 75; document agrees
2026-09-11T01:41:43+00:00,7d25afec,claim,S11,C22_episode_max_days,verified,computed 14; document agrees
2026-09-11T01:41:43+00:00,7d25afec,claim,S11,C23_basket_usable,verified,computed 119; document agrees
2026-09-11T01:41:43+00:00,7d25afec,claim,S15,C24_bheard_precincts,verified,computed 31; document agrees
2026-09-11T01:41:43+00:00,7d25afec,claim,S15,C25_bheard_low_conf,verified,computed 17; document agrees
2026-09-11T01:41:43+00:00,7d25afec,claim,-,C26_suite_checks,verified,computed 45; document agrees
2026-09-11T01:41:43+00:00,7d25afec,claim,-,C28_audit_checks,verified,computed 46; document agrees
2026-09-11T01:41:43+00:00,7d25afec,claim,-,C29_audit_flags,verified,computed 1; document agrees
2026-09-11T01:41:43+00:00,7d25afec,claim,-,C30_sources_registered,verified,computed 19; document agrees
2026-09-11T01:41:43+00:00,7d25afec,claim,S17,C31_start_lag_max,verified,computed 3; document agrees
2026-09-11T01:41:43+00:00,7d25afec,claim,S17,C32_start_lag_articles,verified,computed 119; document agrees
2026-09-11T01:41:43+00:00,7d25afec,claim,S17,C33_titles_dated,verified,computed 559; document agrees
2026-09-11T01:41:43+00:00,7d25afec,claim,S18,C37_national_corr,verified,computed 0.9695; document agrees
2026-09-11T01:41:43+00:00,7d25afec,claim,S18,C34_nyc_corr_ext,verified,computed 0.54; document agrees
2026-09-11T01:41:43+00:00,7d25afec,claim,S18,C35_nyc_corr_us,verified,computed 0.62; document agrees
2026-09-11T01:41:43+00:00,7d25afec,claim,S18,C36_nyc_articles,verified,computed 11; document agrees
2026-09-11T01:41:43+00:00,7d25afec,claim,S18,C38_nyc_overlap,verified,computed 59%; document agrees
2026-09-11T01:41:43+00:00,7d25afec,claim,S18,C40_nyc_garner,verified,computed 53%; document agrees
2026-09-11T01:41:43+00:00,7d25afec,claim,S18,C41_nyc_disjoint,verified,computed 8; document agrees
2026-09-11T01:41:43+00:00,7d25afec,claim,S18,C42_nyc_r2,verified,computed 0.454; document agrees
2026-09-11T01:41:43+00:00,7d25afec,claim,S18,C43_nyc_resid,verified,computed 6; document agrees
2026-09-11T01:41:43+00:00,7d25afec,claim,S18,C44_national_corr,verified,computed 0.9695; document agrees
2026-09-11T01:41:43+00:00,7d25afec,claim,S18,C45_nyc_disjoint_year,verified,computed 2012; document agrees
2026-09-11T07:40:28+00:00,dca56248,link,S1,https://data.cityofnewyork.us/resource/76xm-jjuj.csv,verified,HEAD 200 text/csv; charset=UTF-8
2026-09-11T07:40:28+00:00,dca56248,link,S1b,https://data.cityofnewyork.us/resource/76xm-jjuj.csv,verified,HEAD 200 text/csv; charset=UTF-8
2026-09-11T07:40:28+00:00,dca56248,link,S2,(none),unverifiable,no endpoint: not obtained over the network
2026-09-11T07:40:28+00:00,dca56248,link,S3,(none),unverifiable,no endpoint: not obtained over the network
2026-09-11T07:40:28+00:00,dca56248,link,S4,https://github.com/washingtonpost/data-police-shootings,unreachable,"GET HTTP 403 Forbidden - our access, not necessarily the resource (egress policy?)"
2026-09-11T07:40:28+00:00,dca56248,link,S5,(none),template,no endpoint: not obtained over the network
2026-09-11T07:40:28+00:00,dca56248,link,S6,(none),template,no endpoint: not obtained over the network
2026-09-11T07:40:28+00:00,dca56248,link,S7,https://s-media.nyc.gov/agencies/dcp/assets/files/excel/data-tools/census/acs/demo_2019_acs5yr_nta.xlsx,verified,HEAD 200 application/vnd.openxmlformats-officedocument.spreadsheetml.sheet
2026-09-11T07:40:28+00:00,dca56248,link,S8,https://wikimedia.org/api/rest_v1/metrics/pageviews/per-article/,verified,HEAD 200 application/json; charset=utf-8 (probe https://wikimedia.org/api/rest_v1/metrics/pageviews/per-article/en.wikipedia/all-access/user/Killing_of_George_Floyd/daily/20200525/20200601)
2026-09-11T07:40:28+00:00,dca56248,link,S9,https://en.wikipedia.org/api/rest_v1/page/summary/,verified,"HEAD 200 application/json; charset=utf-8; profile=""https://www.mediawiki.org/wiki/Specs/Summary/1.5.0"" (probe https://en.wikipedia.org/api/rest_v1/page/summary/Killing_of_George_Floyd)"
2026-09-11T07:40:28+00:00,dca56248,link,S10,https://mappingpoliceviolence.us/s/MPVDatasetDownload.xlsx,verified,HEAD 200 application/vnd.openxmlformats-officedocument.spreadsheetml.sheet -> https://static1.squarespace.com/static/54ecf211e4b0ed744420c5b6/t/6a8a0f4b345aa5414009c041/1787432779239/MPVDatasetDownload.xlsx
2026-09-11T07:40:28+00:00,dca56248,link,S11,https://api.gdeltproject.org/api/v2/doc/doc,verified,HEAD 200 application/json; charset=utf-8 (probe https://api.gdeltproject.org/api/v2/doc/doc?query=%22police+brutality%22&mode=timelinevol&format=json&startdatetime=20200525000000&enddatetime=20200601000000)
2026-09-11T07:40:28+00:00,dca56248,link,S11,https://api.gdeltproject.org/api/v2/tv/tv,verified,HEAD 200 text/html; charset=utf-8 (probe https://api.gdeltproject.org/api/v2/tv/tv?query=%22police+brutality%22&mode=timelinevol&format=json&datanorm=perc&datacomb=sep&startdatetime=20200525000000&enddatetime=20200601000000)
2026-09-11T07:40:28+00:00,dca56248,link,S11,https://wikimedia.org/api/rest_v1/metrics/pageviews/per-article/,verified,HEAD 200 application/json; charset=utf-8 (probe https://wikimedia.org/api/rest_v1/metrics/pageviews/per-article/en.wikipedia/all-access/user/Killing_of_George_Floyd/daily/20200525/20200601)
2026-09-11T07:40:28+00:00,dca56248,link,S12,https://trends.google.com,verified,HEAD 200 text/html; charset=utf-8 -> https://trends.google.com/trends/
2026-09-11T07:40:28+00:00,dca56248,link,S13,https://trends.google.com,verified,HEAD 200 text/html; charset=utf-8 -> https://trends.google.com/trends/
2026-09-11T07:40:28+00:00,dca56248,link,S14,https://data.cityofnewyork.us/resource/76xm-jjuj.json,verified,HEAD 200 application/json;charset=utf-8
2026-09-11T07:40:28+00:00,dca56248,link,S15,https://mentalhealth.cityofnewyork.us/b-heard,verified,HEAD 200 text/html; charset=UTF-8
2026-09-11T07:40:28+00:00,dca56248,link,S16,https://query.wikidata.org/sparql,verified,HEAD 200 application/sparql-results+json;charset=utf-8 (probe https://query.wikidata.org/sparql?format=json&query=SELECT%20%3Fd%20WHERE%20%7B%20wd%3AQ93544244%20wdt%3AP570%20%3Fd%20%7D)
2026-09-11T07:40:28+00:00,dca56248,link,S17,https://en.wikipedia.org/w/api.php,verified,HEAD 200 application/json; charset=utf-8 (probe https://en.wikipedia.org/w/api.php?action=query&format=json&prop=redirects&rdlimit=max&titles=Killing%20of%20George%20Floyd)
2026-09-11T07:40:28+00:00,dca56248,link,S18,https://en.wikipedia.org/w/api.php,verified,HEAD 200 application/json; charset=utf-8 (probe https://en.wikipedia.org/w/api.php?action=query&format=json&list=categorymembers&cmtitle=Category%3ADeaths%20by%20law%20enforcement%20in%20New%20York%20(state)&cmlimit=5)
2026-09-11T07:40:28+00:00,dca56248,link,S18,https://wikimedia.org/api/rest_v1/metrics/pageviews/per-article/,verified,HEAD 200 application/json; charset=utf-8 (probe https://wikimedia.org/api/rest_v1/metrics/pageviews/per-article/en.wikipedia/all-access/user/Killing_of_George_Floyd/daily/20200525/20200601)
2026-09-11T07:40:28+00:00,dca56248,artifact,S1,data/processed/ems_cd_day_calltype.parquet,verified,"sha256 6247a7239559f930, 4,876,509 rows, 2014-12-01..2024-12-31; not registered in data_sources.csv"
2026-09-11T07:40:28+00:00,dca56248,artifact,S1,data/processed/ems_citywide_day_trends.parquet,verified,"sha256 33c8850350f90ab3, 39,037 rows, 2005-01-01..2026-06-30; not registered in data_sources.csv"
2026-09-11T07:40:28+00:00,dca56248,artifact,S1b,data/processed/ems_cd_day_calltype.parquet,verified,"sha256 6247a7239559f930, 4,876,509 rows, 2014-12-01..2024-12-31; matches the provenance register"
2026-09-11T07:40:28+00:00,dca56248,artifact,S2,data/raw/211118_tweet_count_name_date.csv,unverifiable,"artifact absent, and the source is unverifiable"
2026-09-11T07:40:28+00:00,dca56248,artifact,S3,data/raw/220126_final_daily_tweet_count.csv,unverifiable,"artifact absent, and the source is unverifiable"
2026-09-11T07:40:28+00:00,dca56248,artifact,S4,data/raw/fatalpoliceshootingsCLEANED.csv,unverifiable,"artifact absent, and the source is retired"
2026-09-11T07:40:28+00:00,dca56248,artifact,S5,data/raw/sf1_dp_cd_demoprofile.xlsx,verified,"sha256 20459df2681c751b, unreadable: UnicodeDecodeError; not registered in data_sources.csv"
2026-09-11T07:40:28+00:00,dca56248,artifact,S6,data/reference/victim_curation_table.csv,verified,"sha256 75e6bea4243eebe7, 101 rows, 2013-05-24..2020-10-20; not registered in data_sources.csv"
2026-09-11T07:40:28+00:00,dca56248,artifact,S7,data/reference/acs_2019_cd_demographics.csv,verified,"sha256 210ec18a067b7f5d, 59 rows; register holds a payload hash only"
2026-09-11T07:40:28+00:00,dca56248,artifact,S8,data/reference/wikipedia_pageviews_victims.csv,verified,"sha256 e1e88d7d93c69631, 25,211 rows, 2017-01-01..2020-12-31; provenance register is stale and cannot be refreshed — accepted 2026-09-10: Neither registered hash matches this file, and it cannot be re-registered by re-running its fetch: 09_fetch_public_data.py selects this basket from the retired Twitter per-victim file (S2), which is not in the repository and cannot be reconstructed. The bytes ac"
2026-09-11T07:40:28+00:00,dca56248,artifact,S9,data/reference/wikipedia_article_resolution.csv,verified,"sha256 8c587914076bb844, 121 rows; not registered in data_sources.csv"
2026-09-11T07:40:28+00:00,dca56248,artifact,S10,data/reference/victim_registry.csv,verified,"sha256 13f3fbcfe5298589, 13,241 rows, 2013-01-01..2024-12-31; register holds a payload hash only"
2026-09-11T07:40:28+00:00,dca56248,artifact,S11,data/reference/cai_components_daily.csv,verified,"sha256 dbb89a5aa3380194, 9,232 rows, 2015-01-01..2024-12-31; matches the provenance register"
2026-09-11T07:40:28+00:00,dca56248,artifact,S11,data/reference/wiki_ext_basket_used.csv,verified,"sha256 0cffc9013f1382d2, 121 rows; not registered in data_sources.csv"
2026-09-11T07:40:28+00:00,dca56248,artifact,S11,data/reference/wiki_ext_aggregation_diagnostic.csv,verified,"sha256 a8ea321b5a7319b8, 3,472 rows, 2015-07-01..2024-12-31; not registered in data_sources.csv"
2026-09-11T07:40:28+00:00,dca56248,artifact,S12,data/reference/cai_trends_daily.csv,verified,"sha256 f18c11eb209350bd, 7,306 rows, 2015-01-01..2024-12-31; matches the provenance register"
2026-09-11T07:40:28+00:00,dca56248,artifact,S12,data/reference/cai_trends_stitch_diagnostics.csv,verified,"sha256 a79bdc97be843bd6, 58 rows; not registered in data_sources.csv"
2026-09-11T07:40:28+00:00,dca56248,artifact,S13,data/reference/cai_trends_anchored.csv,unverifiable,"artifact absent, and the source is retired"
2026-09-11T07:40:28+00:00,dca56248,artifact,S14,data/reference/precinct_cd_crosswalk.csv,verified,"sha256 4c519dc6e115d562, 131 rows; matches the provenance register"
2026-09-11T07:40:28+00:00,dca56248,artifact,S15,data/reference/bheard_precinct_adoption.csv,verified,"sha256 b7627d01221e5159, 31 rows; matches the provenance register"
2026-09-11T07:40:28+00:00,dca56248,artifact,S15,data/reference/bheard_cd_exposure.csv,verified,"sha256 c387a640fc425626, 74 rows; not registered in data_sources.csv"
2026-09-11T07:40:28+00:00,dca56248,artifact,S16,data/reference/basket_decisions.csv,verified,"sha256 c2ca055d09357245, 161 rows, 1958-04-25..2024-09-19; not registered in data_sources.csv"
2026-09-11T07:40:28+00:00,dca56248,artifact,S17,data/reference/article_title_map.csv,verified,"sha256 0a27b6dc42d3853a, 559 rows; not registered in data_sources.csv"
2026-09-11T07:40:28+00:00,dca56248,artifact,S17,outputs/tables/rename_recovery.csv,verified,"sha256 bdacd2e6adb24ce9, 127 rows; not registered in data_sources.csv"
2026-09-11T07:40:28+00:00,dca56248,artifact,S18,data/reference/wiki_nyc_articles.csv,verified,"sha256 abb0d075af0e382f, 501 rows; not registered in data_sources.csv"
2026-09-11T07:40:28+00:00,dca56248,artifact,S18,data/reference/wiki_nyc_daily.csv,verified,"sha256 1ebfe7c1bcd158d2, 6,944 rows, 2015-07-01..2024-12-31; matches the provenance register"
2026-09-11T07:40:28+00:00,dca56248,artifact,S18,data/reference/wiki_nyc_per_article.csv,verified,"sha256 a82130d42a41569e, 52,080 rows, 2015-07-01..2024-12-31; not registered in data_sources.csv"
2026-09-11T07:40:28+00:00,dca56248,claim,S1,C01_ems_source_rows,verified,"computed 29,978,154; document agrees"
2026-09-11T07:40:28+00:00,dca56248,claim,S10,C02_registry_rows,verified,"computed 13,241; document agrees"
2026-09-11T07:40:28+00:00,dca56248,claim,S11,C03_wiki_start,verified,computed 2015-07-01; document agrees
2026-09-11T07:40:28+00:00,dca56248,claim,S16,C04_basket_articles,verified,computed 121; document agrees
2026-09-11T07:40:28+00:00,dca56248,claim,S16,C05_basket_people,verified,computed 111; document agrees
2026-09-11T07:40:28+00:00,dca56248,claim,S16,C06_basket_after_2020,verified,computed 24; document agrees
2026-09-11T07:40:28+00:00,dca56248,claim,S11,C07_scored_days,verified,"computed 3,472; document agrees"
2026-09-11T07:40:28+00:00,dca56248,claim,S11,C08_cai_ref_mean,verified,computed 0.000000; document agrees
2026-09-11T07:40:28+00:00,dca56248,claim,S11,C09_cai_ref_sd,verified,computed 1.000000; document agrees
2026-09-11T07:40:28+00:00,dca56248,claim,S1,C10_panel_rows,verified,"computed 89,857; document agrees"
2026-09-11T07:40:28+00:00,dca56248,claim,S1,C11_panel_districts,verified,computed 59; document agrees
2026-09-11T07:40:28+00:00,dca56248,claim,S1,C12_mean_edp_share,verified,computed 0.0856; document agrees
2026-09-11T07:40:28+00:00,dca56248,claim,S1,C13_mean_total_calls,verified,computed 65.9; document agrees
2026-09-11T07:40:28+00:00,dca56248,claim,S12,C14_trends_nyc_zero_all,verified,computed 42.6%; document agrees
2026-09-11T07:40:28+00:00,dca56248,claim,S12,C15_trends_nyc_zero_2020,verified,computed 26%; document agrees
2026-09-11T07:40:28+00:00,dca56248,claim,S12,C16_trends_nyc_zero_2024,verified,computed 71%; document agrees
2026-09-11T07:40:28+00:00,dca56248,claim,S17,C17_rename_views_recovered,verified,"computed 79,082,746; document agrees"
2026-09-11T07:40:28+00:00,dca56248,claim,S17,C18_rename_articles,verified,computed 106; document agrees
2026-09-11T07:40:28+00:00,dca56248,claim,S17,C19_rename_articles_total,verified,computed 127; document agrees
2026-09-11T07:40:28+00:00,dca56248,claim,S11,C20_episodes_frozen,verified,computed 70; document agrees
2026-09-11T07:40:28+00:00,dca56248,claim,S11,C21_episodes_rebuilt,verified,computed 75; document agrees
2026-09-11T07:40:28+00:00,dca56248,claim,S11,C22_episode_max_days,verified,computed 14; document agrees
2026-09-11T07:40:28+00:00,dca56248,claim,S11,C23_basket_usable,verified,computed 119; document agrees
2026-09-11T07:40:28+00:00,dca56248,claim,S15,C24_bheard_precincts,verified,computed 31; document agrees
2026-09-11T07:40:28+00:00,dca56248,claim,S15,C25_bheard_low_conf,verified,computed 17; document agrees
2026-09-11T07:40:28+00:00,dca56248,claim,-,C26_suite_checks,verified,computed 46; document agrees
2026-09-11T07:40:28+00:00,dca56248,claim,-,C28_audit_checks,verified,computed 46; document agrees
2026-09-11T07:40:28+00:00,dca56248,claim,-,C29_audit_flags,verified,computed 1; document agrees
2026-09-11T07:40:28+00:00,dca56248,claim,-,C30_sources_registered,verified,computed 19; document agrees
2026-09-11T07:40:28+00:00,dca56248,claim,S17,C31_start_lag_max,verified,computed 3; document agrees
2026-09-11T07:40:28+00:00,dca56248,claim,S17,C32_start_lag_articles,verified,computed 119; document agrees
2026-09-11T07:40:28+00:00,dca56248,claim,S17,C33_titles_dated,verified,computed 559; document agrees
2026-09-11T07:40:28+00:00,dca56248,claim,S18,C37_national_corr,verified,computed 0.9695; document agrees
2026-09-11T07:40:28+00:00,dca56248,claim,S18,C34_nyc_corr_ext,verified,computed 0.54; document agrees
2026-09-11T07:40:28+00:00,dca56248,claim,S18,C35_nyc_corr_us,verified,computed 0.62; document agrees
2026-09-11T07:40:28+00:00,dca56248,claim,S18,C36_nyc_articles,verified,computed 11; document agrees
2026-09-11T07:40:28+00:00,dca56248,claim,S18,C38_nyc_overlap,verified,computed 59%; document agrees
2026-09-11T07:40:28+00:00,dca56248,claim,S18,C40_nyc_garner,verified,computed 53%; document agrees
2026-09-11T07:40:28+00:00,dca56248,claim,S18,C41_nyc_disjoint,verified,computed 8; document agrees
2026-09-11T07:40:28+00:00,dca56248,claim,S18,C42_nyc_r2,verified,computed 0.454; document agrees
2026-09-11T07:40:28+00:00,dca56248,claim,S18,C43_nyc_resid,verified,computed 6; document agrees
2026-09-11T07:40:28+00:00,dca56248,claim,S18,C44_national_corr,verified,computed 0.9695; document agrees
2026-09-11T07:40:28+00:00,dca56248,claim,S18,C45_nyc_disjoint_year,verified,computed 2012; document agrees
2026-09-11T19:45:45+00:00,5a39caa5,link,S1,https://data.cityofnewyork.us/resource/76xm-jjuj.csv,skipped,--offline
2026-09-11T19:45:45+00:00,5a39caa5,link,S1b,https://data.cityofnewyork.us/resource/76xm-jjuj.csv,skipped,--offline
2026-09-11T19:45:45+00:00,5a39caa5,link,S2,(none),unverifiable,no endpoint: not obtained over the network
2026-09-11T19:45:45+00:00,5a39caa5,link,S3,(none),unverifiable,no endpoint: not obtained over the network
2026-09-11T19:45:45+00:00,5a39caa5,link,S4,https://github.com/washingtonpost/data-police-shootings,skipped,--offline
2026-09-11T19:45:45+00:00,5a39caa5,link,S5,(none),template,no endpoint: not obtained over the network
2026-09-11T19:45:45+00:00,5a39caa5,link,S6,(none),template,no endpoint: not obtained over the network
2026-09-11T19:45:45+00:00,5a39caa5,link,S7,https://s-media.nyc.gov/agencies/dcp/assets/files/excel/data-tools/census/acs/demo_2019_acs5yr_nta.xlsx,skipped,--offline
2026-09-11T19:45:45+00:00,5a39caa5,link,S8,https://wikimedia.org/api/rest_v1/metrics/pageviews/per-article/,skipped,--offline
2026-09-11T19:45:45+00:00,5a39caa5,link,S9,https://en.wikipedia.org/api/rest_v1/page/summary/,skipped,--offline
2026-09-11T19:45:45+00:00,5a39caa5,link,S10,https://mappingpoliceviolence.us/s/MPVDatasetDownload.xlsx,skipped,--offline
2026-09-11T19:45:45+00:00,5a39caa5,link,S11,https://api.gdeltproject.org/api/v2/doc/doc,skipped,--offline
2026-09-11T19:45:45+00:00,5a39caa5,link,S11,https://api.gdeltproject.org/api/v2/tv/tv,skipped,--offline
2026-09-11T19:45:45+00:00,5a39caa5,link,S11,https://wikimedia.org/api/rest_v1/metrics/pageviews/per-article/,skipped,--offline
2026-09-11T19:45:45+00:00,5a39caa5,link,S12,https://trends.google.com,skipped,--offline
2026-09-11T19:45:45+00:00,5a39caa5,link,S13,https://trends.google.com,skipped,--offline
2026-09-11T19:45:45+00:00,5a39caa5,link,S14,https://data.cityofnewyork.us/resource/76xm-jjuj.json,skipped,--offline
2026-09-11T19:45:45+00:00,5a39caa5,link,S15,https://mentalhealth.cityofnewyork.us/b-heard,skipped,--offline
2026-09-11T19:45:45+00:00,5a39caa5,link,S16,https://query.wikidata.org/sparql,skipped,--offline
2026-09-11T19:45:45+00:00,5a39caa5,link,S17,https://en.wikipedia.org/w/api.php,skipped,--offline
2026-09-11T19:45:45+00:00,5a39caa5,link,S18,https://en.wikipedia.org/w/api.php,skipped,--offline
2026-09-11T19:45:45+00:00,5a39caa5,link,S18,https://wikimedia.org/api/rest_v1/metrics/pageviews/per-article/,skipped,--offline
2026-09-11T19:45:45+00:00,5a39caa5,artifact,S1,data/processed/ems_cd_day_calltype.parquet,verified,"sha256 6247a7239559f930, 4,876,509 rows, 2014-12-01..2024-12-31; not registered in data_sources.csv"
2026-09-11T19:45:45+00:00,5a39caa5,artifact,S1,data/processed/ems_citywide_day_trends.parquet,verified,"sha256 33c8850350f90ab3, 39,037 rows, 2005-01-01..2026-06-30; not registered in data_sources.csv"
2026-09-11T19:45:45+00:00,5a39caa5,artifact,S1b,data/processed/ems_cd_day_calltype.parquet,verified,"sha256 6247a7239559f930, 4,876,509 rows, 2014-12-01..2024-12-31; matches the provenance register"
2026-09-11T19:45:45+00:00,5a39caa5,artifact,S2,data/raw/211118_tweet_count_name_date.csv,unverifiable,"artifact absent, and the source is unverifiable"
2026-09-11T19:45:45+00:00,5a39caa5,artifact,S3,data/raw/220126_final_daily_tweet_count.csv,unverifiable,"artifact absent, and the source is unverifiable"
2026-09-11T19:45:45+00:00,5a39caa5,artifact,S4,data/raw/fatalpoliceshootingsCLEANED.csv,unverifiable,"artifact absent, and the source is retired"
2026-09-11T19:45:45+00:00,5a39caa5,artifact,S5,data/raw/sf1_dp_cd_demoprofile.xlsx,verified,"sha256 20459df2681c751b, unreadable: UnicodeDecodeError; not registered in data_sources.csv"
2026-09-11T19:45:45+00:00,5a39caa5,artifact,S6,data/reference/victim_curation_table.csv,verified,"sha256 75e6bea4243eebe7, 101 rows, 2013-05-24..2020-10-20; not registered in data_sources.csv"
2026-09-11T19:45:45+00:00,5a39caa5,artifact,S7,data/reference/acs_2019_cd_demographics.csv,verified,"sha256 210ec18a067b7f5d, 59 rows; register holds a payload hash only"
2026-09-11T19:45:45+00:00,5a39caa5,artifact,S8,data/reference/wikipedia_pageviews_victims.csv,verified,"sha256 e1e88d7d93c69631, 25,211 rows, 2017-01-01..2020-12-31; provenance register is stale and cannot be refreshed — accepted 2026-09-10: Neither registered hash matches this file, and it cannot be re-registered by re-running its fetch: 09_fetch_public_data.py selects this basket from the retired Twitter per-victim file (S2), which is not in the repository and cannot be reconstructed. The bytes ac"
2026-09-11T19:45:45+00:00,5a39caa5,artifact,S9,data/reference/wikipedia_article_resolution.csv,verified,"sha256 8c587914076bb844, 121 rows; not registered in data_sources.csv"
2026-09-11T19:45:45+00:00,5a39caa5,artifact,S10,data/reference/victim_registry.csv,verified,"sha256 13f3fbcfe5298589, 13,241 rows, 2013-01-01..2024-12-31; register holds a payload hash only"
2026-09-11T19:45:45+00:00,5a39caa5,artifact,S11,data/reference/cai_components_daily.csv,verified,"sha256 dbb89a5aa3380194, 9,232 rows, 2015-01-01..2024-12-31; matches the provenance register"
2026-09-11T19:45:45+00:00,5a39caa5,artifact,S11,data/reference/wiki_ext_basket_used.csv,verified,"sha256 0cffc9013f1382d2, 121 rows; not registered in data_sources.csv"
2026-09-11T19:45:45+00:00,5a39caa5,artifact,S11,data/reference/wiki_ext_aggregation_diagnostic.csv,verified,"sha256 a8ea321b5a7319b8, 3,472 rows, 2015-07-01..2024-12-31; not registered in data_sources.csv"
2026-09-11T19:45:45+00:00,5a39caa5,artifact,S12,data/reference/cai_trends_daily.csv,verified,"sha256 f18c11eb209350bd, 7,306 rows, 2015-01-01..2024-12-31; matches the provenance register"
2026-09-11T19:45:45+00:00,5a39caa5,artifact,S12,data/reference/cai_trends_stitch_diagnostics.csv,verified,"sha256 a79bdc97be843bd6, 58 rows; not registered in data_sources.csv"
2026-09-11T19:45:45+00:00,5a39caa5,artifact,S13,data/reference/cai_trends_anchored.csv,unverifiable,"artifact absent, and the source is retired"
2026-09-11T19:45:45+00:00,5a39caa5,artifact,S14,data/reference/precinct_cd_crosswalk.csv,verified,"sha256 4c519dc6e115d562, 131 rows; matches the provenance register"
2026-09-11T19:45:45+00:00,5a39caa5,artifact,S15,data/reference/bheard_precinct_adoption.csv,verified,"sha256 b7627d01221e5159, 31 rows; matches the provenance register"
2026-09-11T19:45:45+00:00,5a39caa5,artifact,S15,data/reference/bheard_cd_exposure.csv,verified,"sha256 c387a640fc425626, 74 rows; not registered in data_sources.csv"
2026-09-11T19:45:45+00:00,5a39caa5,artifact,S16,data/reference/basket_decisions.csv,verified,"sha256 c2ca055d09357245, 161 rows, 1958-04-25..2024-09-19; not registered in data_sources.csv"
2026-09-11T19:45:45+00:00,5a39caa5,artifact,S17,data/reference/article_title_map.csv,verified,"sha256 0a27b6dc42d3853a, 559 rows; not registered in data_sources.csv"
2026-09-11T19:45:45+00:00,5a39caa5,artifact,S17,outputs/tables/rename_recovery.csv,verified,"sha256 bdacd2e6adb24ce9, 127 rows; not registered in data_sources.csv"
2026-09-11T19:45:45+00:00,5a39caa5,artifact,S18,data/reference/wiki_nyc_articles.csv,verified,"sha256 abb0d075af0e382f, 501 rows; not registered in data_sources.csv"
2026-09-11T19:45:45+00:00,5a39caa5,artifact,S18,data/reference/wiki_nyc_daily.csv,verified,"sha256 1ebfe7c1bcd158d2, 6,944 rows, 2015-07-01..2024-12-31; matches the provenance register"
2026-09-11T19:45:45+00:00,5a39caa5,artifact,S18,data/reference/wiki_nyc_per_article.csv,verified,"sha256 a82130d42a41569e, 52,080 rows, 2015-07-01..2024-12-31; not registered in data_sources.csv"
2026-09-11T19:45:45+00:00,5a39caa5,claim,S1,C01_ems_source_rows,verified,"computed 29,978,154; document agrees"
2026-09-11T19:45:45+00:00,5a39caa5,claim,S10,C02_registry_rows,verified,"computed 13,241; document agrees"
2026-09-11T19:45:45+00:00,5a39caa5,claim,S11,C03_wiki_start,verified,computed 2015-07-01; document agrees
2026-09-11T19:45:45+00:00,5a39caa5,claim,S16,C04_basket_articles,verified,computed 121; document agrees
2026-09-11T19:45:45+00:00,5a39caa5,claim,S16,C05_basket_people,verified,computed 111; document agrees
2026-09-11T19:45:45+00:00,5a39caa5,claim,S16,C06_basket_after_2020,verified,computed 24; document agrees
2026-09-11T19:45:45+00:00,5a39caa5,claim,S11,C07_scored_days,verified,"computed 3,472; document agrees"
2026-09-11T19:45:45+00:00,5a39caa5,claim,S11,C08_cai_ref_mean,verified,computed 0.000000; document agrees
2026-09-11T19:45:45+00:00,5a39caa5,claim,S11,C09_cai_ref_sd,verified,computed 1.000000; document agrees
2026-09-11T19:45:45+00:00,5a39caa5,claim,S1,C10_panel_rows,verified,"computed 89,857; document agrees"
2026-09-11T19:45:45+00:00,5a39caa5,claim,S1,C11_panel_districts,verified,computed 59; document agrees
2026-09-11T19:45:45+00:00,5a39caa5,claim,S1,C12_mean_edp_share,verified,computed 0.0856; document agrees
2026-09-11T19:45:45+00:00,5a39caa5,claim,S1,C13_mean_total_calls,verified,computed 65.9; document agrees
2026-09-11T19:45:45+00:00,5a39caa5,claim,S12,C14_trends_nyc_zero_all,verified,computed 42.6%; document agrees
2026-09-11T19:45:45+00:00,5a39caa5,claim,S12,C15_trends_nyc_zero_2020,verified,computed 26%; document agrees
2026-09-11T19:45:45+00:00,5a39caa5,claim,S12,C16_trends_nyc_zero_2024,verified,computed 71%; document agrees
2026-09-11T19:45:45+00:00,5a39caa5,claim,S17,C17_rename_views_recovered,verified,"computed 79,082,746; document agrees"
2026-09-11T19:45:45+00:00,5a39caa5,claim,S17,C18_rename_articles,verified,computed 106; document agrees
2026-09-11T19:45:45+00:00,5a39caa5,claim,S17,C19_rename_articles_total,verified,computed 127; document agrees
2026-09-11T19:45:45+00:00,5a39caa5,claim,S11,C20_episodes_frozen,verified,computed 70; document agrees
2026-09-11T19:45:45+00:00,5a39caa5,claim,S11,C21_episodes_rebuilt,verified,computed 75; document agrees
2026-09-11T19:45:45+00:00,5a39caa5,claim,S11,C22_episode_max_days,verified,computed 14; document agrees
2026-09-11T19:45:45+00:00,5a39caa5,claim,S11,C23_basket_usable,verified,computed 119; document agrees
2026-09-11T19:45:45+00:00,5a39caa5,claim,S15,C24_bheard_precincts,verified,computed 31; document agrees
2026-09-11T19:45:45+00:00,5a39caa5,claim,S15,C25_bheard_low_conf,verified,computed 17; document agrees
2026-09-11T19:45:45+00:00,5a39caa5,claim,-,C26_suite_checks,verified,computed 46; document agrees
2026-09-11T19:45:45+00:00,5a39caa5,claim,-,C28_audit_checks,verified,computed 46; document agrees
2026-09-11T19:45:45+00:00,5a39caa5,claim,-,C29_audit_flags,verified,computed 1; document agrees
2026-09-11T19:45:45+00:00,5a39caa5,claim,-,C30_sources_registered,verified,computed 19; document agrees
2026-09-11T19:45:45+00:00,5a39caa5,claim,S17,C31_start_lag_max,verified,computed 3; document agrees
2026-09-11T19:45:45+00:00,5a39caa5,claim,S17,C32_start_lag_articles,verified,computed 119; document agrees
2026-09-11T19:45:45+00:00,5a39caa5,claim,S17,C33_titles_dated,verified,computed 559; document agrees
2026-09-11T19:45:45+00:00,5a39caa5,claim,S18,C37_national_corr,verified,computed 0.9695; document agrees
2026-09-11T19:45:45+00:00,5a39caa5,claim,S18,C34_nyc_corr_ext,verified,computed 0.54; document agrees
2026-09-11T19:45:45+00:00,5a39caa5,claim,S18,C35_nyc_corr_us,verified,computed 0.62; document agrees
2026-09-11T19:45:45+00:00,5a39caa5,claim,S18,C36_nyc_articles,verified,computed 11; document agrees
2026-09-11T19:45:45+00:00,5a39caa5,claim,S18,C38_nyc_overlap,verified,computed 59%; document agrees
2026-09-11T19:45:45+00:00,5a39caa5,claim,S18,C40_nyc_garner,verified,computed 53%; document agrees
2026-09-11T19:45:45+00:00,5a39caa5,claim,S18,C41_nyc_disjoint,verified,computed 8; document agrees
2026-09-11T19:45:45+00:00,5a39caa5,claim,S18,C42_nyc_r2,verified,computed 0.454; document agrees
2026-09-11T19:45:45+00:00,5a39caa5,claim,S18,C43_nyc_resid,verified,computed 6; document agrees
2026-09-11T19:45:45+00:00,5a39caa5,claim,S18,C44_national_corr,verified,computed 0.9695; document agrees
2026-09-11T19:45:45+00:00,5a39caa5,claim,S18,C45_nyc_disjoint_year,verified,computed 2012; document agrees
2026-09-11T19:47:14+00:00,68fac40c,link,S1,https://data.cityofnewyork.us/resource/76xm-jjuj.csv,skipped,--offline
2026-09-11T19:47:14+00:00,68fac40c,link,S1b,https://data.cityofnewyork.us/resource/76xm-jjuj.csv,skipped,--offline
2026-09-11T19:47:14+00:00,68fac40c,link,S2,(none),unverifiable,no endpoint: not obtained over the network
2026-09-11T19:47:14+00:00,68fac40c,link,S3,(none),unverifiable,no endpoint: not obtained over the network
2026-09-11T19:47:14+00:00,68fac40c,link,S4,https://github.com/washingtonpost/data-police-shootings,skipped,--offline
2026-09-11T19:47:14+00:00,68fac40c,link,S5,(none),template,no endpoint: not obtained over the network
2026-09-11T19:47:14+00:00,68fac40c,link,S6,(none),template,no endpoint: not obtained over the network
2026-09-11T19:47:14+00:00,68fac40c,link,S7,https://s-media.nyc.gov/agencies/dcp/assets/files/excel/data-tools/census/acs/demo_2019_acs5yr_nta.xlsx,skipped,--offline
2026-09-11T19:47:14+00:00,68fac40c,link,S8,https://wikimedia.org/api/rest_v1/metrics/pageviews/per-article/,skipped,--offline
2026-09-11T19:47:14+00:00,68fac40c,link,S9,https://en.wikipedia.org/api/rest_v1/page/summary/,skipped,--offline
2026-09-11T19:47:14+00:00,68fac40c,link,S10,https://mappingpoliceviolence.us/s/MPVDatasetDownload.xlsx,skipped,--offline
2026-09-11T19:47:14+00:00,68fac40c,link,S11,https://api.gdeltproject.org/api/v2/doc/doc,skipped,--offline
2026-09-11T19:47:14+00:00,68fac40c,link,S11,https://api.gdeltproject.org/api/v2/tv/tv,skipped,--offline
2026-09-11T19:47:14+00:00,68fac40c,link,S11,https://wikimedia.org/api/rest_v1/metrics/pageviews/per-article/,skipped,--offline
2026-09-11T19:47:14+00:00,68fac40c,link,S12,https://trends.google.com,skipped,--offline
2026-09-11T19:47:14+00:00,68fac40c,link,S13,https://trends.google.com,skipped,--offline
2026-09-11T19:47:14+00:00,68fac40c,link,S14,https://data.cityofnewyork.us/resource/76xm-jjuj.json,skipped,--offline
2026-09-11T19:47:14+00:00,68fac40c,link,S15,https://mentalhealth.cityofnewyork.us/b-heard,skipped,--offline
2026-09-11T19:47:14+00:00,68fac40c,link,S16,https://query.wikidata.org/sparql,skipped,--offline
2026-09-11T19:47:14+00:00,68fac40c,link,S17,https://en.wikipedia.org/w/api.php,skipped,--offline
2026-09-11T19:47:14+00:00,68fac40c,link,S18,https://en.wikipedia.org/w/api.php,skipped,--offline
2026-09-11T19:47:14+00:00,68fac40c,link,S18,https://wikimedia.org/api/rest_v1/metrics/pageviews/per-article/,skipped,--offline
2026-09-11T19:47:14+00:00,68fac40c,artifact,S1,data/processed/ems_cd_day_calltype.parquet,verified,"sha256 6247a7239559f930, 4,876,509 rows, 2014-12-01..2024-12-31; not registered in data_sources.csv"
2026-09-11T19:47:14+00:00,68fac40c,artifact,S1,data/processed/ems_citywide_day_trends.parquet,verified,"sha256 33c8850350f90ab3, 39,037 rows, 2005-01-01..2026-06-30; not registered in data_sources.csv"
2026-09-11T19:47:14+00:00,68fac40c,artifact,S1b,data/processed/ems_cd_day_calltype.parquet,verified,"sha256 6247a7239559f930, 4,876,509 rows, 2014-12-01..2024-12-31; matches the provenance register"
2026-09-11T19:47:14+00:00,68fac40c,artifact,S2,data/raw/211118_tweet_count_name_date.csv,unverifiable,"artifact absent, and the source is unverifiable"
2026-09-11T19:47:14+00:00,68fac40c,artifact,S3,data/raw/220126_final_daily_tweet_count.csv,unverifiable,"artifact absent, and the source is unverifiable"
2026-09-11T19:47:14+00:00,68fac40c,artifact,S4,data/raw/fatalpoliceshootingsCLEANED.csv,unverifiable,"artifact absent, and the source is retired"
2026-09-11T19:47:14+00:00,68fac40c,artifact,S5,data/raw/sf1_dp_cd_demoprofile.xlsx,verified,"sha256 20459df2681c751b, unreadable: UnicodeDecodeError; not registered in data_sources.csv"
2026-09-11T19:47:14+00:00,68fac40c,artifact,S6,data/reference/victim_curation_table.csv,verified,"sha256 75e6bea4243eebe7, 101 rows, 2013-05-24..2020-10-20; not registered in data_sources.csv"
2026-09-11T19:47:14+00:00,68fac40c,artifact,S7,data/reference/acs_2019_cd_demographics.csv,verified,"sha256 210ec18a067b7f5d, 59 rows; register holds a payload hash only"
2026-09-11T19:47:14+00:00,68fac40c,artifact,S8,data/reference/wikipedia_pageviews_victims.csv,verified,"sha256 e1e88d7d93c69631, 25,211 rows, 2017-01-01..2020-12-31; provenance register is stale and cannot be refreshed — accepted 2026-09-10: Neither registered hash matches this file, and it cannot be re-registered by re-running its fetch: 09_fetch_public_data.py selects this basket from the retired Twitter per-victim file (S2), which is not in the repository and cannot be reconstructed. The bytes ac"
2026-09-11T19:47:14+00:00,68fac40c,artifact,S9,data/reference/wikipedia_article_resolution.csv,verified,"sha256 8c587914076bb844, 121 rows; not registered in data_sources.csv"
2026-09-11T19:47:14+00:00,68fac40c,artifact,S10,data/reference/victim_registry.csv,verified,"sha256 13f3fbcfe5298589, 13,241 rows, 2013-01-01..2024-12-31; register holds a payload hash only"
2026-09-11T19:47:14+00:00,68fac40c,artifact,S11,data/reference/cai_components_daily.csv,verified,"sha256 dbb89a5aa3380194, 9,232 rows, 2015-01-01..2024-12-31; matches the provenance register"
2026-09-11T19:47:14+00:00,68fac40c,artifact,S11,data/reference/wiki_ext_basket_used.csv,verified,"sha256 0cffc9013f1382d2, 121 rows; not registered in data_sources.csv"
2026-09-11T19:47:14+00:00,68fac40c,artifact,S11,data/reference/wiki_ext_aggregation_diagnostic.csv,verified,"sha256 a8ea321b5a7319b8, 3,472 rows, 2015-07-01..2024-12-31; not registered in data_sources.csv"
2026-09-11T19:47:14+00:00,68fac40c,artifact,S12,data/reference/cai_trends_daily.csv,verified,"sha256 f18c11eb209350bd, 7,306 rows, 2015-01-01..2024-12-31; matches the provenance register"
2026-09-11T19:47:14+00:00,68fac40c,artifact,S12,data/reference/cai_trends_stitch_diagnostics.csv,verified,"sha256 a79bdc97be843bd6, 58 rows; not registered in data_sources.csv"
2026-09-11T19:47:14+00:00,68fac40c,artifact,S13,data/reference/cai_trends_anchored.csv,unverifiable,"artifact absent, and the source is retired"
2026-09-11T19:47:14+00:00,68fac40c,artifact,S14,data/reference/precinct_cd_crosswalk.csv,verified,"sha256 4c519dc6e115d562, 131 rows; matches the provenance register"
2026-09-11T19:47:14+00:00,68fac40c,artifact,S15,data/reference/bheard_precinct_adoption.csv,verified,"sha256 b7627d01221e5159, 31 rows; matches the provenance register"
2026-09-11T19:47:14+00:00,68fac40c,artifact,S15,data/reference/bheard_cd_exposure.csv,verified,"sha256 c387a640fc425626, 74 rows; not registered in data_sources.csv"
2026-09-11T19:47:14+00:00,68fac40c,artifact,S16,data/reference/basket_decisions.csv,verified,"sha256 c2ca055d09357245, 161 rows, 1958-04-25..2024-09-19; not registered in data_sources.csv"
2026-09-11T19:47:14+00:00,68fac40c,artifact,S17,data/reference/article_title_map.csv,verified,"sha256 0a27b6dc42d3853a, 559 rows; not registered in data_sources.csv"
2026-09-11T19:47:14+00:00,68fac40c,artifact,S17,outputs/tables/rename_recovery.csv,verified,"sha256 bdacd2e6adb24ce9, 127 rows; not registered in data_sources.csv"
2026-09-11T19:47:14+00:00,68fac40c,artifact,S18,data/reference/wiki_nyc_articles.csv,verified,"sha256 abb0d075af0e382f, 501 rows; not registered in data_sources.csv"
2026-09-11T19:47:14+00:00,68fac40c,artifact,S18,data/reference/wiki_nyc_daily.csv,verified,"sha256 1ebfe7c1bcd158d2, 6,944 rows, 2015-07-01..2024-12-31; matches the provenance register"
2026-09-11T19:47:14+00:00,68fac40c,artifact,S18,data/reference/wiki_nyc_per_article.csv,verified,"sha256 a82130d42a41569e, 52,080 rows, 2015-07-01..2024-12-31; not registered in data_sources.csv"
2026-09-11T19:47:14+00:00,68fac40c,claim,S1,C01_ems_source_rows,verified,"computed 29,978,154; document agrees"
2026-09-11T19:47:14+00:00,68fac40c,claim,S10,C02_registry_rows,verified,"computed 13,241; document agrees"
2026-09-11T19:47:14+00:00,68fac40c,claim,S11,C03_wiki_start,verified,computed 2015-07-01; document agrees
2026-09-11T19:47:14+00:00,68fac40c,claim,S16,C04_basket_articles,verified,computed 121; document agrees
2026-09-11T19:47:14+00:00,68fac40c,claim,S16,C05_basket_people,verified,computed 111; document agrees
2026-09-11T19:47:14+00:00,68fac40c,claim,S16,C06_basket_after_2020,verified,computed 24; document agrees
2026-09-11T19:47:14+00:00,68fac40c,claim,S11,C07_scored_days,verified,"computed 3,472; document agrees"
2026-09-11T19:47:14+00:00,68fac40c,claim,S11,C08_cai_ref_mean,verified,computed 0.000000; document agrees
2026-09-11T19:47:14+00:00,68fac40c,claim,S11,C09_cai_ref_sd,verified,computed 1.000000; document agrees
2026-09-11T19:47:14+00:00,68fac40c,claim,S1,C10_panel_rows,verified,"computed 89,857; document agrees"
2026-09-11T19:47:14+00:00,68fac40c,claim,S1,C11_panel_districts,verified,computed 59; document agrees
2026-09-11T19:47:14+00:00,68fac40c,claim,S1,C12_mean_edp_share,verified,computed 0.0856; document agrees
2026-09-11T19:47:14+00:00,68fac40c,claim,S1,C13_mean_total_calls,verified,computed 65.9; document agrees
2026-09-11T19:47:14+00:00,68fac40c,claim,S12,C14_trends_nyc_zero_all,verified,computed 42.6%; document agrees
2026-09-11T19:47:14+00:00,68fac40c,claim,S12,C15_trends_nyc_zero_2020,verified,computed 26%; document agrees
2026-09-11T19:47:14+00:00,68fac40c,claim,S12,C16_trends_nyc_zero_2024,verified,computed 71%; document agrees
2026-09-11T19:47:14+00:00,68fac40c,claim,S17,C17_rename_views_recovered,verified,"computed 79,082,746; document agrees"
2026-09-11T19:47:14+00:00,68fac40c,claim,S17,C18_rename_articles,verified,computed 106; document agrees
2026-09-11T19:47:14+00:00,68fac40c,claim,S17,C19_rename_articles_total,verified,computed 127; document agrees
2026-09-11T19:47:14+00:00,68fac40c,claim,S11,C20_episodes_frozen,verified,computed 70; document agrees
2026-09-11T19:47:14+00:00,68fac40c,claim,S11,C21_episodes_rebuilt,verified,computed 75; document agrees
2026-09-11T19:47:14+00:00,68fac40c,claim,S11,C22_episode_max_days,verified,computed 14; document agrees
2026-09-11T19:47:14+00:00,68fac40c,claim,S11,C23_basket_usable,verified,computed 119; document agrees
2026-09-11T19:47:14+00:00,68fac40c,claim,S15,C24_bheard_precincts,verified,computed 31; document agrees
2026-09-11T19:47:14+00:00,68fac40c,claim,S15,C25_bheard_low_conf,verified,computed 17; document agrees
2026-09-11T19:47:14+00:00,68fac40c,claim,-,C26_suite_checks,verified,computed 46; document agrees
2026-09-11T19:47:14+00:00,68fac40c,claim,-,C28_audit_checks,verified,computed 46; document agrees
2026-09-11T19:47:14+00:00,68fac40c,claim,-,C29_audit_flags,verified,computed 1; document agrees
2026-09-11T19:47:14+00:00,68fac40c,claim,-,C30_sources_registered,verified,computed 19; document agrees
2026-09-11T19:47:14+00:00,68fac40c,claim,S17,C31_start_lag_max,verified,computed 3; document agrees
2026-09-11T19:47:14+00:00,68fac40c,claim,S17,C32_start_lag_articles,verified,computed 119; document agrees
2026-09-11T19:47:14+00:00,68fac40c,claim,S17,C33_titles_dated,verified,computed 559; document agrees
2026-09-11T19:47:14+00:00,68fac40c,claim,S18,C37_national_corr,verified,computed 0.9695; document agrees
2026-09-11T19:47:14+00:00,68fac40c,claim,S18,C34_nyc_corr_ext,verified,computed 0.54; document agrees
2026-09-11T19:47:14+00:00,68fac40c,claim,S18,C35_nyc_corr_us,verified,computed 0.62; document agrees
2026-09-11T19:47:14+00:00,68fac40c,claim,S18,C36_nyc_articles,verified,computed 11; document agrees
2026-09-11T19:47:14+00:00,68fac40c,claim,S18,C38_nyc_overlap,verified,computed 59%; document agrees
2026-09-11T19:47:14+00:00,68fac40c,claim,S18,C40_nyc_garner,verified,computed 53%; document agrees
2026-09-11T19:47:14+00:00,68fac40c,claim,S18,C41_nyc_disjoint,verified,computed 8; document agrees
2026-09-11T19:47:14+00:00,68fac40c,claim,S18,C42_nyc_r2,verified,computed 0.454; document agrees
2026-09-11T19:47:14+00:00,68fac40c,claim,S18,C43_nyc_resid,verified,computed 6; document agrees
2026-09-11T19:47:14+00:00,68fac40c,claim,S18,C44_national_corr,verified,computed 0.9695; document agrees
2026-09-11T19:47:14+00:00,68fac40c,claim,S18,C45_nyc_disjoint_year,verified,computed 2012; document agrees
2026-09-11T19:47:43+00:00,3f32220f,link,S1,https://data.cityofnewyork.us/resource/76xm-jjuj.csv,skipped,--offline
2026-09-11T19:47:43+00:00,3f32220f,link,S1b,https://data.cityofnewyork.us/resource/76xm-jjuj.csv,skipped,--offline
2026-09-11T19:47:43+00:00,3f32220f,link,S2,(none),unverifiable,no endpoint: not obtained over the network
2026-09-11T19:47:43+00:00,3f32220f,link,S3,(none),unverifiable,no endpoint: not obtained over the network
2026-09-11T19:47:43+00:00,3f32220f,link,S4,https://github.com/washingtonpost/data-police-shootings,skipped,--offline
2026-09-11T19:47:43+00:00,3f32220f,link,S5,(none),template,no endpoint: not obtained over the network
2026-09-11T19:47:43+00:00,3f32220f,link,S6,(none),template,no endpoint: not obtained over the network
2026-09-11T19:47:43+00:00,3f32220f,link,S7,https://s-media.nyc.gov/agencies/dcp/assets/files/excel/data-tools/census/acs/demo_2019_acs5yr_nta.xlsx,skipped,--offline
2026-09-11T19:47:43+00:00,3f32220f,link,S8,https://wikimedia.org/api/rest_v1/metrics/pageviews/per-article/,skipped,--offline
2026-09-11T19:47:43+00:00,3f32220f,link,S9,https://en.wikipedia.org/api/rest_v1/page/summary/,skipped,--offline
2026-09-11T19:47:43+00:00,3f32220f,link,S10,https://mappingpoliceviolence.us/s/MPVDatasetDownload.xlsx,skipped,--offline
2026-09-11T19:47:43+00:00,3f32220f,link,S11,https://api.gdeltproject.org/api/v2/doc/doc,skipped,--offline
2026-09-11T19:47:43+00:00,3f32220f,link,S11,https://api.gdeltproject.org/api/v2/tv/tv,skipped,--offline
2026-09-11T19:47:43+00:00,3f32220f,link,S11,https://wikimedia.org/api/rest_v1/metrics/pageviews/per-article/,skipped,--offline
2026-09-11T19:47:43+00:00,3f32220f,link,S12,https://trends.google.com,skipped,--offline
2026-09-11T19:47:43+00:00,3f32220f,link,S13,https://trends.google.com,skipped,--offline
2026-09-11T19:47:43+00:00,3f32220f,link,S14,https://data.cityofnewyork.us/resource/76xm-jjuj.json,skipped,--offline
2026-09-11T19:47:43+00:00,3f32220f,link,S15,https://mentalhealth.cityofnewyork.us/b-heard,skipped,--offline
2026-09-11T19:47:43+00:00,3f32220f,link,S16,https://query.wikidata.org/sparql,skipped,--offline
2026-09-11T19:47:43+00:00,3f32220f,link,S17,https://en.wikipedia.org/w/api.php,skipped,--offline
2026-09-11T19:47:43+00:00,3f32220f,link,S18,https://en.wikipedia.org/w/api.php,skipped,--offline
2026-09-11T19:47:43+00:00,3f32220f,link,S18,https://wikimedia.org/api/rest_v1/metrics/pageviews/per-article/,skipped,--offline
2026-09-11T19:47:43+00:00,3f32220f,artifact,S1,data/processed/ems_cd_day_calltype.parquet,verified,"sha256 6247a7239559f930, 4,876,509 rows, 2014-12-01..2024-12-31; not registered in data_sources.csv"
2026-09-11T19:47:43+00:00,3f32220f,artifact,S1,data/processed/ems_citywide_day_trends.parquet,verified,"sha256 33c8850350f90ab3, 39,037 rows, 2005-01-01..2026-06-30; not registered in data_sources.csv"
2026-09-11T19:47:43+00:00,3f32220f,artifact,S1b,data/processed/ems_cd_day_calltype.parquet,verified,"sha256 6247a7239559f930, 4,876,509 rows, 2014-12-01..2024-12-31; matches the provenance register"
2026-09-11T19:47:43+00:00,3f32220f,artifact,S2,data/raw/211118_tweet_count_name_date.csv,unverifiable,"artifact absent, and the source is unverifiable"
2026-09-11T19:47:43+00:00,3f32220f,artifact,S3,data/raw/220126_final_daily_tweet_count.csv,unverifiable,"artifact absent, and the source is unverifiable"
2026-09-11T19:47:43+00:00,3f32220f,artifact,S4,data/raw/fatalpoliceshootingsCLEANED.csv,unverifiable,"artifact absent, and the source is retired"
2026-09-11T19:47:43+00:00,3f32220f,artifact,S5,data/raw/sf1_dp_cd_demoprofile.xlsx,verified,"sha256 20459df2681c751b, unreadable: UnicodeDecodeError; not registered in data_sources.csv"
2026-09-11T19:47:43+00:00,3f32220f,artifact,S6,data/reference/victim_curation_table.csv,verified,"sha256 75e6bea4243eebe7, 101 rows, 2013-05-24..2020-10-20; not registered in data_sources.csv"
2026-09-11T19:47:43+00:00,3f32220f,artifact,S7,data/reference/acs_2019_cd_demographics.csv,verified,"sha256 210ec18a067b7f5d, 59 rows; register holds a payload hash only"
2026-09-11T19:47:43+00:00,3f32220f,artifact,S8,data/reference/wikipedia_pageviews_victims.csv,verified,"sha256 e1e88d7d93c69631, 25,211 rows, 2017-01-01..2020-12-31; provenance register is stale and cannot be refreshed — accepted 2026-09-10: Neither registered hash matches this file, and it cannot be re-registered by re-running its fetch: 09_fetch_public_data.py selects this basket from the retired Twitter per-victim file (S2), which is not in the repository and cannot be reconstructed. The bytes ac"
2026-09-11T19:47:43+00:00,3f32220f,artifact,S9,data/reference/wikipedia_article_resolution.csv,verified,"sha256 8c587914076bb844, 121 rows; not registered in data_sources.csv"
2026-09-11T19:47:43+00:00,3f32220f,artifact,S10,data/reference/victim_registry.csv,verified,"sha256 13f3fbcfe5298589, 13,241 rows, 2013-01-01..2024-12-31; register holds a payload hash only"
2026-09-11T19:47:43+00:00,3f32220f,artifact,S11,data/reference/cai_components_daily.csv,verified,"sha256 dbb89a5aa3380194, 9,232 rows, 2015-01-01..2024-12-31; matches the provenance register"
2026-09-11T19:47:43+00:00,3f32220f,artifact,S11,data/reference/wiki_ext_basket_used.csv,verified,"sha256 0cffc9013f1382d2, 121 rows; not registered in data_sources.csv"
2026-09-11T19:47:43+00:00,3f32220f,artifact,S11,data/reference/wiki_ext_aggregation_diagnostic.csv,verified,"sha256 a8ea321b5a7319b8, 3,472 rows, 2015-07-01..2024-12-31; not registered in data_sources.csv"
2026-09-11T19:47:43+00:00,3f32220f,artifact,S12,data/reference/cai_trends_daily.csv,verified,"sha256 f18c11eb209350bd, 7,306 rows, 2015-01-01..2024-12-31; matches the provenance register"
2026-09-11T19:47:43+00:00,3f32220f,artifact,S12,data/reference/cai_trends_stitch_diagnostics.csv,verified,"sha256 a79bdc97be843bd6, 58 rows; not registered in data_sources.csv"
2026-09-11T19:47:43+00:00,3f32220f,artifact,S13,data/reference/cai_trends_anchored.csv,unverifiable,"artifact absent, and the source is retired"
2026-09-11T19:47:43+00:00,3f32220f,artifact,S14,data/reference/precinct_cd_crosswalk.csv,verified,"sha256 4c519dc6e115d562, 131 rows; matches the provenance register"
2026-09-11T19:47:43+00:00,3f32220f,artifact,S15,data/reference/bheard_precinct_adoption.csv,verified,"sha256 b7627d01221e5159, 31 rows; matches the provenance register"
2026-09-11T19:47:43+00:00,3f32220f,artifact,S15,data/reference/bheard_cd_exposure.csv,verified,"sha256 c387a640fc425626, 74 rows; not registered in data_sources.csv"
2026-09-11T19:47:43+00:00,3f32220f,artifact,S16,data/reference/basket_decisions.csv,verified,"sha256 c2ca055d09357245, 161 rows, 1958-04-25..2024-09-19; not registered in data_sources.csv"
2026-09-11T19:47:43+00:00,3f32220f,artifact,S17,data/reference/article_title_map.csv,verified,"sha256 0a27b6dc42d3853a, 559 rows; not registered in data_sources.csv"
2026-09-11T19:47:43+00:00,3f32220f,artifact,S17,outputs/tables/rename_recovery.csv,verified,"sha256 bdacd2e6adb24ce9, 127 rows; not registered in data_sources.csv"
2026-09-11T19:47:43+00:00,3f32220f,artifact,S18,data/reference/wiki_nyc_articles.csv,verified,"sha256 abb0d075af0e382f, 501 rows; not registered in data_sources.csv"
2026-09-11T19:47:43+00:00,3f32220f,artifact,S18,data/reference/wiki_nyc_daily.csv,verified,"sha256 1ebfe7c1bcd158d2, 6,944 rows, 2015-07-01..2024-12-31; matches the provenance register"
2026-09-11T19:47:43+00:00,3f32220f,artifact,S18,data/reference/wiki_nyc_per_article.csv,verified,"sha256 a82130d42a41569e, 52,080 rows, 2015-07-01..2024-12-31; not registered in data_sources.csv"
2026-09-11T19:47:43+00:00,3f32220f,claim,S1,C01_ems_source_rows,verified,"computed 29,978,154; document agrees"
2026-09-11T19:47:43+00:00,3f32220f,claim,S10,C02_registry_rows,verified,"computed 13,241; document agrees"
2026-09-11T19:47:43+00:00,3f32220f,claim,S11,C03_wiki_start,verified,computed 2015-07-01; document agrees
2026-09-11T19:47:43+00:00,3f32220f,claim,S16,C04_basket_articles,verified,computed 121; document agrees
2026-09-11T19:47:43+00:00,3f32220f,claim,S16,C05_basket_people,verified,computed 111; document agrees
2026-09-11T19:47:43+00:00,3f32220f,claim,S16,C06_basket_after_2020,verified,computed 24; document agrees
2026-09-11T19:47:43+00:00,3f32220f,claim,S11,C07_scored_days,verified,"computed 3,472; document agrees"
2026-09-11T19:47:43+00:00,3f32220f,claim,S11,C08_cai_ref_mean,verified,computed 0.000000; document agrees
2026-09-11T19:47:43+00:00,3f32220f,claim,S11,C09_cai_ref_sd,verified,computed 1.000000; document agrees
2026-09-11T19:47:43+00:00,3f32220f,claim,S1,C10_panel_rows,verified,"computed 89,857; document agrees"
2026-09-11T19:47:43+00:00,3f32220f,claim,S1,C11_panel_districts,verified,computed 59; document agrees
2026-09-11T19:47:43+00:00,3f32220f,claim,S1,C12_mean_edp_share,verified,computed 0.0856; document agrees
2026-09-11T19:47:43+00:00,3f32220f,claim,S1,C13_mean_total_calls,verified,computed 65.9; document agrees
2026-09-11T19:47:43+00:00,3f32220f,claim,S12,C14_trends_nyc_zero_all,verified,computed 42.6%; document agrees
2026-09-11T19:47:43+00:00,3f32220f,claim,S12,C15_trends_nyc_zero_2020,verified,computed 26%; document agrees
2026-09-11T19:47:43+00:00,3f32220f,claim,S12,C16_trends_nyc_zero_2024,verified,computed 71%; document agrees
2026-09-11T19:47:43+00:00,3f32220f,claim,S17,C17_rename_views_recovered,verified,"computed 79,082,746; document agrees"
2026-09-11T19:47:43+00:00,3f32220f,claim,S17,C18_rename_articles,verified,computed 106; document agrees
2026-09-11T19:47:43+00:00,3f32220f,claim,S17,C19_rename_articles_total,verified,computed 127; document agrees
2026-09-11T19:47:43+00:00,3f32220f,claim,S11,C20_episodes_frozen,verified,computed 70; document agrees
2026-09-11T19:47:43+00:00,3f32220f,claim,S11,C21_episodes_rebuilt,verified,computed 75; document agrees
2026-09-11T19:47:43+00:00,3f32220f,claim,S11,C22_episode_max_days,verified,computed 14; document agrees
2026-09-11T19:47:43+00:00,3f32220f,claim,S11,C23_basket_usable,verified,computed 119; document agrees
2026-09-11T19:47:43+00:00,3f32220f,claim,S15,C24_bheard_precincts,verified,computed 31; document agrees
2026-09-11T19:47:43+00:00,3f32220f,claim,S15,C25_bheard_low_conf,verified,computed 17; document agrees
2026-09-11T19:47:43+00:00,3f32220f,claim,-,C26_suite_checks,verified,computed 46; document agrees
2026-09-11T19:47:43+00:00,3f32220f,claim,-,C28_audit_checks,verified,computed 46; document agrees
2026-09-11T19:47:43+00:00,3f32220f,claim,-,C29_audit_flags,verified,computed 1; document agrees
2026-09-11T19:47:43+00:00,3f32220f,claim,-,C30_sources_registered,verified,computed 19; document agrees
2026-09-11T19:47:43+00:00,3f32220f,claim,S17,C31_start_lag_max,verified,computed 3; document agrees
2026-09-11T19:47:43+00:00,3f32220f,claim,S17,C32_start_lag_articles,verified,computed 119; document agrees
2026-09-11T19:47:43+00:00,3f32220f,claim,S17,C33_titles_dated,verified,computed 559; document agrees
2026-09-11T19:47:43+00:00,3f32220f,claim,S18,C37_national_corr,verified,computed 0.9695; document agrees
2026-09-11T19:47:43+00:00,3f32220f,claim,S18,C34_nyc_corr_ext,verified,computed 0.54; document agrees
2026-09-11T19:47:43+00:00,3f32220f,claim,S18,C35_nyc_corr_us,verified,computed 0.62; document agrees
2026-09-11T19:47:43+00:00,3f32220f,claim,S18,C36_nyc_articles,verified,computed 11; document agrees
2026-09-11T19:47:43+00:00,3f32220f,claim,S18,C38_nyc_overlap,verified,computed 59%; document agrees
2026-09-11T19:47:43+00:00,3f32220f,claim,S18,C40_nyc_garner,verified,computed 53%; document agrees
2026-09-11T19:47:43+00:00,3f32220f,claim,S18,C41_nyc_disjoint,verified,computed 8; document agrees
2026-09-11T19:47:43+00:00,3f32220f,claim,S18,C42_nyc_r2,verified,computed 0.454; document agrees
2026-09-11T19:47:43+00:00,3f32220f,claim,S18,C43_nyc_resid,verified,computed 6; document agrees
2026-09-11T19:47:43+00:00,3f32220f,claim,S18,C44_national_corr,verified,computed 0.9695; document agrees
2026-09-11T19:47:43+00:00,3f32220f,claim,S18,C45_nyc_disjoint_year,verified,computed 2012; document agrees
2026-09-11T20:00:23+00:00,7553b8b2,claim,S1,C01_ems_source_rows,verified,"computed 29,978,154; document agrees"
2026-09-11T20:00:23+00:00,7553b8b2,claim,S10,C02_registry_rows,verified,"computed 13,241; document agrees"
2026-09-11T20:00:23+00:00,7553b8b2,claim,S11,C03_wiki_start,verified,computed 2015-07-01; document agrees
2026-09-11T20:00:23+00:00,7553b8b2,claim,S16,C04_basket_articles,verified,computed 121; document agrees
2026-09-11T20:00:23+00:00,7553b8b2,claim,S16,C05_basket_people,verified,computed 111; document agrees
2026-09-11T20:00:23+00:00,7553b8b2,claim,S16,C06_basket_after_2020,verified,computed 24; document agrees
2026-09-11T20:00:23+00:00,7553b8b2,claim,S11,C07_scored_days,verified,"computed 3,472; document agrees"
2026-09-11T20:00:23+00:00,7553b8b2,claim,S11,C08_cai_ref_mean,verified,computed 0.000000; document agrees
2026-09-11T20:00:23+00:00,7553b8b2,claim,S11,C09_cai_ref_sd,verified,computed 1.000000; document agrees
2026-09-11T20:00:23+00:00,7553b8b2,claim,S1,C10_panel_rows,verified,"computed 89,857; document agrees"
2026-09-11T20:00:23+00:00,7553b8b2,claim,S1,C11_panel_districts,verified,computed 59; document agrees
2026-09-11T20:00:23+00:00,7553b8b2,claim,S1,C12_mean_edp_share,verified,computed 0.0856; document agrees
2026-09-11T20:00:23+00:00,7553b8b2,claim,S1,C13_mean_total_calls,verified,computed 65.9; document agrees
2026-09-11T20:00:23+00:00,7553b8b2,claim,S12,C14_trends_nyc_zero_all,verified,computed 42.6%; document agrees
2026-09-11T20:00:23+00:00,7553b8b2,claim,S12,C15_trends_nyc_zero_2020,verified,computed 26%; document agrees
2026-09-11T20:00:23+00:00,7553b8b2,claim,S12,C16_trends_nyc_zero_2024,verified,computed 71%; document agrees
2026-09-11T20:00:23+00:00,7553b8b2,claim,S17,C17_rename_views_recovered,verified,"computed 79,082,746; document agrees"
2026-09-11T20:00:23+00:00,7553b8b2,claim,S17,C18_rename_articles,verified,computed 106; document agrees
2026-09-11T20:00:23+00:00,7553b8b2,claim,S17,C19_rename_articles_total,verified,computed 127; document agrees
2026-09-11T20:00:23+00:00,7553b8b2,claim,S11,C20_episodes_frozen,verified,computed 70; document agrees
2026-09-11T20:00:23+00:00,7553b8b2,claim,S11,C21_episodes_rebuilt,verified,computed 75; document agrees
2026-09-11T20:00:23+00:00,7553b8b2,claim,S11,C22_episode_max_days,verified,computed 14; document agrees
2026-09-11T20:00:23+00:00,7553b8b2,claim,S11,C23_basket_usable,verified,computed 119; document agrees
2026-09-11T20:00:23+00:00,7553b8b2,claim,S15,C24_bheard_precincts,verified,computed 31; document agrees
2026-09-11T20:00:23+00:00,7553b8b2,claim,S15,C25_bheard_low_conf,verified,computed 17; document agrees
2026-09-11T20:00:23+00:00,7553b8b2,claim,-,C26_suite_checks,verified,computed 48; document agrees
2026-09-11T20:00:23+00:00,7553b8b2,claim,-,C28_audit_checks,verified,computed 46; document agrees
2026-09-11T20:00:23+00:00,7553b8b2,claim,-,C29_audit_flags,verified,computed 1; document agrees
2026-09-11T20:00:23+00:00,7553b8b2,claim,-,C30_sources_registered,verified,computed 19; document agrees
2026-09-11T20:00:23+00:00,7553b8b2,claim,S17,C31_start_lag_max,verified,computed 3; document agrees
2026-09-11T20:00:23+00:00,7553b8b2,claim,S17,C32_start_lag_articles,verified,computed 119; document agrees
2026-09-11T20:00:23+00:00,7553b8b2,claim,S17,C33_titles_dated,verified,computed 559; document agrees
2026-09-11T20:00:23+00:00,7553b8b2,claim,S18,C37_national_corr,verified,computed 0.9695; document agrees
2026-09-11T20:00:23+00:00,7553b8b2,claim,S18,C34_nyc_corr_ext,verified,computed 0.54; document agrees
2026-09-11T20:00:23+00:00,7553b8b2,claim,S18,C35_nyc_corr_us,verified,computed 0.62; document agrees
2026-09-11T20:00:23+00:00,7553b8b2,claim,S18,C36_nyc_articles,verified,computed 11; document agrees
2026-09-11T20:00:23+00:00,7553b8b2,claim,S18,C38_nyc_overlap,verified,computed 59%; document agrees
2026-09-11T20:00:23+00:00,7553b8b2,claim,S18,C40_nyc_garner,verified,computed 53%; document agrees
2026-09-11T20:00:23+00:00,7553b8b2,claim,S18,C41_nyc_disjoint,verified,computed 8; document agrees
2026-09-11T20:00:23+00:00,7553b8b2,claim,S18,C42_nyc_r2,verified,computed 0.454; document agrees
2026-09-11T20:00:23+00:00,7553b8b2,claim,S18,C43_nyc_resid,verified,computed 6; document agrees
2026-09-11T20:00:23+00:00,7553b8b2,claim,S18,C44_national_corr,verified,computed 0.9695; document agrees
2026-09-11T20:00:23+00:00,7553b8b2,claim,S18,C45_nyc_disjoint_year,verified,computed 2012; document agrees
2026-09-11T20:14:56+00:00,54e626be,link,S1,https://data.cityofnewyork.us/resource/76xm-jjuj.csv,skipped,--offline
2026-09-11T20:14:56+00:00,54e626be,link,S1b,https://data.cityofnewyork.us/resource/76xm-jjuj.csv,skipped,--offline
2026-09-11T20:14:56+00:00,54e626be,link,S2,(none),unverifiable,no endpoint: not obtained over the network
2026-09-11T20:14:56+00:00,54e626be,link,S3,(none),unverifiable,no endpoint: not obtained over the network
2026-09-11T20:14:56+00:00,54e626be,link,S4,https://github.com/washingtonpost/data-police-shootings,skipped,--offline
2026-09-11T20:14:56+00:00,54e626be,link,S5,(none),template,no endpoint: not obtained over the network
2026-09-11T20:14:56+00:00,54e626be,link,S6,(none),template,no endpoint: not obtained over the network
2026-09-11T20:14:56+00:00,54e626be,link,S7,https://s-media.nyc.gov/agencies/dcp/assets/files/excel/data-tools/census/acs/demo_2019_acs5yr_nta.xlsx,skipped,--offline
2026-09-11T20:14:56+00:00,54e626be,link,S8,https://wikimedia.org/api/rest_v1/metrics/pageviews/per-article/,skipped,--offline
2026-09-11T20:14:56+00:00,54e626be,link,S9,https://en.wikipedia.org/api/rest_v1/page/summary/,skipped,--offline
2026-09-11T20:14:56+00:00,54e626be,link,S10,https://mappingpoliceviolence.us/s/MPVDatasetDownload.xlsx,skipped,--offline
2026-09-11T20:14:56+00:00,54e626be,link,S11,https://api.gdeltproject.org/api/v2/doc/doc,skipped,--offline
2026-09-11T20:14:56+00:00,54e626be,link,S11,https://api.gdeltproject.org/api/v2/tv/tv,skipped,--offline
2026-09-11T20:14:56+00:00,54e626be,link,S11,https://wikimedia.org/api/rest_v1/metrics/pageviews/per-article/,skipped,--offline
2026-09-11T20:14:56+00:00,54e626be,link,S12,https://trends.google.com,skipped,--offline
2026-09-11T20:14:56+00:00,54e626be,link,S13,https://trends.google.com,skipped,--offline
2026-09-11T20:14:56+00:00,54e626be,link,S14,https://data.cityofnewyork.us/resource/76xm-jjuj.json,skipped,--offline
2026-09-11T20:14:56+00:00,54e626be,link,S15,https://mentalhealth.cityofnewyork.us/b-heard,skipped,--offline
2026-09-11T20:14:56+00:00,54e626be,link,S16,https://query.wikidata.org/sparql,skipped,--offline
2026-09-11T20:14:56+00:00,54e626be,link,S17,https://en.wikipedia.org/w/api.php,skipped,--offline
2026-09-11T20:14:56+00:00,54e626be,link,S18,https://en.wikipedia.org/w/api.php,skipped,--offline
2026-09-11T20:14:56+00:00,54e626be,link,S18,https://wikimedia.org/api/rest_v1/metrics/pageviews/per-article/,skipped,--offline
2026-09-11T20:14:56+00:00,54e626be,artifact,S1,data/processed/ems_cd_day_calltype.parquet,verified,"sha256 6247a7239559f930, 4,876,509 rows, 2014-12-01..2024-12-31; not registered in data_sources.csv"
2026-09-11T20:14:56+00:00,54e626be,artifact,S1,data/processed/ems_citywide_day_trends.parquet,verified,"sha256 33c8850350f90ab3, 39,037 rows, 2005-01-01..2026-06-30; not registered in data_sources.csv"
2026-09-11T20:14:56+00:00,54e626be,artifact,S1b,data/processed/ems_cd_day_calltype.parquet,verified,"sha256 6247a7239559f930, 4,876,509 rows, 2014-12-01..2024-12-31; matches the provenance register"
2026-09-11T20:14:56+00:00,54e626be,artifact,S2,data/raw/211118_tweet_count_name_date.csv,unverifiable,"artifact absent, and the source is unverifiable"
2026-09-11T20:14:56+00:00,54e626be,artifact,S3,data/raw/220126_final_daily_tweet_count.csv,unverifiable,"artifact absent, and the source is unverifiable"
2026-09-11T20:14:56+00:00,54e626be,artifact,S4,data/raw/fatalpoliceshootingsCLEANED.csv,unverifiable,"artifact absent, and the source is retired"
2026-09-11T20:14:56+00:00,54e626be,artifact,S5,data/raw/sf1_dp_cd_demoprofile.xlsx,verified,"sha256 20459df2681c751b, unreadable: UnicodeDecodeError; not registered in data_sources.csv"
2026-09-11T20:14:56+00:00,54e626be,artifact,S6,data/reference/victim_curation_table.csv,verified,"sha256 75e6bea4243eebe7, 101 rows, 2013-05-24..2020-10-20; not registered in data_sources.csv"
2026-09-11T20:14:56+00:00,54e626be,artifact,S7,data/reference/acs_2019_cd_demographics.csv,verified,"sha256 210ec18a067b7f5d, 59 rows; register holds a payload hash only"
2026-09-11T20:14:56+00:00,54e626be,artifact,S8,data/reference/wikipedia_pageviews_victims.csv,verified,"sha256 e1e88d7d93c69631, 25,211 rows, 2017-01-01..2020-12-31; provenance register is stale and cannot be refreshed — accepted 2026-09-10: Neither registered hash matches this file, and it cannot be re-registered by re-running its fetch: 09_fetch_public_data.py selects this basket from the retired Twitter per-victim file (S2), which is not in the repository and cannot be reconstructed. The bytes ac"
2026-09-11T20:14:56+00:00,54e626be,artifact,S9,data/reference/wikipedia_article_resolution.csv,verified,"sha256 8c587914076bb844, 121 rows; not registered in data_sources.csv"
2026-09-11T20:14:56+00:00,54e626be,artifact,S10,data/reference/victim_registry.csv,verified,"sha256 13f3fbcfe5298589, 13,241 rows, 2013-01-01..2024-12-31; register holds a payload hash only"
2026-09-11T20:14:56+00:00,54e626be,artifact,S11,data/reference/cai_components_daily.csv,verified,"sha256 dbb89a5aa3380194, 9,232 rows, 2015-01-01..2024-12-31; matches the provenance register"
2026-09-11T20:14:56+00:00,54e626be,artifact,S11,data/reference/wiki_ext_basket_used.csv,verified,"sha256 0cffc9013f1382d2, 121 rows; not registered in data_sources.csv"
2026-09-11T20:14:56+00:00,54e626be,artifact,S11,data/reference/wiki_ext_aggregation_diagnostic.csv,verified,"sha256 a8ea321b5a7319b8, 3,472 rows, 2015-07-01..2024-12-31; not registered in data_sources.csv"
2026-09-11T20:14:56+00:00,54e626be,artifact,S12,data/reference/cai_trends_daily.csv,verified,"sha256 f18c11eb209350bd, 7,306 rows, 2015-01-01..2024-12-31; matches the provenance register"
2026-09-11T20:14:56+00:00,54e626be,artifact,S12,data/reference/cai_trends_stitch_diagnostics.csv,verified,"sha256 a79bdc97be843bd6, 58 rows; not registered in data_sources.csv"
2026-09-11T20:14:56+00:00,54e626be,artifact,S13,data/reference/cai_trends_anchored.csv,unverifiable,"artifact absent, and the source is retired"
2026-09-11T20:14:56+00:00,54e626be,artifact,S14,data/reference/precinct_cd_crosswalk.csv,verified,"sha256 4c519dc6e115d562, 131 rows; matches the provenance register"
2026-09-11T20:14:56+00:00,54e626be,artifact,S15,data/reference/bheard_precinct_adoption.csv,verified,"sha256 b7627d01221e5159, 31 rows; matches the provenance register"
2026-09-11T20:14:56+00:00,54e626be,artifact,S15,data/reference/bheard_cd_exposure.csv,verified,"sha256 c387a640fc425626, 74 rows; not registered in data_sources.csv"
2026-09-11T20:14:56+00:00,54e626be,artifact,S16,data/reference/basket_decisions.csv,verified,"sha256 ec5113e2839843e5, 174 rows, 1958-04-25..2024-09-19; not registered in data_sources.csv"
2026-09-11T20:14:56+00:00,54e626be,artifact,S17,data/reference/article_title_map.csv,verified,"sha256 0a27b6dc42d3853a, 559 rows; not registered in data_sources.csv"
2026-09-11T20:14:56+00:00,54e626be,artifact,S17,outputs/tables/rename_recovery.csv,verified,"sha256 bdacd2e6adb24ce9, 127 rows; not registered in data_sources.csv"
2026-09-11T20:14:56+00:00,54e626be,artifact,S18,data/reference/wiki_nyc_articles.csv,verified,"sha256 abb0d075af0e382f, 501 rows; not registered in data_sources.csv"
2026-09-11T20:14:56+00:00,54e626be,artifact,S18,data/reference/wiki_nyc_daily.csv,verified,"sha256 1ebfe7c1bcd158d2, 6,944 rows, 2015-07-01..2024-12-31; matches the provenance register"
2026-09-11T20:14:56+00:00,54e626be,artifact,S18,data/reference/wiki_nyc_per_article.csv,verified,"sha256 a82130d42a41569e, 52,080 rows, 2015-07-01..2024-12-31; not registered in data_sources.csv"
2026-09-11T20:14:56+00:00,54e626be,claim,S1,C01_ems_source_rows,verified,"computed 29,978,154; document agrees"
2026-09-11T20:14:56+00:00,54e626be,claim,S10,C02_registry_rows,verified,"computed 13,241; document agrees"
2026-09-11T20:14:56+00:00,54e626be,claim,S11,C03_wiki_start,verified,computed 2015-07-01; document agrees
2026-09-11T20:14:56+00:00,54e626be,claim,S16,C04_basket_articles,mismatch,"computed 120, but the document does not say 'Current basket: **120 articles' (the surrounding wording is present, so the number differs)"
2026-09-11T20:14:56+00:00,54e626be,claim,S16,C05_basket_people,mismatch,"computed 119, but the document does not say 'articles / 119 people**, span' (the surrounding wording is present, so the number differs)"
2026-09-11T20:14:56+00:00,54e626be,claim,S16,C06_basket_after_2020,mismatch,"computed 27, but the document does not say '**27 killed after 2020**' (the surrounding wording is present, so the number differs)"
2026-09-11T20:14:56+00:00,54e626be,claim,S11,C07_scored_days,verified,"computed 3,472; document agrees"
2026-09-11T20:14:56+00:00,54e626be,claim,S11,C08_cai_ref_mean,verified,computed 0.000000; document agrees
2026-09-11T20:14:56+00:00,54e626be,claim,S11,C09_cai_ref_sd,verified,computed 1.000000; document agrees
2026-09-11T20:14:56+00:00,54e626be,claim,S1,C10_panel_rows,verified,"computed 89,857; document agrees"
2026-09-11T20:14:56+00:00,54e626be,claim,S1,C11_panel_districts,verified,computed 59; document agrees
2026-09-11T20:14:56+00:00,54e626be,claim,S1,C12_mean_edp_share,verified,computed 0.0856; document agrees
2026-09-11T20:14:56+00:00,54e626be,claim,S1,C13_mean_total_calls,verified,computed 65.9; document agrees
2026-09-11T20:14:56+00:00,54e626be,claim,S12,C14_trends_nyc_zero_all,verified,computed 42.6%; document agrees
2026-09-11T20:14:56+00:00,54e626be,claim,S12,C15_trends_nyc_zero_2020,verified,computed 26%; document agrees
2026-09-11T20:14:56+00:00,54e626be,claim,S12,C16_trends_nyc_zero_2024,verified,computed 71%; document agrees
2026-09-11T20:14:56+00:00,54e626be,claim,S17,C17_rename_views_recovered,verified,"computed 79,082,746; document agrees"
2026-09-11T20:14:56+00:00,54e626be,claim,S17,C18_rename_articles,verified,computed 106; document agrees
2026-09-11T20:14:56+00:00,54e626be,claim,S17,C19_rename_articles_total,verified,computed 127; document agrees
2026-09-11T20:14:56+00:00,54e626be,claim,S11,C20_episodes_frozen,verified,computed 70; document agrees
2026-09-11T20:14:56+00:00,54e626be,claim,S11,C21_episodes_rebuilt,verified,computed 75; document agrees
2026-09-11T20:14:56+00:00,54e626be,claim,S11,C22_episode_max_days,verified,computed 14; document agrees
2026-09-11T20:14:56+00:00,54e626be,claim,S11,C23_basket_usable,verified,computed 119; document agrees
2026-09-11T20:14:56+00:00,54e626be,claim,S15,C24_bheard_precincts,verified,computed 31; document agrees
2026-09-11T20:14:56+00:00,54e626be,claim,S15,C25_bheard_low_conf,verified,computed 17; document agrees
2026-09-11T20:14:56+00:00,54e626be,claim,-,C26_suite_checks,mismatch,"computed 50, but the document does not say 'check — **50 checks** at present.' (the surrounding wording is present, so the number differs)"
2026-09-11T20:14:56+00:00,54e626be,claim,-,C28_audit_checks,verified,computed 46; document agrees
2026-09-11T20:14:56+00:00,54e626be,claim,-,C29_audit_flags,verified,computed 1; document agrees
2026-09-11T20:14:56+00:00,54e626be,claim,-,C30_sources_registered,verified,computed 19; document agrees
2026-09-11T20:14:56+00:00,54e626be,claim,S17,C31_start_lag_max,verified,computed 3; document agrees
2026-09-11T20:14:56+00:00,54e626be,claim,S17,C32_start_lag_articles,verified,computed 119; document agrees
2026-09-11T20:14:56+00:00,54e626be,claim,S17,C33_titles_dated,verified,computed 559; document agrees
2026-09-11T20:14:56+00:00,54e626be,claim,S18,C37_national_corr,verified,computed 0.9695; document agrees
2026-09-11T20:14:56+00:00,54e626be,claim,S18,C34_nyc_corr_ext,verified,computed 0.54; document agrees
2026-09-11T20:14:56+00:00,54e626be,claim,S18,C35_nyc_corr_us,verified,computed 0.62; document agrees
2026-09-11T20:14:56+00:00,54e626be,claim,S18,C36_nyc_articles,verified,computed 11; document agrees
2026-09-11T20:14:56+00:00,54e626be,claim,S18,C38_nyc_overlap,verified,computed 59%; document agrees
2026-09-11T20:14:56+00:00,54e626be,claim,S18,C40_nyc_garner,verified,computed 53%; document agrees
2026-09-11T20:14:56+00:00,54e626be,claim,S18,C41_nyc_disjoint,verified,computed 8; document agrees
2026-09-11T20:14:56+00:00,54e626be,claim,S18,C42_nyc_r2,verified,computed 0.454; document agrees
2026-09-11T20:14:56+00:00,54e626be,claim,S18,C43_nyc_resid,verified,computed 6; document agrees
2026-09-11T20:14:56+00:00,54e626be,claim,S18,C44_national_corr,verified,computed 0.9695; document agrees
2026-09-11T20:14:56+00:00,54e626be,claim,S18,C45_nyc_disjoint_year,verified,computed 2012; document agrees
2026-09-12T01:15:54+00:00,b2d119cf,link,S1,https://data.cityofnewyork.us/resource/76xm-jjuj.csv,skipped,--offline
2026-09-12T01:15:54+00:00,b2d119cf,link,S1b,https://data.cityofnewyork.us/resource/76xm-jjuj.csv,skipped,--offline
2026-09-12T01:15:54+00:00,b2d119cf,link,S2,(none),unverifiable,no endpoint: not obtained over the network
2026-09-12T01:15:54+00:00,b2d119cf,link,S3,(none),unverifiable,no endpoint: not obtained over the network
2026-09-12T01:15:54+00:00,b2d119cf,link,S4,https://github.com/washingtonpost/data-police-shootings,skipped,--offline
2026-09-12T01:15:54+00:00,b2d119cf,link,S5,(none),template,no endpoint: not obtained over the network
2026-09-12T01:15:54+00:00,b2d119cf,link,S6,(none),template,no endpoint: not obtained over the network
2026-09-12T01:15:54+00:00,b2d119cf,link,S7,https://s-media.nyc.gov/agencies/dcp/assets/files/excel/data-tools/census/acs/demo_2019_acs5yr_nta.xlsx,skipped,--offline
2026-09-12T01:15:54+00:00,b2d119cf,link,S8,https://wikimedia.org/api/rest_v1/metrics/pageviews/per-article/,skipped,--offline
2026-09-12T01:15:54+00:00,b2d119cf,link,S9,https://en.wikipedia.org/api/rest_v1/page/summary/,skipped,--offline
2026-09-12T01:15:54+00:00,b2d119cf,link,S10,https://mappingpoliceviolence.us/s/MPVDatasetDownload.xlsx,skipped,--offline
2026-09-12T01:15:54+00:00,b2d119cf,link,S11,https://api.gdeltproject.org/api/v2/doc/doc,skipped,--offline
2026-09-12T01:15:54+00:00,b2d119cf,link,S11,https://api.gdeltproject.org/api/v2/tv/tv,skipped,--offline
2026-09-12T01:15:54+00:00,b2d119cf,link,S11,https://wikimedia.org/api/rest_v1/metrics/pageviews/per-article/,skipped,--offline
2026-09-12T01:15:54+00:00,b2d119cf,link,S12,https://trends.google.com,skipped,--offline
2026-09-12T01:15:54+00:00,b2d119cf,link,S13,https://trends.google.com,skipped,--offline
2026-09-12T01:15:54+00:00,b2d119cf,link,S14,https://data.cityofnewyork.us/resource/76xm-jjuj.json,skipped,--offline
2026-09-12T01:15:54+00:00,b2d119cf,link,S15,https://mentalhealth.cityofnewyork.us/b-heard,skipped,--offline
2026-09-12T01:15:54+00:00,b2d119cf,link,S16,https://query.wikidata.org/sparql,skipped,--offline
2026-09-12T01:15:54+00:00,b2d119cf,link,S17,https://en.wikipedia.org/w/api.php,skipped,--offline
2026-09-12T01:15:54+00:00,b2d119cf,link,S18,https://en.wikipedia.org/w/api.php,skipped,--offline
2026-09-12T01:15:54+00:00,b2d119cf,link,S18,https://wikimedia.org/api/rest_v1/metrics/pageviews/per-article/,skipped,--offline
2026-09-12T01:15:54+00:00,b2d119cf,artifact,S1,data/processed/ems_cd_day_calltype.parquet,verified,"sha256 6247a7239559f930, 4,876,509 rows, 2014-12-01..2024-12-31; not registered in data_sources.csv"
2026-09-12T01:15:54+00:00,b2d119cf,artifact,S1,data/processed/ems_citywide_day_trends.parquet,verified,"sha256 33c8850350f90ab3, 39,037 rows, 2005-01-01..2026-06-30; not registered in data_sources.csv"
2026-09-12T01:15:54+00:00,b2d119cf,artifact,S1b,data/processed/ems_cd_day_calltype.parquet,verified,"sha256 6247a7239559f930, 4,876,509 rows, 2014-12-01..2024-12-31; matches the provenance register"
2026-09-12T01:15:54+00:00,b2d119cf,artifact,S2,data/raw/211118_tweet_count_name_date.csv,unverifiable,"artifact absent, and the source is unverifiable"
2026-09-12T01:15:54+00:00,b2d119cf,artifact,S3,data/raw/220126_final_daily_tweet_count.csv,unverifiable,"artifact absent, and the source is unverifiable"
2026-09-12T01:15:54+00:00,b2d119cf,artifact,S4,data/raw/fatalpoliceshootingsCLEANED.csv,unverifiable,"artifact absent, and the source is retired"
2026-09-12T01:15:54+00:00,b2d119cf,artifact,S5,data/raw/sf1_dp_cd_demoprofile.xlsx,verified,"sha256 20459df2681c751b, unreadable: UnicodeDecodeError; not registered in data_sources.csv"
2026-09-12T01:15:54+00:00,b2d119cf,artifact,S6,data/reference/victim_curation_table.csv,verified,"sha256 75e6bea4243eebe7, 101 rows, 2013-05-24..2020-10-20; not registered in data_sources.csv"
2026-09-12T01:15:54+00:00,b2d119cf,artifact,S7,data/reference/acs_2019_cd_demographics.csv,verified,"sha256 210ec18a067b7f5d, 59 rows; register holds a payload hash only"
2026-09-12T01:15:54+00:00,b2d119cf,artifact,S8,data/reference/wikipedia_pageviews_victims.csv,verified,"sha256 e1e88d7d93c69631, 25,211 rows, 2017-01-01..2020-12-31; provenance register is stale and cannot be refreshed — accepted 2026-09-10: Neither registered hash matches this file, and it cannot be re-registered by re-running its fetch: 09_fetch_public_data.py selects this basket from the retired Twitter per-victim file (S2), which is not in the repository and cannot be reconstructed. The bytes ac"
2026-09-12T01:15:54+00:00,b2d119cf,artifact,S9,data/reference/wikipedia_article_resolution.csv,verified,"sha256 8c587914076bb844, 121 rows; not registered in data_sources.csv"
2026-09-12T01:15:54+00:00,b2d119cf,artifact,S10,data/reference/victim_registry.csv,verified,"sha256 13f3fbcfe5298589, 13,241 rows, 2013-01-01..2024-12-31; register holds a payload hash only"
2026-09-12T01:15:54+00:00,b2d119cf,artifact,S11,data/reference/cai_components_daily.csv,verified,"sha256 dbb89a5aa3380194, 9,232 rows, 2015-01-01..2024-12-31; matches the provenance register"
2026-09-12T01:15:54+00:00,b2d119cf,artifact,S11,data/reference/wiki_ext_basket_used.csv,verified,"sha256 0cffc9013f1382d2, 121 rows; not registered in data_sources.csv"
2026-09-12T01:15:54+00:00,b2d119cf,artifact,S11,data/reference/wiki_ext_aggregation_diagnostic.csv,verified,"sha256 a8ea321b5a7319b8, 3,472 rows, 2015-07-01..2024-12-31; not registered in data_sources.csv"
2026-09-12T01:15:54+00:00,b2d119cf,artifact,S12,data/reference/cai_trends_daily.csv,verified,"sha256 f18c11eb209350bd, 7,306 rows, 2015-01-01..2024-12-31; matches the provenance register"
2026-09-12T01:15:54+00:00,b2d119cf,artifact,S12,data/reference/cai_trends_stitch_diagnostics.csv,verified,"sha256 a79bdc97be843bd6, 58 rows; not registered in data_sources.csv"
2026-09-12T01:15:54+00:00,b2d119cf,artifact,S13,data/reference/cai_trends_anchored.csv,unverifiable,"artifact absent, and the source is retired"
2026-09-12T01:15:54+00:00,b2d119cf,artifact,S14,data/reference/precinct_cd_crosswalk.csv,verified,"sha256 4c519dc6e115d562, 131 rows; matches the provenance register"
2026-09-12T01:15:54+00:00,b2d119cf,artifact,S15,data/reference/bheard_precinct_adoption.csv,verified,"sha256 b7627d01221e5159, 31 rows; matches the provenance register"
2026-09-12T01:15:54+00:00,b2d119cf,artifact,S15,data/reference/bheard_cd_exposure.csv,verified,"sha256 c387a640fc425626, 74 rows; not registered in data_sources.csv"
2026-09-12T01:15:54+00:00,b2d119cf,artifact,S16,data/reference/basket_decisions.csv,verified,"sha256 cabfa4ca663e133c, 174 rows, 1958-04-25..2026-07-07; not registered in data_sources.csv"
2026-09-12T01:15:54+00:00,b2d119cf,artifact,S17,data/reference/article_title_map.csv,verified,"sha256 0a27b6dc42d3853a, 559 rows; not registered in data_sources.csv"
2026-09-12T01:15:54+00:00,b2d119cf,artifact,S17,outputs/tables/rename_recovery.csv,verified,"sha256 bdacd2e6adb24ce9, 127 rows; not registered in data_sources.csv"
2026-09-12T01:15:54+00:00,b2d119cf,artifact,S18,data/reference/wiki_nyc_articles.csv,verified,"sha256 abb0d075af0e382f, 501 rows; not registered in data_sources.csv"
2026-09-12T01:15:54+00:00,b2d119cf,artifact,S18,data/reference/wiki_nyc_daily.csv,verified,"sha256 1ebfe7c1bcd158d2, 6,944 rows, 2015-07-01..2024-12-31; matches the provenance register"
2026-09-12T01:15:54+00:00,b2d119cf,artifact,S18,data/reference/wiki_nyc_per_article.csv,verified,"sha256 a82130d42a41569e, 52,080 rows, 2015-07-01..2024-12-31; not registered in data_sources.csv"
2026-09-12T01:15:54+00:00,b2d119cf,claim,S1,C01_ems_source_rows,verified,"computed 29,978,154; document agrees"
2026-09-12T01:15:54+00:00,b2d119cf,claim,S10,C02_registry_rows,verified,"computed 13,241; document agrees"
2026-09-12T01:15:54+00:00,b2d119cf,claim,S11,C03_wiki_start,verified,computed 2015-07-01; document agrees
2026-09-12T01:15:54+00:00,b2d119cf,claim,S16,C04_basket_articles,verified,computed 120; document agrees
2026-09-12T01:15:54+00:00,b2d119cf,claim,S16,C05_basket_people,verified,computed 119; document agrees
2026-09-12T01:15:54+00:00,b2d119cf,claim,S16,C06_basket_after_2020,verified,computed 27; document agrees
2026-09-12T01:15:54+00:00,b2d119cf,claim,S11,C07_scored_days,verified,"computed 3,472; document agrees"
2026-09-12T01:15:54+00:00,b2d119cf,claim,S11,C08_cai_ref_mean,verified,computed 0.000000; document agrees
2026-09-12T01:15:54+00:00,b2d119cf,claim,S11,C09_cai_ref_sd,verified,computed 1.000000; document agrees
2026-09-12T01:15:54+00:00,b2d119cf,claim,S1,C10_panel_rows,verified,"computed 89,857; document agrees"
2026-09-12T01:15:54+00:00,b2d119cf,claim,S1,C11_panel_districts,verified,computed 59; document agrees
2026-09-12T01:15:54+00:00,b2d119cf,claim,S1,C12_mean_edp_share,verified,computed 0.0856; document agrees
2026-09-12T01:15:54+00:00,b2d119cf,claim,S1,C13_mean_total_calls,verified,computed 65.9; document agrees
2026-09-12T01:15:54+00:00,b2d119cf,claim,S12,C14_trends_nyc_zero_all,verified,computed 42.6%; document agrees
2026-09-12T01:15:54+00:00,b2d119cf,claim,S12,C15_trends_nyc_zero_2020,verified,computed 26%; document agrees
2026-09-12T01:15:54+00:00,b2d119cf,claim,S12,C16_trends_nyc_zero_2024,verified,computed 71%; document agrees
2026-09-12T01:15:54+00:00,b2d119cf,claim,S17,C17_rename_views_recovered,verified,"computed 79,082,746; document agrees"
2026-09-12T01:15:54+00:00,b2d119cf,claim,S17,C18_rename_articles,verified,computed 106; document agrees
2026-09-12T01:15:54+00:00,b2d119cf,claim,S17,C19_rename_articles_total,verified,computed 127; document agrees
2026-09-12T01:15:54+00:00,b2d119cf,claim,S11,C20_episodes_frozen,verified,computed 70; document agrees
2026-09-12T01:15:54+00:00,b2d119cf,claim,S11,C21_episodes_rebuilt,verified,computed 75; document agrees
2026-09-12T01:15:54+00:00,b2d119cf,claim,S11,C22_episode_max_days,verified,computed 14; document agrees
2026-09-12T01:15:54+00:00,b2d119cf,claim,S11,C23_basket_usable,verified,computed 119; document agrees
2026-09-12T01:15:54+00:00,b2d119cf,claim,S15,C24_bheard_precincts,verified,computed 31; document agrees
2026-09-12T01:15:54+00:00,b2d119cf,claim,S15,C25_bheard_low_conf,verified,computed 17; document agrees
2026-09-12T01:15:54+00:00,b2d119cf,claim,-,C26_suite_checks,mismatch,"computed 52, but the document does not say 'check — **52 checks** at present.' (the surrounding wording is present, so the number differs)"
2026-09-12T01:15:54+00:00,b2d119cf,claim,-,C28_audit_checks,mismatch,"computed 42, but the document does not say 'now runs: **42 checks,' (the surrounding wording is present, so the number differs)"
2026-09-12T01:15:54+00:00,b2d119cf,claim,-,C29_audit_flags,mismatch,"computed 2, but the document does not say 'checks, 2 flagged.**' (the surrounding wording is present, so the number differs)"
2026-09-12T01:15:54+00:00,b2d119cf,claim,-,C30_sources_registered,verified,computed 19; document agrees
2026-09-12T01:15:54+00:00,b2d119cf,claim,S17,C31_start_lag_max,verified,computed 3; document agrees
2026-09-12T01:15:54+00:00,b2d119cf,claim,S17,C32_start_lag_articles,verified,computed 119; document agrees
2026-09-12T01:15:54+00:00,b2d119cf,claim,S17,C33_titles_dated,verified,computed 559; document agrees
2026-09-12T01:15:54+00:00,b2d119cf,claim,S18,C37_national_corr,verified,computed 0.9695; document agrees
2026-09-12T01:15:54+00:00,b2d119cf,claim,S18,C34_nyc_corr_ext,verified,computed 0.54; document agrees
2026-09-12T01:15:54+00:00,b2d119cf,claim,S18,C35_nyc_corr_us,verified,computed 0.62; document agrees
2026-09-12T01:15:54+00:00,b2d119cf,claim,S18,C36_nyc_articles,verified,computed 11; document agrees
2026-09-12T01:15:54+00:00,b2d119cf,claim,S18,C38_nyc_overlap,verified,computed 59%; document agrees
2026-09-12T01:15:54+00:00,b2d119cf,claim,S18,C40_nyc_garner,verified,computed 53%; document agrees
2026-09-12T01:15:54+00:00,b2d119cf,claim,S18,C41_nyc_disjoint,verified,computed 8; document agrees
2026-09-12T01:15:54+00:00,b2d119cf,claim,S18,C42_nyc_r2,verified,computed 0.454; document agrees
2026-09-12T01:15:54+00:00,b2d119cf,claim,S18,C43_nyc_resid,verified,computed 6; document agrees
2026-09-12T01:15:54+00:00,b2d119cf,claim,S18,C44_national_corr,verified,computed 0.9695; document agrees
2026-09-12T01:15:54+00:00,b2d119cf,claim,S18,C45_nyc_disjoint_year,verified,computed 2012; document agrees
2026-09-12T01:16:58+00:00,85e59b47,link,S1,https://data.cityofnewyork.us/resource/76xm-jjuj.csv,skipped,--offline
2026-09-12T01:16:58+00:00,85e59b47,link,S1b,https://data.cityofnewyork.us/resource/76xm-jjuj.csv,skipped,--offline
2026-09-12T01:16:58+00:00,85e59b47,link,S2,(none),unverifiable,no endpoint: not obtained over the network
2026-09-12T01:16:58+00:00,85e59b47,link,S3,(none),unverifiable,no endpoint: not obtained over the network
2026-09-12T01:16:58+00:00,85e59b47,link,S4,https://github.com/washingtonpost/data-police-shootings,skipped,--offline
2026-09-12T01:16:58+00:00,85e59b47,link,S5,(none),template,no endpoint: not obtained over the network
2026-09-12T01:16:58+00:00,85e59b47,link,S6,(none),template,no endpoint: not obtained over the network
2026-09-12T01:16:58+00:00,85e59b47,link,S7,https://s-media.nyc.gov/agencies/dcp/assets/files/excel/data-tools/census/acs/demo_2019_acs5yr_nta.xlsx,skipped,--offline
2026-09-12T01:16:58+00:00,85e59b47,link,S8,https://wikimedia.org/api/rest_v1/metrics/pageviews/per-article/,skipped,--offline
2026-09-12T01:16:58+00:00,85e59b47,link,S9,https://en.wikipedia.org/api/rest_v1/page/summary/,skipped,--offline
2026-09-12T01:16:58+00:00,85e59b47,link,S10,https://mappingpoliceviolence.us/s/MPVDatasetDownload.xlsx,skipped,--offline
2026-09-12T01:16:58+00:00,85e59b47,link,S11,https://api.gdeltproject.org/api/v2/doc/doc,skipped,--offline
2026-09-12T01:16:58+00:00,85e59b47,link,S11,https://api.gdeltproject.org/api/v2/tv/tv,skipped,--offline
2026-09-12T01:16:58+00:00,85e59b47,link,S11,https://wikimedia.org/api/rest_v1/metrics/pageviews/per-article/,skipped,--offline
2026-09-12T01:16:58+00:00,85e59b47,link,S12,https://trends.google.com,skipped,--offline
2026-09-12T01:16:58+00:00,85e59b47,link,S13,https://trends.google.com,skipped,--offline
2026-09-12T01:16:58+00:00,85e59b47,link,S14,https://data.cityofnewyork.us/resource/76xm-jjuj.json,skipped,--offline
2026-09-12T01:16:58+00:00,85e59b47,link,S15,https://mentalhealth.cityofnewyork.us/b-heard,skipped,--offline
2026-09-12T01:16:58+00:00,85e59b47,link,S16,https://query.wikidata.org/sparql,skipped,--offline
2026-09-12T01:16:58+00:00,85e59b47,link,S17,https://en.wikipedia.org/w/api.php,skipped,--offline
2026-09-12T01:16:58+00:00,85e59b47,link,S18,https://en.wikipedia.org/w/api.php,skipped,--offline
2026-09-12T01:16:58+00:00,85e59b47,link,S18,https://wikimedia.org/api/rest_v1/metrics/pageviews/per-article/,skipped,--offline
2026-09-12T01:16:58+00:00,85e59b47,artifact,S1,data/processed/ems_cd_day_calltype.parquet,verified,"sha256 6247a7239559f930, 4,876,509 rows, 2014-12-01..2024-12-31; not registered in data_sources.csv"
2026-09-12T01:16:58+00:00,85e59b47,artifact,S1,data/processed/ems_citywide_day_trends.parquet,verified,"sha256 33c8850350f90ab3, 39,037 rows, 2005-01-01..2026-06-30; not registered in data_sources.csv"
2026-09-12T01:16:58+00:00,85e59b47,artifact,S1b,data/processed/ems_cd_day_calltype.parquet,verified,"sha256 6247a7239559f930, 4,876,509 rows, 2014-12-01..2024-12-31; matches the provenance register"
2026-09-12T01:16:58+00:00,85e59b47,artifact,S2,data/raw/211118_tweet_count_name_date.csv,unverifiable,"artifact absent, and the source is unverifiable"
2026-09-12T01:16:58+00:00,85e59b47,artifact,S3,data/raw/220126_final_daily_tweet_count.csv,unverifiable,"artifact absent, and the source is unverifiable"
2026-09-12T01:16:58+00:00,85e59b47,artifact,S4,data/raw/fatalpoliceshootingsCLEANED.csv,unverifiable,"artifact absent, and the source is retired"
2026-09-12T01:16:58+00:00,85e59b47,artifact,S5,data/raw/sf1_dp_cd_demoprofile.xlsx,verified,"sha256 20459df2681c751b, unreadable: UnicodeDecodeError; not registered in data_sources.csv"
2026-09-12T01:16:58+00:00,85e59b47,artifact,S6,data/reference/victim_curation_table.csv,verified,"sha256 75e6bea4243eebe7, 101 rows, 2013-05-24..2020-10-20; not registered in data_sources.csv"
2026-09-12T01:16:58+00:00,85e59b47,artifact,S7,data/reference/acs_2019_cd_demographics.csv,verified,"sha256 210ec18a067b7f5d, 59 rows; register holds a payload hash only"
2026-09-12T01:16:58+00:00,85e59b47,artifact,S8,data/reference/wikipedia_pageviews_victims.csv,verified,"sha256 e1e88d7d93c69631, 25,211 rows, 2017-01-01..2020-12-31; provenance register is stale and cannot be refreshed — accepted 2026-09-10: Neither registered hash matches this file, and it cannot be re-registered by re-running its fetch: 09_fetch_public_data.py selects this basket from the retired Twitter per-victim file (S2), which is not in the repository and cannot be reconstructed. The bytes ac"
2026-09-12T01:16:58+00:00,85e59b47,artifact,S9,data/reference/wikipedia_article_resolution.csv,verified,"sha256 8c587914076bb844, 121 rows; not registered in data_sources.csv"
2026-09-12T01:16:58+00:00,85e59b47,artifact,S10,data/reference/victim_registry.csv,verified,"sha256 13f3fbcfe5298589, 13,241 rows, 2013-01-01..2024-12-31; register holds a payload hash only"
2026-09-12T01:16:58+00:00,85e59b47,artifact,S11,data/reference/cai_components_daily.csv,verified,"sha256 dbb89a5aa3380194, 9,232 rows, 2015-01-01..2024-12-31; matches the provenance register"
2026-09-12T01:16:58+00:00,85e59b47,artifact,S11,data/reference/wiki_ext_basket_used.csv,verified,"sha256 0cffc9013f1382d2, 121 rows; not registered in data_sources.csv"
2026-09-12T01:16:58+00:00,85e59b47,artifact,S11,data/reference/wiki_ext_aggregation_diagnostic.csv,verified,"sha256 a8ea321b5a7319b8, 3,472 rows, 2015-07-01..2024-12-31; not registered in data_sources.csv"
2026-09-12T01:16:58+00:00,85e59b47,artifact,S12,data/reference/cai_trends_daily.csv,verified,"sha256 f18c11eb209350bd, 7,306 rows, 2015-01-01..2024-12-31; matches the provenance register"
2026-09-12T01:16:58+00:00,85e59b47,artifact,S12,data/reference/cai_trends_stitch_diagnostics.csv,verified,"sha256 a79bdc97be843bd6, 58 rows; not registered in data_sources.csv"
2026-09-12T01:16:58+00:00,85e59b47,artifact,S13,data/reference/cai_trends_anchored.csv,unverifiable,"artifact absent, and the source is retired"
2026-09-12T01:16:58+00:00,85e59b47,artifact,S14,data/reference/precinct_cd_crosswalk.csv,verified,"sha256 4c519dc6e115d562, 131 rows; matches the provenance register"
2026-09-12T01:16:58+00:00,85e59b47,artifact,S15,data/reference/bheard_precinct_adoption.csv,verified,"sha256 b7627d01221e5159, 31 rows; matches the provenance register"
2026-09-12T01:16:58+00:00,85e59b47,artifact,S15,data/reference/bheard_cd_exposure.csv,verified,"sha256 c387a640fc425626, 74 rows; not registered in data_sources.csv"
2026-09-12T01:16:58+00:00,85e59b47,artifact,S16,data/reference/basket_decisions.csv,verified,"sha256 cabfa4ca663e133c, 174 rows, 1958-04-25..2026-07-07; not registered in data_sources.csv"
2026-09-12T01:16:58+00:00,85e59b47,artifact,S17,data/reference/article_title_map.csv,verified,"sha256 0a27b6dc42d3853a, 559 rows; not registered in data_sources.csv"
2026-09-12T01:16:58+00:00,85e59b47,artifact,S17,outputs/tables/rename_recovery.csv,verified,"sha256 bdacd2e6adb24ce9, 127 rows; not registered in data_sources.csv"
2026-09-12T01:16:58+00:00,85e59b47,artifact,S18,data/reference/wiki_nyc_articles.csv,verified,"sha256 abb0d075af0e382f, 501 rows; not registered in data_sources.csv"
2026-09-12T01:16:58+00:00,85e59b47,artifact,S18,data/reference/wiki_nyc_daily.csv,verified,"sha256 1ebfe7c1bcd158d2, 6,944 rows, 2015-07-01..2024-12-31; matches the provenance register"
2026-09-12T01:16:58+00:00,85e59b47,artifact,S18,data/reference/wiki_nyc_per_article.csv,verified,"sha256 a82130d42a41569e, 52,080 rows, 2015-07-01..2024-12-31; not registered in data_sources.csv"
2026-09-12T01:16:58+00:00,85e59b47,claim,S1,C01_ems_source_rows,verified,"computed 29,978,154; document agrees"
2026-09-12T01:16:58+00:00,85e59b47,claim,S10,C02_registry_rows,verified,"computed 13,241; document agrees"
2026-09-12T01:16:58+00:00,85e59b47,claim,S11,C03_wiki_start,verified,computed 2015-07-01; document agrees
2026-09-12T01:16:58+00:00,85e59b47,claim,S16,C04_basket_articles,verified,computed 120; document agrees
2026-09-12T01:16:58+00:00,85e59b47,claim,S16,C05_basket_people,verified,computed 119; document agrees
2026-09-12T01:16:58+00:00,85e59b47,claim,S16,C06_basket_after_2020,verified,computed 27; document agrees
2026-09-12T01:16:58+00:00,85e59b47,claim,S11,C07_scored_days,verified,"computed 3,472; document agrees"
2026-09-12T01:16:58+00:00,85e59b47,claim,S11,C08_cai_ref_mean,verified,computed 0.000000; document agrees
2026-09-12T01:16:58+00:00,85e59b47,claim,S11,C09_cai_ref_sd,verified,computed 1.000000; document agrees
2026-09-12T01:16:58+00:00,85e59b47,claim,S1,C10_panel_rows,verified,"computed 89,857; document agrees"
2026-09-12T01:16:58+00:00,85e59b47,claim,S1,C11_panel_districts,verified,computed 59; document agrees
2026-09-12T01:16:58+00:00,85e59b47,claim,S1,C12_mean_edp_share,verified,computed 0.0856; document agrees
2026-09-12T01:16:58+00:00,85e59b47,claim,S1,C13_mean_total_calls,verified,computed 65.9; document agrees
2026-09-12T01:16:58+00:00,85e59b47,claim,S12,C14_trends_nyc_zero_all,verified,computed 42.6%; document agrees
2026-09-12T01:16:58+00:00,85e59b47,claim,S12,C15_trends_nyc_zero_2020,verified,computed 26%; document agrees
2026-09-12T01:16:58+00:00,85e59b47,claim,S12,C16_trends_nyc_zero_2024,verified,computed 71%; document agrees
2026-09-12T01:16:58+00:00,85e59b47,claim,S17,C17_rename_views_recovered,verified,"computed 79,082,746; document agrees"
2026-09-12T01:16:58+00:00,85e59b47,claim,S17,C18_rename_articles,verified,computed 106; document agrees
2026-09-12T01:16:58+00:00,85e59b47,claim,S17,C19_rename_articles_total,verified,computed 127; document agrees
2026-09-12T01:16:58+00:00,85e59b47,claim,S11,C20_episodes_frozen,verified,computed 70; document agrees
2026-09-12T01:16:58+00:00,85e59b47,claim,S11,C21_episodes_rebuilt,verified,computed 75; document agrees
2026-09-12T01:16:58+00:00,85e59b47,claim,S11,C22_episode_max_days,verified,computed 14; document agrees
2026-09-12T01:16:58+00:00,85e59b47,claim,S11,C23_basket_usable,verified,computed 119; document agrees
2026-09-12T01:16:58+00:00,85e59b47,claim,S15,C24_bheard_precincts,verified,computed 31; document agrees
2026-09-12T01:16:58+00:00,85e59b47,claim,S15,C25_bheard_low_conf,verified,computed 17; document agrees
2026-09-12T01:16:58+00:00,85e59b47,claim,-,C26_suite_checks,mismatch,"computed 52, but the document does not say 'check — **52 checks** at present.' (the surrounding wording is present, so the number differs)"
2026-09-12T01:16:58+00:00,85e59b47,claim,-,C28_audit_checks,mismatch,"computed 42, but the document does not say 'now runs: **42 checks,' (the surrounding wording is present, so the number differs)"
2026-09-12T01:16:58+00:00,85e59b47,claim,-,C29_audit_flags,mismatch,"computed 2, but the document does not say 'checks, 2 flagged.**' (the surrounding wording is present, so the number differs)"
2026-09-12T01:16:58+00:00,85e59b47,claim,-,C30_sources_registered,verified,computed 19; document agrees
2026-09-12T01:16:58+00:00,85e59b47,claim,S17,C31_start_lag_max,verified,computed 3; document agrees
2026-09-12T01:16:58+00:00,85e59b47,claim,S17,C32_start_lag_articles,verified,computed 119; document agrees
2026-09-12T01:16:58+00:00,85e59b47,claim,S17,C33_titles_dated,verified,computed 559; document agrees
2026-09-12T01:16:58+00:00,85e59b47,claim,S18,C37_national_corr,verified,computed 0.9695; document agrees
2026-09-12T01:16:58+00:00,85e59b47,claim,S18,C34_nyc_corr_ext,verified,computed 0.54; document agrees
2026-09-12T01:16:58+00:00,85e59b47,claim,S18,C35_nyc_corr_us,verified,computed 0.62; document agrees
2026-09-12T01:16:58+00:00,85e59b47,claim,S18,C36_nyc_articles,verified,computed 11; document agrees
2026-09-12T01:16:58+00:00,85e59b47,claim,S18,C38_nyc_overlap,verified,computed 59%; document agrees
2026-09-12T01:16:58+00:00,85e59b47,claim,S18,C40_nyc_garner,verified,computed 53%; document agrees
2026-09-12T01:16:58+00:00,85e59b47,claim,S18,C41_nyc_disjoint,verified,computed 8; document agrees
2026-09-12T01:16:58+00:00,85e59b47,claim,S18,C42_nyc_r2,verified,computed 0.454; document agrees
2026-09-12T01:16:58+00:00,85e59b47,claim,S18,C43_nyc_resid,verified,computed 6; document agrees
2026-09-12T01:16:58+00:00,85e59b47,claim,S18,C44_national_corr,verified,computed 0.9695; document agrees
2026-09-12T01:16:58+00:00,85e59b47,claim,S18,C45_nyc_disjoint_year,verified,computed 2012; document agrees
2026-09-12T01:17:19+00:00,fbc64a7b,link,S1,https://data.cityofnewyork.us/resource/76xm-jjuj.csv,skipped,--offline
2026-09-12T01:17:19+00:00,fbc64a7b,link,S1b,https://data.cityofnewyork.us/resource/76xm-jjuj.csv,skipped,--offline
2026-09-12T01:17:19+00:00,fbc64a7b,link,S2,(none),unverifiable,no endpoint: not obtained over the network
2026-09-12T01:17:19+00:00,fbc64a7b,link,S3,(none),unverifiable,no endpoint: not obtained over the network
2026-09-12T01:17:19+00:00,fbc64a7b,link,S4,https://github.com/washingtonpost/data-police-shootings,skipped,--offline
2026-09-12T01:17:19+00:00,fbc64a7b,link,S5,(none),template,no endpoint: not obtained over the network
2026-09-12T01:17:19+00:00,fbc64a7b,link,S6,(none),template,no endpoint: not obtained over the network
2026-09-12T01:17:19+00:00,fbc64a7b,link,S7,https://s-media.nyc.gov/agencies/dcp/assets/files/excel/data-tools/census/acs/demo_2019_acs5yr_nta.xlsx,skipped,--offline
2026-09-12T01:17:19+00:00,fbc64a7b,link,S8,https://wikimedia.org/api/rest_v1/metrics/pageviews/per-article/,skipped,--offline
2026-09-12T01:17:19+00:00,fbc64a7b,link,S9,https://en.wikipedia.org/api/rest_v1/page/summary/,skipped,--offline
2026-09-12T01:17:19+00:00,fbc64a7b,link,S10,https://mappingpoliceviolence.us/s/MPVDatasetDownload.xlsx,skipped,--offline
2026-09-12T01:17:19+00:00,fbc64a7b,link,S11,https://api.gdeltproject.org/api/v2/doc/doc,skipped,--offline
2026-09-12T01:17:19+00:00,fbc64a7b,link,S11,https://api.gdeltproject.org/api/v2/tv/tv,skipped,--offline
2026-09-12T01:17:19+00:00,fbc64a7b,link,S11,https://wikimedia.org/api/rest_v1/metrics/pageviews/per-article/,skipped,--offline
2026-09-12T01:17:19+00:00,fbc64a7b,link,S12,https://trends.google.com,skipped,--offline
2026-09-12T01:17:19+00:00,fbc64a7b,link,S13,https://trends.google.com,skipped,--offline
2026-09-12T01:17:19+00:00,fbc64a7b,link,S14,https://data.cityofnewyork.us/resource/76xm-jjuj.json,skipped,--offline
2026-09-12T01:17:19+00:00,fbc64a7b,link,S15,https://mentalhealth.cityofnewyork.us/b-heard,skipped,--offline
2026-09-12T01:17:19+00:00,fbc64a7b,link,S16,https://query.wikidata.org/sparql,skipped,--offline
2026-09-12T01:17:19+00:00,fbc64a7b,link,S17,https://en.wikipedia.org/w/api.php,skipped,--offline
2026-09-12T01:17:19+00:00,fbc64a7b,link,S18,https://en.wikipedia.org/w/api.php,skipped,--offline
2026-09-12T01:17:19+00:00,fbc64a7b,link,S18,https://wikimedia.org/api/rest_v1/metrics/pageviews/per-article/,skipped,--offline
2026-09-12T01:17:19+00:00,fbc64a7b,artifact,S1,data/processed/ems_cd_day_calltype.parquet,verified,"sha256 6247a7239559f930, 4,876,509 rows, 2014-12-01..2024-12-31; not registered in data_sources.csv"
2026-09-12T01:17:19+00:00,fbc64a7b,artifact,S1,data/processed/ems_citywide_day_trends.parquet,verified,"sha256 33c8850350f90ab3, 39,037 rows, 2005-01-01..2026-06-30; not registered in data_sources.csv"
2026-09-12T01:17:19+00:00,fbc64a7b,artifact,S1b,data/processed/ems_cd_day_calltype.parquet,verified,"sha256 6247a7239559f930, 4,876,509 rows, 2014-12-01..2024-12-31; matches the provenance register"
2026-09-12T01:17:19+00:00,fbc64a7b,artifact,S2,data/raw/211118_tweet_count_name_date.csv,unverifiable,"artifact absent, and the source is unverifiable"
2026-09-12T01:17:19+00:00,fbc64a7b,artifact,S3,data/raw/220126_final_daily_tweet_count.csv,unverifiable,"artifact absent, and the source is unverifiable"
2026-09-12T01:17:19+00:00,fbc64a7b,artifact,S4,data/raw/fatalpoliceshootingsCLEANED.csv,unverifiable,"artifact absent, and the source is retired"
2026-09-12T01:17:19+00:00,fbc64a7b,artifact,S5,data/raw/sf1_dp_cd_demoprofile.xlsx,verified,"sha256 20459df2681c751b, unreadable: UnicodeDecodeError; not registered in data_sources.csv"
2026-09-12T01:17:19+00:00,fbc64a7b,artifact,S6,data/reference/victim_curation_table.csv,verified,"sha256 75e6bea4243eebe7, 101 rows, 2013-05-24..2020-10-20; not registered in data_sources.csv"
2026-09-12T01:17:19+00:00,fbc64a7b,artifact,S7,data/reference/acs_2019_cd_demographics.csv,verified,"sha256 210ec18a067b7f5d, 59 rows; register holds a payload hash only"
2026-09-12T01:17:19+00:00,fbc64a7b,artifact,S8,data/reference/wikipedia_pageviews_victims.csv,verified,"sha256 e1e88d7d93c69631, 25,211 rows, 2017-01-01..2020-12-31; provenance register is stale and cannot be refreshed — accepted 2026-09-10: Neither registered hash matches this file, and it cannot be re-registered by re-running its fetch: 09_fetch_public_data.py selects this basket from the retired Twitter per-victim file (S2), which is not in the repository and cannot be reconstructed. The bytes ac"
2026-09-12T01:17:19+00:00,fbc64a7b,artifact,S9,data/reference/wikipedia_article_resolution.csv,verified,"sha256 8c587914076bb844, 121 rows; not registered in data_sources.csv"
2026-09-12T01:17:19+00:00,fbc64a7b,artifact,S10,data/reference/victim_registry.csv,verified,"sha256 13f3fbcfe5298589, 13,241 rows, 2013-01-01..2024-12-31; register holds a payload hash only"
2026-09-12T01:17:19+00:00,fbc64a7b,artifact,S11,data/reference/cai_components_daily.csv,verified,"sha256 dbb89a5aa3380194, 9,232 rows, 2015-01-01..2024-12-31; matches the provenance register"
2026-09-12T01:17:19+00:00,fbc64a7b,artifact,S11,data/reference/wiki_ext_basket_used.csv,verified,"sha256 0cffc9013f1382d2, 121 rows; not registered in data_sources.csv"
2026-09-12T01:17:19+00:00,fbc64a7b,artifact,S11,data/reference/wiki_ext_aggregation_diagnostic.csv,verified,"sha256 a8ea321b5a7319b8, 3,472 rows, 2015-07-01..2024-12-31; not registered in data_sources.csv"
2026-09-12T01:17:19+00:00,fbc64a7b,artifact,S12,data/reference/cai_trends_daily.csv,verified,"sha256 f18c11eb209350bd, 7,306 rows, 2015-01-01..2024-12-31; matches the provenance register"
2026-09-12T01:17:19+00:00,fbc64a7b,artifact,S12,data/reference/cai_trends_stitch_diagnostics.csv,verified,"sha256 a79bdc97be843bd6, 58 rows; not registered in data_sources.csv"
2026-09-12T01:17:19+00:00,fbc64a7b,artifact,S13,data/reference/cai_trends_anchored.csv,unverifiable,"artifact absent, and the source is retired"
2026-09-12T01:17:19+00:00,fbc64a7b,artifact,S14,data/reference/precinct_cd_crosswalk.csv,verified,"sha256 4c519dc6e115d562, 131 rows; matches the provenance register"
2026-09-12T01:17:19+00:00,fbc64a7b,artifact,S15,data/reference/bheard_precinct_adoption.csv,verified,"sha256 b7627d01221e5159, 31 rows; matches the provenance register"
2026-09-12T01:17:19+00:00,fbc64a7b,artifact,S15,data/reference/bheard_cd_exposure.csv,verified,"sha256 c387a640fc425626, 74 rows; not registered in data_sources.csv"
2026-09-12T01:17:19+00:00,fbc64a7b,artifact,S16,data/reference/basket_decisions.csv,verified,"sha256 cabfa4ca663e133c, 174 rows, 1958-04-25..2026-07-07; not registered in data_sources.csv"
2026-09-12T01:17:19+00:00,fbc64a7b,artifact,S17,data/reference/article_title_map.csv,verified,"sha256 0a27b6dc42d3853a, 559 rows; not registered in data_sources.csv"
2026-09-12T01:17:19+00:00,fbc64a7b,artifact,S17,outputs/tables/rename_recovery.csv,verified,"sha256 bdacd2e6adb24ce9, 127 rows; not registered in data_sources.csv"
2026-09-12T01:17:19+00:00,fbc64a7b,artifact,S18,data/reference/wiki_nyc_articles.csv,verified,"sha256 abb0d075af0e382f, 501 rows; not registered in data_sources.csv"
2026-09-12T01:17:19+00:00,fbc64a7b,artifact,S18,data/reference/wiki_nyc_daily.csv,verified,"sha256 1ebfe7c1bcd158d2, 6,944 rows, 2015-07-01..2024-12-31; matches the provenance register"
2026-09-12T01:17:19+00:00,fbc64a7b,artifact,S18,data/reference/wiki_nyc_per_article.csv,verified,"sha256 a82130d42a41569e, 52,080 rows, 2015-07-01..2024-12-31; not registered in data_sources.csv"
2026-09-12T01:17:19+00:00,fbc64a7b,claim,S1,C01_ems_source_rows,verified,"computed 29,978,154; document agrees"
2026-09-12T01:17:19+00:00,fbc64a7b,claim,S10,C02_registry_rows,verified,"computed 13,241; document agrees"
2026-09-12T01:17:19+00:00,fbc64a7b,claim,S11,C03_wiki_start,verified,computed 2015-07-01; document agrees
2026-09-12T01:17:19+00:00,fbc64a7b,claim,S16,C04_basket_articles,verified,computed 120; document agrees
2026-09-12T01:17:19+00:00,fbc64a7b,claim,S16,C05_basket_people,verified,computed 119; document agrees
2026-09-12T01:17:19+00:00,fbc64a7b,claim,S16,C06_basket_after_2020,verified,computed 27; document agrees
2026-09-12T01:17:19+00:00,fbc64a7b,claim,S11,C07_scored_days,verified,"computed 3,472; document agrees"
2026-09-12T01:17:19+00:00,fbc64a7b,claim,S11,C08_cai_ref_mean,verified,computed 0.000000; document agrees
2026-09-12T01:17:19+00:00,fbc64a7b,claim,S11,C09_cai_ref_sd,verified,computed 1.000000; document agrees
2026-09-12T01:17:19+00:00,fbc64a7b,claim,S1,C10_panel_rows,verified,"computed 89,857; document agrees"
2026-09-12T01:17:19+00:00,fbc64a7b,claim,S1,C11_panel_districts,verified,computed 59; document agrees
2026-09-12T01:17:19+00:00,fbc64a7b,claim,S1,C12_mean_edp_share,verified,computed 0.0856; document agrees
2026-09-12T01:17:19+00:00,fbc64a7b,claim,S1,C13_mean_total_calls,verified,computed 65.9; document agrees
2026-09-12T01:17:19+00:00,fbc64a7b,claim,S12,C14_trends_nyc_zero_all,verified,computed 42.6%; document agrees
2026-09-12T01:17:19+00:00,fbc64a7b,claim,S12,C15_trends_nyc_zero_2020,verified,computed 26%; document agrees
2026-09-12T01:17:19+00:00,fbc64a7b,claim,S12,C16_trends_nyc_zero_2024,verified,computed 71%; document agrees
2026-09-12T01:17:19+00:00,fbc64a7b,claim,S17,C17_rename_views_recovered,verified,"computed 79,082,746; document agrees"
2026-09-12T01:17:19+00:00,fbc64a7b,claim,S17,C18_rename_articles,verified,computed 106; document agrees
2026-09-12T01:17:19+00:00,fbc64a7b,claim,S17,C19_rename_articles_total,verified,computed 127; document agrees
2026-09-12T01:17:19+00:00,fbc64a7b,claim,S11,C20_episodes_frozen,verified,computed 70; document agrees
2026-09-12T01:17:19+00:00,fbc64a7b,claim,S11,C21_episodes_rebuilt,verified,computed 75; document agrees
2026-09-12T01:17:19+00:00,fbc64a7b,claim,S11,C22_episode_max_days,verified,computed 14; document agrees
2026-09-12T01:17:19+00:00,fbc64a7b,claim,S11,C23_basket_usable,verified,computed 119; document agrees
2026-09-12T01:17:19+00:00,fbc64a7b,claim,S15,C24_bheard_precincts,verified,computed 31; document agrees
2026-09-12T01:17:19+00:00,fbc64a7b,claim,S15,C25_bheard_low_conf,verified,computed 17; document agrees
2026-09-12T01:17:19+00:00,fbc64a7b,claim,-,C26_suite_checks,verified,computed 52; document agrees
2026-09-12T01:17:19+00:00,fbc64a7b,claim,-,C28_audit_checks,verified,computed 42; document agrees
2026-09-12T01:17:19+00:00,fbc64a7b,claim,-,C29_audit_flags,verified,computed 2; document agrees
2026-09-12T01:17:19+00:00,fbc64a7b,claim,-,C30_sources_registered,verified,computed 19; document agrees
2026-09-12T01:17:19+00:00,fbc64a7b,claim,S17,C31_start_lag_max,verified,computed 3; document agrees
2026-09-12T01:17:19+00:00,fbc64a7b,claim,S17,C32_start_lag_articles,verified,computed 119; document agrees
2026-09-12T01:17:19+00:00,fbc64a7b,claim,S17,C33_titles_dated,verified,computed 559; document agrees
2026-09-12T01:17:19+00:00,fbc64a7b,claim,S18,C37_national_corr,verified,computed 0.9695; document agrees
2026-09-12T01:17:19+00:00,fbc64a7b,claim,S18,C34_nyc_corr_ext,verified,computed 0.54; document agrees
2026-09-12T01:17:19+00:00,fbc64a7b,claim,S18,C35_nyc_corr_us,verified,computed 0.62; document agrees
2026-09-12T01:17:19+00:00,fbc64a7b,claim,S18,C36_nyc_articles,verified,computed 11; document agrees
2026-09-12T01:17:19+00:00,fbc64a7b,claim,S18,C38_nyc_overlap,verified,computed 59%; document agrees
2026-09-12T01:17:19+00:00,fbc64a7b,claim,S18,C40_nyc_garner,verified,computed 53%; document agrees
2026-09-12T01:17:19+00:00,fbc64a7b,claim,S18,C41_nyc_disjoint,verified,computed 8; document agrees
2026-09-12T01:17:19+00:00,fbc64a7b,claim,S18,C42_nyc_r2,verified,computed 0.454; document agrees
2026-09-12T01:17:19+00:00,fbc64a7b,claim,S18,C43_nyc_resid,verified,computed 6; document agrees
2026-09-12T01:17:19+00:00,fbc64a7b,claim,S18,C44_national_corr,verified,computed 0.9695; document agrees
2026-09-12T01:17:19+00:00,fbc64a7b,claim,S18,C45_nyc_disjoint_year,verified,computed 2012; document agrees
2026-09-12T01:32:41+00:00,5758fbb0,link,S1,https://data.cityofnewyork.us/resource/76xm-jjuj.csv,skipped,--offline
2026-09-12T01:32:41+00:00,5758fbb0,link,S1b,https://data.cityofnewyork.us/resource/76xm-jjuj.csv,skipped,--offline
2026-09-12T01:32:41+00:00,5758fbb0,link,S2,(none),unverifiable,no endpoint: not obtained over the network
2026-09-12T01:32:41+00:00,5758fbb0,link,S3,(none),unverifiable,no endpoint: not obtained over the network
2026-09-12T01:32:41+00:00,5758fbb0,link,S4,https://github.com/washingtonpost/data-police-shootings,skipped,--offline
2026-09-12T01:32:41+00:00,5758fbb0,link,S5,(none),template,no endpoint: not obtained over the network
2026-09-12T01:32:41+00:00,5758fbb0,link,S6,(none),template,no endpoint: not obtained over the network
2026-09-12T01:32:41+00:00,5758fbb0,link,S7,https://s-media.nyc.gov/agencies/dcp/assets/files/excel/data-tools/census/acs/demo_2019_acs5yr_nta.xlsx,skipped,--offline
2026-09-12T01:32:41+00:00,5758fbb0,link,S8,https://wikimedia.org/api/rest_v1/metrics/pageviews/per-article/,skipped,--offline
2026-09-12T01:32:41+00:00,5758fbb0,link,S9,https://en.wikipedia.org/api/rest_v1/page/summary/,skipped,--offline
2026-09-12T01:32:41+00:00,5758fbb0,link,S10,https://mappingpoliceviolence.us/s/MPVDatasetDownload.xlsx,skipped,--offline
2026-09-12T01:32:41+00:00,5758fbb0,link,S11,https://api.gdeltproject.org/api/v2/doc/doc,skipped,--offline
2026-09-12T01:32:41+00:00,5758fbb0,link,S11,https://api.gdeltproject.org/api/v2/tv/tv,skipped,--offline
2026-09-12T01:32:41+00:00,5758fbb0,link,S11,https://wikimedia.org/api/rest_v1/metrics/pageviews/per-article/,skipped,--offline
2026-09-12T01:32:41+00:00,5758fbb0,link,S12,https://trends.google.com,skipped,--offline
2026-09-12T01:32:41+00:00,5758fbb0,link,S13,https://trends.google.com,skipped,--offline
2026-09-12T01:32:41+00:00,5758fbb0,link,S14,https://data.cityofnewyork.us/resource/76xm-jjuj.json,skipped,--offline
2026-09-12T01:32:41+00:00,5758fbb0,link,S15,https://mentalhealth.cityofnewyork.us/b-heard,skipped,--offline
2026-09-12T01:32:41+00:00,5758fbb0,link,S16,https://query.wikidata.org/sparql,skipped,--offline
2026-09-12T01:32:41+00:00,5758fbb0,link,S17,https://en.wikipedia.org/w/api.php,skipped,--offline
2026-09-12T01:32:41+00:00,5758fbb0,link,S18,https://en.wikipedia.org/w/api.php,skipped,--offline
2026-09-12T01:32:41+00:00,5758fbb0,link,S18,https://wikimedia.org/api/rest_v1/metrics/pageviews/per-article/,skipped,--offline
2026-09-12T01:32:41+00:00,5758fbb0,artifact,S1,data/processed/ems_cd_day_calltype.parquet,verified,"sha256 6247a7239559f930, 4,876,509 rows, 2014-12-01..2024-12-31; not registered in data_sources.csv"
2026-09-12T01:32:41+00:00,5758fbb0,artifact,S1,data/processed/ems_citywide_day_trends.parquet,verified,"sha256 33c8850350f90ab3, 39,037 rows, 2005-01-01..2026-06-30; not registered in data_sources.csv"
2026-09-12T01:32:41+00:00,5758fbb0,artifact,S1b,data/processed/ems_cd_day_calltype.parquet,verified,"sha256 6247a7239559f930, 4,876,509 rows, 2014-12-01..2024-12-31; matches the provenance register"
2026-09-12T01:32:41+00:00,5758fbb0,artifact,S2,data/raw/211118_tweet_count_name_date.csv,unverifiable,"artifact absent, and the source is unverifiable"
2026-09-12T01:32:41+00:00,5758fbb0,artifact,S3,data/raw/220126_final_daily_tweet_count.csv,unverifiable,"artifact absent, and the source is unverifiable"
2026-09-12T01:32:41+00:00,5758fbb0,artifact,S4,data/raw/fatalpoliceshootingsCLEANED.csv,unverifiable,"artifact absent, and the source is retired"
2026-09-12T01:32:41+00:00,5758fbb0,artifact,S5,data/raw/sf1_dp_cd_demoprofile.xlsx,verified,"sha256 20459df2681c751b, unreadable: UnicodeDecodeError; not registered in data_sources.csv"
2026-09-12T01:32:41+00:00,5758fbb0,artifact,S6,data/reference/victim_curation_table.csv,verified,"sha256 75e6bea4243eebe7, 101 rows, 2013-05-24..2020-10-20; not registered in data_sources.csv"
2026-09-12T01:32:41+00:00,5758fbb0,artifact,S7,data/reference/acs_2019_cd_demographics.csv,verified,"sha256 210ec18a067b7f5d, 59 rows; register holds a payload hash only"
2026-09-12T01:32:41+00:00,5758fbb0,artifact,S8,data/reference/wikipedia_pageviews_victims.csv,verified,"sha256 e1e88d7d93c69631, 25,211 rows, 2017-01-01..2020-12-31; provenance register is stale and cannot be refreshed — accepted 2026-09-10: Neither registered hash matches this file, and it cannot be re-registered by re-running its fetch: 09_fetch_public_data.py selects this basket from the retired Twitter per-victim file (S2), which is not in the repository and cannot be reconstructed. The bytes ac"
2026-09-12T01:32:41+00:00,5758fbb0,artifact,S9,data/reference/wikipedia_article_resolution.csv,verified,"sha256 8e488fc8819956be, 109 rows; not registered in data_sources.csv"
2026-09-12T01:32:41+00:00,5758fbb0,artifact,S10,data/reference/victim_registry.csv,verified,"sha256 13f3fbcfe5298589, 13,241 rows, 2013-01-01..2024-12-31; register holds a payload hash only"
2026-09-12T01:32:41+00:00,5758fbb0,artifact,S11,data/reference/cai_components_daily.csv,verified,"sha256 dbb89a5aa3380194, 9,232 rows, 2015-01-01..2024-12-31; matches the provenance register"
2026-09-12T01:32:41+00:00,5758fbb0,artifact,S11,data/reference/wiki_ext_basket_used.csv,verified,"sha256 0cffc9013f1382d2, 121 rows; not registered in data_sources.csv"
2026-09-12T01:32:41+00:00,5758fbb0,artifact,S11,data/reference/wiki_ext_aggregation_diagnostic.csv,verified,"sha256 a8ea321b5a7319b8, 3,472 rows, 2015-07-01..2024-12-31; not registered in data_sources.csv"
2026-09-12T01:32:41+00:00,5758fbb0,artifact,S12,data/reference/cai_trends_daily.csv,verified,"sha256 f18c11eb209350bd, 7,306 rows, 2015-01-01..2024-12-31; matches the provenance register"
2026-09-12T01:32:41+00:00,5758fbb0,artifact,S12,data/reference/cai_trends_stitch_diagnostics.csv,verified,"sha256 a79bdc97be843bd6, 58 rows; not registered in data_sources.csv"
2026-09-12T01:32:41+00:00,5758fbb0,artifact,S13,data/reference/cai_trends_anchored.csv,unverifiable,"artifact absent, and the source is retired"
2026-09-12T01:32:41+00:00,5758fbb0,artifact,S14,data/reference/precinct_cd_crosswalk.csv,verified,"sha256 4c519dc6e115d562, 131 rows; matches the provenance register"
2026-09-12T01:32:41+00:00,5758fbb0,artifact,S15,data/reference/bheard_precinct_adoption.csv,verified,"sha256 b7627d01221e5159, 31 rows; matches the provenance register"
2026-09-12T01:32:41+00:00,5758fbb0,artifact,S15,data/reference/bheard_cd_exposure.csv,verified,"sha256 c387a640fc425626, 74 rows; not registered in data_sources.csv"
2026-09-12T01:32:41+00:00,5758fbb0,artifact,S16,data/reference/basket_decisions.csv,verified,"sha256 cabfa4ca663e133c, 174 rows, 1958-04-25..2026-07-07; not registered in data_sources.csv"
2026-09-12T01:32:41+00:00,5758fbb0,artifact,S17,data/reference/article_title_map.csv,verified,"sha256 0a27b6dc42d3853a, 559 rows; not registered in data_sources.csv"
2026-09-12T01:32:41+00:00,5758fbb0,artifact,S17,outputs/tables/rename_recovery.csv,verified,"sha256 bdacd2e6adb24ce9, 127 rows; not registered in data_sources.csv"
2026-09-12T01:32:41+00:00,5758fbb0,artifact,S18,data/reference/wiki_nyc_articles.csv,verified,"sha256 abb0d075af0e382f, 501 rows; not registered in data_sources.csv"
2026-09-12T01:32:41+00:00,5758fbb0,artifact,S18,data/reference/wiki_nyc_daily.csv,verified,"sha256 1ebfe7c1bcd158d2, 6,944 rows, 2015-07-01..2024-12-31; matches the provenance register"
2026-09-12T01:32:41+00:00,5758fbb0,artifact,S18,data/reference/wiki_nyc_per_article.csv,verified,"sha256 a82130d42a41569e, 52,080 rows, 2015-07-01..2024-12-31; not registered in data_sources.csv"
2026-09-12T01:32:41+00:00,5758fbb0,claim,S1,C01_ems_source_rows,verified,"computed 29,978,154; document agrees"
2026-09-12T01:32:41+00:00,5758fbb0,claim,S10,C02_registry_rows,verified,"computed 13,241; document agrees"
2026-09-12T01:32:41+00:00,5758fbb0,claim,S11,C03_wiki_start,verified,computed 2015-07-01; document agrees
2026-09-12T01:32:41+00:00,5758fbb0,claim,S16,C04_basket_articles,verified,computed 120; document agrees
2026-09-12T01:32:41+00:00,5758fbb0,claim,S16,C05_basket_people,verified,computed 119; document agrees
2026-09-12T01:32:41+00:00,5758fbb0,claim,S16,C06_basket_after_2020,verified,computed 27; document agrees
2026-09-12T01:32:41+00:00,5758fbb0,claim,S11,C07_scored_days,verified,"computed 3,472; document agrees"
2026-09-12T01:32:41+00:00,5758fbb0,claim,S11,C08_cai_ref_mean,verified,computed 0.000000; document agrees
2026-09-12T01:32:41+00:00,5758fbb0,claim,S11,C09_cai_ref_sd,verified,computed 1.000000; document agrees
2026-09-12T01:32:41+00:00,5758fbb0,claim,S1,C10_panel_rows,verified,"computed 89,857; document agrees"
2026-09-12T01:32:41+00:00,5758fbb0,claim,S1,C11_panel_districts,verified,computed 59; document agrees
2026-09-12T01:32:41+00:00,5758fbb0,claim,S1,C12_mean_edp_share,verified,computed 0.0856; document agrees
2026-09-12T01:32:41+00:00,5758fbb0,claim,S1,C13_mean_total_calls,verified,computed 65.9; document agrees
2026-09-12T01:32:41+00:00,5758fbb0,claim,S12,C14_trends_nyc_zero_all,verified,computed 42.6%; document agrees
2026-09-12T01:32:41+00:00,5758fbb0,claim,S12,C15_trends_nyc_zero_2020,verified,computed 26%; document agrees
2026-09-12T01:32:41+00:00,5758fbb0,claim,S12,C16_trends_nyc_zero_2024,verified,computed 71%; document agrees
2026-09-12T01:32:41+00:00,5758fbb0,claim,S17,C17_rename_views_recovered,verified,"computed 79,082,746; document agrees"
2026-09-12T01:32:41+00:00,5758fbb0,claim,S17,C18_rename_articles,verified,computed 106; document agrees
2026-09-12T01:32:41+00:00,5758fbb0,claim,S17,C19_rename_articles_total,verified,computed 127; document agrees
2026-09-12T01:32:41+00:00,5758fbb0,claim,S11,C20_episodes_frozen,verified,computed 70; document agrees
2026-09-12T01:32:41+00:00,5758fbb0,claim,S11,C21_episodes_rebuilt,verified,computed 75; document agrees
2026-09-12T01:32:41+00:00,5758fbb0,claim,S11,C22_episode_max_days,verified,computed 14; document agrees
2026-09-12T01:32:41+00:00,5758fbb0,claim,S11,C23_basket_usable,verified,computed 119; document agrees
2026-09-12T01:32:41+00:00,5758fbb0,claim,S15,C24_bheard_precincts,verified,computed 31; document agrees
2026-09-12T01:32:41+00:00,5758fbb0,claim,S15,C25_bheard_low_conf,verified,computed 17; document agrees
2026-09-12T01:32:41+00:00,5758fbb0,claim,-,C26_suite_checks,verified,computed 55; document agrees
2026-09-12T01:32:41+00:00,5758fbb0,claim,-,C28_audit_checks,verified,computed 42; document agrees
2026-09-12T01:32:41+00:00,5758fbb0,claim,-,C29_audit_flags,verified,computed 2; document agrees
2026-09-12T01:32:41+00:00,5758fbb0,claim,-,C30_sources_registered,verified,computed 19; document agrees
2026-09-12T01:32:41+00:00,5758fbb0,claim,S17,C31_start_lag_max,verified,computed 3; document agrees
2026-09-12T01:32:41+00:00,5758fbb0,claim,S17,C32_start_lag_articles,verified,computed 119; document agrees
2026-09-12T01:32:41+00:00,5758fbb0,claim,S17,C33_titles_dated,verified,computed 559; document agrees
2026-09-12T01:32:41+00:00,5758fbb0,claim,S18,C37_national_corr,verified,computed 0.9695; document agrees
2026-09-12T01:32:41+00:00,5758fbb0,claim,S18,C34_nyc_corr_ext,verified,computed 0.54; document agrees
2026-09-12T01:32:41+00:00,5758fbb0,claim,S18,C35_nyc_corr_us,verified,computed 0.62; document agrees
2026-09-12T01:32:41+00:00,5758fbb0,claim,S18,C36_nyc_articles,verified,computed 11; document agrees
2026-09-12T01:32:41+00:00,5758fbb0,claim,S18,C38_nyc_overlap,verified,computed 59%; document agrees
2026-09-12T01:32:41+00:00,5758fbb0,claim,S18,C40_nyc_garner,verified,computed 53%; document agrees
2026-09-12T01:32:41+00:00,5758fbb0,claim,S18,C41_nyc_disjoint,verified,computed 8; document agrees
2026-09-12T01:32:41+00:00,5758fbb0,claim,S18,C42_nyc_r2,verified,computed 0.454; document agrees
2026-09-12T01:32:41+00:00,5758fbb0,claim,S18,C43_nyc_resid,verified,computed 6; document agrees
2026-09-12T01:32:41+00:00,5758fbb0,claim,S18,C44_national_corr,verified,computed 0.9695; document agrees
2026-09-12T01:32:41+00:00,5758fbb0,claim,S18,C45_nyc_disjoint_year,verified,computed 2012; document agrees
2026-09-12T01:40:08+00:00,51575020,link,S1,https://data.cityofnewyork.us/resource/76xm-jjuj.csv,skipped,--offline
2026-09-12T01:40:08+00:00,51575020,link,S1b,https://data.cityofnewyork.us/resource/76xm-jjuj.csv,skipped,--offline
2026-09-12T01:40:08+00:00,51575020,link,S2,(none),unverifiable,no endpoint: not obtained over the network
2026-09-12T01:40:08+00:00,51575020,link,S3,(none),unverifiable,no endpoint: not obtained over the network
2026-09-12T01:40:08+00:00,51575020,link,S4,https://github.com/washingtonpost/data-police-shootings,skipped,--offline
2026-09-12T01:40:08+00:00,51575020,link,S5,(none),template,no endpoint: not obtained over the network
2026-09-12T01:40:08+00:00,51575020,link,S6,(none),template,no endpoint: not obtained over the network
2026-09-12T01:40:08+00:00,51575020,link,S7,https://s-media.nyc.gov/agencies/dcp/assets/files/excel/data-tools/census/acs/demo_2019_acs5yr_nta.xlsx,skipped,--offline
2026-09-12T01:40:08+00:00,51575020,link,S8,https://wikimedia.org/api/rest_v1/metrics/pageviews/per-article/,skipped,--offline
2026-09-12T01:40:08+00:00,51575020,link,S9,https://en.wikipedia.org/api/rest_v1/page/summary/,skipped,--offline
2026-09-12T01:40:08+00:00,51575020,link,S10,https://mappingpoliceviolence.us/s/MPVDatasetDownload.xlsx,skipped,--offline
2026-09-12T01:40:08+00:00,51575020,link,S11,https://api.gdeltproject.org/api/v2/doc/doc,skipped,--offline
2026-09-12T01:40:08+00:00,51575020,link,S11,https://api.gdeltproject.org/api/v2/tv/tv,skipped,--offline
2026-09-12T01:40:08+00:00,51575020,link,S11,https://wikimedia.org/api/rest_v1/metrics/pageviews/per-article/,skipped,--offline
2026-09-12T01:40:08+00:00,51575020,link,S12,https://trends.google.com,skipped,--offline
2026-09-12T01:40:08+00:00,51575020,link,S13,https://trends.google.com,skipped,--offline
2026-09-12T01:40:08+00:00,51575020,link,S14,https://data.cityofnewyork.us/resource/76xm-jjuj.json,skipped,--offline
2026-09-12T01:40:08+00:00,51575020,link,S15,https://mentalhealth.cityofnewyork.us/b-heard,skipped,--offline
2026-09-12T01:40:08+00:00,51575020,link,S16,https://query.wikidata.org/sparql,skipped,--offline
2026-09-12T01:40:08+00:00,51575020,link,S17,https://en.wikipedia.org/w/api.php,skipped,--offline
2026-09-12T01:40:08+00:00,51575020,link,S18,https://en.wikipedia.org/w/api.php,skipped,--offline
2026-09-12T01:40:08+00:00,51575020,link,S18,https://wikimedia.org/api/rest_v1/metrics/pageviews/per-article/,skipped,--offline
2026-09-12T01:40:08+00:00,51575020,artifact,S1,data/processed/ems_cd_day_calltype.parquet,verified,"sha256 6247a7239559f930, 4,876,509 rows, 2014-12-01..2024-12-31; not registered in data_sources.csv"
2026-09-12T01:40:08+00:00,51575020,artifact,S1,data/processed/ems_citywide_day_trends.parquet,verified,"sha256 33c8850350f90ab3, 39,037 rows, 2005-01-01..2026-06-30; not registered in data_sources.csv"
2026-09-12T01:40:08+00:00,51575020,artifact,S1b,data/processed/ems_cd_day_calltype.parquet,verified,"sha256 6247a7239559f930, 4,876,509 rows, 2014-12-01..2024-12-31; matches the provenance register"
2026-09-12T01:40:08+00:00,51575020,artifact,S2,data/raw/211118_tweet_count_name_date.csv,unverifiable,"artifact absent, and the source is unverifiable"
2026-09-12T01:40:08+00:00,51575020,artifact,S3,data/raw/220126_final_daily_tweet_count.csv,unverifiable,"artifact absent, and the source is unverifiable"
2026-09-12T01:40:08+00:00,51575020,artifact,S4,data/raw/fatalpoliceshootingsCLEANED.csv,unverifiable,"artifact absent, and the source is retired"
2026-09-12T01:40:08+00:00,51575020,artifact,S5,data/raw/sf1_dp_cd_demoprofile.xlsx,verified,"sha256 20459df2681c751b, unreadable: UnicodeDecodeError; not registered in data_sources.csv"
2026-09-12T01:40:08+00:00,51575020,artifact,S6,data/reference/victim_curation_table.csv,verified,"sha256 75e6bea4243eebe7, 101 rows, 2013-05-24..2020-10-20; not registered in data_sources.csv"
2026-09-12T01:40:08+00:00,51575020,artifact,S7,data/reference/acs_2019_cd_demographics.csv,verified,"sha256 210ec18a067b7f5d, 59 rows; register holds a payload hash only"
2026-09-12T01:40:08+00:00,51575020,artifact,S8,data/reference/wikipedia_pageviews_victims.csv,verified,"sha256 e1e88d7d93c69631, 25,211 rows, 2017-01-01..2020-12-31; provenance register is stale and cannot be refreshed — accepted 2026-09-10: Neither registered hash matches this file, and it cannot be re-registered by re-running its fetch: 09_fetch_public_data.py selects this basket from the retired Twitter per-victim file (S2), which is not in the repository and cannot be reconstructed. The bytes ac"
2026-09-12T01:40:08+00:00,51575020,artifact,S9,data/reference/wikipedia_article_resolution.csv,verified,"sha256 8e488fc8819956be, 109 rows; not registered in data_sources.csv"
2026-09-12T01:40:08+00:00,51575020,artifact,S10,data/reference/victim_registry.csv,verified,"sha256 13f3fbcfe5298589, 13,241 rows, 2013-01-01..2024-12-31; register holds a payload hash only"
2026-09-12T01:40:08+00:00,51575020,artifact,S11,data/reference/cai_components_daily.csv,verified,"sha256 dbb89a5aa3380194, 9,232 rows, 2015-01-01..2024-12-31; matches the provenance register"
2026-09-12T01:40:08+00:00,51575020,artifact,S11,data/reference/wiki_ext_basket_used.csv,verified,"sha256 0cffc9013f1382d2, 121 rows; not registered in data_sources.csv"
2026-09-12T01:40:08+00:00,51575020,artifact,S11,data/reference/wiki_ext_aggregation_diagnostic.csv,verified,"sha256 a8ea321b5a7319b8, 3,472 rows, 2015-07-01..2024-12-31; not registered in data_sources.csv"
2026-09-12T01:40:08+00:00,51575020,artifact,S12,data/reference/cai_trends_daily.csv,verified,"sha256 f18c11eb209350bd, 7,306 rows, 2015-01-01..2024-12-31; matches the provenance register"
2026-09-12T01:40:08+00:00,51575020,artifact,S12,data/reference/cai_trends_stitch_diagnostics.csv,verified,"sha256 a79bdc97be843bd6, 58 rows; not registered in data_sources.csv"
2026-09-12T01:40:08+00:00,51575020,artifact,S13,data/reference/cai_trends_anchored.csv,unverifiable,"artifact absent, and the source is retired"
2026-09-12T01:40:08+00:00,51575020,artifact,S14,data/reference/precinct_cd_crosswalk.csv,verified,"sha256 4c519dc6e115d562, 131 rows; matches the provenance register"
2026-09-12T01:40:08+00:00,51575020,artifact,S15,data/reference/bheard_precinct_adoption.csv,verified,"sha256 b7627d01221e5159, 31 rows; matches the provenance register"
2026-09-12T01:40:08+00:00,51575020,artifact,S15,data/reference/bheard_cd_exposure.csv,verified,"sha256 c387a640fc425626, 74 rows; not registered in data_sources.csv"
2026-09-12T01:40:08+00:00,51575020,artifact,S16,data/reference/basket_decisions.csv,verified,"sha256 cabfa4ca663e133c, 174 rows, 1958-04-25..2026-07-07; not registered in data_sources.csv"
2026-09-12T01:40:08+00:00,51575020,artifact,S17,data/reference/article_title_map.csv,verified,"sha256 0a27b6dc42d3853a, 559 rows; not registered in data_sources.csv"
2026-09-12T01:40:08+00:00,51575020,artifact,S17,outputs/tables/rename_recovery.csv,verified,"sha256 bdacd2e6adb24ce9, 127 rows; not registered in data_sources.csv"
2026-09-12T01:40:08+00:00,51575020,artifact,S18,data/reference/wiki_nyc_articles.csv,verified,"sha256 abb0d075af0e382f, 501 rows; not registered in data_sources.csv"
2026-09-12T01:40:08+00:00,51575020,artifact,S18,data/reference/wiki_nyc_daily.csv,verified,"sha256 1ebfe7c1bcd158d2, 6,944 rows, 2015-07-01..2024-12-31; matches the provenance register"
2026-09-12T01:40:08+00:00,51575020,artifact,S18,data/reference/wiki_nyc_per_article.csv,verified,"sha256 a82130d42a41569e, 52,080 rows, 2015-07-01..2024-12-31; not registered in data_sources.csv"
2026-09-12T01:40:08+00:00,51575020,claim,S1,C01_ems_source_rows,verified,"computed 29,978,154; document agrees"
2026-09-12T01:40:08+00:00,51575020,claim,S10,C02_registry_rows,verified,"computed 13,241; document agrees"
2026-09-12T01:40:08+00:00,51575020,claim,S11,C03_wiki_start,verified,computed 2015-07-01; document agrees
2026-09-12T01:40:08+00:00,51575020,claim,S16,C04_basket_articles,verified,computed 120; document agrees
2026-09-12T01:40:08+00:00,51575020,claim,S16,C05_basket_people,verified,computed 119; document agrees
2026-09-12T01:40:08+00:00,51575020,claim,S16,C06_basket_after_2020,verified,computed 27; document agrees
2026-09-12T01:40:08+00:00,51575020,claim,S11,C07_scored_days,verified,"computed 3,472; document agrees"
2026-09-12T01:40:08+00:00,51575020,claim,S11,C08_cai_ref_mean,verified,computed 0.000000; document agrees
2026-09-12T01:40:08+00:00,51575020,claim,S11,C09_cai_ref_sd,verified,computed 1.000000; document agrees
2026-09-12T01:40:08+00:00,51575020,claim,S1,C10_panel_rows,verified,"computed 89,857; document agrees"
2026-09-12T01:40:08+00:00,51575020,claim,S1,C11_panel_districts,verified,computed 59; document agrees
2026-09-12T01:40:08+00:00,51575020,claim,S1,C12_mean_edp_share,verified,computed 0.0856; document agrees
2026-09-12T01:40:08+00:00,51575020,claim,S1,C13_mean_total_calls,verified,computed 65.9; document agrees
2026-09-12T01:40:08+00:00,51575020,claim,S12,C14_trends_nyc_zero_all,verified,computed 42.6%; document agrees
2026-09-12T01:40:08+00:00,51575020,claim,S12,C15_trends_nyc_zero_2020,verified,computed 26%; document agrees
2026-09-12T01:40:08+00:00,51575020,claim,S12,C16_trends_nyc_zero_2024,verified,computed 71%; document agrees
2026-09-12T01:40:08+00:00,51575020,claim,S17,C17_rename_views_recovered,verified,"computed 79,082,746; document agrees"
2026-09-12T01:40:08+00:00,51575020,claim,S17,C18_rename_articles,verified,computed 106; document agrees
2026-09-12T01:40:08+00:00,51575020,claim,S17,C19_rename_articles_total,verified,computed 127; document agrees
2026-09-12T01:40:08+00:00,51575020,claim,S11,C20_episodes_frozen,verified,computed 70; document agrees
2026-09-12T01:40:08+00:00,51575020,claim,S11,C21_episodes_rebuilt,verified,computed 75; document agrees
2026-09-12T01:40:08+00:00,51575020,claim,S11,C22_episode_max_days,verified,computed 14; document agrees
2026-09-12T01:40:08+00:00,51575020,claim,S11,C23_basket_usable,verified,computed 119; document agrees
2026-09-12T01:40:08+00:00,51575020,claim,S15,C24_bheard_precincts,verified,computed 31; document agrees
2026-09-12T01:40:08+00:00,51575020,claim,S15,C25_bheard_low_conf,verified,computed 17; document agrees
2026-09-12T01:40:08+00:00,51575020,claim,-,C26_suite_checks,verified,computed 57; document agrees
2026-09-12T01:40:08+00:00,51575020,claim,-,C28_audit_checks,verified,computed 42; document agrees
2026-09-12T01:40:08+00:00,51575020,claim,-,C29_audit_flags,verified,computed 2; document agrees
2026-09-12T01:40:08+00:00,51575020,claim,-,C30_sources_registered,verified,computed 19; document agrees
2026-09-12T01:40:08+00:00,51575020,claim,S17,C31_start_lag_max,verified,computed 3; document agrees
2026-09-12T01:40:08+00:00,51575020,claim,S17,C32_start_lag_articles,verified,computed 119; document agrees
2026-09-12T01:40:08+00:00,51575020,claim,S17,C33_titles_dated,verified,computed 559; document agrees
2026-09-12T01:40:08+00:00,51575020,claim,S18,C37_national_corr,verified,computed 0.9695; document agrees
2026-09-12T01:40:08+00:00,51575020,claim,S18,C34_nyc_corr_ext,verified,computed 0.54; document agrees
2026-09-12T01:40:08+00:00,51575020,claim,S18,C35_nyc_corr_us,verified,computed 0.62; document agrees
2026-09-12T01:40:08+00:00,51575020,claim,S18,C36_nyc_articles,verified,computed 11; document agrees
2026-09-12T01:40:08+00:00,51575020,claim,S18,C38_nyc_overlap,verified,computed 59%; document agrees
2026-09-12T01:40:08+00:00,51575020,claim,S18,C40_nyc_garner,verified,computed 53%; document agrees
2026-09-12T01:40:08+00:00,51575020,claim,S18,C41_nyc_disjoint,verified,computed 8; document agrees
2026-09-12T01:40:08+00:00,51575020,claim,S18,C42_nyc_r2,verified,computed 0.454; document agrees
2026-09-12T01:40:08+00:00,51575020,claim,S18,C43_nyc_resid,verified,computed 6; document agrees
2026-09-12T01:40:08+00:00,51575020,claim,S18,C44_national_corr,verified,computed 0.9695; document agrees
2026-09-12T01:40:08+00:00,51575020,claim,S18,C45_nyc_disjoint_year,verified,computed 2012; document agrees
2026-09-12T01:46:00+00:00,fd929efb,link,S1,https://data.cityofnewyork.us/resource/76xm-jjuj.csv,skipped,--offline
2026-09-12T01:46:00+00:00,fd929efb,link,S1b,https://data.cityofnewyork.us/resource/76xm-jjuj.csv,skipped,--offline
2026-09-12T01:46:00+00:00,fd929efb,link,S2,(none),unverifiable,no endpoint: not obtained over the network
2026-09-12T01:46:00+00:00,fd929efb,link,S3,(none),unverifiable,no endpoint: not obtained over the network
2026-09-12T01:46:00+00:00,fd929efb,link,S4,https://github.com/washingtonpost/data-police-shootings,skipped,--offline
2026-09-12T01:46:00+00:00,fd929efb,link,S5,(none),template,no endpoint: not obtained over the network
2026-09-12T01:46:00+00:00,fd929efb,link,S6,(none),template,no endpoint: not obtained over the network
2026-09-12T01:46:00+00:00,fd929efb,link,S7,https://s-media.nyc.gov/agencies/dcp/assets/files/excel/data-tools/census/acs/demo_2019_acs5yr_nta.xlsx,skipped,--offline
2026-09-12T01:46:00+00:00,fd929efb,link,S8,https://wikimedia.org/api/rest_v1/metrics/pageviews/per-article/,skipped,--offline
2026-09-12T01:46:00+00:00,fd929efb,link,S9,https://en.wikipedia.org/api/rest_v1/page/summary/,skipped,--offline
2026-09-12T01:46:00+00:00,fd929efb,link,S10,https://mappingpoliceviolence.us/s/MPVDatasetDownload.xlsx,skipped,--offline
2026-09-12T01:46:00+00:00,fd929efb,link,S11,https://api.gdeltproject.org/api/v2/doc/doc,skipped,--offline
2026-09-12T01:46:00+00:00,fd929efb,link,S11,https://api.gdeltproject.org/api/v2/tv/tv,skipped,--offline
2026-09-12T01:46:00+00:00,fd929efb,link,S11,https://wikimedia.org/api/rest_v1/metrics/pageviews/per-article/,skipped,--offline
2026-09-12T01:46:00+00:00,fd929efb,link,S12,https://trends.google.com,skipped,--offline
2026-09-12T01:46:00+00:00,fd929efb,link,S13,https://trends.google.com,skipped,--offline
2026-09-12T01:46:00+00:00,fd929efb,link,S14,https://data.cityofnewyork.us/resource/76xm-jjuj.json,skipped,--offline
2026-09-12T01:46:00+00:00,fd929efb,link,S15,https://mentalhealth.cityofnewyork.us/b-heard,skipped,--offline
2026-09-12T01:46:00+00:00,fd929efb,link,S16,https://query.wikidata.org/sparql,skipped,--offline
2026-09-12T01:46:00+00:00,fd929efb,link,S17,https://en.wikipedia.org/w/api.php,skipped,--offline
2026-09-12T01:46:00+00:00,fd929efb,link,S18,https://en.wikipedia.org/w/api.php,skipped,--offline
2026-09-12T01:46:00+00:00,fd929efb,link,S18,https://wikimedia.org/api/rest_v1/metrics/pageviews/per-article/,skipped,--offline
2026-09-12T01:46:00+00:00,fd929efb,artifact,S1,data/processed/ems_cd_day_calltype.parquet,verified,"sha256 6247a7239559f930, 4,876,509 rows, 2014-12-01..2024-12-31; not registered in data_sources.csv"
2026-09-12T01:46:00+00:00,fd929efb,artifact,S1,data/processed/ems_citywide_day_trends.parquet,verified,"sha256 33c8850350f90ab3, 39,037 rows, 2005-01-01..2026-06-30; not registered in data_sources.csv"
2026-09-12T01:46:00+00:00,fd929efb,artifact,S1b,data/processed/ems_cd_day_calltype.parquet,verified,"sha256 6247a7239559f930, 4,876,509 rows, 2014-12-01..2024-12-31; matches the provenance register"
2026-09-12T01:46:00+00:00,fd929efb,artifact,S2,data/raw/211118_tweet_count_name_date.csv,unverifiable,"artifact absent, and the source is unverifiable"
2026-09-12T01:46:00+00:00,fd929efb,artifact,S3,data/raw/220126_final_daily_tweet_count.csv,unverifiable,"artifact absent, and the source is unverifiable"
2026-09-12T01:46:00+00:00,fd929efb,artifact,S4,data/raw/fatalpoliceshootingsCLEANED.csv,unverifiable,"artifact absent, and the source is retired"
2026-09-12T01:46:00+00:00,fd929efb,artifact,S5,data/raw/sf1_dp_cd_demoprofile.xlsx,verified,"sha256 20459df2681c751b, unreadable: UnicodeDecodeError; not registered in data_sources.csv"
2026-09-12T01:46:00+00:00,fd929efb,artifact,S6,data/reference/victim_curation_table.csv,verified,"sha256 75e6bea4243eebe7, 101 rows, 2013-05-24..2020-10-20; not registered in data_sources.csv"
2026-09-12T01:46:00+00:00,fd929efb,artifact,S7,data/reference/acs_2019_cd_demographics.csv,verified,"sha256 210ec18a067b7f5d, 59 rows; register holds a payload hash only"
2026-09-12T01:46:00+00:00,fd929efb,artifact,S8,data/reference/wikipedia_pageviews_victims.csv,verified,"sha256 e1e88d7d93c69631, 25,211 rows, 2017-01-01..2020-12-31; provenance register is stale and cannot be refreshed — accepted 2026-09-10: Neither registered hash matches this file, and it cannot be re-registered by re-running its fetch: 09_fetch_public_data.py selects this basket from the retired Twitter per-victim file (S2), which is not in the repository and cannot be reconstructed. The bytes ac"
2026-09-12T01:46:00+00:00,fd929efb,artifact,S9,data/reference/wikipedia_article_resolution.csv,verified,"sha256 8e488fc8819956be, 109 rows; not registered in data_sources.csv"
2026-09-12T01:46:00+00:00,fd929efb,artifact,S10,data/reference/victim_registry.csv,verified,"sha256 13f3fbcfe5298589, 13,241 rows, 2013-01-01..2024-12-31; register holds a payload hash only"
2026-09-12T01:46:00+00:00,fd929efb,artifact,S11,data/reference/cai_components_daily.csv,verified,"sha256 dbb89a5aa3380194, 9,232 rows, 2015-01-01..2024-12-31; matches the provenance register"
2026-09-12T01:46:00+00:00,fd929efb,artifact,S11,data/reference/wiki_ext_basket_used.csv,verified,"sha256 0cffc9013f1382d2, 121 rows; not registered in data_sources.csv"
2026-09-12T01:46:00+00:00,fd929efb,artifact,S11,data/reference/wiki_ext_aggregation_diagnostic.csv,verified,"sha256 a8ea321b5a7319b8, 3,472 rows, 2015-07-01..2024-12-31; not registered in data_sources.csv"
2026-09-12T01:46:00+00:00,fd929efb,artifact,S12,data/reference/cai_trends_daily.csv,verified,"sha256 f18c11eb209350bd, 7,306 rows, 2015-01-01..2024-12-31; matches the provenance register"
2026-09-12T01:46:00+00:00,fd929efb,artifact,S12,data/reference/cai_trends_stitch_diagnostics.csv,verified,"sha256 a79bdc97be843bd6, 58 rows; not registered in data_sources.csv"
2026-09-12T01:46:00+00:00,fd929efb,artifact,S13,data/reference/cai_trends_anchored.csv,unverifiable,"artifact absent, and the source is retired"
2026-09-12T01:46:00+00:00,fd929efb,artifact,S14,data/reference/precinct_cd_crosswalk.csv,verified,"sha256 4c519dc6e115d562, 131 rows; matches the provenance register"
2026-09-12T01:46:00+00:00,fd929efb,artifact,S15,data/reference/bheard_precinct_adoption.csv,verified,"sha256 b7627d01221e5159, 31 rows; matches the provenance register"
2026-09-12T01:46:00+00:00,fd929efb,artifact,S15,data/reference/bheard_cd_exposure.csv,verified,"sha256 c387a640fc425626, 74 rows; not registered in data_sources.csv"
2026-09-12T01:46:00+00:00,fd929efb,artifact,S16,data/reference/basket_decisions.csv,verified,"sha256 cabfa4ca663e133c, 174 rows, 1958-04-25..2026-07-07; not registered in data_sources.csv"
2026-09-12T01:46:00+00:00,fd929efb,artifact,S17,data/reference/article_title_map.csv,verified,"sha256 0a27b6dc42d3853a, 559 rows; not registered in data_sources.csv"
2026-09-12T01:46:00+00:00,fd929efb,artifact,S17,outputs/tables/rename_recovery.csv,verified,"sha256 bdacd2e6adb24ce9, 127 rows; not registered in data_sources.csv"
2026-09-12T01:46:00+00:00,fd929efb,artifact,S18,data/reference/wiki_nyc_articles.csv,verified,"sha256 abb0d075af0e382f, 501 rows; not registered in data_sources.csv"
2026-09-12T01:46:00+00:00,fd929efb,artifact,S18,data/reference/wiki_nyc_daily.csv,verified,"sha256 1ebfe7c1bcd158d2, 6,944 rows, 2015-07-01..2024-12-31; matches the provenance register"
2026-09-12T01:46:00+00:00,fd929efb,artifact,S18,data/reference/wiki_nyc_per_article.csv,verified,"sha256 a82130d42a41569e, 52,080 rows, 2015-07-01..2024-12-31; not registered in data_sources.csv"
2026-09-12T01:46:00+00:00,fd929efb,claim,S1,C01_ems_source_rows,verified,"computed 29,978,154; document agrees"
2026-09-12T01:46:00+00:00,fd929efb,claim,S10,C02_registry_rows,verified,"computed 13,241; document agrees"
2026-09-12T01:46:00+00:00,fd929efb,claim,S11,C03_wiki_start,verified,computed 2015-07-01; document agrees
2026-09-12T01:46:00+00:00,fd929efb,claim,S16,C04_basket_articles,verified,computed 120; document agrees
2026-09-12T01:46:00+00:00,fd929efb,claim,S16,C05_basket_people,verified,computed 119; document agrees
2026-09-12T01:46:00+00:00,fd929efb,claim,S16,C06_basket_after_2020,verified,computed 27; document agrees
2026-09-12T01:46:00+00:00,fd929efb,claim,S11,C07_scored_days,verified,"computed 3,472; document agrees"
2026-09-12T01:46:00+00:00,fd929efb,claim,S11,C08_cai_ref_mean,verified,computed 0.000000; document agrees
2026-09-12T01:46:00+00:00,fd929efb,claim,S11,C09_cai_ref_sd,verified,computed 1.000000; document agrees
2026-09-12T01:46:00+00:00,fd929efb,claim,S1,C10_panel_rows,verified,"computed 89,857; document agrees"
2026-09-12T01:46:00+00:00,fd929efb,claim,S1,C11_panel_districts,verified,computed 59; document agrees
2026-09-12T01:46:00+00:00,fd929efb,claim,S1,C12_mean_edp_share,verified,computed 0.0856; document agrees
2026-09-12T01:46:00+00:00,fd929efb,claim,S1,C13_mean_total_calls,verified,computed 65.9; document agrees
2026-09-12T01:46:00+00:00,fd929efb,claim,S12,C14_trends_nyc_zero_all,verified,computed 42.6%; document agrees
2026-09-12T01:46:00+00:00,fd929efb,claim,S12,C15_trends_nyc_zero_2020,verified,computed 26%; document agrees
2026-09-12T01:46:00+00:00,fd929efb,claim,S12,C16_trends_nyc_zero_2024,verified,computed 71%; document agrees
2026-09-12T01:46:00+00:00,fd929efb,claim,S17,C17_rename_views_recovered,verified,"computed 79,082,746; document agrees"
2026-09-12T01:46:00+00:00,fd929efb,claim,S17,C18_rename_articles,verified,computed 106; document agrees
2026-09-12T01:46:00+00:00,fd929efb,claim,S17,C19_rename_articles_total,verified,computed 127; document agrees
2026-09-12T01:46:00+00:00,fd929efb,claim,S11,C20_episodes_frozen,verified,computed 70; document agrees
2026-09-12T01:46:00+00:00,fd929efb,claim,S11,C21_episodes_rebuilt,verified,computed 75; document agrees
2026-09-12T01:46:00+00:00,fd929efb,claim,S11,C22_episode_max_days,verified,computed 14; document agrees
2026-09-12T01:46:00+00:00,fd929efb,claim,S11,C23_basket_usable,verified,computed 119; document agrees
2026-09-12T01:46:00+00:00,fd929efb,claim,S15,C24_bheard_precincts,verified,computed 31; document agrees
2026-09-12T01:46:00+00:00,fd929efb,claim,S15,C25_bheard_low_conf,verified,computed 17; document agrees
2026-09-12T01:46:00+00:00,fd929efb,claim,-,C26_suite_checks,verified,computed 58; document agrees
2026-09-12T01:46:00+00:00,fd929efb,claim,-,C28_audit_checks,verified,computed 42; document agrees
2026-09-12T01:46:00+00:00,fd929efb,claim,-,C29_audit_flags,verified,computed 2; document agrees
2026-09-12T01:46:00+00:00,fd929efb,claim,-,C30_sources_registered,verified,computed 19; document agrees
2026-09-12T01:46:00+00:00,fd929efb,claim,S17,C31_start_lag_max,verified,computed 3; document agrees
2026-09-12T01:46:00+00:00,fd929efb,claim,S17,C32_start_lag_articles,verified,computed 119; document agrees
2026-09-12T01:46:00+00:00,fd929efb,claim,S17,C33_titles_dated,verified,computed 559; document agrees
2026-09-12T01:46:00+00:00,fd929efb,claim,S18,C37_national_corr,verified,computed 0.9695; document agrees
2026-09-12T01:46:00+00:00,fd929efb,claim,S18,C34_nyc_corr_ext,verified,computed 0.54; document agrees
2026-09-12T01:46:00+00:00,fd929efb,claim,S18,C35_nyc_corr_us,verified,computed 0.62; document agrees
2026-09-12T01:46:00+00:00,fd929efb,claim,S18,C36_nyc_articles,verified,computed 11; document agrees
2026-09-12T01:46:00+00:00,fd929efb,claim,S18,C38_nyc_overlap,verified,computed 59%; document agrees
2026-09-12T01:46:00+00:00,fd929efb,claim,S18,C40_nyc_garner,verified,computed 53%; document agrees
2026-09-12T01:46:00+00:00,fd929efb,claim,S18,C41_nyc_disjoint,verified,computed 8; document agrees
2026-09-12T01:46:00+00:00,fd929efb,claim,S18,C42_nyc_r2,verified,computed 0.454; document agrees
2026-09-12T01:46:00+00:00,fd929efb,claim,S18,C43_nyc_resid,verified,computed 6; document agrees
2026-09-12T01:46:00+00:00,fd929efb,claim,S18,C44_national_corr,verified,computed 0.9695; document agrees
2026-09-12T01:46:00+00:00,fd929efb,claim,S18,C45_nyc_disjoint_year,verified,computed 2012; document agrees
2026-09-12T01:49:54+00:00,48580b6f,link,S1,https://data.cityofnewyork.us/resource/76xm-jjuj.csv,skipped,--offline
2026-09-12T01:49:54+00:00,48580b6f,link,S1b,https://data.cityofnewyork.us/resource/76xm-jjuj.csv,skipped,--offline
2026-09-12T01:49:54+00:00,48580b6f,link,S2,(none),unverifiable,no endpoint: not obtained over the network
2026-09-12T01:49:54+00:00,48580b6f,link,S3,(none),unverifiable,no endpoint: not obtained over the network
2026-09-12T01:49:54+00:00,48580b6f,link,S4,https://github.com/washingtonpost/data-police-shootings,skipped,--offline
2026-09-12T01:49:54+00:00,48580b6f,link,S5,(none),template,no endpoint: not obtained over the network
2026-09-12T01:49:54+00:00,48580b6f,link,S6,(none),template,no endpoint: not obtained over the network
2026-09-12T01:49:54+00:00,48580b6f,link,S7,https://s-media.nyc.gov/agencies/dcp/assets/files/excel/data-tools/census/acs/demo_2019_acs5yr_nta.xlsx,skipped,--offline
2026-09-12T01:49:54+00:00,48580b6f,link,S8,https://wikimedia.org/api/rest_v1/metrics/pageviews/per-article/,skipped,--offline
2026-09-12T01:49:54+00:00,48580b6f,link,S9,https://en.wikipedia.org/api/rest_v1/page/summary/,skipped,--offline
2026-09-12T01:49:54+00:00,48580b6f,link,S10,https://mappingpoliceviolence.us/s/MPVDatasetDownload.xlsx,skipped,--offline
2026-09-12T01:49:54+00:00,48580b6f,link,S11,https://api.gdeltproject.org/api/v2/doc/doc,skipped,--offline
2026-09-12T01:49:54+00:00,48580b6f,link,S11,https://api.gdeltproject.org/api/v2/tv/tv,skipped,--offline
2026-09-12T01:49:54+00:00,48580b6f,link,S11,https://wikimedia.org/api/rest_v1/metrics/pageviews/per-article/,skipped,--offline
2026-09-12T01:49:54+00:00,48580b6f,link,S12,https://trends.google.com,skipped,--offline
2026-09-12T01:49:54+00:00,48580b6f,link,S13,https://trends.google.com,skipped,--offline
2026-09-12T01:49:54+00:00,48580b6f,link,S14,https://data.cityofnewyork.us/resource/76xm-jjuj.json,skipped,--offline
2026-09-12T01:49:54+00:00,48580b6f,link,S15,https://mentalhealth.cityofnewyork.us/b-heard,skipped,--offline
2026-09-12T01:49:54+00:00,48580b6f,link,S16,https://query.wikidata.org/sparql,skipped,--offline
2026-09-12T01:49:54+00:00,48580b6f,link,S17,https://en.wikipedia.org/w/api.php,skipped,--offline
2026-09-12T01:49:54+00:00,48580b6f,link,S18,https://en.wikipedia.org/w/api.php,skipped,--offline
2026-09-12T01:49:54+00:00,48580b6f,link,S18,https://wikimedia.org/api/rest_v1/metrics/pageviews/per-article/,skipped,--offline
2026-09-12T01:49:54+00:00,48580b6f,artifact,S1,data/processed/ems_cd_day_calltype.parquet,verified,"sha256 6247a7239559f930, 4,876,509 rows, 2014-12-01..2024-12-31; not registered in data_sources.csv"
2026-09-12T01:49:54+00:00,48580b6f,artifact,S1,data/processed/ems_citywide_day_trends.parquet,verified,"sha256 33c8850350f90ab3, 39,037 rows, 2005-01-01..2026-06-30; not registered in data_sources.csv"
2026-09-12T01:49:54+00:00,48580b6f,artifact,S1b,data/processed/ems_cd_day_calltype.parquet,verified,"sha256 6247a7239559f930, 4,876,509 rows, 2014-12-01..2024-12-31; matches the provenance register"
2026-09-12T01:49:54+00:00,48580b6f,artifact,S2,data/raw/211118_tweet_count_name_date.csv,unverifiable,"artifact absent, and the source is unverifiable"
2026-09-12T01:49:54+00:00,48580b6f,artifact,S3,data/raw/220126_final_daily_tweet_count.csv,unverifiable,"artifact absent, and the source is unverifiable"
2026-09-12T01:49:54+00:00,48580b6f,artifact,S4,data/raw/fatalpoliceshootingsCLEANED.csv,unverifiable,"artifact absent, and the source is retired"
2026-09-12T01:49:54+00:00,48580b6f,artifact,S5,data/raw/sf1_dp_cd_demoprofile.xlsx,verified,"sha256 20459df2681c751b, unreadable: UnicodeDecodeError; not registered in data_sources.csv"
2026-09-12T01:49:54+00:00,48580b6f,artifact,S6,data/reference/victim_curation_table.csv,verified,"sha256 75e6bea4243eebe7, 101 rows, 2013-05-24..2020-10-20; not registered in data_sources.csv"
2026-09-12T01:49:54+00:00,48580b6f,artifact,S7,data/reference/acs_2019_cd_demographics.csv,verified,"sha256 210ec18a067b7f5d, 59 rows; register holds a payload hash only"
2026-09-12T01:49:54+00:00,48580b6f,artifact,S8,data/reference/wikipedia_pageviews_victims.csv,verified,"sha256 e1e88d7d93c69631, 25,211 rows, 2017-01-01..2020-12-31; provenance register is stale and cannot be refreshed — accepted 2026-09-10: Neither registered hash matches this file, and it cannot be re-registered by re-running its fetch: 09_fetch_public_data.py selects this basket from the retired Twitter per-victim file (S2), which is not in the repository and cannot be reconstructed. The bytes ac"
2026-09-12T01:49:54+00:00,48580b6f,artifact,S9,data/reference/wikipedia_article_resolution.csv,verified,"sha256 8e488fc8819956be, 109 rows; not registered in data_sources.csv"
2026-09-12T01:49:54+00:00,48580b6f,artifact,S10,data/reference/victim_registry.csv,verified,"sha256 13f3fbcfe5298589, 13,241 rows, 2013-01-01..2024-12-31; register holds a payload hash only"
2026-09-12T01:49:54+00:00,48580b6f,artifact,S11,data/reference/cai_components_daily.csv,verified,"sha256 dbb89a5aa3380194, 9,232 rows, 2015-01-01..2024-12-31; matches the provenance register"
2026-09-12T01:49:54+00:00,48580b6f,artifact,S11,data/reference/wiki_ext_basket_used.csv,verified,"sha256 0cffc9013f1382d2, 121 rows; not registered in data_sources.csv"
2026-09-12T01:49:54+00:00,48580b6f,artifact,S11,data/reference/wiki_ext_aggregation_diagnostic.csv,verified,"sha256 a8ea321b5a7319b8, 3,472 rows, 2015-07-01..2024-12-31; not registered in data_sources.csv"
2026-09-12T01:49:54+00:00,48580b6f,artifact,S12,data/reference/cai_trends_daily.csv,verified,"sha256 f18c11eb209350bd, 7,306 rows, 2015-01-01..2024-12-31; matches the provenance register"
2026-09-12T01:49:54+00:00,48580b6f,artifact,S12,data/reference/cai_trends_stitch_diagnostics.csv,verified,"sha256 a79bdc97be843bd6, 58 rows; not registered in data_sources.csv"
2026-09-12T01:49:54+00:00,48580b6f,artifact,S13,data/reference/cai_trends_anchored.csv,unverifiable,"artifact absent, and the source is retired"
2026-09-12T01:49:54+00:00,48580b6f,artifact,S14,data/reference/precinct_cd_crosswalk.csv,verified,"sha256 4c519dc6e115d562, 131 rows; matches the provenance register"
2026-09-12T01:49:54+00:00,48580b6f,artifact,S15,data/reference/bheard_precinct_adoption.csv,verified,"sha256 b7627d01221e5159, 31 rows; matches the provenance register"
2026-09-12T01:49:54+00:00,48580b6f,artifact,S15,data/reference/bheard_cd_exposure.csv,verified,"sha256 c387a640fc425626, 74 rows; not registered in data_sources.csv"
2026-09-12T01:49:54+00:00,48580b6f,artifact,S16,data/reference/basket_decisions.csv,verified,"sha256 cabfa4ca663e133c, 174 rows, 1958-04-25..2026-07-07; not registered in data_sources.csv"
2026-09-12T01:49:54+00:00,48580b6f,artifact,S17,data/reference/article_title_map.csv,verified,"sha256 0a27b6dc42d3853a, 559 rows; not registered in data_sources.csv"
2026-09-12T01:49:54+00:00,48580b6f,artifact,S17,outputs/tables/rename_recovery.csv,verified,"sha256 bdacd2e6adb24ce9, 127 rows; not registered in data_sources.csv"
2026-09-12T01:49:54+00:00,48580b6f,artifact,S18,data/reference/wiki_nyc_articles.csv,verified,"sha256 abb0d075af0e382f, 501 rows; not registered in data_sources.csv"
2026-09-12T01:49:54+00:00,48580b6f,artifact,S18,data/reference/wiki_nyc_daily.csv,verified,"sha256 1ebfe7c1bcd158d2, 6,944 rows, 2015-07-01..2024-12-31; matches the provenance register"
2026-09-12T01:49:54+00:00,48580b6f,artifact,S18,data/reference/wiki_nyc_per_article.csv,verified,"sha256 a82130d42a41569e, 52,080 rows, 2015-07-01..2024-12-31; not registered in data_sources.csv"
2026-09-12T01:49:54+00:00,48580b6f,claim,S1,C01_ems_source_rows,verified,"computed 29,978,154; document agrees"
2026-09-12T01:49:54+00:00,48580b6f,claim,S10,C02_registry_rows,verified,"computed 13,241; document agrees"
2026-09-12T01:49:54+00:00,48580b6f,claim,S11,C03_wiki_start,verified,computed 2015-07-01; document agrees
2026-09-12T01:49:54+00:00,48580b6f,claim,S16,C04_basket_articles,verified,computed 120; document agrees
2026-09-12T01:49:54+00:00,48580b6f,claim,S16,C05_basket_people,verified,computed 119; document agrees
2026-09-12T01:49:54+00:00,48580b6f,claim,S16,C06_basket_after_2020,verified,computed 27; document agrees
2026-09-12T01:49:54+00:00,48580b6f,claim,S11,C07_scored_days,verified,"computed 3,472; document agrees"
2026-09-12T01:49:54+00:00,48580b6f,claim,S11,C08_cai_ref_mean,verified,computed 0.000000; document agrees
2026-09-12T01:49:54+00:00,48580b6f,claim,S11,C09_cai_ref_sd,verified,computed 1.000000; document agrees
2026-09-12T01:49:54+00:00,48580b6f,claim,S1,C10_panel_rows,verified,"computed 89,857; document agrees"
2026-09-12T01:49:54+00:00,48580b6f,claim,S1,C11_panel_districts,verified,computed 59; document agrees
2026-09-12T01:49:54+00:00,48580b6f,claim,S1,C12_mean_edp_share,verified,computed 0.0856; document agrees
2026-09-12T01:49:54+00:00,48580b6f,claim,S1,C13_mean_total_calls,verified,computed 65.9; document agrees
2026-09-12T01:49:54+00:00,48580b6f,claim,S12,C14_trends_nyc_zero_all,verified,computed 42.6%; document agrees
2026-09-12T01:49:54+00:00,48580b6f,claim,S12,C15_trends_nyc_zero_2020,verified,computed 26%; document agrees
2026-09-12T01:49:54+00:00,48580b6f,claim,S12,C16_trends_nyc_zero_2024,verified,computed 71%; document agrees
2026-09-12T01:49:54+00:00,48580b6f,claim,S17,C17_rename_views_recovered,verified,"computed 79,082,746; document agrees"
2026-09-12T01:49:54+00:00,48580b6f,claim,S17,C18_rename_articles,verified,computed 106; document agrees
2026-09-12T01:49:54+00:00,48580b6f,claim,S17,C19_rename_articles_total,verified,computed 127; document agrees
2026-09-12T01:49:54+00:00,48580b6f,claim,S11,C20_episodes_frozen,verified,computed 70; document agrees
2026-09-12T01:49:54+00:00,48580b6f,claim,S11,C21_episodes_rebuilt,verified,computed 75; document agrees
2026-09-12T01:49:54+00:00,48580b6f,claim,S11,C22_episode_max_days,verified,computed 14; document agrees
2026-09-12T01:49:54+00:00,48580b6f,claim,S11,C23_basket_usable,verified,computed 119; document agrees
2026-09-12T01:49:54+00:00,48580b6f,claim,S15,C24_bheard_precincts,verified,computed 31; document agrees
2026-09-12T01:49:54+00:00,48580b6f,claim,S15,C25_bheard_low_conf,verified,computed 17; document agrees
2026-09-12T01:49:54+00:00,48580b6f,claim,-,C26_suite_checks,verified,computed 59; document agrees
2026-09-12T01:49:54+00:00,48580b6f,claim,-,C28_audit_checks,verified,computed 42; document agrees
2026-09-12T01:49:54+00:00,48580b6f,claim,-,C29_audit_flags,verified,computed 2; document agrees
2026-09-12T01:49:54+00:00,48580b6f,claim,-,C30_sources_registered,verified,computed 19; document agrees
2026-09-12T01:49:54+00:00,48580b6f,claim,S17,C31_start_lag_max,verified,computed 3; document agrees
2026-09-12T01:49:54+00:00,48580b6f,claim,S17,C32_start_lag_articles,verified,computed 119; document agrees
2026-09-12T01:49:54+00:00,48580b6f,claim,S17,C33_titles_dated,verified,computed 559; document agrees
2026-09-12T01:49:54+00:00,48580b6f,claim,S18,C37_national_corr,verified,computed 0.9695; document agrees
2026-09-12T01:49:54+00:00,48580b6f,claim,S18,C34_nyc_corr_ext,verified,computed 0.54; document agrees
2026-09-12T01:49:54+00:00,48580b6f,claim,S18,C35_nyc_corr_us,verified,computed 0.62; document agrees
2026-09-12T01:49:54+00:00,48580b6f,claim,S18,C36_nyc_articles,verified,computed 11; document agrees
2026-09-12T01:49:54+00:00,48580b6f,claim,S18,C38_nyc_overlap,verified,computed 59%; document agrees
2026-09-12T01:49:54+00:00,48580b6f,claim,S18,C40_nyc_garner,verified,computed 53%; document agrees
2026-09-12T01:49:54+00:00,48580b6f,claim,S18,C41_nyc_disjoint,verified,computed 8; document agrees
2026-09-12T01:49:54+00:00,48580b6f,claim,S18,C42_nyc_r2,verified,computed 0.454; document agrees
2026-09-12T01:49:54+00:00,48580b6f,claim,S18,C43_nyc_resid,verified,computed 6; document agrees
2026-09-12T01:49:54+00:00,48580b6f,claim,S18,C44_national_corr,verified,computed 0.9695; document agrees
2026-09-12T01:49:54+00:00,48580b6f,claim,S18,C45_nyc_disjoint_year,verified,computed 2012; document agrees
2026-09-12T02:31:37+00:00,43b0521f,link,S1,https://data.cityofnewyork.us/resource/76xm-jjuj.csv,skipped,--offline
2026-09-12T02:31:37+00:00,43b0521f,link,S1b,https://data.cityofnewyork.us/resource/76xm-jjuj.csv,skipped,--offline
2026-09-12T02:31:37+00:00,43b0521f,link,S2,(none),unverifiable,no endpoint: not obtained over the network
2026-09-12T02:31:37+00:00,43b0521f,link,S3,(none),unverifiable,no endpoint: not obtained over the network
2026-09-12T02:31:37+00:00,43b0521f,link,S4,https://github.com/washingtonpost/data-police-shootings,skipped,--offline
2026-09-12T02:31:37+00:00,43b0521f,link,S5,(none),template,no endpoint: not obtained over the network
2026-09-12T02:31:37+00:00,43b0521f,link,S6,(none),template,no endpoint: not obtained over the network
2026-09-12T02:31:37+00:00,43b0521f,link,S7,https://s-media.nyc.gov/agencies/dcp/assets/files/excel/data-tools/census/acs/demo_2019_acs5yr_nta.xlsx,skipped,--offline
2026-09-12T02:31:37+00:00,43b0521f,link,S8,https://wikimedia.org/api/rest_v1/metrics/pageviews/per-article/,skipped,--offline
2026-09-12T02:31:37+00:00,43b0521f,link,S9,https://en.wikipedia.org/api/rest_v1/page/summary/,skipped,--offline
2026-09-12T02:31:37+00:00,43b0521f,link,S10,https://mappingpoliceviolence.us/s/MPVDatasetDownload.xlsx,skipped,--offline
2026-09-12T02:31:37+00:00,43b0521f,link,S11,https://api.gdeltproject.org/api/v2/doc/doc,skipped,--offline
2026-09-12T02:31:37+00:00,43b0521f,link,S11,https://api.gdeltproject.org/api/v2/tv/tv,skipped,--offline
2026-09-12T02:31:37+00:00,43b0521f,link,S11,https://wikimedia.org/api/rest_v1/metrics/pageviews/per-article/,skipped,--offline
2026-09-12T02:31:37+00:00,43b0521f,link,S12,https://trends.google.com,skipped,--offline
2026-09-12T02:31:37+00:00,43b0521f,link,S13,https://trends.google.com,skipped,--offline
2026-09-12T02:31:37+00:00,43b0521f,link,S14,https://data.cityofnewyork.us/resource/76xm-jjuj.json,skipped,--offline
2026-09-12T02:31:37+00:00,43b0521f,link,S15,https://mentalhealth.cityofnewyork.us/b-heard,skipped,--offline
2026-09-12T02:31:37+00:00,43b0521f,link,S16,https://query.wikidata.org/sparql,skipped,--offline
2026-09-12T02:31:37+00:00,43b0521f,link,S17,https://en.wikipedia.org/w/api.php,skipped,--offline
2026-09-12T02:31:37+00:00,43b0521f,link,S18,https://en.wikipedia.org/w/api.php,skipped,--offline
2026-09-12T02:31:37+00:00,43b0521f,link,S18,https://wikimedia.org/api/rest_v1/metrics/pageviews/per-article/,skipped,--offline
2026-09-12T02:31:37+00:00,43b0521f,artifact,S1,data/processed/ems_cd_day_calltype.parquet,verified,"sha256 6247a7239559f930, 4,876,509 rows, 2014-12-01..2024-12-31; not registered in data_sources.csv"
2026-09-12T02:31:37+00:00,43b0521f,artifact,S1,data/processed/ems_citywide_day_trends.parquet,verified,"sha256 33c8850350f90ab3, 39,037 rows, 2005-01-01..2026-06-30; not registered in data_sources.csv"
2026-09-12T02:31:37+00:00,43b0521f,artifact,S1b,data/processed/ems_cd_day_calltype.parquet,verified,"sha256 6247a7239559f930, 4,876,509 rows, 2014-12-01..2024-12-31; matches the provenance register"
2026-09-12T02:31:37+00:00,43b0521f,artifact,S2,data/raw/211118_tweet_count_name_date.csv,unverifiable,"artifact absent, and the source is unverifiable"
2026-09-12T02:31:37+00:00,43b0521f,artifact,S3,data/raw/220126_final_daily_tweet_count.csv,unverifiable,"artifact absent, and the source is unverifiable"
2026-09-12T02:31:37+00:00,43b0521f,artifact,S4,data/raw/fatalpoliceshootingsCLEANED.csv,unverifiable,"artifact absent, and the source is retired"
2026-09-12T02:31:37+00:00,43b0521f,artifact,S5,data/raw/sf1_dp_cd_demoprofile.xlsx,verified,"sha256 20459df2681c751b, unreadable: UnicodeDecodeError; not registered in data_sources.csv"
2026-09-12T02:31:37+00:00,43b0521f,artifact,S6,data/reference/victim_curation_table.csv,verified,"sha256 75e6bea4243eebe7, 101 rows, 2013-05-24..2020-10-20; not registered in data_sources.csv"
2026-09-12T02:31:37+00:00,43b0521f,artifact,S7,data/reference/acs_2019_cd_demographics.csv,verified,"sha256 210ec18a067b7f5d, 59 rows; register holds a payload hash only"
2026-09-12T02:31:37+00:00,43b0521f,artifact,S8,data/reference/wikipedia_pageviews_victims.csv,verified,"sha256 e1e88d7d93c69631, 25,211 rows, 2017-01-01..2020-12-31; provenance register is stale and cannot be refreshed — accepted 2026-09-10: Neither registered hash matches this file, and it cannot be re-registered by re-running its fetch: 09_fetch_public_data.py selects this basket from the retired Twitter per-victim file (S2), which is not in the repository and cannot be reconstructed. The bytes ac"
2026-09-12T02:31:37+00:00,43b0521f,artifact,S9,data/reference/wikipedia_article_resolution.csv,verified,"sha256 8e488fc8819956be, 109 rows; not registered in data_sources.csv"
2026-09-12T02:31:37+00:00,43b0521f,artifact,S10,data/reference/victim_registry.csv,verified,"sha256 13f3fbcfe5298589, 13,241 rows, 2013-01-01..2024-12-31; register holds a payload hash only"
2026-09-12T02:31:37+00:00,43b0521f,artifact,S11,data/reference/cai_components_daily.csv,verified,"sha256 f747bc27b7beada3, 9,232 rows, 2015-01-01..2024-12-31; matches the provenance register"
2026-09-12T02:31:37+00:00,43b0521f,artifact,S11,data/reference/wiki_ext_basket_used.csv,verified,"sha256 97140b683f5a6506, 109 rows; not registered in data_sources.csv"
2026-09-12T02:31:37+00:00,43b0521f,artifact,S11,data/reference/wiki_ext_aggregation_diagnostic.csv,verified,"sha256 2d37c4ad5d1c0c3d, 3,472 rows, 2015-07-01..2024-12-31; not registered in data_sources.csv"
2026-09-12T02:31:37+00:00,43b0521f,artifact,S12,data/reference/cai_trends_daily.csv,verified,"sha256 f18c11eb209350bd, 7,306 rows, 2015-01-01..2024-12-31; matches the provenance register"
2026-09-12T02:31:37+00:00,43b0521f,artifact,S12,data/reference/cai_trends_stitch_diagnostics.csv,verified,"sha256 a79bdc97be843bd6, 58 rows; not registered in data_sources.csv"
2026-09-12T02:31:37+00:00,43b0521f,artifact,S13,data/reference/cai_trends_anchored.csv,unverifiable,"artifact absent, and the source is retired"
2026-09-12T02:31:37+00:00,43b0521f,artifact,S14,data/reference/precinct_cd_crosswalk.csv,verified,"sha256 4c519dc6e115d562, 131 rows; matches the provenance register"
2026-09-12T02:31:37+00:00,43b0521f,artifact,S15,data/reference/bheard_precinct_adoption.csv,verified,"sha256 b7627d01221e5159, 31 rows; matches the provenance register"
2026-09-12T02:31:37+00:00,43b0521f,artifact,S15,data/reference/bheard_cd_exposure.csv,verified,"sha256 c387a640fc425626, 74 rows; not registered in data_sources.csv"
2026-09-12T02:31:37+00:00,43b0521f,artifact,S16,data/reference/basket_decisions.csv,verified,"sha256 cabfa4ca663e133c, 174 rows, 1958-04-25..2026-07-07; not registered in data_sources.csv"
2026-09-12T02:31:37+00:00,43b0521f,artifact,S17,data/reference/article_title_map.csv,verified,"sha256 b1be98f09b916a90, 530 rows; matches the provenance register"
2026-09-12T02:31:37+00:00,43b0521f,artifact,S17,outputs/tables/rename_recovery.csv,verified,"sha256 bdacd2e6adb24ce9, 127 rows; not registered in data_sources.csv"
2026-09-12T02:31:37+00:00,43b0521f,artifact,S18,data/reference/wiki_nyc_articles.csv,verified,"sha256 abb0d075af0e382f, 501 rows; not registered in data_sources.csv"
2026-09-12T02:31:37+00:00,43b0521f,artifact,S18,data/reference/wiki_nyc_daily.csv,verified,"sha256 1ebfe7c1bcd158d2, 6,944 rows, 2015-07-01..2024-12-31; matches the provenance register"
2026-09-12T02:31:37+00:00,43b0521f,artifact,S18,data/reference/wiki_nyc_per_article.csv,verified,"sha256 a82130d42a41569e, 52,080 rows, 2015-07-01..2024-12-31; not registered in data_sources.csv"
2026-09-12T02:31:37+00:00,43b0521f,claim,S1,C01_ems_source_rows,verified,"computed 29,978,154; document agrees"
2026-09-12T02:31:37+00:00,43b0521f,claim,S10,C02_registry_rows,verified,"computed 13,241; document agrees"
2026-09-12T02:31:37+00:00,43b0521f,claim,S11,C03_wiki_start,verified,computed 2015-07-01; document agrees
2026-09-12T02:31:37+00:00,43b0521f,claim,S16,C04_basket_articles,verified,computed 120; document agrees
2026-09-12T02:31:37+00:00,43b0521f,claim,S16,C05_basket_people,verified,computed 119; document agrees
2026-09-12T02:31:37+00:00,43b0521f,claim,S16,C06_basket_after_2020,verified,computed 27; document agrees
2026-09-12T02:31:37+00:00,43b0521f,claim,S11,C07_scored_days,verified,"computed 3,472; document agrees"
2026-09-12T02:31:37+00:00,43b0521f,claim,S11,C08_cai_ref_mean,verified,computed 0.000000; document agrees
2026-09-12T02:31:37+00:00,43b0521f,claim,S11,C09_cai_ref_sd,verified,computed 1.000000; document agrees
2026-09-12T02:31:37+00:00,43b0521f,claim,S1,C10_panel_rows,verified,"computed 89,857; document agrees"
2026-09-12T02:31:37+00:00,43b0521f,claim,S1,C11_panel_districts,verified,computed 59; document agrees
2026-09-12T02:31:37+00:00,43b0521f,claim,S1,C12_mean_edp_share,verified,computed 0.0856; document agrees
2026-09-12T02:31:37+00:00,43b0521f,claim,S1,C13_mean_total_calls,verified,computed 65.9; document agrees
2026-09-12T02:31:37+00:00,43b0521f,claim,S12,C14_trends_nyc_zero_all,verified,computed 42.6%; document agrees
2026-09-12T02:31:37+00:00,43b0521f,claim,S12,C15_trends_nyc_zero_2020,verified,computed 26%; document agrees
2026-09-12T02:31:37+00:00,43b0521f,claim,S12,C16_trends_nyc_zero_2024,verified,computed 71%; document agrees
2026-09-12T02:31:37+00:00,43b0521f,claim,S17,C17_rename_views_recovered,mismatch,"computed 79,439,814, but the document does not say 'returned **79,439,814 views** across' (the surrounding wording is present, so the number differs)"
2026-09-12T02:31:37+00:00,43b0521f,claim,S17,C18_rename_articles,mismatch,"computed 112, but the document does not say 'across **112 of 127 articles**' (the surrounding wording is present, so the number differs)"
2026-09-12T02:31:37+00:00,43b0521f,claim,S17,C19_rename_articles_total,mismatch,"computed 116, but the document does not say '**106 of 116 articles**' (the surrounding wording is present, so the number differs)"
2026-09-12T02:31:37+00:00,43b0521f,claim,S11,C20_episodes_frozen,verified,computed 70; document agrees
2026-09-12T02:31:37+00:00,43b0521f,claim,S11,C21_episodes_rebuilt,mismatch,"computed 74, but the document does not say 'rebuilt list = 74 episodes' (the surrounding wording is present, so the number differs)"
2026-09-12T02:31:37+00:00,43b0521f,claim,S11,C22_episode_max_days,verified,computed 14; document agrees
2026-09-12T02:31:37+00:00,43b0521f,claim,S11,C23_basket_usable,mismatch,computed 107; the claim's wording is not in docs/PAPER_MASTER.md at all - the register is stale
2026-09-12T02:31:37+00:00,43b0521f,claim,S15,C24_bheard_precincts,verified,computed 31; document agrees
2026-09-12T02:31:37+00:00,43b0521f,claim,S15,C25_bheard_low_conf,verified,computed 17; document agrees
2026-09-12T02:31:37+00:00,43b0521f,claim,-,C26_suite_checks,verified,computed 59; document agrees
2026-09-12T02:31:37+00:00,43b0521f,claim,-,C28_audit_checks,verified,computed 42; document agrees
2026-09-12T02:31:37+00:00,43b0521f,claim,-,C29_audit_flags,verified,computed 2; document agrees
2026-09-12T02:31:37+00:00,43b0521f,claim,-,C30_sources_registered,verified,computed 19; document agrees
2026-09-12T02:31:37+00:00,43b0521f,claim,S17,C31_start_lag_max,verified,computed 3; document agrees
2026-09-12T02:31:37+00:00,43b0521f,claim,S17,C32_start_lag_articles,mismatch,"computed 107, but the document does not say 'every one of the **107** usable' (the surrounding wording is present, so the number differs)"
2026-09-12T02:31:37+00:00,43b0521f,claim,S17,C33_titles_dated,mismatch,"computed 530, but the document does not say 'the MediaWiki API for all 530 titles' (the surrounding wording is present, so the number differs)"
2026-09-12T02:31:37+00:00,43b0521f,claim,S18,C37_national_corr,verified,computed 0.9695; document agrees
2026-09-12T02:31:37+00:00,43b0521f,claim,S18,C34_nyc_corr_ext,verified,computed 0.54; document agrees
2026-09-12T02:31:37+00:00,43b0521f,claim,S18,C35_nyc_corr_us,verified,computed 0.62; document agrees
2026-09-12T02:31:37+00:00,43b0521f,claim,S18,C36_nyc_articles,verified,computed 11; document agrees
2026-09-12T02:31:37+00:00,43b0521f,claim,S18,C38_nyc_overlap,verified,computed 59%; document agrees
2026-09-12T02:31:37+00:00,43b0521f,claim,S18,C40_nyc_garner,verified,computed 53%; document agrees
2026-09-12T02:31:37+00:00,43b0521f,claim,S18,C41_nyc_disjoint,verified,computed 8; document agrees
2026-09-12T02:31:37+00:00,43b0521f,claim,S18,C42_nyc_r2,verified,computed 0.454; document agrees
2026-09-12T02:31:37+00:00,43b0521f,claim,S18,C43_nyc_resid,verified,computed 6; document agrees
2026-09-12T02:31:37+00:00,43b0521f,claim,S18,C44_national_corr,verified,computed 0.9695; document agrees
2026-09-12T02:31:37+00:00,43b0521f,claim,S18,C45_nyc_disjoint_year,verified,computed 2012; document agrees
2026-09-12T02:31:37+00:00,43b0521f,claim,S11,C46_antipolice_peak_published,verified,computed 12.5693; document agrees
2026-09-12T02:31:37+00:00,43b0521f,claim,S11,C47_antipolice_peak_counterfactual,verified,computed 13.1356; document agrees
2026-09-12T02:31:37+00:00,43b0521f,claim,S11,C48_antipolice_views_on_peak,verified,"computed 205,332; document agrees"
2026-09-12T02:31:37+00:00,43b0521f,claim,S11,C49_antipolice_max_change,verified,computed 1.03; document agrees
2026-09-12T02:31:37+00:00,43b0521f,claim,S11,C50_antipolice_days_touched,verified,"computed 3,105; document agrees"
2026-09-12T02:32:47+00:00,655b485a,claim,S1,C01_ems_source_rows,verified,"computed 29,978,154; document agrees"
2026-09-12T02:32:47+00:00,655b485a,claim,S10,C02_registry_rows,verified,"computed 13,241; document agrees"
2026-09-12T02:32:47+00:00,655b485a,claim,S11,C03_wiki_start,verified,computed 2015-07-01; document agrees
2026-09-12T02:32:47+00:00,655b485a,claim,S16,C04_basket_articles,verified,computed 120; document agrees
2026-09-12T02:32:47+00:00,655b485a,claim,S16,C05_basket_people,verified,computed 119; document agrees
2026-09-12T02:32:47+00:00,655b485a,claim,S16,C06_basket_after_2020,verified,computed 27; document agrees
2026-09-12T02:32:47+00:00,655b485a,claim,S11,C07_scored_days,verified,"computed 3,472; document agrees"
2026-09-12T02:32:47+00:00,655b485a,claim,S11,C08_cai_ref_mean,verified,computed 0.000000; document agrees
2026-09-12T02:32:47+00:00,655b485a,claim,S11,C09_cai_ref_sd,verified,computed 1.000000; document agrees
2026-09-12T02:32:47+00:00,655b485a,claim,S1,C10_panel_rows,verified,"computed 89,857; document agrees"
2026-09-12T02:32:47+00:00,655b485a,claim,S1,C11_panel_districts,verified,computed 59; document agrees
2026-09-12T02:32:47+00:00,655b485a,claim,S1,C12_mean_edp_share,verified,computed 0.0856; document agrees
2026-09-12T02:32:47+00:00,655b485a,claim,S1,C13_mean_total_calls,verified,computed 65.9; document agrees
2026-09-12T02:32:47+00:00,655b485a,claim,S12,C14_trends_nyc_zero_all,verified,computed 42.6%; document agrees
2026-09-12T02:32:47+00:00,655b485a,claim,S12,C15_trends_nyc_zero_2020,verified,computed 26%; document agrees
2026-09-12T02:32:47+00:00,655b485a,claim,S12,C16_trends_nyc_zero_2024,verified,computed 71%; document agrees
2026-09-12T02:32:47+00:00,655b485a,claim,S17,C17_rename_views_recovered,mismatch,"computed 79,439,814, but the document does not say 'returned **79,439,814 views** across' (the surrounding wording is present, so the number differs)"
2026-09-12T02:32:47+00:00,655b485a,claim,S17,C18_rename_articles,mismatch,"computed 112, but the document does not say 'across **112 of 127 articles**' (the surrounding wording is present, so the number differs)"
2026-09-12T02:32:47+00:00,655b485a,claim,S17,C19_rename_articles_total,mismatch,"computed 116, but the document does not say '**106 of 116 articles**' (the surrounding wording is present, so the number differs)"
2026-09-12T02:32:47+00:00,655b485a,claim,S11,C20_episodes_frozen,verified,computed 70; document agrees
2026-09-12T02:32:47+00:00,655b485a,claim,S11,C21_episodes_rebuilt,mismatch,"computed 74, but the document does not say 'rebuilt list = 74 episodes' (the surrounding wording is present, so the number differs)"
2026-09-12T02:32:47+00:00,655b485a,claim,S11,C22_episode_max_days,verified,computed 14; document agrees
2026-09-12T02:32:47+00:00,655b485a,claim,S11,C23_basket_usable,mismatch,computed 107; the claim's wording is not in docs/PAPER_MASTER.md at all - the register is stale
2026-09-12T02:32:47+00:00,655b485a,claim,S15,C24_bheard_precincts,verified,computed 31; document agrees
2026-09-12T02:32:47+00:00,655b485a,claim,S15,C25_bheard_low_conf,verified,computed 17; document agrees
2026-09-12T02:32:47+00:00,655b485a,claim,-,C26_suite_checks,verified,computed 59; document agrees
2026-09-12T02:32:47+00:00,655b485a,claim,-,C28_audit_checks,verified,computed 42; document agrees
2026-09-12T02:32:47+00:00,655b485a,claim,-,C29_audit_flags,verified,computed 2; document agrees
2026-09-12T02:32:47+00:00,655b485a,claim,-,C30_sources_registered,verified,computed 19; document agrees
2026-09-12T02:32:47+00:00,655b485a,claim,S17,C31_start_lag_max,verified,computed 3; document agrees
2026-09-12T02:32:47+00:00,655b485a,claim,S17,C32_start_lag_articles,mismatch,"computed 107, but the document does not say 'every one of the **107** usable' (the surrounding wording is present, so the number differs)"
2026-09-12T02:32:47+00:00,655b485a,claim,S17,C33_titles_dated,mismatch,"computed 530, but the document does not say 'the MediaWiki API for all 530 titles' (the surrounding wording is present, so the number differs)"
2026-09-12T02:32:47+00:00,655b485a,claim,S18,C37_national_corr,verified,computed 0.9695; document agrees
2026-09-12T02:32:47+00:00,655b485a,claim,S18,C34_nyc_corr_ext,verified,computed 0.54; document agrees
2026-09-12T02:32:47+00:00,655b485a,claim,S18,C35_nyc_corr_us,verified,computed 0.62; document agrees
2026-09-12T02:32:47+00:00,655b485a,claim,S18,C36_nyc_articles,verified,computed 11; document agrees
2026-09-12T02:32:47+00:00,655b485a,claim,S18,C38_nyc_overlap,verified,computed 59%; document agrees
2026-09-12T02:32:47+00:00,655b485a,claim,S18,C40_nyc_garner,verified,computed 53%; document agrees
2026-09-12T02:32:47+00:00,655b485a,claim,S18,C41_nyc_disjoint,verified,computed 8; document agrees
2026-09-12T02:32:47+00:00,655b485a,claim,S18,C42_nyc_r2,verified,computed 0.454; document agrees
2026-09-12T02:32:47+00:00,655b485a,claim,S18,C43_nyc_resid,verified,computed 6; document agrees
2026-09-12T02:32:47+00:00,655b485a,claim,S18,C44_national_corr,verified,computed 0.9695; document agrees
2026-09-12T02:32:47+00:00,655b485a,claim,S18,C45_nyc_disjoint_year,verified,computed 2012; document agrees
2026-09-12T02:32:47+00:00,655b485a,claim,S11,C46_antipolice_peak_published,verified,computed 12.5693; document agrees
2026-09-12T02:32:47+00:00,655b485a,claim,S11,C47_antipolice_peak_counterfactual,verified,computed 13.1356; document agrees
2026-09-12T02:32:47+00:00,655b485a,claim,S11,C48_antipolice_views_on_peak,verified,"computed 205,332; document agrees"
2026-09-12T02:32:47+00:00,655b485a,claim,S11,C49_antipolice_max_change,verified,computed 1.03; document agrees
2026-09-12T02:32:47+00:00,655b485a,claim,S11,C50_antipolice_days_touched,verified,"computed 3,105; document agrees"
2026-09-12T02:32:50+00:00,5d26a912,claim,S1,C01_ems_source_rows,verified,"computed 29,978,154; document agrees"
2026-09-12T02:32:50+00:00,5d26a912,claim,S10,C02_registry_rows,verified,"computed 13,241; document agrees"
2026-09-12T02:32:50+00:00,5d26a912,claim,S11,C03_wiki_start,verified,computed 2015-07-01; document agrees
2026-09-12T02:32:50+00:00,5d26a912,claim,S16,C04_basket_articles,verified,computed 120; document agrees
2026-09-12T02:32:50+00:00,5d26a912,claim,S16,C05_basket_people,verified,computed 119; document agrees
2026-09-12T02:32:50+00:00,5d26a912,claim,S16,C06_basket_after_2020,verified,computed 27; document agrees
2026-09-12T02:32:50+00:00,5d26a912,claim,S11,C07_scored_days,verified,"computed 3,472; document agrees"
2026-09-12T02:32:50+00:00,5d26a912,claim,S11,C08_cai_ref_mean,verified,computed 0.000000; document agrees
2026-09-12T02:32:50+00:00,5d26a912,claim,S11,C09_cai_ref_sd,verified,computed 1.000000; document agrees
2026-09-12T02:32:50+00:00,5d26a912,claim,S1,C10_panel_rows,verified,"computed 89,857; document agrees"
2026-09-12T02:32:50+00:00,5d26a912,claim,S1,C11_panel_districts,verified,computed 59; document agrees
2026-09-12T02:32:50+00:00,5d26a912,claim,S1,C12_mean_edp_share,verified,computed 0.0856; document agrees
2026-09-12T02:32:50+00:00,5d26a912,claim,S1,C13_mean_total_calls,verified,computed 65.9; document agrees
2026-09-12T02:32:50+00:00,5d26a912,claim,S12,C14_trends_nyc_zero_all,verified,computed 42.6%; document agrees
2026-09-12T02:32:50+00:00,5d26a912,claim,S12,C15_trends_nyc_zero_2020,verified,computed 26%; document agrees
2026-09-12T02:32:50+00:00,5d26a912,claim,S12,C16_trends_nyc_zero_2024,verified,computed 71%; document agrees
2026-09-12T02:32:50+00:00,5d26a912,claim,S17,C17_rename_views_recovered,mismatch,"computed 79,439,814, but the document does not say 'returned **79,439,814 views** across' (the surrounding wording is present, so the number differs)"
2026-09-12T02:32:50+00:00,5d26a912,claim,S17,C18_rename_articles,mismatch,"computed 112, but the document does not say 'across **112 of 127 articles**' (the surrounding wording is present, so the number differs)"
2026-09-12T02:32:50+00:00,5d26a912,claim,S17,C19_rename_articles_total,mismatch,"computed 116, but the document does not say '**106 of 116 articles**' (the surrounding wording is present, so the number differs)"
2026-09-12T02:32:50+00:00,5d26a912,claim,S11,C20_episodes_frozen,verified,computed 70; document agrees
2026-09-12T02:32:50+00:00,5d26a912,claim,S11,C21_episodes_rebuilt,mismatch,"computed 74, but the document does not say 'rebuilt list = 74 episodes' (the surrounding wording is present, so the number differs)"
2026-09-12T02:32:50+00:00,5d26a912,claim,S11,C22_episode_max_days,verified,computed 14; document agrees
2026-09-12T02:32:50+00:00,5d26a912,claim,S11,C23_basket_usable,mismatch,computed 107; the claim's wording is not in docs/PAPER_MASTER.md at all - the register is stale
2026-09-12T02:32:50+00:00,5d26a912,claim,S15,C24_bheard_precincts,verified,computed 31; document agrees
2026-09-12T02:32:50+00:00,5d26a912,claim,S15,C25_bheard_low_conf,verified,computed 17; document agrees
2026-09-12T02:32:50+00:00,5d26a912,claim,-,C26_suite_checks,verified,computed 59; document agrees
2026-09-12T02:32:50+00:00,5d26a912,claim,-,C28_audit_checks,verified,computed 42; document agrees
2026-09-12T02:32:50+00:00,5d26a912,claim,-,C29_audit_flags,verified,computed 2; document agrees
2026-09-12T02:32:50+00:00,5d26a912,claim,-,C30_sources_registered,verified,computed 19; document agrees
2026-09-12T02:32:50+00:00,5d26a912,claim,S17,C31_start_lag_max,verified,computed 3; document agrees
2026-09-12T02:32:50+00:00,5d26a912,claim,S17,C32_start_lag_articles,mismatch,"computed 107, but the document does not say 'every one of the **107** usable' (the surrounding wording is present, so the number differs)"
2026-09-12T02:32:50+00:00,5d26a912,claim,S17,C33_titles_dated,mismatch,"computed 530, but the document does not say 'the MediaWiki API for all 530 titles' (the surrounding wording is present, so the number differs)"
2026-09-12T02:32:50+00:00,5d26a912,claim,S18,C37_national_corr,verified,computed 0.9695; document agrees
2026-09-12T02:32:50+00:00,5d26a912,claim,S18,C34_nyc_corr_ext,verified,computed 0.54; document agrees
2026-09-12T02:32:50+00:00,5d26a912,claim,S18,C35_nyc_corr_us,verified,computed 0.62; document agrees
2026-09-12T02:32:50+00:00,5d26a912,claim,S18,C36_nyc_articles,verified,computed 11; document agrees
2026-09-12T02:32:50+00:00,5d26a912,claim,S18,C38_nyc_overlap,verified,computed 59%; document agrees
2026-09-12T02:32:50+00:00,5d26a912,claim,S18,C40_nyc_garner,verified,computed 53%; document agrees
2026-09-12T02:32:50+00:00,5d26a912,claim,S18,C41_nyc_disjoint,verified,computed 8; document agrees
2026-09-12T02:32:50+00:00,5d26a912,claim,S18,C42_nyc_r2,verified,computed 0.454; document agrees
2026-09-12T02:32:50+00:00,5d26a912,claim,S18,C43_nyc_resid,verified,computed 6; document agrees
2026-09-12T02:32:50+00:00,5d26a912,claim,S18,C44_national_corr,verified,computed 0.9695; document agrees
2026-09-12T02:32:50+00:00,5d26a912,claim,S18,C45_nyc_disjoint_year,verified,computed 2012; document agrees
2026-09-12T02:32:50+00:00,5d26a912,claim,S11,C46_antipolice_peak_published,verified,computed 12.5693; document agrees
2026-09-12T02:32:50+00:00,5d26a912,claim,S11,C47_antipolice_peak_counterfactual,verified,computed 13.1356; document agrees
2026-09-12T02:32:50+00:00,5d26a912,claim,S11,C48_antipolice_views_on_peak,verified,"computed 205,332; document agrees"
2026-09-12T02:32:50+00:00,5d26a912,claim,S11,C49_antipolice_max_change,verified,computed 1.03; document agrees
2026-09-12T02:32:50+00:00,5d26a912,claim,S11,C50_antipolice_days_touched,verified,"computed 3,105; document agrees"
2026-09-12T02:33:35+00:00,a861edbe,claim,S1,C01_ems_source_rows,verified,"computed 29,978,154; document agrees"
2026-09-12T02:33:35+00:00,a861edbe,claim,S10,C02_registry_rows,verified,"computed 13,241; document agrees"
2026-09-12T02:33:35+00:00,a861edbe,claim,S11,C03_wiki_start,verified,computed 2015-07-01; document agrees
2026-09-12T02:33:35+00:00,a861edbe,claim,S16,C04_basket_articles,verified,computed 120; document agrees
2026-09-12T02:33:35+00:00,a861edbe,claim,S16,C05_basket_people,verified,computed 119; document agrees
2026-09-12T02:33:35+00:00,a861edbe,claim,S16,C06_basket_after_2020,verified,computed 27; document agrees
2026-09-12T02:33:35+00:00,a861edbe,claim,S11,C07_scored_days,verified,"computed 3,472; document agrees"
2026-09-12T02:33:35+00:00,a861edbe,claim,S11,C08_cai_ref_mean,verified,computed 0.000000; document agrees
2026-09-12T02:33:35+00:00,a861edbe,claim,S11,C09_cai_ref_sd,verified,computed 1.000000; document agrees
2026-09-12T02:33:35+00:00,a861edbe,claim,S1,C10_panel_rows,verified,"computed 89,857; document agrees"
2026-09-12T02:33:35+00:00,a861edbe,claim,S1,C11_panel_districts,verified,computed 59; document agrees
2026-09-12T02:33:35+00:00,a861edbe,claim,S1,C12_mean_edp_share,verified,computed 0.0856; document agrees
2026-09-12T02:33:35+00:00,a861edbe,claim,S1,C13_mean_total_calls,verified,computed 65.9; document agrees
2026-09-12T02:33:35+00:00,a861edbe,claim,S12,C14_trends_nyc_zero_all,verified,computed 42.6%; document agrees
2026-09-12T02:33:35+00:00,a861edbe,claim,S12,C15_trends_nyc_zero_2020,verified,computed 26%; document agrees
2026-09-12T02:33:35+00:00,a861edbe,claim,S12,C16_trends_nyc_zero_2024,verified,computed 71%; document agrees
2026-09-12T02:33:35+00:00,a861edbe,claim,S17,C17_rename_views_recovered,mismatch,"computed 79,439,814, but the document does not say 'returned **79,439,814 views** across' (the surrounding wording is present, so the number differs)"
2026-09-12T02:33:35+00:00,a861edbe,claim,S17,C18_rename_articles,mismatch,"computed 112, but the document does not say 'across **112 of 127 articles**' (the surrounding wording is present, so the number differs)"
2026-09-12T02:33:35+00:00,a861edbe,claim,S17,C19_rename_articles_total,mismatch,"computed 116, but the document does not say '**106 of 116 articles**' (the surrounding wording is present, so the number differs)"
2026-09-12T02:33:35+00:00,a861edbe,claim,S11,C20_episodes_frozen,verified,computed 70; document agrees
2026-09-12T02:33:35+00:00,a861edbe,claim,S11,C21_episodes_rebuilt,mismatch,"computed 74, but the document does not say 'rebuilt list = 74 episodes' (the surrounding wording is present, so the number differs)"
2026-09-12T02:33:35+00:00,a861edbe,claim,S11,C22_episode_max_days,verified,computed 14; document agrees
2026-09-12T02:33:35+00:00,a861edbe,claim,S11,C23_basket_usable,mismatch,computed 107; the claim's wording is not in docs/PAPER_MASTER.md at all - the register is stale
2026-09-12T02:33:35+00:00,a861edbe,claim,S15,C24_bheard_precincts,verified,computed 31; document agrees
2026-09-12T02:33:35+00:00,a861edbe,claim,S15,C25_bheard_low_conf,verified,computed 17; document agrees
2026-09-12T02:33:35+00:00,a861edbe,claim,-,C26_suite_checks,verified,computed 59; document agrees
2026-09-12T02:33:35+00:00,a861edbe,claim,-,C28_audit_checks,verified,computed 42; document agrees
2026-09-12T02:33:35+00:00,a861edbe,claim,-,C29_audit_flags,verified,computed 2; document agrees
2026-09-12T02:33:35+00:00,a861edbe,claim,-,C30_sources_registered,verified,computed 19; document agrees
2026-09-12T02:33:35+00:00,a861edbe,claim,S17,C31_start_lag_max,verified,computed 3; document agrees
2026-09-12T02:33:35+00:00,a861edbe,claim,S17,C32_start_lag_articles,mismatch,"computed 107, but the document does not say 'every one of the **107** usable' (the surrounding wording is present, so the number differs)"
2026-09-12T02:33:35+00:00,a861edbe,claim,S17,C33_titles_dated,mismatch,"computed 530, but the document does not say 'the MediaWiki API for all 530 titles' (the surrounding wording is present, so the number differs)"
2026-09-12T02:33:35+00:00,a861edbe,claim,S18,C37_national_corr,verified,computed 0.9695; document agrees
2026-09-12T02:33:35+00:00,a861edbe,claim,S18,C34_nyc_corr_ext,verified,computed 0.54; document agrees
2026-09-12T02:33:35+00:00,a861edbe,claim,S18,C35_nyc_corr_us,verified,computed 0.62; document agrees
2026-09-12T02:33:35+00:00,a861edbe,claim,S18,C36_nyc_articles,verified,computed 11; document agrees
2026-09-12T02:33:35+00:00,a861edbe,claim,S18,C38_nyc_overlap,verified,computed 59%; document agrees
2026-09-12T02:33:35+00:00,a861edbe,claim,S18,C40_nyc_garner,verified,computed 53%; document agrees
2026-09-12T02:33:35+00:00,a861edbe,claim,S18,C41_nyc_disjoint,verified,computed 8; document agrees
2026-09-12T02:33:35+00:00,a861edbe,claim,S18,C42_nyc_r2,verified,computed 0.454; document agrees
2026-09-12T02:33:35+00:00,a861edbe,claim,S18,C43_nyc_resid,verified,computed 6; document agrees
2026-09-12T02:33:35+00:00,a861edbe,claim,S18,C44_national_corr,verified,computed 0.9695; document agrees
2026-09-12T02:33:35+00:00,a861edbe,claim,S18,C45_nyc_disjoint_year,verified,computed 2012; document agrees
2026-09-12T02:33:35+00:00,a861edbe,claim,S11,C46_antipolice_peak_published,verified,computed 12.5693; document agrees
2026-09-12T02:33:35+00:00,a861edbe,claim,S11,C47_antipolice_peak_counterfactual,verified,computed 13.1356; document agrees
2026-09-12T02:33:35+00:00,a861edbe,claim,S11,C48_antipolice_views_on_peak,verified,"computed 205,332; document agrees"
2026-09-12T02:33:35+00:00,a861edbe,claim,S11,C49_antipolice_max_change,verified,computed 1.03; document agrees
2026-09-12T02:33:35+00:00,a861edbe,claim,S11,C50_antipolice_days_touched,verified,"computed 3,105; document agrees"
2026-09-12T02:33:35+00:00,a861edbe,claim,S1,C01_ems_source_rows,verified,"computed 29,978,154; document agrees"
2026-09-12T02:33:35+00:00,a861edbe,claim,S10,C02_registry_rows,verified,"computed 13,241; document agrees"
2026-09-12T02:33:35+00:00,a861edbe,claim,S11,C03_wiki_start,verified,computed 2015-07-01; document agrees
2026-09-12T02:33:35+00:00,a861edbe,claim,S16,C04_basket_articles,verified,computed 120; document agrees
2026-09-12T02:33:35+00:00,a861edbe,claim,S16,C05_basket_people,verified,computed 119; document agrees
2026-09-12T02:33:35+00:00,a861edbe,claim,S16,C06_basket_after_2020,verified,computed 27; document agrees
2026-09-12T02:33:35+00:00,a861edbe,claim,S11,C07_scored_days,verified,"computed 3,472; document agrees"
2026-09-12T02:33:35+00:00,a861edbe,claim,S11,C08_cai_ref_mean,verified,computed 0.000000; document agrees
2026-09-12T02:33:35+00:00,a861edbe,claim,S11,C09_cai_ref_sd,verified,computed 1.000000; document agrees
2026-09-12T02:33:35+00:00,a861edbe,claim,S1,C10_panel_rows,verified,"computed 89,857; document agrees"
2026-09-12T02:33:35+00:00,a861edbe,claim,S1,C11_panel_districts,verified,computed 59; document agrees
2026-09-12T02:33:35+00:00,a861edbe,claim,S1,C12_mean_edp_share,verified,computed 0.0856; document agrees
2026-09-12T02:33:35+00:00,a861edbe,claim,S1,C13_mean_total_calls,verified,computed 65.9; document agrees
2026-09-12T02:33:35+00:00,a861edbe,claim,S12,C14_trends_nyc_zero_all,verified,computed 42.6%; document agrees
2026-09-12T02:33:35+00:00,a861edbe,claim,S12,C15_trends_nyc_zero_2020,verified,computed 26%; document agrees
2026-09-12T02:33:35+00:00,a861edbe,claim,S12,C16_trends_nyc_zero_2024,verified,computed 71%; document agrees
2026-09-12T02:33:35+00:00,a861edbe,claim,S17,C17_rename_views_recovered,mismatch,"computed 79,439,814, but the document does not say 'returned **79,439,814 views** across' (the surrounding wording is present, so the number differs)"
2026-09-12T02:33:35+00:00,a861edbe,claim,S17,C18_rename_articles,verified,computed 112; document agrees
2026-09-12T02:33:35+00:00,a861edbe,claim,S17,C19_rename_articles_total,mismatch,computed 116; the claim's wording is not in docs/PAPER_MASTER.md at all - the register is stale
2026-09-12T02:33:35+00:00,a861edbe,claim,S11,C20_episodes_frozen,verified,computed 70; document agrees
2026-09-12T02:33:35+00:00,a861edbe,claim,S11,C21_episodes_rebuilt,verified,computed 74; document agrees
2026-09-12T02:33:35+00:00,a861edbe,claim,S11,C22_episode_max_days,verified,computed 14; document agrees
2026-09-12T02:33:35+00:00,a861edbe,claim,S11,C23_basket_usable,mismatch,computed 107; the claim's wording is not in docs/PAPER_MASTER.md at all - the register is stale
2026-09-12T02:33:35+00:00,a861edbe,claim,S15,C24_bheard_precincts,verified,computed 31; document agrees
2026-09-12T02:33:35+00:00,a861edbe,claim,S15,C25_bheard_low_conf,verified,computed 17; document agrees
2026-09-12T02:33:35+00:00,a861edbe,claim,-,C26_suite_checks,verified,computed 59; document agrees
2026-09-12T02:33:35+00:00,a861edbe,claim,-,C28_audit_checks,verified,computed 42; document agrees
2026-09-12T02:33:35+00:00,a861edbe,claim,-,C29_audit_flags,verified,computed 2; document agrees
2026-09-12T02:33:35+00:00,a861edbe,claim,-,C30_sources_registered,verified,computed 19; document agrees
2026-09-12T02:33:35+00:00,a861edbe,claim,S17,C31_start_lag_max,verified,computed 3; document agrees
2026-09-12T02:33:35+00:00,a861edbe,claim,S17,C32_start_lag_articles,verified,computed 107; document agrees
2026-09-12T02:33:35+00:00,a861edbe,claim,S17,C33_titles_dated,verified,computed 530; document agrees
2026-09-12T02:33:35+00:00,a861edbe,claim,S18,C37_national_corr,verified,computed 0.9695; document agrees
2026-09-12T02:33:35+00:00,a861edbe,claim,S18,C34_nyc_corr_ext,verified,computed 0.54; document agrees
2026-09-12T02:33:35+00:00,a861edbe,claim,S18,C35_nyc_corr_us,verified,computed 0.62; document agrees
2026-09-12T02:33:35+00:00,a861edbe,claim,S18,C36_nyc_articles,verified,computed 11; document agrees
2026-09-12T02:33:35+00:00,a861edbe,claim,S18,C38_nyc_overlap,verified,computed 59%; document agrees
2026-09-12T02:33:35+00:00,a861edbe,claim,S18,C40_nyc_garner,verified,computed 53%; document agrees
2026-09-12T02:33:35+00:00,a861edbe,claim,S18,C41_nyc_disjoint,verified,computed 8; document agrees
2026-09-12T02:33:35+00:00,a861edbe,claim,S18,C42_nyc_r2,verified,computed 0.454; document agrees
2026-09-12T02:33:35+00:00,a861edbe,claim,S18,C43_nyc_resid,verified,computed 6; document agrees
2026-09-12T02:33:35+00:00,a861edbe,claim,S18,C44_national_corr,verified,computed 0.9695; document agrees
2026-09-12T02:33:35+00:00,a861edbe,claim,S18,C45_nyc_disjoint_year,verified,computed 2012; document agrees
2026-09-12T02:33:35+00:00,a861edbe,claim,S11,C46_antipolice_peak_published,verified,computed 12.5693; document agrees
2026-09-12T02:33:35+00:00,a861edbe,claim,S11,C47_antipolice_peak_counterfactual,verified,computed 13.1356; document agrees
2026-09-12T02:33:35+00:00,a861edbe,claim,S11,C48_antipolice_views_on_peak,verified,"computed 205,332; document agrees"
2026-09-12T02:33:35+00:00,a861edbe,claim,S11,C49_antipolice_max_change,verified,computed 1.03; document agrees
2026-09-12T02:33:35+00:00,a861edbe,claim,S11,C50_antipolice_days_touched,verified,"computed 3,105; document agrees"
2026-09-12T02:34:10+00:00,69e5290e,claim,S1,C01_ems_source_rows,verified,"computed 29,978,154; document agrees"
2026-09-12T02:34:10+00:00,69e5290e,claim,S10,C02_registry_rows,verified,"computed 13,241; document agrees"
2026-09-12T02:34:10+00:00,69e5290e,claim,S11,C03_wiki_start,verified,computed 2015-07-01; document agrees
2026-09-12T02:34:10+00:00,69e5290e,claim,S16,C04_basket_articles,verified,computed 120; document agrees
2026-09-12T02:34:10+00:00,69e5290e,claim,S16,C05_basket_people,verified,computed 119; document agrees
2026-09-12T02:34:10+00:00,69e5290e,claim,S16,C06_basket_after_2020,verified,computed 27; document agrees
2026-09-12T02:34:10+00:00,69e5290e,claim,S11,C07_scored_days,verified,"computed 3,472; document agrees"
2026-09-12T02:34:10+00:00,69e5290e,claim,S11,C08_cai_ref_mean,verified,computed 0.000000; document agrees
2026-09-12T02:34:10+00:00,69e5290e,claim,S11,C09_cai_ref_sd,verified,computed 1.000000; document agrees
2026-09-12T02:34:10+00:00,69e5290e,claim,S1,C10_panel_rows,verified,"computed 89,857; document agrees"
2026-09-12T02:34:10+00:00,69e5290e,claim,S1,C11_panel_districts,verified,computed 59; document agrees
2026-09-12T02:34:10+00:00,69e5290e,claim,S1,C12_mean_edp_share,verified,computed 0.0856; document agrees
2026-09-12T02:34:10+00:00,69e5290e,claim,S1,C13_mean_total_calls,verified,computed 65.9; document agrees
2026-09-12T02:34:10+00:00,69e5290e,claim,S12,C14_trends_nyc_zero_all,verified,computed 42.6%; document agrees
2026-09-12T02:34:10+00:00,69e5290e,claim,S12,C15_trends_nyc_zero_2020,verified,computed 26%; document agrees
2026-09-12T02:34:10+00:00,69e5290e,claim,S12,C16_trends_nyc_zero_2024,verified,computed 71%; document agrees
2026-09-12T02:34:10+00:00,69e5290e,claim,S17,C17_rename_views_recovered,verified,"computed 79,439,814; document agrees"
2026-09-12T02:34:10+00:00,69e5290e,claim,S17,C18_rename_articles,verified,computed 112; document agrees
2026-09-12T02:34:10+00:00,69e5290e,claim,S17,C19_rename_articles_total,mismatch,computed 116; the claim's wording is not in docs/PAPER_MASTER.md at all - the register is stale
2026-09-12T02:34:10+00:00,69e5290e,claim,S11,C20_episodes_frozen,verified,computed 70; document agrees
2026-09-12T02:34:10+00:00,69e5290e,claim,S11,C21_episodes_rebuilt,verified,computed 74; document agrees
2026-09-12T02:34:10+00:00,69e5290e,claim,S11,C22_episode_max_days,verified,computed 14; document agrees
2026-09-12T02:34:10+00:00,69e5290e,claim,S11,C23_basket_usable,mismatch,computed 107; the claim's wording is not in docs/PAPER_MASTER.md at all - the register is stale
2026-09-12T02:34:10+00:00,69e5290e,claim,S15,C24_bheard_precincts,verified,computed 31; document agrees
2026-09-12T02:34:10+00:00,69e5290e,claim,S15,C25_bheard_low_conf,verified,computed 17; document agrees
2026-09-12T02:34:10+00:00,69e5290e,claim,-,C26_suite_checks,verified,computed 59; document agrees
2026-09-12T02:34:10+00:00,69e5290e,claim,-,C28_audit_checks,verified,computed 42; document agrees
2026-09-12T02:34:10+00:00,69e5290e,claim,-,C29_audit_flags,verified,computed 2; document agrees
2026-09-12T02:34:10+00:00,69e5290e,claim,-,C30_sources_registered,verified,computed 19; document agrees
2026-09-12T02:34:10+00:00,69e5290e,claim,S17,C31_start_lag_max,verified,computed 3; document agrees
2026-09-12T02:34:10+00:00,69e5290e,claim,S17,C32_start_lag_articles,verified,computed 107; document agrees
2026-09-12T02:34:10+00:00,69e5290e,claim,S17,C33_titles_dated,verified,computed 530; document agrees
2026-09-12T02:34:10+00:00,69e5290e,claim,S18,C37_national_corr,verified,computed 0.9695; document agrees
2026-09-12T02:34:10+00:00,69e5290e,claim,S18,C34_nyc_corr_ext,verified,computed 0.54; document agrees
2026-09-12T02:34:10+00:00,69e5290e,claim,S18,C35_nyc_corr_us,verified,computed 0.62; document agrees
2026-09-12T02:34:10+00:00,69e5290e,claim,S18,C36_nyc_articles,verified,computed 11; document agrees
2026-09-12T02:34:10+00:00,69e5290e,claim,S18,C38_nyc_overlap,verified,computed 59%; document agrees
2026-09-12T02:34:10+00:00,69e5290e,claim,S18,C40_nyc_garner,verified,computed 53%; document agrees
2026-09-12T02:34:10+00:00,69e5290e,claim,S18,C41_nyc_disjoint,verified,computed 8; document agrees
2026-09-12T02:34:10+00:00,69e5290e,claim,S18,C42_nyc_r2,verified,computed 0.454; document agrees
2026-09-12T02:34:10+00:00,69e5290e,claim,S18,C43_nyc_resid,verified,computed 6; document agrees
2026-09-12T02:34:10+00:00,69e5290e,claim,S18,C44_national_corr,verified,computed 0.9695; document agrees
2026-09-12T02:34:10+00:00,69e5290e,claim,S18,C45_nyc_disjoint_year,verified,computed 2012; document agrees
2026-09-12T02:34:10+00:00,69e5290e,claim,S11,C46_antipolice_peak_published,verified,computed 12.5693; document agrees
2026-09-12T02:34:10+00:00,69e5290e,claim,S11,C47_antipolice_peak_counterfactual,verified,computed 13.1356; document agrees
2026-09-12T02:34:10+00:00,69e5290e,claim,S11,C48_antipolice_views_on_peak,verified,"computed 205,332; document agrees"
2026-09-12T02:34:10+00:00,69e5290e,claim,S11,C49_antipolice_max_change,verified,computed 1.03; document agrees
2026-09-12T02:34:10+00:00,69e5290e,claim,S11,C50_antipolice_days_touched,verified,"computed 3,105; document agrees"
2026-09-12T02:34:53+00:00,196fdac4,claim,S1,C01_ems_source_rows,verified,"computed 29,978,154; document agrees"
2026-09-12T02:34:53+00:00,196fdac4,claim,S10,C02_registry_rows,verified,"computed 13,241; document agrees"
2026-09-12T02:34:53+00:00,196fdac4,claim,S11,C03_wiki_start,verified,computed 2015-07-01; document agrees
2026-09-12T02:34:53+00:00,196fdac4,claim,S16,C04_basket_articles,verified,computed 120; document agrees
2026-09-12T02:34:53+00:00,196fdac4,claim,S16,C05_basket_people,verified,computed 119; document agrees
2026-09-12T02:34:53+00:00,196fdac4,claim,S16,C06_basket_after_2020,verified,computed 27; document agrees
2026-09-12T02:34:53+00:00,196fdac4,claim,S11,C07_scored_days,verified,"computed 3,472; document agrees"
2026-09-12T02:34:53+00:00,196fdac4,claim,S11,C08_cai_ref_mean,verified,computed 0.000000; document agrees
2026-09-12T02:34:53+00:00,196fdac4,claim,S11,C09_cai_ref_sd,verified,computed 1.000000; document agrees
2026-09-12T02:34:53+00:00,196fdac4,claim,S1,C10_panel_rows,verified,"computed 89,857; document agrees"
2026-09-12T02:34:53+00:00,196fdac4,claim,S1,C11_panel_districts,verified,computed 59; document agrees
2026-09-12T02:34:53+00:00,196fdac4,claim,S1,C12_mean_edp_share,verified,computed 0.0856; document agrees
2026-09-12T02:34:53+00:00,196fdac4,claim,S1,C13_mean_total_calls,verified,computed 65.9; document agrees
2026-09-12T02:34:53+00:00,196fdac4,claim,S12,C14_trends_nyc_zero_all,verified,computed 42.6%; document agrees
2026-09-12T02:34:53+00:00,196fdac4,claim,S12,C15_trends_nyc_zero_2020,verified,computed 26%; document agrees
2026-09-12T02:34:53+00:00,196fdac4,claim,S12,C16_trends_nyc_zero_2024,verified,computed 71%; document agrees
2026-09-12T02:34:53+00:00,196fdac4,claim,S17,C17_rename_views_recovered,mismatch,"computed 79,439,814, but the document does not say 'returned **79,439,814 views** across' (the surrounding wording is present, so the number differs)"
2026-09-12T02:34:53+00:00,196fdac4,claim,S17,C18_rename_articles,verified,computed 112; document agrees
2026-09-12T02:34:53+00:00,196fdac4,claim,S17,C19_rename_articles_total,verified,computed 116; document agrees
2026-09-12T02:34:53+00:00,196fdac4,claim,S11,C20_episodes_frozen,verified,computed 70; document agrees
2026-09-12T02:34:53+00:00,196fdac4,claim,S11,C21_episodes_rebuilt,verified,computed 74; document agrees
2026-09-12T02:34:53+00:00,196fdac4,claim,S11,C22_episode_max_days,verified,computed 14; document agrees
2026-09-12T02:34:53+00:00,196fdac4,claim,S11,C23_basket_usable,verified,computed 107; document agrees
2026-09-12T02:34:53+00:00,196fdac4,claim,S15,C24_bheard_precincts,verified,computed 31; document agrees
2026-09-12T02:34:53+00:00,196fdac4,claim,S15,C25_bheard_low_conf,verified,computed 17; document agrees
2026-09-12T02:34:53+00:00,196fdac4,claim,-,C26_suite_checks,verified,computed 59; document agrees
2026-09-12T02:34:53+00:00,196fdac4,claim,-,C28_audit_checks,verified,computed 42; document agrees
2026-09-12T02:34:53+00:00,196fdac4,claim,-,C29_audit_flags,verified,computed 2; document agrees
2026-09-12T02:34:53+00:00,196fdac4,claim,-,C30_sources_registered,verified,computed 19; document agrees
2026-09-12T02:34:53+00:00,196fdac4,claim,S17,C31_start_lag_max,verified,computed 3; document agrees
2026-09-12T02:34:53+00:00,196fdac4,claim,S17,C32_start_lag_articles,verified,computed 107; document agrees
2026-09-12T02:34:53+00:00,196fdac4,claim,S17,C33_titles_dated,verified,computed 530; document agrees
2026-09-12T02:34:53+00:00,196fdac4,claim,S18,C37_national_corr,verified,computed 0.9695; document agrees
2026-09-12T02:34:53+00:00,196fdac4,claim,S18,C34_nyc_corr_ext,verified,computed 0.54; document agrees
2026-09-12T02:34:53+00:00,196fdac4,claim,S18,C35_nyc_corr_us,verified,computed 0.62; document agrees
2026-09-12T02:34:53+00:00,196fdac4,claim,S18,C36_nyc_articles,verified,computed 11; document agrees
2026-09-12T02:34:53+00:00,196fdac4,claim,S18,C38_nyc_overlap,verified,computed 59%; document agrees
2026-09-12T02:34:53+00:00,196fdac4,claim,S18,C40_nyc_garner,verified,computed 53%; document agrees
2026-09-12T02:34:53+00:00,196fdac4,claim,S18,C41_nyc_disjoint,verified,computed 8; document agrees
2026-09-12T02:34:53+00:00,196fdac4,claim,S18,C42_nyc_r2,verified,computed 0.454; document agrees
2026-09-12T02:34:53+00:00,196fdac4,claim,S18,C43_nyc_resid,verified,computed 6; document agrees
2026-09-12T02:34:53+00:00,196fdac4,claim,S18,C44_national_corr,verified,computed 0.9695; document agrees
2026-09-12T02:34:53+00:00,196fdac4,claim,S18,C45_nyc_disjoint_year,verified,computed 2012; document agrees
2026-09-12T02:34:53+00:00,196fdac4,claim,S11,C46_antipolice_peak_published,verified,computed 12.5693; document agrees
2026-09-12T02:34:53+00:00,196fdac4,claim,S11,C47_antipolice_peak_counterfactual,verified,computed 13.1356; document agrees
2026-09-12T02:34:53+00:00,196fdac4,claim,S11,C48_antipolice_views_on_peak,verified,"computed 205,332; document agrees"
2026-09-12T02:34:53+00:00,196fdac4,claim,S11,C49_antipolice_max_change,verified,computed 1.03; document agrees
2026-09-12T02:34:53+00:00,196fdac4,claim,S11,C50_antipolice_days_touched,verified,"computed 3,105; document agrees"
2026-09-12T02:34:53+00:00,196fdac4,claim,S16,C51_published_basket,verified,computed 109; document agrees
2026-09-12T02:35:04+00:00,30e6d510,link,S1,https://data.cityofnewyork.us/resource/76xm-jjuj.csv,skipped,--offline
2026-09-12T02:35:04+00:00,30e6d510,link,S1b,https://data.cityofnewyork.us/resource/76xm-jjuj.csv,skipped,--offline
2026-09-12T02:35:04+00:00,30e6d510,link,S2,(none),unverifiable,no endpoint: not obtained over the network
2026-09-12T02:35:04+00:00,30e6d510,link,S3,(none),unverifiable,no endpoint: not obtained over the network
2026-09-12T02:35:04+00:00,30e6d510,link,S4,https://github.com/washingtonpost/data-police-shootings,skipped,--offline
2026-09-12T02:35:04+00:00,30e6d510,link,S5,(none),template,no endpoint: not obtained over the network
2026-09-12T02:35:04+00:00,30e6d510,link,S6,(none),template,no endpoint: not obtained over the network
2026-09-12T02:35:04+00:00,30e6d510,link,S7,https://s-media.nyc.gov/agencies/dcp/assets/files/excel/data-tools/census/acs/demo_2019_acs5yr_nta.xlsx,skipped,--offline
2026-09-12T02:35:04+00:00,30e6d510,link,S8,https://wikimedia.org/api/rest_v1/metrics/pageviews/per-article/,skipped,--offline
2026-09-12T02:35:04+00:00,30e6d510,link,S9,https://en.wikipedia.org/api/rest_v1/page/summary/,skipped,--offline
2026-09-12T02:35:04+00:00,30e6d510,link,S10,https://mappingpoliceviolence.us/s/MPVDatasetDownload.xlsx,skipped,--offline
2026-09-12T02:35:04+00:00,30e6d510,link,S11,https://api.gdeltproject.org/api/v2/doc/doc,skipped,--offline
2026-09-12T02:35:04+00:00,30e6d510,link,S11,https://api.gdeltproject.org/api/v2/tv/tv,skipped,--offline
2026-09-12T02:35:04+00:00,30e6d510,link,S11,https://wikimedia.org/api/rest_v1/metrics/pageviews/per-article/,skipped,--offline
2026-09-12T02:35:04+00:00,30e6d510,link,S12,https://trends.google.com,skipped,--offline
2026-09-12T02:35:04+00:00,30e6d510,link,S13,https://trends.google.com,skipped,--offline
2026-09-12T02:35:04+00:00,30e6d510,link,S14,https://data.cityofnewyork.us/resource/76xm-jjuj.json,skipped,--offline
2026-09-12T02:35:04+00:00,30e6d510,link,S15,https://mentalhealth.cityofnewyork.us/b-heard,skipped,--offline
2026-09-12T02:35:04+00:00,30e6d510,link,S16,https://query.wikidata.org/sparql,skipped,--offline
2026-09-12T02:35:04+00:00,30e6d510,link,S17,https://en.wikipedia.org/w/api.php,skipped,--offline
2026-09-12T02:35:04+00:00,30e6d510,link,S18,https://en.wikipedia.org/w/api.php,skipped,--offline
2026-09-12T02:35:04+00:00,30e6d510,link,S18,https://wikimedia.org/api/rest_v1/metrics/pageviews/per-article/,skipped,--offline
2026-09-12T02:35:04+00:00,30e6d510,artifact,S1,data/processed/ems_cd_day_calltype.parquet,verified,"sha256 6247a7239559f930, 4,876,509 rows, 2014-12-01..2024-12-31; not registered in data_sources.csv"
2026-09-12T02:35:04+00:00,30e6d510,artifact,S1,data/processed/ems_citywide_day_trends.parquet,verified,"sha256 33c8850350f90ab3, 39,037 rows, 2005-01-01..2026-06-30; not registered in data_sources.csv"
2026-09-12T02:35:04+00:00,30e6d510,artifact,S1b,data/processed/ems_cd_day_calltype.parquet,verified,"sha256 6247a7239559f930, 4,876,509 rows, 2014-12-01..2024-12-31; matches the provenance register"
2026-09-12T02:35:04+00:00,30e6d510,artifact,S2,data/raw/211118_tweet_count_name_date.csv,unverifiable,"artifact absent, and the source is unverifiable"
2026-09-12T02:35:04+00:00,30e6d510,artifact,S3,data/raw/220126_final_daily_tweet_count.csv,unverifiable,"artifact absent, and the source is unverifiable"
2026-09-12T02:35:04+00:00,30e6d510,artifact,S4,data/raw/fatalpoliceshootingsCLEANED.csv,unverifiable,"artifact absent, and the source is retired"
2026-09-12T02:35:04+00:00,30e6d510,artifact,S5,data/raw/sf1_dp_cd_demoprofile.xlsx,verified,"sha256 20459df2681c751b, unreadable: UnicodeDecodeError; not registered in data_sources.csv"
2026-09-12T02:35:04+00:00,30e6d510,artifact,S6,data/reference/victim_curation_table.csv,verified,"sha256 75e6bea4243eebe7, 101 rows, 2013-05-24..2020-10-20; not registered in data_sources.csv"
2026-09-12T02:35:04+00:00,30e6d510,artifact,S7,data/reference/acs_2019_cd_demographics.csv,verified,"sha256 210ec18a067b7f5d, 59 rows; register holds a payload hash only"
2026-09-12T02:35:04+00:00,30e6d510,artifact,S8,data/reference/wikipedia_pageviews_victims.csv,verified,"sha256 e1e88d7d93c69631, 25,211 rows, 2017-01-01..2020-12-31; provenance register is stale and cannot be refreshed — accepted 2026-09-10: Neither registered hash matches this file, and it cannot be re-registered by re-running its fetch: 09_fetch_public_data.py selects this basket from the retired Twitter per-victim file (S2), which is not in the repository and cannot be reconstructed. The bytes ac"
2026-09-12T02:35:04+00:00,30e6d510,artifact,S9,data/reference/wikipedia_article_resolution.csv,verified,"sha256 8e488fc8819956be, 109 rows; not registered in data_sources.csv"
2026-09-12T02:35:04+00:00,30e6d510,artifact,S10,data/reference/victim_registry.csv,verified,"sha256 13f3fbcfe5298589, 13,241 rows, 2013-01-01..2024-12-31; register holds a payload hash only"
2026-09-12T02:35:04+00:00,30e6d510,artifact,S11,data/reference/cai_components_daily.csv,verified,"sha256 f747bc27b7beada3, 9,232 rows, 2015-01-01..2024-12-31; matches the provenance register"
2026-09-12T02:35:04+00:00,30e6d510,artifact,S11,data/reference/wiki_ext_basket_used.csv,verified,"sha256 97140b683f5a6506, 109 rows; not registered in data_sources.csv"
2026-09-12T02:35:04+00:00,30e6d510,artifact,S11,data/reference/wiki_ext_aggregation_diagnostic.csv,verified,"sha256 2d37c4ad5d1c0c3d, 3,472 rows, 2015-07-01..2024-12-31; not registered in data_sources.csv"
2026-09-12T02:35:04+00:00,30e6d510,artifact,S12,data/reference/cai_trends_daily.csv,verified,"sha256 f18c11eb209350bd, 7,306 rows, 2015-01-01..2024-12-31; matches the provenance register"
2026-09-12T02:35:04+00:00,30e6d510,artifact,S12,data/reference/cai_trends_stitch_diagnostics.csv,verified,"sha256 a79bdc97be843bd6, 58 rows; not registered in data_sources.csv"
2026-09-12T02:35:04+00:00,30e6d510,artifact,S13,data/reference/cai_trends_anchored.csv,unverifiable,"artifact absent, and the source is retired"
2026-09-12T02:35:04+00:00,30e6d510,artifact,S14,data/reference/precinct_cd_crosswalk.csv,verified,"sha256 4c519dc6e115d562, 131 rows; matches the provenance register"
2026-09-12T02:35:04+00:00,30e6d510,artifact,S15,data/reference/bheard_precinct_adoption.csv,verified,"sha256 b7627d01221e5159, 31 rows; matches the provenance register"
2026-09-12T02:35:04+00:00,30e6d510,artifact,S15,data/reference/bheard_cd_exposure.csv,verified,"sha256 c387a640fc425626, 74 rows; not registered in data_sources.csv"
2026-09-12T02:35:04+00:00,30e6d510,artifact,S16,data/reference/basket_decisions.csv,verified,"sha256 cabfa4ca663e133c, 174 rows, 1958-04-25..2026-07-07; not registered in data_sources.csv"
2026-09-12T02:35:04+00:00,30e6d510,artifact,S17,data/reference/article_title_map.csv,verified,"sha256 b1be98f09b916a90, 530 rows; matches the provenance register"
2026-09-12T02:35:04+00:00,30e6d510,artifact,S17,outputs/tables/rename_recovery.csv,verified,"sha256 bdacd2e6adb24ce9, 127 rows; not registered in data_sources.csv"
2026-09-12T02:35:04+00:00,30e6d510,artifact,S18,data/reference/wiki_nyc_articles.csv,verified,"sha256 abb0d075af0e382f, 501 rows; not registered in data_sources.csv"
2026-09-12T02:35:04+00:00,30e6d510,artifact,S18,data/reference/wiki_nyc_daily.csv,verified,"sha256 1ebfe7c1bcd158d2, 6,944 rows, 2015-07-01..2024-12-31; matches the provenance register"
2026-09-12T02:35:04+00:00,30e6d510,artifact,S18,data/reference/wiki_nyc_per_article.csv,verified,"sha256 a82130d42a41569e, 52,080 rows, 2015-07-01..2024-12-31; not registered in data_sources.csv"
2026-09-12T02:35:04+00:00,30e6d510,claim,S1,C01_ems_source_rows,verified,"computed 29,978,154; document agrees"
2026-09-12T02:35:04+00:00,30e6d510,claim,S10,C02_registry_rows,verified,"computed 13,241; document agrees"
2026-09-12T02:35:04+00:00,30e6d510,claim,S11,C03_wiki_start,verified,computed 2015-07-01; document agrees
2026-09-12T02:35:04+00:00,30e6d510,claim,S16,C04_basket_articles,verified,computed 120; document agrees
2026-09-12T02:35:04+00:00,30e6d510,claim,S16,C05_basket_people,verified,computed 119; document agrees
2026-09-12T02:35:04+00:00,30e6d510,claim,S16,C06_basket_after_2020,verified,computed 27; document agrees
2026-09-12T02:35:04+00:00,30e6d510,claim,S11,C07_scored_days,verified,"computed 3,472; document agrees"
2026-09-12T02:35:04+00:00,30e6d510,claim,S11,C08_cai_ref_mean,verified,computed 0.000000; document agrees
2026-09-12T02:35:04+00:00,30e6d510,claim,S11,C09_cai_ref_sd,verified,computed 1.000000; document agrees
2026-09-12T02:35:04+00:00,30e6d510,claim,S1,C10_panel_rows,verified,"computed 89,857; document agrees"
2026-09-12T02:35:04+00:00,30e6d510,claim,S1,C11_panel_districts,verified,computed 59; document agrees
2026-09-12T02:35:04+00:00,30e6d510,claim,S1,C12_mean_edp_share,verified,computed 0.0856; document agrees
2026-09-12T02:35:04+00:00,30e6d510,claim,S1,C13_mean_total_calls,verified,computed 65.9; document agrees
2026-09-12T02:35:04+00:00,30e6d510,claim,S12,C14_trends_nyc_zero_all,verified,computed 42.6%; document agrees
2026-09-12T02:35:04+00:00,30e6d510,claim,S12,C15_trends_nyc_zero_2020,verified,computed 26%; document agrees
2026-09-12T02:35:04+00:00,30e6d510,claim,S12,C16_trends_nyc_zero_2024,verified,computed 71%; document agrees
2026-09-12T02:35:04+00:00,30e6d510,claim,S17,C17_rename_views_recovered,verified,"computed 79,439,814; document agrees"
2026-09-12T02:35:04+00:00,30e6d510,claim,S17,C18_rename_articles,verified,computed 112; document agrees
2026-09-12T02:35:04+00:00,30e6d510,claim,S17,C19_rename_articles_total,verified,computed 116; document agrees
2026-09-12T02:35:04+00:00,30e6d510,claim,S11,C20_episodes_frozen,verified,computed 70; document agrees
2026-09-12T02:35:04+00:00,30e6d510,claim,S11,C21_episodes_rebuilt,verified,computed 74; document agrees
2026-09-12T02:35:04+00:00,30e6d510,claim,S11,C22_episode_max_days,verified,computed 14; document agrees
2026-09-12T02:35:04+00:00,30e6d510,claim,S11,C23_basket_usable,verified,computed 107; document agrees
2026-09-12T02:35:04+00:00,30e6d510,claim,S15,C24_bheard_precincts,verified,computed 31; document agrees
2026-09-12T02:35:04+00:00,30e6d510,claim,S15,C25_bheard_low_conf,verified,computed 17; document agrees
2026-09-12T02:35:04+00:00,30e6d510,claim,-,C26_suite_checks,verified,computed 59; document agrees
2026-09-12T02:35:04+00:00,30e6d510,claim,-,C28_audit_checks,verified,computed 42; document agrees
2026-09-12T02:35:04+00:00,30e6d510,claim,-,C29_audit_flags,verified,computed 2; document agrees
2026-09-12T02:35:04+00:00,30e6d510,claim,-,C30_sources_registered,verified,computed 19; document agrees
2026-09-12T02:35:04+00:00,30e6d510,claim,S17,C31_start_lag_max,verified,computed 3; document agrees
2026-09-12T02:35:04+00:00,30e6d510,claim,S17,C32_start_lag_articles,verified,computed 107; document agrees
2026-09-12T02:35:04+00:00,30e6d510,claim,S17,C33_titles_dated,verified,computed 530; document agrees
2026-09-12T02:35:04+00:00,30e6d510,claim,S18,C37_national_corr,verified,computed 0.9695; document agrees
2026-09-12T02:35:04+00:00,30e6d510,claim,S18,C34_nyc_corr_ext,verified,computed 0.54; document agrees
2026-09-12T02:35:04+00:00,30e6d510,claim,S18,C35_nyc_corr_us,verified,computed 0.62; document agrees
2026-09-12T02:35:04+00:00,30e6d510,claim,S18,C36_nyc_articles,verified,computed 11; document agrees
2026-09-12T02:35:04+00:00,30e6d510,claim,S18,C38_nyc_overlap,verified,computed 59%; document agrees
2026-09-12T02:35:04+00:00,30e6d510,claim,S18,C40_nyc_garner,verified,computed 53%; document agrees
2026-09-12T02:35:04+00:00,30e6d510,claim,S18,C41_nyc_disjoint,verified,computed 8; document agrees
2026-09-12T02:35:04+00:00,30e6d510,claim,S18,C42_nyc_r2,verified,computed 0.454; document agrees
2026-09-12T02:35:04+00:00,30e6d510,claim,S18,C43_nyc_resid,verified,computed 6; document agrees
2026-09-12T02:35:04+00:00,30e6d510,claim,S18,C44_national_corr,verified,computed 0.9695; document agrees
2026-09-12T02:35:04+00:00,30e6d510,claim,S18,C45_nyc_disjoint_year,verified,computed 2012; document agrees
2026-09-12T02:35:04+00:00,30e6d510,claim,S11,C46_antipolice_peak_published,verified,computed 12.5693; document agrees
2026-09-12T02:35:04+00:00,30e6d510,claim,S11,C47_antipolice_peak_counterfactual,verified,computed 13.1356; document agrees
2026-09-12T02:35:04+00:00,30e6d510,claim,S11,C48_antipolice_views_on_peak,verified,"computed 205,332; document agrees"
2026-09-12T02:35:04+00:00,30e6d510,claim,S11,C49_antipolice_max_change,verified,computed 1.03; document agrees
2026-09-12T02:35:04+00:00,30e6d510,claim,S11,C50_antipolice_days_touched,verified,"computed 3,105; document agrees"
2026-09-12T02:35:04+00:00,30e6d510,claim,S16,C51_published_basket,verified,computed 109; document agrees
2026-09-12T02:52:42+00:00,7c387368,link,S1,https://data.cityofnewyork.us/resource/76xm-jjuj.csv,skipped,--offline
2026-09-12T02:52:42+00:00,7c387368,link,S1b,https://data.cityofnewyork.us/resource/76xm-jjuj.csv,skipped,--offline
2026-09-12T02:52:42+00:00,7c387368,link,S2,(none),unverifiable,no endpoint: not obtained over the network
2026-09-12T02:52:42+00:00,7c387368,link,S3,(none),unverifiable,no endpoint: not obtained over the network
2026-09-12T02:52:42+00:00,7c387368,link,S4,https://github.com/washingtonpost/data-police-shootings,skipped,--offline
2026-09-12T02:52:42+00:00,7c387368,link,S5,(none),template,no endpoint: not obtained over the network
2026-09-12T02:52:42+00:00,7c387368,link,S6,(none),template,no endpoint: not obtained over the network
2026-09-12T02:52:42+00:00,7c387368,link,S7,https://s-media.nyc.gov/agencies/dcp/assets/files/excel/data-tools/census/acs/demo_2019_acs5yr_nta.xlsx,skipped,--offline
2026-09-12T02:52:42+00:00,7c387368,link,S8,https://wikimedia.org/api/rest_v1/metrics/pageviews/per-article/,skipped,--offline
2026-09-12T02:52:42+00:00,7c387368,link,S9,https://en.wikipedia.org/api/rest_v1/page/summary/,skipped,--offline
2026-09-12T02:52:42+00:00,7c387368,link,S10,https://mappingpoliceviolence.us/s/MPVDatasetDownload.xlsx,skipped,--offline
2026-09-12T02:52:42+00:00,7c387368,link,S11,https://api.gdeltproject.org/api/v2/doc/doc,skipped,--offline
2026-09-12T02:52:42+00:00,7c387368,link,S11,https://api.gdeltproject.org/api/v2/tv/tv,skipped,--offline
2026-09-12T02:52:42+00:00,7c387368,link,S11,https://wikimedia.org/api/rest_v1/metrics/pageviews/per-article/,skipped,--offline
2026-09-12T02:52:42+00:00,7c387368,link,S12,https://trends.google.com,skipped,--offline
2026-09-12T02:52:42+00:00,7c387368,link,S13,https://trends.google.com,skipped,--offline
2026-09-12T02:52:42+00:00,7c387368,link,S14,https://data.cityofnewyork.us/resource/76xm-jjuj.json,skipped,--offline
2026-09-12T02:52:42+00:00,7c387368,link,S15,https://mentalhealth.cityofnewyork.us/b-heard,skipped,--offline
2026-09-12T02:52:42+00:00,7c387368,link,S16,https://query.wikidata.org/sparql,skipped,--offline
2026-09-12T02:52:42+00:00,7c387368,link,S17,https://en.wikipedia.org/w/api.php,skipped,--offline
2026-09-12T02:52:42+00:00,7c387368,link,S18,https://en.wikipedia.org/w/api.php,skipped,--offline
2026-09-12T02:52:42+00:00,7c387368,link,S18,https://wikimedia.org/api/rest_v1/metrics/pageviews/per-article/,skipped,--offline
2026-09-12T02:52:42+00:00,7c387368,artifact,S1,data/processed/ems_cd_day_calltype.parquet,verified,"sha256 6247a7239559f930, 4,876,509 rows, 2014-12-01..2024-12-31; not registered in data_sources.csv"
2026-09-12T02:52:42+00:00,7c387368,artifact,S1,data/processed/ems_citywide_day_trends.parquet,verified,"sha256 33c8850350f90ab3, 39,037 rows, 2005-01-01..2026-06-30; not registered in data_sources.csv"
2026-09-12T02:52:42+00:00,7c387368,artifact,S1b,data/processed/ems_cd_day_calltype.parquet,verified,"sha256 6247a7239559f930, 4,876,509 rows, 2014-12-01..2024-12-31; matches the provenance register"
2026-09-12T02:52:42+00:00,7c387368,artifact,S2,data/raw/211118_tweet_count_name_date.csv,unverifiable,"artifact absent, and the source is unverifiable"
2026-09-12T02:52:42+00:00,7c387368,artifact,S3,data/raw/220126_final_daily_tweet_count.csv,unverifiable,"artifact absent, and the source is unverifiable"
2026-09-12T02:52:42+00:00,7c387368,artifact,S4,data/raw/fatalpoliceshootingsCLEANED.csv,unverifiable,"artifact absent, and the source is retired"
2026-09-12T02:52:42+00:00,7c387368,artifact,S5,data/raw/sf1_dp_cd_demoprofile.xlsx,verified,"sha256 20459df2681c751b, unreadable: UnicodeDecodeError; not registered in data_sources.csv"
2026-09-12T02:52:42+00:00,7c387368,artifact,S6,data/reference/victim_curation_table.csv,verified,"sha256 75e6bea4243eebe7, 101 rows, 2013-05-24..2020-10-20; not registered in data_sources.csv"
2026-09-12T02:52:42+00:00,7c387368,artifact,S7,data/reference/acs_2019_cd_demographics.csv,verified,"sha256 210ec18a067b7f5d, 59 rows; register holds a payload hash only"
2026-09-12T02:52:42+00:00,7c387368,artifact,S8,data/reference/wikipedia_pageviews_victims.csv,verified,"sha256 e1e88d7d93c69631, 25,211 rows, 2017-01-01..2020-12-31; provenance register is stale and cannot be refreshed — accepted 2026-09-10: Neither registered hash matches this file, and it cannot be re-registered by re-running its fetch: 09_fetch_public_data.py selects this basket from the retired Twitter per-victim file (S2), which is not in the repository and cannot be reconstructed. The bytes ac"
2026-09-12T02:52:42+00:00,7c387368,artifact,S9,data/reference/wikipedia_article_resolution.csv,verified,"sha256 8e488fc8819956be, 109 rows; not registered in data_sources.csv"
2026-09-12T02:52:42+00:00,7c387368,artifact,S10,data/reference/victim_registry.csv,verified,"sha256 13f3fbcfe5298589, 13,241 rows, 2013-01-01..2024-12-31; register holds a payload hash only"
2026-09-12T02:52:42+00:00,7c387368,artifact,S11,data/reference/cai_components_daily.csv,verified,"sha256 f747bc27b7beada3, 9,232 rows, 2015-01-01..2024-12-31; matches the provenance register"
2026-09-12T02:52:42+00:00,7c387368,artifact,S11,data/reference/wiki_ext_basket_used.csv,verified,"sha256 97140b683f5a6506, 109 rows; not registered in data_sources.csv"
2026-09-12T02:52:42+00:00,7c387368,artifact,S11,data/reference/wiki_ext_aggregation_diagnostic.csv,verified,"sha256 2d37c4ad5d1c0c3d, 3,472 rows, 2015-07-01..2024-12-31; not registered in data_sources.csv"
2026-09-12T02:52:42+00:00,7c387368,artifact,S12,data/reference/cai_trends_daily.csv,verified,"sha256 f18c11eb209350bd, 7,306 rows, 2015-01-01..2024-12-31; matches the provenance register"
2026-09-12T02:52:42+00:00,7c387368,artifact,S12,data/reference/cai_trends_stitch_diagnostics.csv,verified,"sha256 a79bdc97be843bd6, 58 rows; not registered in data_sources.csv"
2026-09-12T02:52:42+00:00,7c387368,artifact,S13,data/reference/cai_trends_anchored.csv,unverifiable,"artifact absent, and the source is retired"
2026-09-12T02:52:42+00:00,7c387368,artifact,S14,data/reference/precinct_cd_crosswalk.csv,verified,"sha256 4c519dc6e115d562, 131 rows; matches the provenance register"
2026-09-12T02:52:42+00:00,7c387368,artifact,S15,data/reference/bheard_precinct_adoption.csv,verified,"sha256 b7627d01221e5159, 31 rows; matches the provenance register"
2026-09-12T02:52:42+00:00,7c387368,artifact,S15,data/reference/bheard_cd_exposure.csv,verified,"sha256 c387a640fc425626, 74 rows; not registered in data_sources.csv"
2026-09-12T02:52:42+00:00,7c387368,artifact,S16,data/reference/basket_decisions.csv,verified,"sha256 cabfa4ca663e133c, 174 rows, 1958-04-25..2026-07-07; not registered in data_sources.csv"
2026-09-12T02:52:42+00:00,7c387368,artifact,S17,data/reference/article_title_map.csv,verified,"sha256 b1be98f09b916a90, 530 rows; matches the provenance register"
2026-09-12T02:52:42+00:00,7c387368,artifact,S17,outputs/tables/rename_recovery.csv,verified,"sha256 bdacd2e6adb24ce9, 127 rows; not registered in data_sources.csv"
2026-09-12T02:52:42+00:00,7c387368,artifact,S18,data/reference/wiki_nyc_articles.csv,verified,"sha256 a50359145a74a954, 543 rows; not registered in data_sources.csv"
2026-09-12T02:52:42+00:00,7c387368,artifact,S18,data/reference/wiki_nyc_daily.csv,verified,"sha256 66321420e2ed9675, 6,944 rows, 2015-07-01..2024-12-31; matches the provenance register"
2026-09-12T02:52:42+00:00,7c387368,artifact,S18,data/reference/wiki_nyc_per_article.csv,verified,"sha256 5b8fffc41defa7b1, 55,552 rows, 2015-07-01..2024-12-31; not registered in data_sources.csv"
2026-09-12T02:52:42+00:00,7c387368,claim,S1,C01_ems_source_rows,verified,"computed 29,978,154; document agrees"
2026-09-12T02:52:42+00:00,7c387368,claim,S10,C02_registry_rows,verified,"computed 13,241; document agrees"
2026-09-12T02:52:42+00:00,7c387368,claim,S11,C03_wiki_start,verified,computed 2015-07-01; document agrees
2026-09-12T02:52:42+00:00,7c387368,claim,S16,C04_basket_articles,verified,computed 120; document agrees
2026-09-12T02:52:42+00:00,7c387368,claim,S16,C05_basket_people,verified,computed 119; document agrees
2026-09-12T02:52:42+00:00,7c387368,claim,S16,C06_basket_after_2020,verified,computed 27; document agrees
2026-09-12T02:52:42+00:00,7c387368,claim,S11,C07_scored_days,verified,"computed 3,472; document agrees"
2026-09-12T02:52:42+00:00,7c387368,claim,S11,C08_cai_ref_mean,verified,computed 0.000000; document agrees
2026-09-12T02:52:42+00:00,7c387368,claim,S11,C09_cai_ref_sd,verified,computed 1.000000; document agrees
2026-09-12T02:52:42+00:00,7c387368,claim,S1,C10_panel_rows,verified,"computed 89,857; document agrees"
2026-09-12T02:52:42+00:00,7c387368,claim,S1,C11_panel_districts,verified,computed 59; document agrees
2026-09-12T02:52:42+00:00,7c387368,claim,S1,C12_mean_edp_share,verified,computed 0.0856; document agrees
2026-09-12T02:52:42+00:00,7c387368,claim,S1,C13_mean_total_calls,verified,computed 65.9; document agrees
2026-09-12T02:52:42+00:00,7c387368,claim,S12,C14_trends_nyc_zero_all,verified,computed 42.6%; document agrees
2026-09-12T02:52:42+00:00,7c387368,claim,S12,C15_trends_nyc_zero_2020,verified,computed 26%; document agrees
2026-09-12T02:52:42+00:00,7c387368,claim,S12,C16_trends_nyc_zero_2024,verified,computed 71%; document agrees
2026-09-12T02:52:42+00:00,7c387368,claim,S17,C17_rename_views_recovered,verified,"computed 79,439,814; document agrees"
2026-09-12T02:52:42+00:00,7c387368,claim,S17,C18_rename_articles,verified,computed 112; document agrees
2026-09-12T02:52:42+00:00,7c387368,claim,S17,C19_rename_articles_total,verified,computed 116; document agrees
2026-09-12T02:52:42+00:00,7c387368,claim,S11,C20_episodes_frozen,verified,computed 70; document agrees
2026-09-12T02:52:42+00:00,7c387368,claim,S11,C21_episodes_rebuilt,verified,computed 74; document agrees
2026-09-12T02:52:42+00:00,7c387368,claim,S11,C22_episode_max_days,verified,computed 14; document agrees
2026-09-12T02:52:42+00:00,7c387368,claim,S11,C23_basket_usable,verified,computed 107; document agrees
2026-09-12T02:52:42+00:00,7c387368,claim,S15,C24_bheard_precincts,verified,computed 31; document agrees
2026-09-12T02:52:42+00:00,7c387368,claim,S15,C25_bheard_low_conf,verified,computed 17; document agrees
2026-09-12T02:52:42+00:00,7c387368,claim,-,C26_suite_checks,verified,computed 59; document agrees
2026-09-12T02:52:42+00:00,7c387368,claim,-,C28_audit_checks,verified,computed 42; document agrees
2026-09-12T02:52:42+00:00,7c387368,claim,-,C29_audit_flags,verified,computed 2; document agrees
2026-09-12T02:52:42+00:00,7c387368,claim,-,C30_sources_registered,verified,computed 19; document agrees
2026-09-12T02:52:42+00:00,7c387368,claim,S17,C31_start_lag_max,verified,computed 3; document agrees
2026-09-12T02:52:42+00:00,7c387368,claim,S17,C32_start_lag_articles,verified,computed 107; document agrees
2026-09-12T02:52:42+00:00,7c387368,claim,S17,C33_titles_dated,verified,computed 530; document agrees
2026-09-12T02:52:42+00:00,7c387368,claim,S18,C37_national_corr,verified,computed 0.9695; document agrees
2026-09-12T02:52:42+00:00,7c387368,claim,S18,C34_nyc_corr_ext,verified,computed 0.54; document agrees
2026-09-12T02:52:42+00:00,7c387368,claim,S18,C35_nyc_corr_us,verified,computed 0.62; document agrees
2026-09-12T02:52:42+00:00,7c387368,claim,S18,C36_nyc_articles,verified,computed 11; document agrees
2026-09-12T02:52:42+00:00,7c387368,claim,S18,C38_nyc_overlap,verified,computed 59%; document agrees
2026-09-12T02:52:42+00:00,7c387368,claim,S18,C40_nyc_garner,verified,computed 53%; document agrees
2026-09-12T02:52:42+00:00,7c387368,claim,S18,C41_nyc_disjoint,verified,computed 8; document agrees
2026-09-12T02:52:42+00:00,7c387368,claim,S18,C42_nyc_r2,verified,computed 0.454; document agrees
2026-09-12T02:52:42+00:00,7c387368,claim,S18,C43_nyc_resid,verified,computed 6; document agrees
2026-09-12T02:52:42+00:00,7c387368,claim,S18,C44_national_corr,verified,computed 0.9695; document agrees
2026-09-12T02:52:42+00:00,7c387368,claim,S18,C45_nyc_disjoint_year,verified,computed 2012; document agrees
2026-09-12T02:52:42+00:00,7c387368,claim,S11,C46_antipolice_peak_published,verified,computed 12.5693; document agrees
2026-09-12T02:52:42+00:00,7c387368,claim,S11,C47_antipolice_peak_counterfactual,verified,computed 13.1356; document agrees
2026-09-12T02:52:42+00:00,7c387368,claim,S11,C48_antipolice_views_on_peak,verified,"computed 205,332; document agrees"
2026-09-12T02:52:42+00:00,7c387368,claim,S11,C49_antipolice_max_change,verified,computed 1.03; document agrees
2026-09-12T02:52:42+00:00,7c387368,claim,S11,C50_antipolice_days_touched,verified,"computed 3,105; document agrees"
2026-09-12T02:52:42+00:00,7c387368,claim,S16,C51_published_basket,verified,computed 109; document agrees
2026-09-12T02:53:16+00:00,4f6d4a28,claim,S1,C01_ems_source_rows,verified,"computed 29,978,154; document agrees"
2026-09-12T02:53:16+00:00,4f6d4a28,claim,S10,C02_registry_rows,verified,"computed 13,241; document agrees"
2026-09-12T02:53:16+00:00,4f6d4a28,claim,S11,C03_wiki_start,verified,computed 2015-07-01; document agrees
2026-09-12T02:53:16+00:00,4f6d4a28,claim,S16,C04_basket_articles,verified,computed 120; document agrees
2026-09-12T02:53:16+00:00,4f6d4a28,claim,S16,C05_basket_people,verified,computed 119; document agrees
2026-09-12T02:53:16+00:00,4f6d4a28,claim,S16,C06_basket_after_2020,verified,computed 27; document agrees
2026-09-12T02:53:16+00:00,4f6d4a28,claim,S11,C07_scored_days,verified,"computed 3,472; document agrees"
2026-09-12T02:53:16+00:00,4f6d4a28,claim,S11,C08_cai_ref_mean,verified,computed 0.000000; document agrees
2026-09-12T02:53:16+00:00,4f6d4a28,claim,S11,C09_cai_ref_sd,verified,computed 1.000000; document agrees
2026-09-12T02:53:16+00:00,4f6d4a28,claim,S1,C10_panel_rows,verified,"computed 89,857; document agrees"
2026-09-12T02:53:16+00:00,4f6d4a28,claim,S1,C11_panel_districts,verified,computed 59; document agrees
2026-09-12T02:53:16+00:00,4f6d4a28,claim,S1,C12_mean_edp_share,verified,computed 0.0856; document agrees
2026-09-12T02:53:16+00:00,4f6d4a28,claim,S1,C13_mean_total_calls,verified,computed 65.9; document agrees
2026-09-12T02:53:16+00:00,4f6d4a28,claim,S12,C14_trends_nyc_zero_all,verified,computed 42.6%; document agrees
2026-09-12T02:53:16+00:00,4f6d4a28,claim,S12,C15_trends_nyc_zero_2020,verified,computed 26%; document agrees
2026-09-12T02:53:16+00:00,4f6d4a28,claim,S12,C16_trends_nyc_zero_2024,verified,computed 71%; document agrees
2026-09-12T02:53:16+00:00,4f6d4a28,claim,S17,C17_rename_views_recovered,verified,"computed 79,439,814; document agrees"
2026-09-12T02:53:16+00:00,4f6d4a28,claim,S17,C18_rename_articles,verified,computed 112; document agrees
2026-09-12T02:53:16+00:00,4f6d4a28,claim,S17,C19_rename_articles_total,verified,computed 116; document agrees
2026-09-12T02:53:16+00:00,4f6d4a28,claim,S11,C20_episodes_frozen,verified,computed 70; document agrees
2026-09-12T02:53:16+00:00,4f6d4a28,claim,S11,C21_episodes_rebuilt,verified,computed 74; document agrees
2026-09-12T02:53:16+00:00,4f6d4a28,claim,S11,C22_episode_max_days,verified,computed 14; document agrees
2026-09-12T02:53:16+00:00,4f6d4a28,claim,S11,C23_basket_usable,verified,computed 107; document agrees
2026-09-12T02:53:16+00:00,4f6d4a28,claim,S15,C24_bheard_precincts,verified,computed 31; document agrees
2026-09-12T02:53:16+00:00,4f6d4a28,claim,S15,C25_bheard_low_conf,verified,computed 17; document agrees
2026-09-12T02:53:16+00:00,4f6d4a28,claim,-,C26_suite_checks,verified,computed 59; document agrees
2026-09-12T02:53:16+00:00,4f6d4a28,claim,-,C28_audit_checks,verified,computed 42; document agrees
2026-09-12T02:53:16+00:00,4f6d4a28,claim,-,C29_audit_flags,verified,computed 2; document agrees
2026-09-12T02:53:16+00:00,4f6d4a28,claim,-,C30_sources_registered,verified,computed 19; document agrees
2026-09-12T02:53:16+00:00,4f6d4a28,claim,S17,C31_start_lag_max,verified,computed 3; document agrees
2026-09-12T02:53:16+00:00,4f6d4a28,claim,S17,C32_start_lag_articles,verified,computed 107; document agrees
2026-09-12T02:53:16+00:00,4f6d4a28,claim,S17,C33_titles_dated,verified,computed 530; document agrees
2026-09-12T02:53:16+00:00,4f6d4a28,claim,S18,C37_national_corr,verified,computed 0.9695; document agrees
2026-09-12T02:53:16+00:00,4f6d4a28,claim,S18,C34_nyc_corr_ext,verified,computed 0.54; document agrees
2026-09-12T02:53:16+00:00,4f6d4a28,claim,S18,C35_nyc_corr_us,verified,computed 0.62; document agrees
2026-09-12T02:53:16+00:00,4f6d4a28,claim,S18,C36_nyc_articles,verified,computed 11; document agrees
2026-09-12T02:53:16+00:00,4f6d4a28,claim,S18,C38_nyc_overlap,verified,computed 59%; document agrees
2026-09-12T02:53:16+00:00,4f6d4a28,claim,S18,C40_nyc_garner,verified,computed 53%; document agrees
2026-09-12T02:53:16+00:00,4f6d4a28,claim,S18,C41_nyc_disjoint,verified,computed 8; document agrees
2026-09-12T02:53:16+00:00,4f6d4a28,claim,S18,C42_nyc_r2,verified,computed 0.454; document agrees
2026-09-12T02:53:16+00:00,4f6d4a28,claim,S18,C43_nyc_resid,verified,computed 6; document agrees
2026-09-12T02:53:16+00:00,4f6d4a28,claim,S18,C44_national_corr,verified,computed 0.9695; document agrees
2026-09-12T02:53:16+00:00,4f6d4a28,claim,S18,C45_nyc_disjoint_year,verified,computed 2012; document agrees
2026-09-12T02:53:16+00:00,4f6d4a28,claim,S11,C46_antipolice_peak_published,verified,computed 12.5693; document agrees
2026-09-12T02:53:16+00:00,4f6d4a28,claim,S11,C47_antipolice_peak_counterfactual,verified,computed 13.1356; document agrees
2026-09-12T02:53:16+00:00,4f6d4a28,claim,S11,C48_antipolice_views_on_peak,verified,"computed 205,332; document agrees"
2026-09-12T02:53:16+00:00,4f6d4a28,claim,S11,C49_antipolice_max_change,verified,computed 1.03; document agrees
2026-09-12T02:53:16+00:00,4f6d4a28,claim,S11,C50_antipolice_days_touched,verified,"computed 3,105; document agrees"
2026-09-12T02:53:16+00:00,4f6d4a28,claim,S16,C51_published_basket,verified,computed 109; document agrees
2026-09-12T03:22:18+00:00,3833866b,claim,S1,C01_ems_source_rows,verified,"computed 29,978,154; document agrees"
2026-09-12T03:22:18+00:00,3833866b,claim,S10,C02_registry_rows,verified,"computed 13,241; document agrees"
2026-09-12T03:22:18+00:00,3833866b,claim,S11,C03_wiki_start,verified,computed 2015-07-01; document agrees
2026-09-12T03:22:18+00:00,3833866b,claim,S16,C04_basket_articles,verified,computed 120; document agrees
2026-09-12T03:22:18+00:00,3833866b,claim,S16,C05_basket_people,verified,computed 119; document agrees
2026-09-12T03:22:18+00:00,3833866b,claim,S16,C06_basket_after_2020,verified,computed 27; document agrees
2026-09-12T03:22:18+00:00,3833866b,claim,S11,C07_scored_days,verified,"computed 3,472; document agrees"
2026-09-12T03:22:18+00:00,3833866b,claim,S11,C08_cai_ref_mean,verified,computed 0.000000; document agrees
2026-09-12T03:22:18+00:00,3833866b,claim,S11,C09_cai_ref_sd,verified,computed 1.000000; document agrees
2026-09-12T03:22:18+00:00,3833866b,claim,S1,C10_panel_rows,verified,"computed 89,857; document agrees"
2026-09-12T03:22:18+00:00,3833866b,claim,S1,C11_panel_districts,verified,computed 59; document agrees
2026-09-12T03:22:18+00:00,3833866b,claim,S1,C12_mean_edp_share,verified,computed 0.0856; document agrees
2026-09-12T03:22:18+00:00,3833866b,claim,S1,C13_mean_total_calls,verified,computed 65.9; document agrees
2026-09-12T03:22:18+00:00,3833866b,claim,S12,C14_trends_nyc_zero_all,verified,computed 42.6%; document agrees
2026-09-12T03:22:18+00:00,3833866b,claim,S12,C15_trends_nyc_zero_2020,verified,computed 26%; document agrees
2026-09-12T03:22:18+00:00,3833866b,claim,S12,C16_trends_nyc_zero_2024,verified,computed 71%; document agrees
2026-09-12T03:22:18+00:00,3833866b,claim,S17,C17_rename_views_recovered,verified,"computed 79,439,814; document agrees"
2026-09-12T03:22:18+00:00,3833866b,claim,S17,C18_rename_articles,verified,computed 112; document agrees
2026-09-12T03:22:18+00:00,3833866b,claim,S17,C19_rename_articles_total,verified,computed 116; document agrees
2026-09-12T03:22:18+00:00,3833866b,claim,S11,C20_episodes_frozen,verified,computed 70; document agrees
2026-09-12T03:22:18+00:00,3833866b,claim,S11,C21_episodes_rebuilt,verified,computed 74; document agrees
2026-09-12T03:22:18+00:00,3833866b,claim,S11,C22_episode_max_days,verified,computed 14; document agrees
2026-09-12T03:22:18+00:00,3833866b,claim,S11,C23_basket_usable,verified,computed 107; document agrees
2026-09-12T03:22:18+00:00,3833866b,claim,S15,C24_bheard_precincts,verified,computed 31; document agrees
2026-09-12T03:22:18+00:00,3833866b,claim,S15,C25_bheard_low_conf,verified,computed 17; document agrees
2026-09-12T03:22:18+00:00,3833866b,claim,-,C26_suite_checks,verified,computed 60; document agrees
2026-09-12T03:22:18+00:00,3833866b,claim,-,C28_audit_checks,verified,computed 42; document agrees
2026-09-12T03:22:18+00:00,3833866b,claim,-,C29_audit_flags,verified,computed 2; document agrees
2026-09-12T03:22:18+00:00,3833866b,claim,-,C30_sources_registered,verified,computed 19; document agrees
2026-09-12T03:22:18+00:00,3833866b,claim,S17,C31_start_lag_max,verified,computed 3; document agrees
2026-09-12T03:22:18+00:00,3833866b,claim,S17,C32_start_lag_articles,verified,computed 107; document agrees
2026-09-12T03:22:18+00:00,3833866b,claim,S17,C33_titles_dated,verified,computed 530; document agrees
2026-09-12T03:22:18+00:00,3833866b,claim,S18,C37_national_corr,verified,computed 0.9695; document agrees
2026-09-12T03:22:18+00:00,3833866b,claim,S18,C34_nyc_corr_ext,verified,computed 0.54; document agrees
2026-09-12T03:22:18+00:00,3833866b,claim,S18,C35_nyc_corr_us,verified,computed 0.62; document agrees
2026-09-12T03:22:18+00:00,3833866b,claim,S18,C36_nyc_articles,verified,computed 11; document agrees
2026-09-12T03:22:18+00:00,3833866b,claim,S18,C38_nyc_overlap,verified,computed 59%; document agrees
2026-09-12T03:22:18+00:00,3833866b,claim,S18,C40_nyc_garner,verified,computed 53%; document agrees
2026-09-12T03:22:18+00:00,3833866b,claim,S18,C41_nyc_disjoint,verified,computed 8; document agrees
2026-09-12T03:22:18+00:00,3833866b,claim,S18,C42_nyc_r2,verified,computed 0.454; document agrees
2026-09-12T03:22:18+00:00,3833866b,claim,S18,C43_nyc_resid,verified,computed 6; document agrees
2026-09-12T03:22:18+00:00,3833866b,claim,S18,C44_national_corr,verified,computed 0.9695; document agrees
2026-09-12T03:22:18+00:00,3833866b,claim,S18,C45_nyc_disjoint_year,verified,computed 2012; document agrees
2026-09-12T03:22:18+00:00,3833866b,claim,S11,C46_antipolice_peak_published,verified,computed 12.5693; document agrees
2026-09-12T03:22:18+00:00,3833866b,claim,S11,C47_antipolice_peak_counterfactual,verified,computed 13.1356; document agrees
2026-09-12T03:22:18+00:00,3833866b,claim,S11,C48_antipolice_views_on_peak,verified,"computed 205,332; document agrees"
2026-09-12T03:22:18+00:00,3833866b,claim,S11,C49_antipolice_max_change,verified,computed 1.03; document agrees
2026-09-12T03:22:18+00:00,3833866b,claim,S11,C50_antipolice_days_touched,verified,"computed 3,105; document agrees"
2026-09-12T03:22:18+00:00,3833866b,claim,S16,C51_published_basket,verified,computed 109; document agrees
2026-09-12T03:23:11+00:00,043a8257,link,S1,https://data.cityofnewyork.us/resource/76xm-jjuj.csv,skipped,--offline
2026-09-12T03:23:11+00:00,043a8257,link,S1b,https://data.cityofnewyork.us/resource/76xm-jjuj.csv,skipped,--offline
2026-09-12T03:23:11+00:00,043a8257,link,S2,(none),unverifiable,no endpoint: not obtained over the network
2026-09-12T03:23:11+00:00,043a8257,link,S3,(none),unverifiable,no endpoint: not obtained over the network
2026-09-12T03:23:11+00:00,043a8257,link,S4,https://github.com/washingtonpost/data-police-shootings,skipped,--offline
2026-09-12T03:23:11+00:00,043a8257,link,S5,(none),template,no endpoint: not obtained over the network
2026-09-12T03:23:11+00:00,043a8257,link,S6,(none),template,no endpoint: not obtained over the network
2026-09-12T03:23:11+00:00,043a8257,link,S7,https://s-media.nyc.gov/agencies/dcp/assets/files/excel/data-tools/census/acs/demo_2019_acs5yr_nta.xlsx,skipped,--offline
2026-09-12T03:23:11+00:00,043a8257,link,S8,https://wikimedia.org/api/rest_v1/metrics/pageviews/per-article/,skipped,--offline
2026-09-12T03:23:11+00:00,043a8257,link,S9,https://en.wikipedia.org/api/rest_v1/page/summary/,skipped,--offline
2026-09-12T03:23:11+00:00,043a8257,link,S10,https://mappingpoliceviolence.us/s/MPVDatasetDownload.xlsx,skipped,--offline
2026-09-12T03:23:11+00:00,043a8257,link,S11,https://api.gdeltproject.org/api/v2/doc/doc,skipped,--offline
2026-09-12T03:23:11+00:00,043a8257,link,S11,https://api.gdeltproject.org/api/v2/tv/tv,skipped,--offline
2026-09-12T03:23:11+00:00,043a8257,link,S11,https://wikimedia.org/api/rest_v1/metrics/pageviews/per-article/,skipped,--offline
2026-09-12T03:23:11+00:00,043a8257,link,S12,https://trends.google.com,skipped,--offline
2026-09-12T03:23:11+00:00,043a8257,link,S13,https://trends.google.com,skipped,--offline
2026-09-12T03:23:11+00:00,043a8257,link,S14,https://data.cityofnewyork.us/resource/76xm-jjuj.json,skipped,--offline
2026-09-12T03:23:11+00:00,043a8257,link,S15,https://mentalhealth.cityofnewyork.us/b-heard,skipped,--offline
2026-09-12T03:23:11+00:00,043a8257,link,S16,https://query.wikidata.org/sparql,skipped,--offline
2026-09-12T03:23:11+00:00,043a8257,link,S17,https://en.wikipedia.org/w/api.php,skipped,--offline
2026-09-12T03:23:11+00:00,043a8257,link,S18,https://en.wikipedia.org/w/api.php,skipped,--offline
2026-09-12T03:23:11+00:00,043a8257,link,S18,https://wikimedia.org/api/rest_v1/metrics/pageviews/per-article/,skipped,--offline
2026-09-12T03:23:11+00:00,043a8257,artifact,S1,data/processed/ems_cd_day_calltype.parquet,verified,"sha256 6247a7239559f930, 4,876,509 rows, 2014-12-01..2024-12-31; not registered in data_sources.csv"
2026-09-12T03:23:11+00:00,043a8257,artifact,S1,data/processed/ems_citywide_day_trends.parquet,verified,"sha256 33c8850350f90ab3, 39,037 rows, 2005-01-01..2026-06-30; not registered in data_sources.csv"
2026-09-12T03:23:11+00:00,043a8257,artifact,S1b,data/processed/ems_cd_day_calltype.parquet,verified,"sha256 6247a7239559f930, 4,876,509 rows, 2014-12-01..2024-12-31; matches the provenance register"
2026-09-12T03:23:11+00:00,043a8257,artifact,S2,data/raw/211118_tweet_count_name_date.csv,unverifiable,"artifact absent, and the source is unverifiable"
2026-09-12T03:23:11+00:00,043a8257,artifact,S3,data/raw/220126_final_daily_tweet_count.csv,unverifiable,"artifact absent, and the source is unverifiable"
2026-09-12T03:23:11+00:00,043a8257,artifact,S4,data/raw/fatalpoliceshootingsCLEANED.csv,unverifiable,"artifact absent, and the source is retired"
2026-09-12T03:23:11+00:00,043a8257,artifact,S5,data/raw/sf1_dp_cd_demoprofile.xlsx,verified,"sha256 20459df2681c751b, unreadable: UnicodeDecodeError; not registered in data_sources.csv"
2026-09-12T03:23:11+00:00,043a8257,artifact,S6,data/reference/victim_curation_table.csv,verified,"sha256 75e6bea4243eebe7, 101 rows, 2013-05-24..2020-10-20; not registered in data_sources.csv"
2026-09-12T03:23:11+00:00,043a8257,artifact,S7,data/reference/acs_2019_cd_demographics.csv,verified,"sha256 210ec18a067b7f5d, 59 rows; register holds a payload hash only"
2026-09-12T03:23:11+00:00,043a8257,artifact,S8,data/reference/wikipedia_pageviews_victims.csv,verified,"sha256 e1e88d7d93c69631, 25,211 rows, 2017-01-01..2020-12-31; provenance register is stale and cannot be refreshed — accepted 2026-09-10: Neither registered hash matches this file, and it cannot be re-registered by re-running its fetch: 09_fetch_public_data.py selects this basket from the retired Twitter per-victim file (S2), which is not in the repository and cannot be reconstructed. The bytes ac"
2026-09-12T03:23:11+00:00,043a8257,artifact,S9,data/reference/wikipedia_article_resolution.csv,verified,"sha256 8e488fc8819956be, 109 rows; not registered in data_sources.csv"
2026-09-12T03:23:11+00:00,043a8257,artifact,S10,data/reference/victim_registry.csv,verified,"sha256 13f3fbcfe5298589, 13,241 rows, 2013-01-01..2024-12-31; register holds a payload hash only"
2026-09-12T03:23:11+00:00,043a8257,artifact,S11,data/reference/cai_components_daily.csv,verified,"sha256 f747bc27b7beada3, 9,232 rows, 2015-01-01..2024-12-31; matches the provenance register"
2026-09-12T03:23:11+00:00,043a8257,artifact,S11,data/reference/wiki_ext_basket_used.csv,verified,"sha256 97140b683f5a6506, 109 rows; not registered in data_sources.csv"
2026-09-12T03:23:11+00:00,043a8257,artifact,S11,data/reference/wiki_ext_aggregation_diagnostic.csv,verified,"sha256 2d37c4ad5d1c0c3d, 3,472 rows, 2015-07-01..2024-12-31; not registered in data_sources.csv"
2026-09-12T03:23:11+00:00,043a8257,artifact,S12,data/reference/cai_trends_daily.csv,verified,"sha256 f18c11eb209350bd, 7,306 rows, 2015-01-01..2024-12-31; matches the provenance register"
2026-09-12T03:23:11+00:00,043a8257,artifact,S12,data/reference/cai_trends_stitch_diagnostics.csv,verified,"sha256 a79bdc97be843bd6, 58 rows; not registered in data_sources.csv"
2026-09-12T03:23:11+00:00,043a8257,artifact,S13,data/reference/cai_trends_anchored.csv,unverifiable,"artifact absent, and the source is retired"
2026-09-12T03:23:11+00:00,043a8257,artifact,S14,data/reference/precinct_cd_crosswalk.csv,verified,"sha256 4c519dc6e115d562, 131 rows; matches the provenance register"
2026-09-12T03:23:11+00:00,043a8257,artifact,S15,data/reference/bheard_precinct_adoption.csv,verified,"sha256 b7627d01221e5159, 31 rows; matches the provenance register"
2026-09-12T03:23:11+00:00,043a8257,artifact,S15,data/reference/bheard_cd_exposure.csv,verified,"sha256 c387a640fc425626, 74 rows; not registered in data_sources.csv"
2026-09-12T03:23:11+00:00,043a8257,artifact,S16,data/reference/basket_decisions.csv,verified,"sha256 cabfa4ca663e133c, 174 rows, 1958-04-25..2026-07-07; not registered in data_sources.csv"
2026-09-12T03:23:11+00:00,043a8257,artifact,S17,data/reference/article_title_map.csv,verified,"sha256 b1be98f09b916a90, 530 rows; matches the provenance register"
2026-09-12T03:23:11+00:00,043a8257,artifact,S17,outputs/tables/rename_recovery.csv,verified,"sha256 bdacd2e6adb24ce9, 127 rows; not registered in data_sources.csv"
2026-09-12T03:23:11+00:00,043a8257,artifact,S18,data/reference/wiki_nyc_articles.csv,verified,"sha256 a50359145a74a954, 543 rows; not registered in data_sources.csv"
2026-09-12T03:23:11+00:00,043a8257,artifact,S18,data/reference/wiki_nyc_daily.csv,verified,"sha256 66321420e2ed9675, 6,944 rows, 2015-07-01..2024-12-31; matches the provenance register"
2026-09-12T03:23:11+00:00,043a8257,artifact,S18,data/reference/wiki_nyc_per_article.csv,verified,"sha256 5b8fffc41defa7b1, 55,552 rows, 2015-07-01..2024-12-31; not registered in data_sources.csv"
2026-09-12T03:23:11+00:00,043a8257,claim,S1,C01_ems_source_rows,verified,"computed 29,978,154; document agrees"
2026-09-12T03:23:11+00:00,043a8257,claim,S10,C02_registry_rows,verified,"computed 13,241; document agrees"
2026-09-12T03:23:11+00:00,043a8257,claim,S11,C03_wiki_start,verified,computed 2015-07-01; document agrees
2026-09-12T03:23:11+00:00,043a8257,claim,S16,C04_basket_articles,verified,computed 120; document agrees
2026-09-12T03:23:11+00:00,043a8257,claim,S16,C05_basket_people,verified,computed 119; document agrees
2026-09-12T03:23:11+00:00,043a8257,claim,S16,C06_basket_after_2020,verified,computed 27; document agrees
2026-09-12T03:23:11+00:00,043a8257,claim,S11,C07_scored_days,verified,"computed 3,472; document agrees"
2026-09-12T03:23:11+00:00,043a8257,claim,S11,C08_cai_ref_mean,verified,computed 0.000000; document agrees
2026-09-12T03:23:11+00:00,043a8257,claim,S11,C09_cai_ref_sd,verified,computed 1.000000; document agrees
2026-09-12T03:23:11+00:00,043a8257,claim,S1,C10_panel_rows,verified,"computed 89,857; document agrees"
2026-09-12T03:23:11+00:00,043a8257,claim,S1,C11_panel_districts,verified,computed 59; document agrees
2026-09-12T03:23:11+00:00,043a8257,claim,S1,C12_mean_edp_share,verified,computed 0.0856; document agrees
2026-09-12T03:23:11+00:00,043a8257,claim,S1,C13_mean_total_calls,verified,computed 65.9; document agrees
2026-09-12T03:23:11+00:00,043a8257,claim,S12,C14_trends_nyc_zero_all,verified,computed 42.6%; document agrees
2026-09-12T03:23:11+00:00,043a8257,claim,S12,C15_trends_nyc_zero_2020,verified,computed 26%; document agrees
2026-09-12T03:23:11+00:00,043a8257,claim,S12,C16_trends_nyc_zero_2024,verified,computed 71%; document agrees
2026-09-12T03:23:11+00:00,043a8257,claim,S17,C17_rename_views_recovered,verified,"computed 79,439,814; document agrees"
2026-09-12T03:23:11+00:00,043a8257,claim,S17,C18_rename_articles,verified,computed 112; document agrees
2026-09-12T03:23:11+00:00,043a8257,claim,S17,C19_rename_articles_total,verified,computed 116; document agrees
2026-09-12T03:23:11+00:00,043a8257,claim,S11,C20_episodes_frozen,verified,computed 70; document agrees
2026-09-12T03:23:11+00:00,043a8257,claim,S11,C21_episodes_rebuilt,verified,computed 74; document agrees
2026-09-12T03:23:11+00:00,043a8257,claim,S11,C22_episode_max_days,verified,computed 14; document agrees
2026-09-12T03:23:11+00:00,043a8257,claim,S11,C23_basket_usable,verified,computed 107; document agrees
2026-09-12T03:23:11+00:00,043a8257,claim,S15,C24_bheard_precincts,verified,computed 31; document agrees
2026-09-12T03:23:11+00:00,043a8257,claim,S15,C25_bheard_low_conf,verified,computed 17; document agrees
2026-09-12T03:23:11+00:00,043a8257,claim,-,C26_suite_checks,verified,computed 60; document agrees
2026-09-12T03:23:11+00:00,043a8257,claim,-,C28_audit_checks,verified,computed 42; document agrees
2026-09-12T03:23:11+00:00,043a8257,claim,-,C29_audit_flags,verified,computed 2; document agrees
2026-09-12T03:23:11+00:00,043a8257,claim,-,C30_sources_registered,verified,computed 19; document agrees
2026-09-12T03:23:11+00:00,043a8257,claim,S17,C31_start_lag_max,verified,computed 3; document agrees
2026-09-12T03:23:11+00:00,043a8257,claim,S17,C32_start_lag_articles,verified,computed 107; document agrees
2026-09-12T03:23:11+00:00,043a8257,claim,S17,C33_titles_dated,verified,computed 530; document agrees
2026-09-12T03:23:11+00:00,043a8257,claim,S18,C37_national_corr,verified,computed 0.9695; document agrees
2026-09-12T03:23:11+00:00,043a8257,claim,S18,C34_nyc_corr_ext,verified,computed 0.54; document agrees
2026-09-12T03:23:11+00:00,043a8257,claim,S18,C35_nyc_corr_us,verified,computed 0.62; document agrees
2026-09-12T03:23:11+00:00,043a8257,claim,S18,C36_nyc_articles,verified,computed 11; document agrees
2026-09-12T03:23:11+00:00,043a8257,claim,S18,C38_nyc_overlap,verified,computed 59%; document agrees
2026-09-12T03:23:11+00:00,043a8257,claim,S18,C40_nyc_garner,verified,computed 53%; document agrees
2026-09-12T03:23:11+00:00,043a8257,claim,S18,C41_nyc_disjoint,verified,computed 8; document agrees
2026-09-12T03:23:11+00:00,043a8257,claim,S18,C42_nyc_r2,verified,computed 0.454; document agrees
2026-09-12T03:23:11+00:00,043a8257,claim,S18,C43_nyc_resid,verified,computed 6; document agrees
2026-09-12T03:23:11+00:00,043a8257,claim,S18,C44_national_corr,verified,computed 0.9695; document agrees
2026-09-12T03:23:11+00:00,043a8257,claim,S18,C45_nyc_disjoint_year,verified,computed 2012; document agrees
2026-09-12T03:23:11+00:00,043a8257,claim,S11,C46_antipolice_peak_published,verified,computed 12.5693; document agrees
2026-09-12T03:23:11+00:00,043a8257,claim,S11,C47_antipolice_peak_counterfactual,verified,computed 13.1356; document agrees
2026-09-12T03:23:11+00:00,043a8257,claim,S11,C48_antipolice_views_on_peak,verified,"computed 205,332; document agrees"
2026-09-12T03:23:11+00:00,043a8257,claim,S11,C49_antipolice_max_change,verified,computed 1.03; document agrees
2026-09-12T03:23:11+00:00,043a8257,claim,S11,C50_antipolice_days_touched,verified,"computed 3,105; document agrees"
2026-09-12T03:23:11+00:00,043a8257,claim,S16,C51_published_basket,verified,computed 109; document agrees
2026-09-12T03:31:30+00:00,65b3114b,claim,S1,C01_ems_source_rows,verified,"computed 29,978,154; document agrees"
2026-09-12T03:31:30+00:00,65b3114b,claim,S10,C02_registry_rows,verified,"computed 13,241; document agrees"
2026-09-12T03:31:30+00:00,65b3114b,claim,S11,C03_wiki_start,verified,computed 2015-07-01; document agrees
2026-09-12T03:31:30+00:00,65b3114b,claim,S16,C04_basket_articles,verified,computed 120; document agrees
2026-09-12T03:31:30+00:00,65b3114b,claim,S16,C05_basket_people,verified,computed 119; document agrees
2026-09-12T03:31:30+00:00,65b3114b,claim,S16,C06_basket_after_2020,verified,computed 27; document agrees
2026-09-12T03:31:30+00:00,65b3114b,claim,S11,C07_scored_days,verified,"computed 3,472; document agrees"
2026-09-12T03:31:30+00:00,65b3114b,claim,S11,C08_cai_ref_mean,verified,computed 0.000000; document agrees
2026-09-12T03:31:30+00:00,65b3114b,claim,S11,C09_cai_ref_sd,verified,computed 1.000000; document agrees
2026-09-12T03:31:30+00:00,65b3114b,claim,S1,C10_panel_rows,verified,"computed 89,857; document agrees"
2026-09-12T03:31:30+00:00,65b3114b,claim,S1,C11_panel_districts,verified,computed 59; document agrees
2026-09-12T03:31:30+00:00,65b3114b,claim,S1,C12_mean_edp_share,verified,computed 0.0856; document agrees
2026-09-12T03:31:30+00:00,65b3114b,claim,S1,C13_mean_total_calls,verified,computed 65.9; document agrees
2026-09-12T03:31:30+00:00,65b3114b,claim,S12,C14_trends_nyc_zero_all,verified,computed 42.6%; document agrees
2026-09-12T03:31:30+00:00,65b3114b,claim,S12,C15_trends_nyc_zero_2020,verified,computed 26%; document agrees
2026-09-12T03:31:30+00:00,65b3114b,claim,S12,C16_trends_nyc_zero_2024,verified,computed 71%; document agrees
2026-09-12T03:31:30+00:00,65b3114b,claim,S17,C17_rename_views_recovered,verified,"computed 79,439,814; document agrees"
2026-09-12T03:31:30+00:00,65b3114b,claim,S17,C18_rename_articles,verified,computed 112; document agrees
2026-09-12T03:31:30+00:00,65b3114b,claim,S17,C19_rename_articles_total,verified,computed 116; document agrees
2026-09-12T03:31:30+00:00,65b3114b,claim,S11,C20_episodes_frozen,verified,computed 70; document agrees
2026-09-12T03:31:30+00:00,65b3114b,claim,S11,C21_episodes_rebuilt,verified,computed 74; document agrees
2026-09-12T03:31:30+00:00,65b3114b,claim,S11,C22_episode_max_days,verified,computed 14; document agrees
2026-09-12T03:31:30+00:00,65b3114b,claim,S11,C23_basket_usable,verified,computed 107; document agrees
2026-09-12T03:31:30+00:00,65b3114b,claim,S15,C24_bheard_precincts,verified,computed 31; document agrees
2026-09-12T03:31:30+00:00,65b3114b,claim,S15,C25_bheard_low_conf,verified,computed 17; document agrees
2026-09-12T03:31:30+00:00,65b3114b,claim,-,C26_suite_checks,verified,computed 60; document agrees
2026-09-12T03:31:30+00:00,65b3114b,claim,-,C28_audit_checks,verified,computed 42; document agrees
2026-09-12T03:31:30+00:00,65b3114b,claim,-,C29_audit_flags,verified,computed 2; document agrees
2026-09-12T03:31:30+00:00,65b3114b,claim,-,C30_sources_registered,verified,computed 19; document agrees
2026-09-12T03:31:30+00:00,65b3114b,claim,S17,C31_start_lag_max,verified,computed 3; document agrees
2026-09-12T03:31:30+00:00,65b3114b,claim,S17,C32_start_lag_articles,verified,computed 107; document agrees
2026-09-12T03:31:30+00:00,65b3114b,claim,S17,C33_titles_dated,verified,computed 530; document agrees
2026-09-12T03:31:30+00:00,65b3114b,claim,S18,C37_national_corr,verified,computed 0.9695; document agrees
2026-09-12T03:31:30+00:00,65b3114b,claim,S18,C34_nyc_corr_ext,verified,computed 0.54; document agrees
2026-09-12T03:31:30+00:00,65b3114b,claim,S18,C35_nyc_corr_us,verified,computed 0.62; document agrees
2026-09-12T03:31:30+00:00,65b3114b,claim,S18,C36_nyc_articles,verified,computed 11; document agrees
2026-09-12T03:31:30+00:00,65b3114b,claim,S18,C38_nyc_overlap,verified,computed 59%; document agrees
2026-09-12T03:31:30+00:00,65b3114b,claim,S18,C40_nyc_garner,verified,computed 53%; document agrees
2026-09-12T03:31:30+00:00,65b3114b,claim,S18,C41_nyc_disjoint,verified,computed 8; document agrees
2026-09-12T03:31:30+00:00,65b3114b,claim,S18,C42_nyc_r2,verified,computed 0.454; document agrees
2026-09-12T03:31:30+00:00,65b3114b,claim,S18,C43_nyc_resid,verified,computed 6; document agrees
2026-09-12T03:31:30+00:00,65b3114b,claim,S18,C44_national_corr,verified,computed 0.9695; document agrees
2026-09-12T03:31:30+00:00,65b3114b,claim,S18,C45_nyc_disjoint_year,verified,computed 2012; document agrees
2026-09-12T03:31:30+00:00,65b3114b,claim,S11,C46_antipolice_peak_published,verified,computed 12.5693; document agrees
2026-09-12T03:31:30+00:00,65b3114b,claim,S11,C47_antipolice_peak_counterfactual,verified,computed 13.1356; document agrees
2026-09-12T03:31:30+00:00,65b3114b,claim,S11,C48_antipolice_views_on_peak,verified,"computed 205,332; document agrees"
2026-09-12T03:31:30+00:00,65b3114b,claim,S11,C49_antipolice_max_change,verified,computed 1.03; document agrees
2026-09-12T03:31:30+00:00,65b3114b,claim,S11,C50_antipolice_days_touched,verified,"computed 3,105; document agrees"
2026-09-12T03:31:30+00:00,65b3114b,claim,S16,C51_published_basket,verified,computed 109; document agrees
2026-09-12T03:31:30+00:00,65b3114b,claim,S11,C52_calib_rejection,verified,computed 0.05; document agrees
2026-09-12T03:31:30+00:00,65b3114b,claim,S11,C53_calib_rho,verified,computed 0.0482; document agrees
2026-09-12T03:31:30+00:00,65b3114b,claim,S11,C54_calib_ks,verified,computed 0.5617; document agrees
2026-09-12T03:33:21+00:00,c95487cd,link,S1,https://data.cityofnewyork.us/resource/76xm-jjuj.csv,skipped,--offline
2026-09-12T03:33:21+00:00,c95487cd,link,S1b,https://data.cityofnewyork.us/resource/76xm-jjuj.csv,skipped,--offline
2026-09-12T03:33:21+00:00,c95487cd,link,S2,(none),unverifiable,no endpoint: not obtained over the network
2026-09-12T03:33:21+00:00,c95487cd,link,S3,(none),unverifiable,no endpoint: not obtained over the network
2026-09-12T03:33:21+00:00,c95487cd,link,S4,https://github.com/washingtonpost/data-police-shootings,skipped,--offline
2026-09-12T03:33:21+00:00,c95487cd,link,S5,(none),template,no endpoint: not obtained over the network
2026-09-12T03:33:21+00:00,c95487cd,link,S6,(none),template,no endpoint: not obtained over the network
2026-09-12T03:33:21+00:00,c95487cd,link,S7,https://s-media.nyc.gov/agencies/dcp/assets/files/excel/data-tools/census/acs/demo_2019_acs5yr_nta.xlsx,skipped,--offline
2026-09-12T03:33:21+00:00,c95487cd,link,S8,https://wikimedia.org/api/rest_v1/metrics/pageviews/per-article/,skipped,--offline
2026-09-12T03:33:21+00:00,c95487cd,link,S9,https://en.wikipedia.org/api/rest_v1/page/summary/,skipped,--offline
2026-09-12T03:33:21+00:00,c95487cd,link,S10,https://mappingpoliceviolence.us/s/MPVDatasetDownload.xlsx,skipped,--offline
2026-09-12T03:33:21+00:00,c95487cd,link,S11,https://api.gdeltproject.org/api/v2/doc/doc,skipped,--offline
2026-09-12T03:33:21+00:00,c95487cd,link,S11,https://api.gdeltproject.org/api/v2/tv/tv,skipped,--offline
2026-09-12T03:33:21+00:00,c95487cd,link,S11,https://wikimedia.org/api/rest_v1/metrics/pageviews/per-article/,skipped,--offline
2026-09-12T03:33:21+00:00,c95487cd,link,S12,https://trends.google.com,skipped,--offline
2026-09-12T03:33:21+00:00,c95487cd,link,S13,https://trends.google.com,skipped,--offline
2026-09-12T03:33:21+00:00,c95487cd,link,S14,https://data.cityofnewyork.us/resource/76xm-jjuj.json,skipped,--offline
2026-09-12T03:33:21+00:00,c95487cd,link,S15,https://mentalhealth.cityofnewyork.us/b-heard,skipped,--offline
2026-09-12T03:33:21+00:00,c95487cd,link,S16,https://query.wikidata.org/sparql,skipped,--offline
2026-09-12T03:33:21+00:00,c95487cd,link,S17,https://en.wikipedia.org/w/api.php,skipped,--offline
2026-09-12T03:33:21+00:00,c95487cd,link,S18,https://en.wikipedia.org/w/api.php,skipped,--offline
2026-09-12T03:33:21+00:00,c95487cd,link,S18,https://wikimedia.org/api/rest_v1/metrics/pageviews/per-article/,skipped,--offline
2026-09-12T03:33:21+00:00,c95487cd,artifact,S1,data/processed/ems_cd_day_calltype.parquet,verified,"sha256 6247a7239559f930, 4,876,509 rows, 2014-12-01..2024-12-31; not registered in data_sources.csv"
2026-09-12T03:33:21+00:00,c95487cd,artifact,S1,data/processed/ems_citywide_day_trends.parquet,verified,"sha256 33c8850350f90ab3, 39,037 rows, 2005-01-01..2026-06-30; not registered in data_sources.csv"
2026-09-12T03:33:21+00:00,c95487cd,artifact,S1b,data/processed/ems_cd_day_calltype.parquet,verified,"sha256 6247a7239559f930, 4,876,509 rows, 2014-12-01..2024-12-31; matches the provenance register"
2026-09-12T03:33:21+00:00,c95487cd,artifact,S2,data/raw/211118_tweet_count_name_date.csv,unverifiable,"artifact absent, and the source is unverifiable"
2026-09-12T03:33:21+00:00,c95487cd,artifact,S3,data/raw/220126_final_daily_tweet_count.csv,unverifiable,"artifact absent, and the source is unverifiable"
2026-09-12T03:33:21+00:00,c95487cd,artifact,S4,data/raw/fatalpoliceshootingsCLEANED.csv,unverifiable,"artifact absent, and the source is retired"
2026-09-12T03:33:21+00:00,c95487cd,artifact,S5,data/raw/sf1_dp_cd_demoprofile.xlsx,verified,"sha256 20459df2681c751b, unreadable: UnicodeDecodeError; not registered in data_sources.csv"
2026-09-12T03:33:21+00:00,c95487cd,artifact,S6,data/reference/victim_curation_table.csv,verified,"sha256 75e6bea4243eebe7, 101 rows, 2013-05-24..2020-10-20; not registered in data_sources.csv"
2026-09-12T03:33:21+00:00,c95487cd,artifact,S7,data/reference/acs_2019_cd_demographics.csv,verified,"sha256 210ec18a067b7f5d, 59 rows; register holds a payload hash only"
2026-09-12T03:33:21+00:00,c95487cd,artifact,S8,data/reference/wikipedia_pageviews_victims.csv,verified,"sha256 e1e88d7d93c69631, 25,211 rows, 2017-01-01..2020-12-31; provenance register is stale and cannot be refreshed — accepted 2026-09-10: Neither registered hash matches this file, and it cannot be re-registered by re-running its fetch: 09_fetch_public_data.py selects this basket from the retired Twitter per-victim file (S2), which is not in the repository and cannot be reconstructed. The bytes ac"
2026-09-12T03:33:21+00:00,c95487cd,artifact,S9,data/reference/wikipedia_article_resolution.csv,verified,"sha256 8e488fc8819956be, 109 rows; not registered in data_sources.csv"
2026-09-12T03:33:21+00:00,c95487cd,artifact,S10,data/reference/victim_registry.csv,verified,"sha256 13f3fbcfe5298589, 13,241 rows, 2013-01-01..2024-12-31; register holds a payload hash only"
2026-09-12T03:33:21+00:00,c95487cd,artifact,S11,data/reference/cai_components_daily.csv,verified,"sha256 f747bc27b7beada3, 9,232 rows, 2015-01-01..2024-12-31; matches the provenance register"
2026-09-12T03:33:21+00:00,c95487cd,artifact,S11,data/reference/wiki_ext_basket_used.csv,verified,"sha256 97140b683f5a6506, 109 rows; not registered in data_sources.csv"
2026-09-12T03:33:21+00:00,c95487cd,artifact,S11,data/reference/wiki_ext_aggregation_diagnostic.csv,verified,"sha256 2d37c4ad5d1c0c3d, 3,472 rows, 2015-07-01..2024-12-31; not registered in data_sources.csv"
2026-09-12T03:33:21+00:00,c95487cd,artifact,S12,data/reference/cai_trends_daily.csv,verified,"sha256 f18c11eb209350bd, 7,306 rows, 2015-01-01..2024-12-31; matches the provenance register"
2026-09-12T03:33:21+00:00,c95487cd,artifact,S12,data/reference/cai_trends_stitch_diagnostics.csv,verified,"sha256 a79bdc97be843bd6, 58 rows; not registered in data_sources.csv"
2026-09-12T03:33:21+00:00,c95487cd,artifact,S13,data/reference/cai_trends_anchored.csv,unverifiable,"artifact absent, and the source is retired"
2026-09-12T03:33:21+00:00,c95487cd,artifact,S14,data/reference/precinct_cd_crosswalk.csv,verified,"sha256 4c519dc6e115d562, 131 rows; matches the provenance register"
2026-09-12T03:33:21+00:00,c95487cd,artifact,S15,data/reference/bheard_precinct_adoption.csv,verified,"sha256 b7627d01221e5159, 31 rows; matches the provenance register"
2026-09-12T03:33:21+00:00,c95487cd,artifact,S15,data/reference/bheard_cd_exposure.csv,verified,"sha256 c387a640fc425626, 74 rows; not registered in data_sources.csv"
2026-09-12T03:33:21+00:00,c95487cd,artifact,S16,data/reference/basket_decisions.csv,verified,"sha256 cabfa4ca663e133c, 174 rows, 1958-04-25..2026-07-07; not registered in data_sources.csv"
2026-09-12T03:33:21+00:00,c95487cd,artifact,S17,data/reference/article_title_map.csv,verified,"sha256 b1be98f09b916a90, 530 rows; matches the provenance register"
2026-09-12T03:33:21+00:00,c95487cd,artifact,S17,outputs/tables/rename_recovery.csv,verified,"sha256 bdacd2e6adb24ce9, 127 rows; not registered in data_sources.csv"
2026-09-12T03:33:21+00:00,c95487cd,artifact,S18,data/reference/wiki_nyc_articles.csv,verified,"sha256 a50359145a74a954, 543 rows; not registered in data_sources.csv"
2026-09-12T03:33:21+00:00,c95487cd,artifact,S18,data/reference/wiki_nyc_daily.csv,verified,"sha256 66321420e2ed9675, 6,944 rows, 2015-07-01..2024-12-31; matches the provenance register"
2026-09-12T03:33:21+00:00,c95487cd,artifact,S18,data/reference/wiki_nyc_per_article.csv,verified,"sha256 5b8fffc41defa7b1, 55,552 rows, 2015-07-01..2024-12-31; not registered in data_sources.csv"
2026-09-12T03:33:21+00:00,c95487cd,claim,S1,C01_ems_source_rows,verified,"computed 29,978,154; document agrees"
2026-09-12T03:33:21+00:00,c95487cd,claim,S10,C02_registry_rows,verified,"computed 13,241; document agrees"
2026-09-12T03:33:21+00:00,c95487cd,claim,S11,C03_wiki_start,verified,computed 2015-07-01; document agrees
2026-09-12T03:33:21+00:00,c95487cd,claim,S16,C04_basket_articles,verified,computed 120; document agrees
2026-09-12T03:33:21+00:00,c95487cd,claim,S16,C05_basket_people,verified,computed 119; document agrees
2026-09-12T03:33:21+00:00,c95487cd,claim,S16,C06_basket_after_2020,verified,computed 27; document agrees
2026-09-12T03:33:21+00:00,c95487cd,claim,S11,C07_scored_days,verified,"computed 3,472; document agrees"
2026-09-12T03:33:21+00:00,c95487cd,claim,S11,C08_cai_ref_mean,verified,computed 0.000000; document agrees
2026-09-12T03:33:21+00:00,c95487cd,claim,S11,C09_cai_ref_sd,verified,computed 1.000000; document agrees
2026-09-12T03:33:21+00:00,c95487cd,claim,S1,C10_panel_rows,verified,"computed 89,857; document agrees"
2026-09-12T03:33:21+00:00,c95487cd,claim,S1,C11_panel_districts,verified,computed 59; document agrees
2026-09-12T03:33:21+00:00,c95487cd,claim,S1,C12_mean_edp_share,verified,computed 0.0856; document agrees
2026-09-12T03:33:21+00:00,c95487cd,claim,S1,C13_mean_total_calls,verified,computed 65.9; document agrees
2026-09-12T03:33:21+00:00,c95487cd,claim,S12,C14_trends_nyc_zero_all,verified,computed 42.6%; document agrees
2026-09-12T03:33:21+00:00,c95487cd,claim,S12,C15_trends_nyc_zero_2020,verified,computed 26%; document agrees
2026-09-12T03:33:21+00:00,c95487cd,claim,S12,C16_trends_nyc_zero_2024,verified,computed 71%; document agrees
2026-09-12T03:33:21+00:00,c95487cd,claim,S17,C17_rename_views_recovered,verified,"computed 79,439,814; document agrees"
2026-09-12T03:33:21+00:00,c95487cd,claim,S17,C18_rename_articles,verified,computed 112; document agrees
2026-09-12T03:33:21+00:00,c95487cd,claim,S17,C19_rename_articles_total,verified,computed 116; document agrees
2026-09-12T03:33:21+00:00,c95487cd,claim,S11,C20_episodes_frozen,verified,computed 70; document agrees
2026-09-12T03:33:21+00:00,c95487cd,claim,S11,C21_episodes_rebuilt,verified,computed 74; document agrees
2026-09-12T03:33:21+00:00,c95487cd,claim,S11,C22_episode_max_days,verified,computed 14; document agrees
2026-09-12T03:33:21+00:00,c95487cd,claim,S11,C23_basket_usable,verified,computed 107; document agrees
2026-09-12T03:33:21+00:00,c95487cd,claim,S15,C24_bheard_precincts,verified,computed 31; document agrees
2026-09-12T03:33:21+00:00,c95487cd,claim,S15,C25_bheard_low_conf,verified,computed 17; document agrees
2026-09-12T03:33:21+00:00,c95487cd,claim,-,C26_suite_checks,verified,computed 61; document agrees
2026-09-12T03:33:21+00:00,c95487cd,claim,-,C28_audit_checks,verified,computed 42; document agrees
2026-09-12T03:33:21+00:00,c95487cd,claim,-,C29_audit_flags,verified,computed 2; document agrees
2026-09-12T03:33:21+00:00,c95487cd,claim,-,C30_sources_registered,verified,computed 19; document agrees
2026-09-12T03:33:21+00:00,c95487cd,claim,S17,C31_start_lag_max,verified,computed 3; document agrees
2026-09-12T03:33:21+00:00,c95487cd,claim,S17,C32_start_lag_articles,verified,computed 107; document agrees
2026-09-12T03:33:21+00:00,c95487cd,claim,S17,C33_titles_dated,verified,computed 530; document agrees
2026-09-12T03:33:21+00:00,c95487cd,claim,S18,C37_national_corr,verified,computed 0.9695; document agrees
2026-09-12T03:33:21+00:00,c95487cd,claim,S18,C34_nyc_corr_ext,verified,computed 0.54; document agrees
2026-09-12T03:33:21+00:00,c95487cd,claim,S18,C35_nyc_corr_us,verified,computed 0.62; document agrees
2026-09-12T03:33:21+00:00,c95487cd,claim,S18,C36_nyc_articles,verified,computed 11; document agrees
2026-09-12T03:33:21+00:00,c95487cd,claim,S18,C38_nyc_overlap,verified,computed 59%; document agrees
2026-09-12T03:33:21+00:00,c95487cd,claim,S18,C40_nyc_garner,verified,computed 53%; document agrees
2026-09-12T03:33:21+00:00,c95487cd,claim,S18,C41_nyc_disjoint,verified,computed 8; document agrees
2026-09-12T03:33:21+00:00,c95487cd,claim,S18,C42_nyc_r2,verified,computed 0.454; document agrees
2026-09-12T03:33:21+00:00,c95487cd,claim,S18,C43_nyc_resid,verified,computed 6; document agrees
2026-09-12T03:33:21+00:00,c95487cd,claim,S18,C44_national_corr,verified,computed 0.9695; document agrees
2026-09-12T03:33:21+00:00,c95487cd,claim,S18,C45_nyc_disjoint_year,verified,computed 2012; document agrees
2026-09-12T03:33:21+00:00,c95487cd,claim,S11,C46_antipolice_peak_published,verified,computed 12.5693; document agrees
2026-09-12T03:33:21+00:00,c95487cd,claim,S11,C47_antipolice_peak_counterfactual,verified,computed 13.1356; document agrees
2026-09-12T03:33:21+00:00,c95487cd,claim,S11,C48_antipolice_views_on_peak,verified,"computed 205,332; document agrees"
2026-09-12T03:33:21+00:00,c95487cd,claim,S11,C49_antipolice_max_change,verified,computed 1.03; document agrees
2026-09-12T03:33:21+00:00,c95487cd,claim,S11,C50_antipolice_days_touched,verified,"computed 3,105; document agrees"
2026-09-12T03:33:21+00:00,c95487cd,claim,S16,C51_published_basket,verified,computed 109; document agrees
2026-09-12T03:33:21+00:00,c95487cd,claim,S11,C52_calib_rejection,verified,computed 0.05; document agrees
2026-09-12T03:33:21+00:00,c95487cd,claim,S11,C53_calib_rho,verified,computed 0.0482; document agrees
2026-09-12T03:33:21+00:00,c95487cd,claim,S11,C54_calib_ks,verified,computed 0.5617; document agrees
2026-09-12T03:36:33+00:00,37f7aece,link,S1,https://data.cityofnewyork.us/resource/76xm-jjuj.csv,skipped,--offline
2026-09-12T03:36:33+00:00,37f7aece,link,S1b,https://data.cityofnewyork.us/resource/76xm-jjuj.csv,skipped,--offline
2026-09-12T03:36:33+00:00,37f7aece,link,S2,(none),unverifiable,no endpoint: not obtained over the network
2026-09-12T03:36:33+00:00,37f7aece,link,S3,(none),unverifiable,no endpoint: not obtained over the network
2026-09-12T03:36:33+00:00,37f7aece,link,S4,https://github.com/washingtonpost/data-police-shootings,skipped,--offline
2026-09-12T03:36:33+00:00,37f7aece,link,S5,(none),template,no endpoint: not obtained over the network
2026-09-12T03:36:33+00:00,37f7aece,link,S6,(none),template,no endpoint: not obtained over the network
2026-09-12T03:36:33+00:00,37f7aece,link,S7,https://s-media.nyc.gov/agencies/dcp/assets/files/excel/data-tools/census/acs/demo_2019_acs5yr_nta.xlsx,skipped,--offline
2026-09-12T03:36:33+00:00,37f7aece,link,S8,https://wikimedia.org/api/rest_v1/metrics/pageviews/per-article/,skipped,--offline
2026-09-12T03:36:33+00:00,37f7aece,link,S9,https://en.wikipedia.org/api/rest_v1/page/summary/,skipped,--offline
2026-09-12T03:36:33+00:00,37f7aece,link,S10,https://mappingpoliceviolence.us/s/MPVDatasetDownload.xlsx,skipped,--offline
2026-09-12T03:36:33+00:00,37f7aece,link,S11,https://api.gdeltproject.org/api/v2/doc/doc,skipped,--offline
2026-09-12T03:36:33+00:00,37f7aece,link,S11,https://api.gdeltproject.org/api/v2/tv/tv,skipped,--offline
2026-09-12T03:36:33+00:00,37f7aece,link,S11,https://wikimedia.org/api/rest_v1/metrics/pageviews/per-article/,skipped,--offline
2026-09-12T03:36:33+00:00,37f7aece,link,S12,https://trends.google.com,skipped,--offline
2026-09-12T03:36:33+00:00,37f7aece,link,S13,https://trends.google.com,skipped,--offline
2026-09-12T03:36:33+00:00,37f7aece,link,S14,https://data.cityofnewyork.us/resource/76xm-jjuj.json,skipped,--offline
2026-09-12T03:36:33+00:00,37f7aece,link,S15,https://mentalhealth.cityofnewyork.us/b-heard,skipped,--offline
2026-09-12T03:36:33+00:00,37f7aece,link,S16,https://query.wikidata.org/sparql,skipped,--offline
2026-09-12T03:36:33+00:00,37f7aece,link,S17,https://en.wikipedia.org/w/api.php,skipped,--offline
2026-09-12T03:36:33+00:00,37f7aece,link,S18,https://en.wikipedia.org/w/api.php,skipped,--offline
2026-09-12T03:36:33+00:00,37f7aece,link,S18,https://wikimedia.org/api/rest_v1/metrics/pageviews/per-article/,skipped,--offline
2026-09-12T03:36:33+00:00,37f7aece,artifact,S1,data/processed/ems_cd_day_calltype.parquet,verified,"sha256 6247a7239559f930, 4,876,509 rows, 2014-12-01..2024-12-31; not registered in data_sources.csv"
2026-09-12T03:36:33+00:00,37f7aece,artifact,S1,data/processed/ems_citywide_day_trends.parquet,verified,"sha256 33c8850350f90ab3, 39,037 rows, 2005-01-01..2026-06-30; not registered in data_sources.csv"
2026-09-12T03:36:33+00:00,37f7aece,artifact,S1b,data/processed/ems_cd_day_calltype.parquet,verified,"sha256 6247a7239559f930, 4,876,509 rows, 2014-12-01..2024-12-31; matches the provenance register"
2026-09-12T03:36:33+00:00,37f7aece,artifact,S2,data/raw/211118_tweet_count_name_date.csv,unverifiable,"artifact absent, and the source is unverifiable"
2026-09-12T03:36:33+00:00,37f7aece,artifact,S3,data/raw/220126_final_daily_tweet_count.csv,unverifiable,"artifact absent, and the source is unverifiable"
2026-09-12T03:36:33+00:00,37f7aece,artifact,S4,data/raw/fatalpoliceshootingsCLEANED.csv,unverifiable,"artifact absent, and the source is retired"
2026-09-12T03:36:33+00:00,37f7aece,artifact,S5,data/raw/sf1_dp_cd_demoprofile.xlsx,verified,"sha256 20459df2681c751b, unreadable: UnicodeDecodeError; not registered in data_sources.csv"
2026-09-12T03:36:33+00:00,37f7aece,artifact,S6,data/reference/victim_curation_table.csv,verified,"sha256 75e6bea4243eebe7, 101 rows, 2013-05-24..2020-10-20; not registered in data_sources.csv"
2026-09-12T03:36:33+00:00,37f7aece,artifact,S7,data/reference/acs_2019_cd_demographics.csv,verified,"sha256 210ec18a067b7f5d, 59 rows; register holds a payload hash only"
2026-09-12T03:36:33+00:00,37f7aece,artifact,S8,data/reference/wikipedia_pageviews_victims.csv,verified,"sha256 e1e88d7d93c69631, 25,211 rows, 2017-01-01..2020-12-31; provenance register is stale and cannot be refreshed — accepted 2026-09-10: Neither registered hash matches this file, and it cannot be re-registered by re-running its fetch: 09_fetch_public_data.py selects this basket from the retired Twitter per-victim file (S2), which is not in the repository and cannot be reconstructed. The bytes ac"
2026-09-12T03:36:33+00:00,37f7aece,artifact,S9,data/reference/wikipedia_article_resolution.csv,verified,"sha256 8e488fc8819956be, 109 rows; not registered in data_sources.csv"
2026-09-12T03:36:33+00:00,37f7aece,artifact,S10,data/reference/victim_registry.csv,verified,"sha256 13f3fbcfe5298589, 13,241 rows, 2013-01-01..2024-12-31; register holds a payload hash only"
2026-09-12T03:36:33+00:00,37f7aece,artifact,S11,data/reference/cai_components_daily.csv,verified,"sha256 f747bc27b7beada3, 9,232 rows, 2015-01-01..2024-12-31; matches the provenance register"
2026-09-12T03:36:33+00:00,37f7aece,artifact,S11,data/reference/wiki_ext_basket_used.csv,verified,"sha256 97140b683f5a6506, 109 rows; not registered in data_sources.csv"
2026-09-12T03:36:33+00:00,37f7aece,artifact,S11,data/reference/wiki_ext_aggregation_diagnostic.csv,verified,"sha256 2d37c4ad5d1c0c3d, 3,472 rows, 2015-07-01..2024-12-31; not registered in data_sources.csv"
2026-09-12T03:36:33+00:00,37f7aece,artifact,S12,data/reference/cai_trends_daily.csv,verified,"sha256 f18c11eb209350bd, 7,306 rows, 2015-01-01..2024-12-31; matches the provenance register"
2026-09-12T03:36:33+00:00,37f7aece,artifact,S12,data/reference/cai_trends_stitch_diagnostics.csv,verified,"sha256 a79bdc97be843bd6, 58 rows; not registered in data_sources.csv"
2026-09-12T03:36:33+00:00,37f7aece,artifact,S13,data/reference/cai_trends_anchored.csv,unverifiable,"artifact absent, and the source is retired"
2026-09-12T03:36:33+00:00,37f7aece,artifact,S14,data/reference/precinct_cd_crosswalk.csv,verified,"sha256 4c519dc6e115d562, 131 rows; matches the provenance register"
2026-09-12T03:36:33+00:00,37f7aece,artifact,S15,data/reference/bheard_precinct_adoption.csv,verified,"sha256 b7627d01221e5159, 31 rows; matches the provenance register"
2026-09-12T03:36:33+00:00,37f7aece,artifact,S15,data/reference/bheard_cd_exposure.csv,verified,"sha256 c387a640fc425626, 74 rows; not registered in data_sources.csv"
2026-09-12T03:36:33+00:00,37f7aece,artifact,S16,data/reference/basket_decisions.csv,verified,"sha256 cabfa4ca663e133c, 174 rows, 1958-04-25..2026-07-07; not registered in data_sources.csv"
2026-09-12T03:36:33+00:00,37f7aece,artifact,S17,data/reference/article_title_map.csv,verified,"sha256 b1be98f09b916a90, 530 rows; matches the provenance register"
2026-09-12T03:36:33+00:00,37f7aece,artifact,S17,outputs/tables/rename_recovery.csv,verified,"sha256 bdacd2e6adb24ce9, 127 rows; not registered in data_sources.csv"
2026-09-12T03:36:33+00:00,37f7aece,artifact,S18,data/reference/wiki_nyc_articles.csv,verified,"sha256 a50359145a74a954, 543 rows; not registered in data_sources.csv"
2026-09-12T03:36:33+00:00,37f7aece,artifact,S18,data/reference/wiki_nyc_daily.csv,verified,"sha256 66321420e2ed9675, 6,944 rows, 2015-07-01..2024-12-31; matches the provenance register"
2026-09-12T03:36:33+00:00,37f7aece,artifact,S18,data/reference/wiki_nyc_per_article.csv,verified,"sha256 5b8fffc41defa7b1, 55,552 rows, 2015-07-01..2024-12-31; not registered in data_sources.csv"
2026-09-12T03:36:33+00:00,37f7aece,claim,S1,C01_ems_source_rows,verified,"computed 29,978,154; document agrees"
2026-09-12T03:36:33+00:00,37f7aece,claim,S10,C02_registry_rows,verified,"computed 13,241; document agrees"
2026-09-12T03:36:33+00:00,37f7aece,claim,S11,C03_wiki_start,verified,computed 2015-07-01; document agrees
2026-09-12T03:36:33+00:00,37f7aece,claim,S16,C04_basket_articles,verified,computed 120; document agrees
2026-09-12T03:36:33+00:00,37f7aece,claim,S16,C05_basket_people,verified,computed 119; document agrees
2026-09-12T03:36:33+00:00,37f7aece,claim,S16,C06_basket_after_2020,verified,computed 27; document agrees
2026-09-12T03:36:33+00:00,37f7aece,claim,S11,C07_scored_days,verified,"computed 3,472; document agrees"
2026-09-12T03:36:33+00:00,37f7aece,claim,S11,C08_cai_ref_mean,verified,computed 0.000000; document agrees
2026-09-12T03:36:33+00:00,37f7aece,claim,S11,C09_cai_ref_sd,verified,computed 1.000000; document agrees
2026-09-12T03:36:33+00:00,37f7aece,claim,S1,C10_panel_rows,verified,"computed 89,857; document agrees"
2026-09-12T03:36:33+00:00,37f7aece,claim,S1,C11_panel_districts,verified,computed 59; document agrees
2026-09-12T03:36:33+00:00,37f7aece,claim,S1,C12_mean_edp_share,verified,computed 0.0856; document agrees
2026-09-12T03:36:33+00:00,37f7aece,claim,S1,C13_mean_total_calls,verified,computed 65.9; document agrees
2026-09-12T03:36:33+00:00,37f7aece,claim,S12,C14_trends_nyc_zero_all,verified,computed 42.6%; document agrees
2026-09-12T03:36:33+00:00,37f7aece,claim,S12,C15_trends_nyc_zero_2020,verified,computed 26%; document agrees
2026-09-12T03:36:33+00:00,37f7aece,claim,S12,C16_trends_nyc_zero_2024,verified,computed 71%; document agrees
2026-09-12T03:36:33+00:00,37f7aece,claim,S17,C17_rename_views_recovered,verified,"computed 79,439,814; document agrees"
2026-09-12T03:36:33+00:00,37f7aece,claim,S17,C18_rename_articles,verified,computed 112; document agrees
2026-09-12T03:36:33+00:00,37f7aece,claim,S17,C19_rename_articles_total,verified,computed 116; document agrees
2026-09-12T03:36:33+00:00,37f7aece,claim,S11,C20_episodes_frozen,verified,computed 70; document agrees
2026-09-12T03:36:33+00:00,37f7aece,claim,S11,C21_episodes_rebuilt,verified,computed 74; document agrees
2026-09-12T03:36:33+00:00,37f7aece,claim,S11,C22_episode_max_days,verified,computed 14; document agrees
2026-09-12T03:36:33+00:00,37f7aece,claim,S11,C23_basket_usable,verified,computed 107; document agrees
2026-09-12T03:36:33+00:00,37f7aece,claim,S15,C24_bheard_precincts,verified,computed 31; document agrees
2026-09-12T03:36:33+00:00,37f7aece,claim,S15,C25_bheard_low_conf,verified,computed 17; document agrees
2026-09-12T03:36:33+00:00,37f7aece,claim,-,C26_suite_checks,verified,computed 61; document agrees
2026-09-12T03:36:33+00:00,37f7aece,claim,-,C28_audit_checks,verified,computed 42; document agrees
2026-09-12T03:36:33+00:00,37f7aece,claim,-,C29_audit_flags,verified,computed 2; document agrees
2026-09-12T03:36:33+00:00,37f7aece,claim,-,C30_sources_registered,verified,computed 19; document agrees
2026-09-12T03:36:33+00:00,37f7aece,claim,S17,C31_start_lag_max,verified,computed 3; document agrees
2026-09-12T03:36:33+00:00,37f7aece,claim,S17,C32_start_lag_articles,verified,computed 107; document agrees
2026-09-12T03:36:33+00:00,37f7aece,claim,S17,C33_titles_dated,verified,computed 530; document agrees
2026-09-12T03:36:33+00:00,37f7aece,claim,S18,C37_national_corr,verified,computed 0.9695; document agrees
2026-09-12T03:36:33+00:00,37f7aece,claim,S18,C34_nyc_corr_ext,verified,computed 0.54; document agrees
2026-09-12T03:36:33+00:00,37f7aece,claim,S18,C35_nyc_corr_us,verified,computed 0.62; document agrees
2026-09-12T03:36:33+00:00,37f7aece,claim,S18,C36_nyc_articles,verified,computed 11; document agrees
2026-09-12T03:36:33+00:00,37f7aece,claim,S18,C38_nyc_overlap,verified,computed 59%; document agrees
2026-09-12T03:36:33+00:00,37f7aece,claim,S18,C40_nyc_garner,verified,computed 53%; document agrees
2026-09-12T03:36:33+00:00,37f7aece,claim,S18,C41_nyc_disjoint,verified,computed 8; document agrees
2026-09-12T03:36:33+00:00,37f7aece,claim,S18,C42_nyc_r2,verified,computed 0.454; document agrees
2026-09-12T03:36:33+00:00,37f7aece,claim,S18,C43_nyc_resid,verified,computed 6; document agrees
2026-09-12T03:36:33+00:00,37f7aece,claim,S18,C44_national_corr,verified,computed 0.9695; document agrees
2026-09-12T03:36:33+00:00,37f7aece,claim,S18,C45_nyc_disjoint_year,verified,computed 2012; document agrees
2026-09-12T03:36:33+00:00,37f7aece,claim,S11,C46_antipolice_peak_published,verified,computed 12.5693; document agrees
2026-09-12T03:36:33+00:00,37f7aece,claim,S11,C47_antipolice_peak_counterfactual,verified,computed 13.1356; document agrees
2026-09-12T03:36:33+00:00,37f7aece,claim,S11,C48_antipolice_views_on_peak,verified,"computed 205,332; document agrees"
2026-09-12T03:36:33+00:00,37f7aece,claim,S11,C49_antipolice_max_change,verified,computed 1.03; document agrees
2026-09-12T03:36:33+00:00,37f7aece,claim,S11,C50_antipolice_days_touched,verified,"computed 3,105; document agrees"
2026-09-12T03:36:33+00:00,37f7aece,claim,S16,C51_published_basket,verified,computed 109; document agrees
2026-09-12T03:36:33+00:00,37f7aece,claim,S11,C52_calib_rejection,verified,computed 0.05; document agrees
2026-09-12T03:36:33+00:00,37f7aece,claim,S11,C53_calib_rho,verified,computed 0.0482; document agrees
2026-09-12T03:36:33+00:00,37f7aece,claim,S11,C54_calib_ks,verified,computed 0.5617; document agrees
2026-09-12T03:36:40+00:00,815259ac,link,S1,https://data.cityofnewyork.us/resource/76xm-jjuj.csv,skipped,--offline
2026-09-12T03:36:40+00:00,815259ac,link,S1b,https://data.cityofnewyork.us/resource/76xm-jjuj.csv,skipped,--offline
2026-09-12T03:36:40+00:00,815259ac,link,S2,(none),unverifiable,no endpoint: not obtained over the network
2026-09-12T03:36:40+00:00,815259ac,link,S3,(none),unverifiable,no endpoint: not obtained over the network
2026-09-12T03:36:40+00:00,815259ac,link,S4,https://github.com/washingtonpost/data-police-shootings,skipped,--offline
2026-09-12T03:36:40+00:00,815259ac,link,S5,(none),template,no endpoint: not obtained over the network
2026-09-12T03:36:40+00:00,815259ac,link,S6,(none),template,no endpoint: not obtained over the network
2026-09-12T03:36:40+00:00,815259ac,link,S7,https://s-media.nyc.gov/agencies/dcp/assets/files/excel/data-tools/census/acs/demo_2019_acs5yr_nta.xlsx,skipped,--offline
2026-09-12T03:36:40+00:00,815259ac,link,S8,https://wikimedia.org/api/rest_v1/metrics/pageviews/per-article/,skipped,--offline
2026-09-12T03:36:40+00:00,815259ac,link,S9,https://en.wikipedia.org/api/rest_v1/page/summary/,skipped,--offline
2026-09-12T03:36:40+00:00,815259ac,link,S10,https://mappingpoliceviolence.us/s/MPVDatasetDownload.xlsx,skipped,--offline
2026-09-12T03:36:40+00:00,815259ac,link,S11,https://api.gdeltproject.org/api/v2/doc/doc,skipped,--offline
2026-09-12T03:36:40+00:00,815259ac,link,S11,https://api.gdeltproject.org/api/v2/tv/tv,skipped,--offline
2026-09-12T03:36:40+00:00,815259ac,link,S11,https://wikimedia.org/api/rest_v1/metrics/pageviews/per-article/,skipped,--offline
2026-09-12T03:36:40+00:00,815259ac,link,S12,https://trends.google.com,skipped,--offline
2026-09-12T03:36:40+00:00,815259ac,link,S13,https://trends.google.com,skipped,--offline
2026-09-12T03:36:40+00:00,815259ac,link,S14,https://data.cityofnewyork.us/resource/76xm-jjuj.json,skipped,--offline
2026-09-12T03:36:40+00:00,815259ac,link,S15,https://mentalhealth.cityofnewyork.us/b-heard,skipped,--offline
2026-09-12T03:36:40+00:00,815259ac,link,S16,https://query.wikidata.org/sparql,skipped,--offline
2026-09-12T03:36:40+00:00,815259ac,link,S17,https://en.wikipedia.org/w/api.php,skipped,--offline
2026-09-12T03:36:40+00:00,815259ac,link,S18,https://en.wikipedia.org/w/api.php,skipped,--offline
2026-09-12T03:36:40+00:00,815259ac,link,S18,https://wikimedia.org/api/rest_v1/metrics/pageviews/per-article/,skipped,--offline
2026-09-12T03:36:40+00:00,815259ac,artifact,S1,data/processed/ems_cd_day_calltype.parquet,verified,"sha256 6247a7239559f930, 4,876,509 rows, 2014-12-01..2024-12-31; not registered in data_sources.csv"
2026-09-12T03:36:40+00:00,815259ac,artifact,S1,data/processed/ems_citywide_day_trends.parquet,verified,"sha256 33c8850350f90ab3, 39,037 rows, 2005-01-01..2026-06-30; not registered in data_sources.csv"
2026-09-12T03:36:40+00:00,815259ac,artifact,S1b,data/processed/ems_cd_day_calltype.parquet,verified,"sha256 6247a7239559f930, 4,876,509 rows, 2014-12-01..2024-12-31; matches the provenance register"
2026-09-12T03:36:40+00:00,815259ac,artifact,S2,data/raw/211118_tweet_count_name_date.csv,unverifiable,"artifact absent, and the source is unverifiable"
2026-09-12T03:36:40+00:00,815259ac,artifact,S3,data/raw/220126_final_daily_tweet_count.csv,unverifiable,"artifact absent, and the source is unverifiable"
2026-09-12T03:36:40+00:00,815259ac,artifact,S4,data/raw/fatalpoliceshootingsCLEANED.csv,unverifiable,"artifact absent, and the source is retired"
2026-09-12T03:36:40+00:00,815259ac,artifact,S5,data/raw/sf1_dp_cd_demoprofile.xlsx,verified,"sha256 20459df2681c751b, unreadable: UnicodeDecodeError; not registered in data_sources.csv"
2026-09-12T03:36:40+00:00,815259ac,artifact,S6,data/reference/victim_curation_table.csv,verified,"sha256 75e6bea4243eebe7, 101 rows, 2013-05-24..2020-10-20; not registered in data_sources.csv"
2026-09-12T03:36:40+00:00,815259ac,artifact,S7,data/reference/acs_2019_cd_demographics.csv,verified,"sha256 210ec18a067b7f5d, 59 rows; register holds a payload hash only"
2026-09-12T03:36:40+00:00,815259ac,artifact,S8,data/reference/wikipedia_pageviews_victims.csv,verified,"sha256 e1e88d7d93c69631, 25,211 rows, 2017-01-01..2020-12-31; provenance register is stale and cannot be refreshed — accepted 2026-09-10: Neither registered hash matches this file, and it cannot be re-registered by re-running its fetch: 09_fetch_public_data.py selects this basket from the retired Twitter per-victim file (S2), which is not in the repository and cannot be reconstructed. The bytes ac"
2026-09-12T03:36:40+00:00,815259ac,artifact,S9,data/reference/wikipedia_article_resolution.csv,verified,"sha256 8e488fc8819956be, 109 rows; not registered in data_sources.csv"
2026-09-12T03:36:40+00:00,815259ac,artifact,S10,data/reference/victim_registry.csv,verified,"sha256 13f3fbcfe5298589, 13,241 rows, 2013-01-01..2024-12-31; register holds a payload hash only"
2026-09-12T03:36:40+00:00,815259ac,artifact,S11,data/reference/cai_components_daily.csv,verified,"sha256 f747bc27b7beada3, 9,232 rows, 2015-01-01..2024-12-31; matches the provenance register"
2026-09-12T03:36:40+00:00,815259ac,artifact,S11,data/reference/wiki_ext_basket_used.csv,verified,"sha256 97140b683f5a6506, 109 rows; not registered in data_sources.csv"
2026-09-12T03:36:40+00:00,815259ac,artifact,S11,data/reference/wiki_ext_aggregation_diagnostic.csv,verified,"sha256 2d37c4ad5d1c0c3d, 3,472 rows, 2015-07-01..2024-12-31; not registered in data_sources.csv"
2026-09-12T03:36:40+00:00,815259ac,artifact,S12,data/reference/cai_trends_daily.csv,verified,"sha256 f18c11eb209350bd, 7,306 rows, 2015-01-01..2024-12-31; matches the provenance register"
2026-09-12T03:36:40+00:00,815259ac,artifact,S12,data/reference/cai_trends_stitch_diagnostics.csv,verified,"sha256 a79bdc97be843bd6, 58 rows; not registered in data_sources.csv"
2026-09-12T03:36:40+00:00,815259ac,artifact,S13,data/reference/cai_trends_anchored.csv,unverifiable,"artifact absent, and the source is retired"
2026-09-12T03:36:40+00:00,815259ac,artifact,S14,data/reference/precinct_cd_crosswalk.csv,verified,"sha256 4c519dc6e115d562, 131 rows; matches the provenance register"
2026-09-12T03:36:40+00:00,815259ac,artifact,S15,data/reference/bheard_precinct_adoption.csv,verified,"sha256 b7627d01221e5159, 31 rows; matches the provenance register"
2026-09-12T03:36:40+00:00,815259ac,artifact,S15,data/reference/bheard_cd_exposure.csv,verified,"sha256 c387a640fc425626, 74 rows; not registered in data_sources.csv"
2026-09-12T03:36:40+00:00,815259ac,artifact,S16,data/reference/basket_decisions.csv,verified,"sha256 cabfa4ca663e133c, 174 rows, 1958-04-25..2026-07-07; not registered in data_sources.csv"
2026-09-12T03:36:40+00:00,815259ac,artifact,S17,data/reference/article_title_map.csv,verified,"sha256 b1be98f09b916a90, 530 rows; matches the provenance register"
2026-09-12T03:36:40+00:00,815259ac,artifact,S17,outputs/tables/rename_recovery.csv,verified,"sha256 bdacd2e6adb24ce9, 127 rows; not registered in data_sources.csv"
2026-09-12T03:36:40+00:00,815259ac,artifact,S18,data/reference/wiki_nyc_articles.csv,verified,"sha256 a50359145a74a954, 543 rows; not registered in data_sources.csv"
2026-09-12T03:36:40+00:00,815259ac,artifact,S18,data/reference/wiki_nyc_daily.csv,verified,"sha256 66321420e2ed9675, 6,944 rows, 2015-07-01..2024-12-31; matches the provenance register"
2026-09-12T03:36:40+00:00,815259ac,artifact,S18,data/reference/wiki_nyc_per_article.csv,verified,"sha256 5b8fffc41defa7b1, 55,552 rows, 2015-07-01..2024-12-31; not registered in data_sources.csv"
2026-09-12T03:36:40+00:00,815259ac,claim,S1,C01_ems_source_rows,verified,"computed 29,978,154; document agrees"
2026-09-12T03:36:40+00:00,815259ac,claim,S10,C02_registry_rows,verified,"computed 13,241; document agrees"
2026-09-12T03:36:40+00:00,815259ac,claim,S11,C03_wiki_start,verified,computed 2015-07-01; document agrees
2026-09-12T03:36:40+00:00,815259ac,claim,S16,C04_basket_articles,verified,computed 120; document agrees
2026-09-12T03:36:40+00:00,815259ac,claim,S16,C05_basket_people,verified,computed 119; document agrees
2026-09-12T03:36:40+00:00,815259ac,claim,S16,C06_basket_after_2020,verified,computed 27; document agrees
2026-09-12T03:36:40+00:00,815259ac,claim,S11,C07_scored_days,verified,"computed 3,472; document agrees"
2026-09-12T03:36:40+00:00,815259ac,claim,S11,C08_cai_ref_mean,verified,computed 0.000000; document agrees
2026-09-12T03:36:40+00:00,815259ac,claim,S11,C09_cai_ref_sd,verified,computed 1.000000; document agrees
2026-09-12T03:36:40+00:00,815259ac,claim,S1,C10_panel_rows,verified,"computed 89,857; document agrees"
2026-09-12T03:36:40+00:00,815259ac,claim,S1,C11_panel_districts,verified,computed 59; document agrees
2026-09-12T03:36:40+00:00,815259ac,claim,S1,C12_mean_edp_share,verified,computed 0.0856; document agrees
2026-09-12T03:36:40+00:00,815259ac,claim,S1,C13_mean_total_calls,verified,computed 65.9; document agrees
2026-09-12T03:36:40+00:00,815259ac,claim,S12,C14_trends_nyc_zero_all,verified,computed 42.6%; document agrees
2026-09-12T03:36:40+00:00,815259ac,claim,S12,C15_trends_nyc_zero_2020,verified,computed 26%; document agrees
2026-09-12T03:36:40+00:00,815259ac,claim,S12,C16_trends_nyc_zero_2024,verified,computed 71%; document agrees
2026-09-12T03:36:40+00:00,815259ac,claim,S17,C17_rename_views_recovered,verified,"computed 79,439,814; document agrees"
2026-09-12T03:36:40+00:00,815259ac,claim,S17,C18_rename_articles,verified,computed 112; document agrees
2026-09-12T03:36:40+00:00,815259ac,claim,S17,C19_rename_articles_total,verified,computed 116; document agrees
2026-09-12T03:36:40+00:00,815259ac,claim,S11,C20_episodes_frozen,verified,computed 70; document agrees
2026-09-12T03:36:40+00:00,815259ac,claim,S11,C21_episodes_rebuilt,verified,computed 74; document agrees
2026-09-12T03:36:40+00:00,815259ac,claim,S11,C22_episode_max_days,verified,computed 14; document agrees
2026-09-12T03:36:40+00:00,815259ac,claim,S11,C23_basket_usable,verified,computed 107; document agrees
2026-09-12T03:36:40+00:00,815259ac,claim,S15,C24_bheard_precincts,verified,computed 31; document agrees
2026-09-12T03:36:40+00:00,815259ac,claim,S15,C25_bheard_low_conf,verified,computed 17; document agrees
2026-09-12T03:36:40+00:00,815259ac,claim,-,C26_suite_checks,verified,computed 61; document agrees
2026-09-12T03:36:40+00:00,815259ac,claim,-,C28_audit_checks,verified,computed 42; document agrees
2026-09-12T03:36:40+00:00,815259ac,claim,-,C29_audit_flags,verified,computed 2; document agrees
2026-09-12T03:36:40+00:00,815259ac,claim,-,C30_sources_registered,verified,computed 19; document agrees
2026-09-12T03:36:40+00:00,815259ac,claim,S17,C31_start_lag_max,verified,computed 3; document agrees
2026-09-12T03:36:40+00:00,815259ac,claim,S17,C32_start_lag_articles,verified,computed 107; document agrees
2026-09-12T03:36:40+00:00,815259ac,claim,S17,C33_titles_dated,verified,computed 530; document agrees
2026-09-12T03:36:40+00:00,815259ac,claim,S18,C37_national_corr,verified,computed 0.9695; document agrees
2026-09-12T03:36:40+00:00,815259ac,claim,S18,C34_nyc_corr_ext,verified,computed 0.54; document agrees
2026-09-12T03:36:40+00:00,815259ac,claim,S18,C35_nyc_corr_us,verified,computed 0.62; document agrees
2026-09-12T03:36:40+00:00,815259ac,claim,S18,C36_nyc_articles,verified,computed 11; document agrees
2026-09-12T03:36:40+00:00,815259ac,claim,S18,C38_nyc_overlap,verified,computed 59%; document agrees
2026-09-12T03:36:40+00:00,815259ac,claim,S18,C40_nyc_garner,verified,computed 53%; document agrees
2026-09-12T03:36:40+00:00,815259ac,claim,S18,C41_nyc_disjoint,verified,computed 8; document agrees
2026-09-12T03:36:40+00:00,815259ac,claim,S18,C42_nyc_r2,verified,computed 0.454; document agrees
2026-09-12T03:36:40+00:00,815259ac,claim,S18,C43_nyc_resid,verified,computed 6; document agrees
2026-09-12T03:36:40+00:00,815259ac,claim,S18,C44_national_corr,verified,computed 0.9695; document agrees
2026-09-12T03:36:40+00:00,815259ac,claim,S18,C45_nyc_disjoint_year,verified,computed 2012; document agrees
2026-09-12T03:36:40+00:00,815259ac,claim,S11,C46_antipolice_peak_published,verified,computed 12.5693; document agrees
2026-09-12T03:36:40+00:00,815259ac,claim,S11,C47_antipolice_peak_counterfactual,verified,computed 13.1356; document agrees
2026-09-12T03:36:40+00:00,815259ac,claim,S11,C48_antipolice_views_on_peak,verified,"computed 205,332; document agrees"
2026-09-12T03:36:40+00:00,815259ac,claim,S11,C49_antipolice_max_change,verified,computed 1.03; document agrees
2026-09-12T03:36:40+00:00,815259ac,claim,S11,C50_antipolice_days_touched,verified,"computed 3,105; document agrees"
2026-09-12T03:36:40+00:00,815259ac,claim,S16,C51_published_basket,verified,computed 109; document agrees
2026-09-12T03:36:40+00:00,815259ac,claim,S11,C52_calib_rejection,verified,computed 0.05; document agrees
2026-09-12T03:36:40+00:00,815259ac,claim,S11,C53_calib_rho,verified,computed 0.0482; document agrees
2026-09-12T03:36:40+00:00,815259ac,claim,S11,C54_calib_ks,verified,computed 0.5617; document agrees
2026-09-12T03:38:56+00:00,295a06c7,link,S1,https://data.cityofnewyork.us/resource/76xm-jjuj.csv,skipped,--offline
2026-09-12T03:38:56+00:00,295a06c7,link,S1b,https://data.cityofnewyork.us/resource/76xm-jjuj.csv,skipped,--offline
2026-09-12T03:38:56+00:00,295a06c7,link,S2,(none),unverifiable,no endpoint: not obtained over the network
2026-09-12T03:38:56+00:00,295a06c7,link,S3,(none),unverifiable,no endpoint: not obtained over the network
2026-09-12T03:38:56+00:00,295a06c7,link,S4,https://github.com/washingtonpost/data-police-shootings,skipped,--offline
2026-09-12T03:38:56+00:00,295a06c7,link,S5,(none),template,no endpoint: not obtained over the network
2026-09-12T03:38:56+00:00,295a06c7,link,S6,(none),template,no endpoint: not obtained over the network
2026-09-12T03:38:56+00:00,295a06c7,link,S7,https://s-media.nyc.gov/agencies/dcp/assets/files/excel/data-tools/census/acs/demo_2019_acs5yr_nta.xlsx,skipped,--offline
2026-09-12T03:38:56+00:00,295a06c7,link,S8,https://wikimedia.org/api/rest_v1/metrics/pageviews/per-article/,skipped,--offline
2026-09-12T03:38:56+00:00,295a06c7,link,S9,https://en.wikipedia.org/api/rest_v1/page/summary/,skipped,--offline
2026-09-12T03:38:56+00:00,295a06c7,link,S10,https://mappingpoliceviolence.us/s/MPVDatasetDownload.xlsx,skipped,--offline
2026-09-12T03:38:56+00:00,295a06c7,link,S11,https://api.gdeltproject.org/api/v2/doc/doc,skipped,--offline
2026-09-12T03:38:56+00:00,295a06c7,link,S11,https://api.gdeltproject.org/api/v2/tv/tv,skipped,--offline
2026-09-12T03:38:56+00:00,295a06c7,link,S11,https://wikimedia.org/api/rest_v1/metrics/pageviews/per-article/,skipped,--offline
2026-09-12T03:38:56+00:00,295a06c7,link,S12,https://trends.google.com,skipped,--offline
2026-09-12T03:38:56+00:00,295a06c7,link,S13,https://trends.google.com,skipped,--offline
2026-09-12T03:38:56+00:00,295a06c7,link,S14,https://data.cityofnewyork.us/resource/76xm-jjuj.json,skipped,--offline
2026-09-12T03:38:56+00:00,295a06c7,link,S15,https://mentalhealth.cityofnewyork.us/b-heard,skipped,--offline
2026-09-12T03:38:56+00:00,295a06c7,link,S16,https://query.wikidata.org/sparql,skipped,--offline
2026-09-12T03:38:56+00:00,295a06c7,link,S17,https://en.wikipedia.org/w/api.php,skipped,--offline
2026-09-12T03:38:56+00:00,295a06c7,link,S18,https://en.wikipedia.org/w/api.php,skipped,--offline
2026-09-12T03:38:56+00:00,295a06c7,link,S18,https://wikimedia.org/api/rest_v1/metrics/pageviews/per-article/,skipped,--offline
2026-09-12T03:38:56+00:00,295a06c7,artifact,S1,data/processed/ems_cd_day_calltype.parquet,verified,"sha256 6247a7239559f930, 4,876,509 rows, 2014-12-01..2024-12-31; not registered in data_sources.csv"
2026-09-12T03:38:56+00:00,295a06c7,artifact,S1,data/processed/ems_citywide_day_trends.parquet,verified,"sha256 33c8850350f90ab3, 39,037 rows, 2005-01-01..2026-06-30; not registered in data_sources.csv"
2026-09-12T03:38:56+00:00,295a06c7,artifact,S1b,data/processed/ems_cd_day_calltype.parquet,verified,"sha256 6247a7239559f930, 4,876,509 rows, 2014-12-01..2024-12-31; matches the provenance register"
2026-09-12T03:38:56+00:00,295a06c7,artifact,S2,data/raw/211118_tweet_count_name_date.csv,unverifiable,"artifact absent, and the source is unverifiable"
2026-09-12T03:38:56+00:00,295a06c7,artifact,S3,data/raw/220126_final_daily_tweet_count.csv,unverifiable,"artifact absent, and the source is unverifiable"
2026-09-12T03:38:56+00:00,295a06c7,artifact,S4,data/raw/fatalpoliceshootingsCLEANED.csv,unverifiable,"artifact absent, and the source is retired"
2026-09-12T03:38:56+00:00,295a06c7,artifact,S5,data/raw/sf1_dp_cd_demoprofile.xlsx,verified,"sha256 20459df2681c751b, unreadable: UnicodeDecodeError; not registered in data_sources.csv"
2026-09-12T03:38:56+00:00,295a06c7,artifact,S6,data/reference/victim_curation_table.csv,verified,"sha256 75e6bea4243eebe7, 101 rows, 2013-05-24..2020-10-20; not registered in data_sources.csv"
2026-09-12T03:38:56+00:00,295a06c7,artifact,S7,data/reference/acs_2019_cd_demographics.csv,verified,"sha256 210ec18a067b7f5d, 59 rows; register holds a payload hash only"
2026-09-12T03:38:56+00:00,295a06c7,artifact,S8,data/reference/wikipedia_pageviews_victims.csv,verified,"sha256 e1e88d7d93c69631, 25,211 rows, 2017-01-01..2020-12-31; provenance register is stale and cannot be refreshed — accepted 2026-09-10: Neither registered hash matches this file, and it cannot be re-registered by re-running its fetch: 09_fetch_public_data.py selects this basket from the retired Twitter per-victim file (S2), which is not in the repository and cannot be reconstructed. The bytes ac"
2026-09-12T03:38:56+00:00,295a06c7,artifact,S9,data/reference/wikipedia_article_resolution.csv,verified,"sha256 8e488fc8819956be, 109 rows; not registered in data_sources.csv"
2026-09-12T03:38:56+00:00,295a06c7,artifact,S10,data/reference/victim_registry.csv,verified,"sha256 13f3fbcfe5298589, 13,241 rows, 2013-01-01..2024-12-31; register holds a payload hash only"
2026-09-12T03:38:56+00:00,295a06c7,artifact,S11,data/reference/cai_components_daily.csv,verified,"sha256 f747bc27b7beada3, 9,232 rows, 2015-01-01..2024-12-31; matches the provenance register"
2026-09-12T03:38:56+00:00,295a06c7,artifact,S11,data/reference/wiki_ext_basket_used.csv,verified,"sha256 97140b683f5a6506, 109 rows; not registered in data_sources.csv"
2026-09-12T03:38:56+00:00,295a06c7,artifact,S11,data/reference/wiki_ext_aggregation_diagnostic.csv,verified,"sha256 2d37c4ad5d1c0c3d, 3,472 rows, 2015-07-01..2024-12-31; not registered in data_sources.csv"
2026-09-12T03:38:56+00:00,295a06c7,artifact,S12,data/reference/cai_trends_daily.csv,verified,"sha256 f18c11eb209350bd, 7,306 rows, 2015-01-01..2024-12-31; matches the provenance register"
2026-09-12T03:38:56+00:00,295a06c7,artifact,S12,data/reference/cai_trends_stitch_diagnostics.csv,verified,"sha256 a79bdc97be843bd6, 58 rows; not registered in data_sources.csv"
2026-09-12T03:38:56+00:00,295a06c7,artifact,S13,data/reference/cai_trends_anchored.csv,unverifiable,"artifact absent, and the source is retired"
2026-09-12T03:38:56+00:00,295a06c7,artifact,S14,data/reference/precinct_cd_crosswalk.csv,verified,"sha256 4c519dc6e115d562, 131 rows; matches the provenance register"
2026-09-12T03:38:56+00:00,295a06c7,artifact,S15,data/reference/bheard_precinct_adoption.csv,verified,"sha256 b7627d01221e5159, 31 rows; matches the provenance register"
2026-09-12T03:38:56+00:00,295a06c7,artifact,S15,data/reference/bheard_cd_exposure.csv,verified,"sha256 c387a640fc425626, 74 rows; not registered in data_sources.csv"
2026-09-12T03:38:56+00:00,295a06c7,artifact,S16,data/reference/basket_decisions.csv,verified,"sha256 cabfa4ca663e133c, 174 rows, 1958-04-25..2026-07-07; not registered in data_sources.csv"
2026-09-12T03:38:56+00:00,295a06c7,artifact,S17,data/reference/article_title_map.csv,verified,"sha256 b1be98f09b916a90, 530 rows; matches the provenance register"
2026-09-12T03:38:56+00:00,295a06c7,artifact,S17,outputs/tables/rename_recovery.csv,verified,"sha256 bdacd2e6adb24ce9, 127 rows; not registered in data_sources.csv"
2026-09-12T03:38:56+00:00,295a06c7,artifact,S18,data/reference/wiki_nyc_articles.csv,verified,"sha256 a50359145a74a954, 543 rows; not registered in data_sources.csv"
2026-09-12T03:38:56+00:00,295a06c7,artifact,S18,data/reference/wiki_nyc_daily.csv,verified,"sha256 66321420e2ed9675, 6,944 rows, 2015-07-01..2024-12-31; matches the provenance register"
2026-09-12T03:38:56+00:00,295a06c7,artifact,S18,data/reference/wiki_nyc_per_article.csv,verified,"sha256 5b8fffc41defa7b1, 55,552 rows, 2015-07-01..2024-12-31; not registered in data_sources.csv"
2026-09-12T03:38:56+00:00,295a06c7,claim,S1,C01_ems_source_rows,verified,"computed 29,978,154; document agrees"
2026-09-12T03:38:56+00:00,295a06c7,claim,S10,C02_registry_rows,verified,"computed 13,241; document agrees"
2026-09-12T03:38:56+00:00,295a06c7,claim,S11,C03_wiki_start,verified,computed 2015-07-01; document agrees
2026-09-12T03:38:56+00:00,295a06c7,claim,S16,C04_basket_articles,verified,computed 120; document agrees
2026-09-12T03:38:56+00:00,295a06c7,claim,S16,C05_basket_people,verified,computed 119; document agrees
2026-09-12T03:38:56+00:00,295a06c7,claim,S16,C06_basket_after_2020,verified,computed 27; document agrees
2026-09-12T03:38:56+00:00,295a06c7,claim,S11,C07_scored_days,verified,"computed 3,472; document agrees"
2026-09-12T03:38:56+00:00,295a06c7,claim,S11,C08_cai_ref_mean,verified,computed 0.000000; document agrees
2026-09-12T03:38:56+00:00,295a06c7,claim,S11,C09_cai_ref_sd,verified,computed 1.000000; document agrees
2026-09-12T03:38:56+00:00,295a06c7,claim,S1,C10_panel_rows,verified,"computed 89,857; document agrees"
2026-09-12T03:38:56+00:00,295a06c7,claim,S1,C11_panel_districts,verified,computed 59; document agrees
2026-09-12T03:38:56+00:00,295a06c7,claim,S1,C12_mean_edp_share,verified,computed 0.0856; document agrees
2026-09-12T03:38:56+00:00,295a06c7,claim,S1,C13_mean_total_calls,verified,computed 65.9; document agrees
2026-09-12T03:38:56+00:00,295a06c7,claim,S12,C14_trends_nyc_zero_all,verified,computed 42.6%; document agrees
2026-09-12T03:38:56+00:00,295a06c7,claim,S12,C15_trends_nyc_zero_2020,verified,computed 26%; document agrees
2026-09-12T03:38:56+00:00,295a06c7,claim,S12,C16_trends_nyc_zero_2024,verified,computed 71%; document agrees
2026-09-12T03:38:56+00:00,295a06c7,claim,S17,C17_rename_views_recovered,verified,"computed 79,439,814; document agrees"
2026-09-12T03:38:56+00:00,295a06c7,claim,S17,C18_rename_articles,verified,computed 112; document agrees
2026-09-12T03:38:56+00:00,295a06c7,claim,S17,C19_rename_articles_total,verified,computed 116; document agrees
2026-09-12T03:38:56+00:00,295a06c7,claim,S11,C20_episodes_frozen,verified,computed 70; document agrees
2026-09-12T03:38:56+00:00,295a06c7,claim,S11,C21_episodes_rebuilt,verified,computed 74; document agrees
2026-09-12T03:38:56+00:00,295a06c7,claim,S11,C22_episode_max_days,verified,computed 14; document agrees
2026-09-12T03:38:56+00:00,295a06c7,claim,S11,C23_basket_usable,verified,computed 107; document agrees
2026-09-12T03:38:56+00:00,295a06c7,claim,S15,C24_bheard_precincts,verified,computed 31; document agrees
2026-09-12T03:38:56+00:00,295a06c7,claim,S15,C25_bheard_low_conf,verified,computed 17; document agrees
2026-09-12T03:38:56+00:00,295a06c7,claim,-,C26_suite_checks,verified,computed 61; document agrees
2026-09-12T03:38:56+00:00,295a06c7,claim,-,C28_audit_checks,verified,computed 42; document agrees
2026-09-12T03:38:56+00:00,295a06c7,claim,-,C29_audit_flags,verified,computed 2; document agrees
2026-09-12T03:38:56+00:00,295a06c7,claim,-,C30_sources_registered,verified,computed 19; document agrees
2026-09-12T03:38:56+00:00,295a06c7,claim,S17,C31_start_lag_max,verified,computed 3; document agrees
2026-09-12T03:38:56+00:00,295a06c7,claim,S17,C32_start_lag_articles,verified,computed 107; document agrees
2026-09-12T03:38:56+00:00,295a06c7,claim,S17,C33_titles_dated,verified,computed 530; document agrees
2026-09-12T03:38:56+00:00,295a06c7,claim,S18,C37_national_corr,verified,computed 0.9695; document agrees
2026-09-12T03:38:56+00:00,295a06c7,claim,S18,C34_nyc_corr_ext,verified,computed 0.54; document agrees
2026-09-12T03:38:56+00:00,295a06c7,claim,S18,C35_nyc_corr_us,verified,computed 0.62; document agrees
2026-09-12T03:38:56+00:00,295a06c7,claim,S18,C36_nyc_articles,verified,computed 11; document agrees
2026-09-12T03:38:56+00:00,295a06c7,claim,S18,C38_nyc_overlap,verified,computed 59%; document agrees
2026-09-12T03:38:56+00:00,295a06c7,claim,S18,C40_nyc_garner,verified,computed 53%; document agrees
2026-09-12T03:38:56+00:00,295a06c7,claim,S18,C41_nyc_disjoint,verified,computed 8; document agrees
2026-09-12T03:38:56+00:00,295a06c7,claim,S18,C42_nyc_r2,verified,computed 0.454; document agrees
2026-09-12T03:38:56+00:00,295a06c7,claim,S18,C43_nyc_resid,verified,computed 6; document agrees
2026-09-12T03:38:56+00:00,295a06c7,claim,S18,C44_national_corr,verified,computed 0.9695; document agrees
2026-09-12T03:38:56+00:00,295a06c7,claim,S18,C45_nyc_disjoint_year,verified,computed 2012; document agrees
2026-09-12T03:38:56+00:00,295a06c7,claim,S11,C46_antipolice_peak_published,verified,computed 12.5693; document agrees
2026-09-12T03:38:56+00:00,295a06c7,claim,S11,C47_antipolice_peak_counterfactual,verified,computed 13.1356; document agrees
2026-09-12T03:38:56+00:00,295a06c7,claim,S11,C48_antipolice_views_on_peak,verified,"computed 205,332; document agrees"
2026-09-12T03:38:56+00:00,295a06c7,claim,S11,C49_antipolice_max_change,verified,computed 1.03; document agrees
2026-09-12T03:38:56+00:00,295a06c7,claim,S11,C50_antipolice_days_touched,verified,"computed 3,105; document agrees"
2026-09-12T03:38:56+00:00,295a06c7,claim,S16,C51_published_basket,verified,computed 109; document agrees
2026-09-12T03:38:56+00:00,295a06c7,claim,S11,C52_calib_rejection,verified,computed 0.05; document agrees
2026-09-12T03:38:56+00:00,295a06c7,claim,S11,C53_calib_rho,verified,computed 0.0482; document agrees
2026-09-12T03:38:56+00:00,295a06c7,claim,S11,C54_calib_ks,verified,computed 0.5617; document agrees
2026-09-12T03:50:49+00:00,23529591,claim,S1,C01_ems_source_rows,verified,"computed 29,978,154; document agrees"
2026-09-12T03:50:49+00:00,23529591,claim,S10,C02_registry_rows,verified,"computed 13,241; document agrees"
2026-09-12T03:50:49+00:00,23529591,claim,S11,C03_wiki_start,verified,computed 2015-07-01; document agrees
2026-09-12T03:50:49+00:00,23529591,claim,S16,C04_basket_articles,verified,computed 120; document agrees
2026-09-12T03:50:49+00:00,23529591,claim,S16,C05_basket_people,verified,computed 119; document agrees
2026-09-12T03:50:49+00:00,23529591,claim,S16,C06_basket_after_2020,verified,computed 27; document agrees
2026-09-12T03:50:49+00:00,23529591,claim,S11,C07_scored_days,verified,"computed 3,472; document agrees"
2026-09-12T03:50:49+00:00,23529591,claim,S11,C08_cai_ref_mean,verified,computed 0.000000; document agrees
2026-09-12T03:50:49+00:00,23529591,claim,S11,C09_cai_ref_sd,verified,computed 1.000000; document agrees
2026-09-12T03:50:49+00:00,23529591,claim,S1,C10_panel_rows,verified,"computed 89,857; document agrees"
2026-09-12T03:50:49+00:00,23529591,claim,S1,C11_panel_districts,verified,computed 59; document agrees
2026-09-12T03:50:49+00:00,23529591,claim,S1,C12_mean_edp_share,verified,computed 0.0856; document agrees
2026-09-12T03:50:49+00:00,23529591,claim,S1,C13_mean_total_calls,verified,computed 65.9; document agrees
2026-09-12T03:50:49+00:00,23529591,claim,S12,C14_trends_nyc_zero_all,verified,computed 42.6%; document agrees
2026-09-12T03:50:49+00:00,23529591,claim,S12,C15_trends_nyc_zero_2020,verified,computed 26%; document agrees
2026-09-12T03:50:49+00:00,23529591,claim,S12,C16_trends_nyc_zero_2024,verified,computed 71%; document agrees
2026-09-12T03:50:49+00:00,23529591,claim,S17,C17_rename_views_recovered,verified,"computed 79,439,814; document agrees"
2026-09-12T03:50:49+00:00,23529591,claim,S17,C18_rename_articles,verified,computed 112; document agrees
2026-09-12T03:50:49+00:00,23529591,claim,S17,C19_rename_articles_total,verified,computed 116; document agrees
2026-09-12T03:50:49+00:00,23529591,claim,S11,C20_episodes_frozen,verified,computed 70; document agrees
2026-09-12T03:50:49+00:00,23529591,claim,S11,C21_episodes_rebuilt,verified,computed 74; document agrees
2026-09-12T03:50:49+00:00,23529591,claim,S11,C22_episode_max_days,verified,computed 14; document agrees
2026-09-12T03:50:49+00:00,23529591,claim,S11,C23_basket_usable,verified,computed 107; document agrees
2026-09-12T03:50:49+00:00,23529591,claim,S15,C24_bheard_precincts,verified,computed 31; document agrees
2026-09-12T03:50:49+00:00,23529591,claim,S15,C25_bheard_low_conf,verified,computed 17; document agrees
2026-09-12T03:50:49+00:00,23529591,claim,-,C26_suite_checks,verified,computed 62; document agrees
2026-09-12T03:50:49+00:00,23529591,claim,-,C28_audit_checks,verified,computed 42; document agrees
2026-09-12T03:50:49+00:00,23529591,claim,-,C29_audit_flags,verified,computed 2; document agrees
2026-09-12T03:50:49+00:00,23529591,claim,-,C30_sources_registered,verified,computed 19; document agrees
2026-09-12T03:50:49+00:00,23529591,claim,S17,C31_start_lag_max,verified,computed 3; document agrees
2026-09-12T03:50:49+00:00,23529591,claim,S17,C32_start_lag_articles,verified,computed 107; document agrees
2026-09-12T03:50:49+00:00,23529591,claim,S17,C33_titles_dated,verified,computed 530; document agrees
2026-09-12T03:50:49+00:00,23529591,claim,S18,C37_national_corr,verified,computed 0.9695; document agrees
2026-09-12T03:50:49+00:00,23529591,claim,S18,C34_nyc_corr_ext,verified,computed 0.54; document agrees
2026-09-12T03:50:49+00:00,23529591,claim,S18,C35_nyc_corr_us,verified,computed 0.62; document agrees
2026-09-12T03:50:49+00:00,23529591,claim,S18,C36_nyc_articles,verified,computed 11; document agrees
2026-09-12T03:50:49+00:00,23529591,claim,S18,C38_nyc_overlap,verified,computed 59%; document agrees
2026-09-12T03:50:49+00:00,23529591,claim,S18,C40_nyc_garner,verified,computed 53%; document agrees
2026-09-12T03:50:49+00:00,23529591,claim,S18,C41_nyc_disjoint,verified,computed 8; document agrees
2026-09-12T03:50:49+00:00,23529591,claim,S18,C42_nyc_r2,verified,computed 0.454; document agrees
2026-09-12T03:50:49+00:00,23529591,claim,S18,C43_nyc_resid,verified,computed 6; document agrees
2026-09-12T03:50:49+00:00,23529591,claim,S18,C44_national_corr,verified,computed 0.9695; document agrees
2026-09-12T03:50:49+00:00,23529591,claim,S18,C45_nyc_disjoint_year,verified,computed 2012; document agrees
2026-09-12T03:50:49+00:00,23529591,claim,S11,C46_antipolice_peak_published,verified,computed 12.5693; document agrees
2026-09-12T03:50:49+00:00,23529591,claim,S11,C47_antipolice_peak_counterfactual,verified,computed 13.1356; document agrees
2026-09-12T03:50:49+00:00,23529591,claim,S11,C48_antipolice_views_on_peak,verified,"computed 205,332; document agrees"
2026-09-12T03:50:49+00:00,23529591,claim,S11,C49_antipolice_max_change,verified,computed 1.03; document agrees
2026-09-12T03:50:49+00:00,23529591,claim,S11,C50_antipolice_days_touched,verified,"computed 3,105; document agrees"
2026-09-12T03:50:49+00:00,23529591,claim,S16,C51_published_basket,verified,computed 109; document agrees
2026-09-12T03:50:49+00:00,23529591,claim,S11,C52_calib_rejection,verified,computed 0.05; document agrees
2026-09-12T03:50:49+00:00,23529591,claim,S11,C53_calib_rho,verified,computed 0.0482; document agrees
2026-09-12T03:50:49+00:00,23529591,claim,S11,C54_calib_ks,verified,computed 0.5617; document agrees
2026-09-12T03:53:05+00:00,595ec170,link,S1,https://data.cityofnewyork.us/resource/76xm-jjuj.csv,skipped,--offline
2026-09-12T03:53:05+00:00,595ec170,link,S1b,https://data.cityofnewyork.us/resource/76xm-jjuj.csv,skipped,--offline
2026-09-12T03:53:05+00:00,595ec170,link,S2,(none),unverifiable,no endpoint: not obtained over the network
2026-09-12T03:53:05+00:00,595ec170,link,S3,(none),unverifiable,no endpoint: not obtained over the network
2026-09-12T03:53:05+00:00,595ec170,link,S4,https://github.com/washingtonpost/data-police-shootings,skipped,--offline
2026-09-12T03:53:05+00:00,595ec170,link,S5,(none),template,no endpoint: not obtained over the network
2026-09-12T03:53:05+00:00,595ec170,link,S6,(none),template,no endpoint: not obtained over the network
2026-09-12T03:53:05+00:00,595ec170,link,S7,https://s-media.nyc.gov/agencies/dcp/assets/files/excel/data-tools/census/acs/demo_2019_acs5yr_nta.xlsx,skipped,--offline
2026-09-12T03:53:05+00:00,595ec170,link,S8,https://wikimedia.org/api/rest_v1/metrics/pageviews/per-article/,skipped,--offline
2026-09-12T03:53:05+00:00,595ec170,link,S9,https://en.wikipedia.org/api/rest_v1/page/summary/,skipped,--offline
2026-09-12T03:53:05+00:00,595ec170,link,S10,https://mappingpoliceviolence.us/s/MPVDatasetDownload.xlsx,skipped,--offline
2026-09-12T03:53:05+00:00,595ec170,link,S11,https://api.gdeltproject.org/api/v2/doc/doc,skipped,--offline
2026-09-12T03:53:05+00:00,595ec170,link,S11,https://api.gdeltproject.org/api/v2/tv/tv,skipped,--offline
2026-09-12T03:53:05+00:00,595ec170,link,S11,https://wikimedia.org/api/rest_v1/metrics/pageviews/per-article/,skipped,--offline
2026-09-12T03:53:05+00:00,595ec170,link,S12,https://trends.google.com,skipped,--offline
2026-09-12T03:53:05+00:00,595ec170,link,S13,https://trends.google.com,skipped,--offline
2026-09-12T03:53:05+00:00,595ec170,link,S14,https://data.cityofnewyork.us/resource/76xm-jjuj.json,skipped,--offline
2026-09-12T03:53:05+00:00,595ec170,link,S15,https://mentalhealth.cityofnewyork.us/b-heard,skipped,--offline
2026-09-12T03:53:05+00:00,595ec170,link,S16,https://query.wikidata.org/sparql,skipped,--offline
2026-09-12T03:53:05+00:00,595ec170,link,S17,https://en.wikipedia.org/w/api.php,skipped,--offline
2026-09-12T03:53:05+00:00,595ec170,link,S18,https://en.wikipedia.org/w/api.php,skipped,--offline
2026-09-12T03:53:05+00:00,595ec170,link,S18,https://wikimedia.org/api/rest_v1/metrics/pageviews/per-article/,skipped,--offline
2026-09-12T03:53:05+00:00,595ec170,artifact,S1,data/processed/ems_cd_day_calltype.parquet,verified,"sha256 6247a7239559f930, 4,876,509 rows, 2014-12-01..2024-12-31; not registered in data_sources.csv"
2026-09-12T03:53:05+00:00,595ec170,artifact,S1,data/processed/ems_citywide_day_trends.parquet,verified,"sha256 33c8850350f90ab3, 39,037 rows, 2005-01-01..2026-06-30; not registered in data_sources.csv"
2026-09-12T03:53:05+00:00,595ec170,artifact,S1b,data/processed/ems_cd_day_calltype.parquet,verified,"sha256 6247a7239559f930, 4,876,509 rows, 2014-12-01..2024-12-31; matches the provenance register"
2026-09-12T03:53:05+00:00,595ec170,artifact,S2,data/raw/211118_tweet_count_name_date.csv,unverifiable,"artifact absent, and the source is unverifiable"
2026-09-12T03:53:05+00:00,595ec170,artifact,S3,data/raw/220126_final_daily_tweet_count.csv,unverifiable,"artifact absent, and the source is unverifiable"
2026-09-12T03:53:05+00:00,595ec170,artifact,S4,data/raw/fatalpoliceshootingsCLEANED.csv,unverifiable,"artifact absent, and the source is retired"
2026-09-12T03:53:05+00:00,595ec170,artifact,S5,data/raw/sf1_dp_cd_demoprofile.xlsx,verified,"sha256 20459df2681c751b, unreadable: UnicodeDecodeError; not registered in data_sources.csv"
2026-09-12T03:53:05+00:00,595ec170,artifact,S6,data/reference/victim_curation_table.csv,verified,"sha256 75e6bea4243eebe7, 101 rows, 2013-05-24..2020-10-20; not registered in data_sources.csv"
2026-09-12T03:53:05+00:00,595ec170,artifact,S7,data/reference/acs_2019_cd_demographics.csv,verified,"sha256 210ec18a067b7f5d, 59 rows; register holds a payload hash only"
2026-09-12T03:53:05+00:00,595ec170,artifact,S8,data/reference/wikipedia_pageviews_victims.csv,verified,"sha256 e1e88d7d93c69631, 25,211 rows, 2017-01-01..2020-12-31; provenance register is stale and cannot be refreshed — accepted 2026-09-10: Neither registered hash matches this file, and it cannot be re-registered by re-running its fetch: 09_fetch_public_data.py selects this basket from the retired Twitter per-victim file (S2), which is not in the repository and cannot be reconstructed. The bytes ac"
2026-09-12T03:53:05+00:00,595ec170,artifact,S9,data/reference/wikipedia_article_resolution.csv,verified,"sha256 8e488fc8819956be, 109 rows; not registered in data_sources.csv"
2026-09-12T03:53:05+00:00,595ec170,artifact,S10,data/reference/victim_registry.csv,verified,"sha256 13f3fbcfe5298589, 13,241 rows, 2013-01-01..2024-12-31; register holds a payload hash only"
2026-09-12T03:53:05+00:00,595ec170,artifact,S11,data/reference/cai_components_daily.csv,verified,"sha256 f747bc27b7beada3, 9,232 rows, 2015-01-01..2024-12-31; matches the provenance register"
2026-09-12T03:53:05+00:00,595ec170,artifact,S11,data/reference/wiki_ext_basket_used.csv,verified,"sha256 97140b683f5a6506, 109 rows; not registered in data_sources.csv"
2026-09-12T03:53:05+00:00,595ec170,artifact,S11,data/reference/wiki_ext_aggregation_diagnostic.csv,verified,"sha256 2d37c4ad5d1c0c3d, 3,472 rows, 2015-07-01..2024-12-31; not registered in data_sources.csv"
2026-09-12T03:53:05+00:00,595ec170,artifact,S12,data/reference/cai_trends_daily.csv,verified,"sha256 f18c11eb209350bd, 7,306 rows, 2015-01-01..2024-12-31; matches the provenance register"
2026-09-12T03:53:05+00:00,595ec170,artifact,S12,data/reference/cai_trends_stitch_diagnostics.csv,verified,"sha256 a79bdc97be843bd6, 58 rows; not registered in data_sources.csv"
2026-09-12T03:53:05+00:00,595ec170,artifact,S13,data/reference/cai_trends_anchored.csv,unverifiable,"artifact absent, and the source is retired"
2026-09-12T03:53:05+00:00,595ec170,artifact,S14,data/reference/precinct_cd_crosswalk.csv,verified,"sha256 4c519dc6e115d562, 131 rows; matches the provenance register"
2026-09-12T03:53:05+00:00,595ec170,artifact,S15,data/reference/bheard_precinct_adoption.csv,verified,"sha256 b7627d01221e5159, 31 rows; matches the provenance register"
2026-09-12T03:53:05+00:00,595ec170,artifact,S15,data/reference/bheard_cd_exposure.csv,verified,"sha256 c387a640fc425626, 74 rows; not registered in data_sources.csv"
2026-09-12T03:53:05+00:00,595ec170,artifact,S16,data/reference/basket_decisions.csv,verified,"sha256 cabfa4ca663e133c, 174 rows, 1958-04-25..2026-07-07; not registered in data_sources.csv"
2026-09-12T03:53:05+00:00,595ec170,artifact,S17,data/reference/article_title_map.csv,verified,"sha256 b1be98f09b916a90, 530 rows; matches the provenance register"
2026-09-12T03:53:05+00:00,595ec170,artifact,S17,outputs/tables/rename_recovery.csv,verified,"sha256 bdacd2e6adb24ce9, 127 rows; not registered in data_sources.csv"
2026-09-12T03:53:05+00:00,595ec170,artifact,S18,data/reference/wiki_nyc_articles.csv,verified,"sha256 a50359145a74a954, 543 rows; not registered in data_sources.csv"
2026-09-12T03:53:05+00:00,595ec170,artifact,S18,data/reference/wiki_nyc_daily.csv,verified,"sha256 66321420e2ed9675, 6,944 rows, 2015-07-01..2024-12-31; matches the provenance register"
2026-09-12T03:53:05+00:00,595ec170,artifact,S18,data/reference/wiki_nyc_per_article.csv,verified,"sha256 5b8fffc41defa7b1, 55,552 rows, 2015-07-01..2024-12-31; not registered in data_sources.csv"
2026-09-12T03:53:05+00:00,595ec170,claim,S1,C01_ems_source_rows,verified,"computed 29,978,154; document agrees"
2026-09-12T03:53:05+00:00,595ec170,claim,S10,C02_registry_rows,verified,"computed 13,241; document agrees"
2026-09-12T03:53:05+00:00,595ec170,claim,S11,C03_wiki_start,verified,computed 2015-07-01; document agrees
2026-09-12T03:53:05+00:00,595ec170,claim,S16,C04_basket_articles,verified,computed 120; document agrees
2026-09-12T03:53:05+00:00,595ec170,claim,S16,C05_basket_people,verified,computed 119; document agrees
2026-09-12T03:53:05+00:00,595ec170,claim,S16,C06_basket_after_2020,verified,computed 27; document agrees
2026-09-12T03:53:05+00:00,595ec170,claim,S11,C07_scored_days,verified,"computed 3,472; document agrees"
2026-09-12T03:53:05+00:00,595ec170,claim,S11,C08_cai_ref_mean,verified,computed 0.000000; document agrees
2026-09-12T03:53:05+00:00,595ec170,claim,S11,C09_cai_ref_sd,verified,computed 1.000000; document agrees
2026-09-12T03:53:05+00:00,595ec170,claim,S1,C10_panel_rows,verified,"computed 89,857; document agrees"
2026-09-12T03:53:05+00:00,595ec170,claim,S1,C11_panel_districts,verified,computed 59; document agrees
2026-09-12T03:53:05+00:00,595ec170,claim,S1,C12_mean_edp_share,verified,computed 0.0856; document agrees
2026-09-12T03:53:05+00:00,595ec170,claim,S1,C13_mean_total_calls,verified,computed 65.9; document agrees
2026-09-12T03:53:05+00:00,595ec170,claim,S12,C14_trends_nyc_zero_all,verified,computed 42.6%; document agrees
2026-09-12T03:53:05+00:00,595ec170,claim,S12,C15_trends_nyc_zero_2020,verified,computed 26%; document agrees
2026-09-12T03:53:05+00:00,595ec170,claim,S12,C16_trends_nyc_zero_2024,verified,computed 71%; document agrees
2026-09-12T03:53:05+00:00,595ec170,claim,S17,C17_rename_views_recovered,verified,"computed 79,439,814; document agrees"
2026-09-12T03:53:05+00:00,595ec170,claim,S17,C18_rename_articles,verified,computed 112; document agrees
2026-09-12T03:53:05+00:00,595ec170,claim,S17,C19_rename_articles_total,verified,computed 116; document agrees
2026-09-12T03:53:05+00:00,595ec170,claim,S11,C20_episodes_frozen,verified,computed 70; document agrees
2026-09-12T03:53:05+00:00,595ec170,claim,S11,C21_episodes_rebuilt,verified,computed 74; document agrees
2026-09-12T03:53:05+00:00,595ec170,claim,S11,C22_episode_max_days,verified,computed 14; document agrees
2026-09-12T03:53:05+00:00,595ec170,claim,S11,C23_basket_usable,verified,computed 107; document agrees
2026-09-12T03:53:05+00:00,595ec170,claim,S15,C24_bheard_precincts,verified,computed 31; document agrees
2026-09-12T03:53:05+00:00,595ec170,claim,S15,C25_bheard_low_conf,verified,computed 17; document agrees
2026-09-12T03:53:05+00:00,595ec170,claim,-,C26_suite_checks,verified,computed 62; document agrees
2026-09-12T03:53:05+00:00,595ec170,claim,-,C28_audit_checks,verified,computed 42; document agrees
2026-09-12T03:53:05+00:00,595ec170,claim,-,C29_audit_flags,verified,computed 2; document agrees
2026-09-12T03:53:05+00:00,595ec170,claim,-,C30_sources_registered,verified,computed 19; document agrees
2026-09-12T03:53:05+00:00,595ec170,claim,S17,C31_start_lag_max,verified,computed 3; document agrees
2026-09-12T03:53:05+00:00,595ec170,claim,S17,C32_start_lag_articles,verified,computed 107; document agrees
2026-09-12T03:53:05+00:00,595ec170,claim,S17,C33_titles_dated,verified,computed 530; document agrees
2026-09-12T03:53:05+00:00,595ec170,claim,S18,C37_national_corr,verified,computed 0.9695; document agrees
2026-09-12T03:53:05+00:00,595ec170,claim,S18,C34_nyc_corr_ext,verified,computed 0.54; document agrees
2026-09-12T03:53:05+00:00,595ec170,claim,S18,C35_nyc_corr_us,verified,computed 0.62; document agrees
2026-09-12T03:53:05+00:00,595ec170,claim,S18,C36_nyc_articles,verified,computed 11; document agrees
2026-09-12T03:53:05+00:00,595ec170,claim,S18,C38_nyc_overlap,verified,computed 59%; document agrees
2026-09-12T03:53:05+00:00,595ec170,claim,S18,C40_nyc_garner,verified,computed 53%; document agrees
2026-09-12T03:53:05+00:00,595ec170,claim,S18,C41_nyc_disjoint,verified,computed 8; document agrees
2026-09-12T03:53:05+00:00,595ec170,claim,S18,C42_nyc_r2,verified,computed 0.454; document agrees
2026-09-12T03:53:05+00:00,595ec170,claim,S18,C43_nyc_resid,verified,computed 6; document agrees
2026-09-12T03:53:05+00:00,595ec170,claim,S18,C44_national_corr,verified,computed 0.9695; document agrees
2026-09-12T03:53:05+00:00,595ec170,claim,S18,C45_nyc_disjoint_year,verified,computed 2012; document agrees
2026-09-12T03:53:05+00:00,595ec170,claim,S11,C46_antipolice_peak_published,verified,computed 12.5693; document agrees
2026-09-12T03:53:05+00:00,595ec170,claim,S11,C47_antipolice_peak_counterfactual,verified,computed 13.1356; document agrees
2026-09-12T03:53:05+00:00,595ec170,claim,S11,C48_antipolice_views_on_peak,verified,"computed 205,332; document agrees"
2026-09-12T03:53:05+00:00,595ec170,claim,S11,C49_antipolice_max_change,verified,computed 1.03; document agrees
2026-09-12T03:53:05+00:00,595ec170,claim,S11,C50_antipolice_days_touched,verified,"computed 3,105; document agrees"
2026-09-12T03:53:05+00:00,595ec170,claim,S16,C51_published_basket,verified,computed 109; document agrees
2026-09-12T03:53:05+00:00,595ec170,claim,S11,C52_calib_rejection,verified,computed 0.05; document agrees
2026-09-12T03:53:05+00:00,595ec170,claim,S11,C53_calib_rho,verified,computed 0.0482; document agrees
2026-09-12T03:53:05+00:00,595ec170,claim,S11,C54_calib_ks,verified,computed 0.5617; document agrees
2026-09-12T03:56:46+00:00,e6652409,claim,S1,C01_ems_source_rows,verified,"computed 29,978,154; document agrees"
2026-09-12T03:56:46+00:00,e6652409,claim,S10,C02_registry_rows,verified,"computed 13,241; document agrees"
2026-09-12T03:56:46+00:00,e6652409,claim,S11,C03_wiki_start,verified,computed 2015-07-01; document agrees
2026-09-12T03:56:46+00:00,e6652409,claim,S16,C04_basket_articles,verified,computed 120; document agrees
2026-09-12T03:56:46+00:00,e6652409,claim,S16,C05_basket_people,verified,computed 119; document agrees
2026-09-12T03:56:46+00:00,e6652409,claim,S16,C06_basket_after_2020,verified,computed 27; document agrees
2026-09-12T03:56:46+00:00,e6652409,claim,S11,C07_scored_days,verified,"computed 3,472; document agrees"
2026-09-12T03:56:46+00:00,e6652409,claim,S11,C08_cai_ref_mean,verified,computed 0.000000; document agrees
2026-09-12T03:56:46+00:00,e6652409,claim,S11,C09_cai_ref_sd,verified,computed 1.000000; document agrees
2026-09-12T03:56:46+00:00,e6652409,claim,S1,C10_panel_rows,verified,"computed 89,857; document agrees"
2026-09-12T03:56:46+00:00,e6652409,claim,S1,C11_panel_districts,verified,computed 59; document agrees
2026-09-12T03:56:46+00:00,e6652409,claim,S1,C12_mean_edp_share,verified,computed 0.0856; document agrees
2026-09-12T03:56:46+00:00,e6652409,claim,S1,C13_mean_total_calls,verified,computed 65.9; document agrees
2026-09-12T03:56:46+00:00,e6652409,claim,S12,C14_trends_nyc_zero_all,verified,computed 42.6%; document agrees
2026-09-12T03:56:46+00:00,e6652409,claim,S12,C15_trends_nyc_zero_2020,verified,computed 26%; document agrees
2026-09-12T03:56:46+00:00,e6652409,claim,S12,C16_trends_nyc_zero_2024,verified,computed 71%; document agrees
2026-09-12T03:56:46+00:00,e6652409,claim,S17,C17_rename_views_recovered,verified,"computed 79,439,814; document agrees"
2026-09-12T03:56:46+00:00,e6652409,claim,S17,C18_rename_articles,verified,computed 112; document agrees
2026-09-12T03:56:46+00:00,e6652409,claim,S17,C19_rename_articles_total,verified,computed 116; document agrees
2026-09-12T03:56:46+00:00,e6652409,claim,S11,C20_episodes_frozen,verified,computed 70; document agrees
2026-09-12T03:56:46+00:00,e6652409,claim,S11,C21_episodes_rebuilt,verified,computed 74; document agrees
2026-09-12T03:56:46+00:00,e6652409,claim,S11,C22_episode_max_days,verified,computed 14; document agrees
2026-09-12T03:56:46+00:00,e6652409,claim,S11,C23_basket_usable,verified,computed 107; document agrees
2026-09-12T03:56:46+00:00,e6652409,claim,S15,C24_bheard_precincts,verified,computed 31; document agrees
2026-09-12T03:56:46+00:00,e6652409,claim,S15,C25_bheard_low_conf,verified,computed 17; document agrees
2026-09-12T03:56:46+00:00,e6652409,claim,-,C26_suite_checks,verified,computed 62; document agrees
2026-09-12T03:56:46+00:00,e6652409,claim,-,C28_audit_checks,verified,computed 42; document agrees
2026-09-12T03:56:46+00:00,e6652409,claim,-,C29_audit_flags,verified,computed 2; document agrees
2026-09-12T03:56:46+00:00,e6652409,claim,-,C30_sources_registered,verified,computed 19; document agrees
2026-09-12T03:56:46+00:00,e6652409,claim,S17,C31_start_lag_max,verified,computed 3; document agrees
2026-09-12T03:56:46+00:00,e6652409,claim,S17,C32_start_lag_articles,verified,computed 107; document agrees
2026-09-12T03:56:46+00:00,e6652409,claim,S17,C33_titles_dated,verified,computed 530; document agrees
2026-09-12T03:56:46+00:00,e6652409,claim,S18,C37_national_corr,verified,computed 0.9695; document agrees
2026-09-12T03:56:46+00:00,e6652409,claim,S18,C34_nyc_corr_ext,verified,computed 0.54; document agrees
2026-09-12T03:56:46+00:00,e6652409,claim,S18,C35_nyc_corr_us,verified,computed 0.62; document agrees
2026-09-12T03:56:46+00:00,e6652409,claim,S18,C36_nyc_articles,verified,computed 11; document agrees
2026-09-12T03:56:46+00:00,e6652409,claim,S18,C38_nyc_overlap,verified,computed 59%; document agrees
2026-09-12T03:56:46+00:00,e6652409,claim,S18,C40_nyc_garner,verified,computed 53%; document agrees
2026-09-12T03:56:46+00:00,e6652409,claim,S18,C41_nyc_disjoint,verified,computed 8; document agrees
2026-09-12T03:56:46+00:00,e6652409,claim,S18,C42_nyc_r2,verified,computed 0.454; document agrees
2026-09-12T03:56:46+00:00,e6652409,claim,S18,C43_nyc_resid,verified,computed 6; document agrees
2026-09-12T03:56:46+00:00,e6652409,claim,S18,C44_national_corr,verified,computed 0.9695; document agrees
2026-09-12T03:56:46+00:00,e6652409,claim,S18,C45_nyc_disjoint_year,verified,computed 2012; document agrees
2026-09-12T03:56:46+00:00,e6652409,claim,S11,C46_antipolice_peak_published,verified,computed 12.5693; document agrees
2026-09-12T03:56:46+00:00,e6652409,claim,S11,C47_antipolice_peak_counterfactual,verified,computed 13.1356; document agrees
2026-09-12T03:56:46+00:00,e6652409,claim,S11,C48_antipolice_views_on_peak,verified,"computed 205,332; document agrees"
2026-09-12T03:56:46+00:00,e6652409,claim,S11,C49_antipolice_max_change,verified,computed 1.03; document agrees
2026-09-12T03:56:46+00:00,e6652409,claim,S11,C50_antipolice_days_touched,verified,"computed 3,105; document agrees"
2026-09-12T03:56:46+00:00,e6652409,claim,S16,C51_published_basket,verified,computed 109; document agrees
2026-09-12T03:56:46+00:00,e6652409,claim,S11,C52_calib_rejection,verified,computed 0.05; document agrees
2026-09-12T03:56:46+00:00,e6652409,claim,S11,C53_calib_rho,verified,computed 0.0482; document agrees
2026-09-12T03:56:46+00:00,e6652409,claim,S11,C54_calib_ks,verified,computed 0.5617; document agrees
2026-09-12T03:56:46+00:00,e6652409,claim,S11,C56_episodes_rebuilt_count,verified,computed 74; document agrees
2026-09-12T03:56:46+00:00,e6652409,claim,S11,C57_episodes_clustered,failed,expression raised NameError: name 'enumerate' is not defined
2026-09-12T03:57:04+00:00,b3e7b7de,claim,S1,C01_ems_source_rows,verified,"computed 29,978,154; document agrees"
2026-09-12T03:57:04+00:00,b3e7b7de,claim,S10,C02_registry_rows,verified,"computed 13,241; document agrees"
2026-09-12T03:57:04+00:00,b3e7b7de,claim,S11,C03_wiki_start,verified,computed 2015-07-01; document agrees
2026-09-12T03:57:04+00:00,b3e7b7de,claim,S16,C04_basket_articles,verified,computed 120; document agrees
2026-09-12T03:57:04+00:00,b3e7b7de,claim,S16,C05_basket_people,verified,computed 119; document agrees
2026-09-12T03:57:04+00:00,b3e7b7de,claim,S16,C06_basket_after_2020,verified,computed 27; document agrees
2026-09-12T03:57:04+00:00,b3e7b7de,claim,S11,C07_scored_days,verified,"computed 3,472; document agrees"
2026-09-12T03:57:04+00:00,b3e7b7de,claim,S11,C08_cai_ref_mean,verified,computed 0.000000; document agrees
2026-09-12T03:57:04+00:00,b3e7b7de,claim,S11,C09_cai_ref_sd,verified,computed 1.000000; document agrees
2026-09-12T03:57:04+00:00,b3e7b7de,claim,S1,C10_panel_rows,verified,"computed 89,857; document agrees"
2026-09-12T03:57:04+00:00,b3e7b7de,claim,S1,C11_panel_districts,verified,computed 59; document agrees
2026-09-12T03:57:04+00:00,b3e7b7de,claim,S1,C12_mean_edp_share,verified,computed 0.0856; document agrees
2026-09-12T03:57:04+00:00,b3e7b7de,claim,S1,C13_mean_total_calls,verified,computed 65.9; document agrees
2026-09-12T03:57:04+00:00,b3e7b7de,claim,S12,C14_trends_nyc_zero_all,verified,computed 42.6%; document agrees
2026-09-12T03:57:04+00:00,b3e7b7de,claim,S12,C15_trends_nyc_zero_2020,verified,computed 26%; document agrees
2026-09-12T03:57:04+00:00,b3e7b7de,claim,S12,C16_trends_nyc_zero_2024,verified,computed 71%; document agrees
2026-09-12T03:57:04+00:00,b3e7b7de,claim,S17,C17_rename_views_recovered,verified,"computed 79,439,814; document agrees"
2026-09-12T03:57:04+00:00,b3e7b7de,claim,S17,C18_rename_articles,verified,computed 112; document agrees
2026-09-12T03:57:04+00:00,b3e7b7de,claim,S17,C19_rename_articles_total,verified,computed 116; document agrees
2026-09-12T03:57:04+00:00,b3e7b7de,claim,S11,C20_episodes_frozen,verified,computed 70; document agrees
2026-09-12T03:57:04+00:00,b3e7b7de,claim,S11,C21_episodes_rebuilt,verified,computed 74; document agrees
2026-09-12T03:57:04+00:00,b3e7b7de,claim,S11,C22_episode_max_days,verified,computed 14; document agrees
2026-09-12T03:57:04+00:00,b3e7b7de,claim,S11,C23_basket_usable,verified,computed 107; document agrees
2026-09-12T03:57:04+00:00,b3e7b7de,claim,S15,C24_bheard_precincts,verified,computed 31; document agrees
2026-09-12T03:57:04+00:00,b3e7b7de,claim,S15,C25_bheard_low_conf,verified,computed 17; document agrees
2026-09-12T03:57:04+00:00,b3e7b7de,claim,-,C26_suite_checks,verified,computed 62; document agrees
2026-09-12T03:57:04+00:00,b3e7b7de,claim,-,C28_audit_checks,verified,computed 42; document agrees
2026-09-12T03:57:04+00:00,b3e7b7de,claim,-,C29_audit_flags,verified,computed 2; document agrees
2026-09-12T03:57:04+00:00,b3e7b7de,claim,-,C30_sources_registered,verified,computed 19; document agrees
2026-09-12T03:57:04+00:00,b3e7b7de,claim,S17,C31_start_lag_max,verified,computed 3; document agrees
2026-09-12T03:57:04+00:00,b3e7b7de,claim,S17,C32_start_lag_articles,verified,computed 107; document agrees
2026-09-12T03:57:04+00:00,b3e7b7de,claim,S17,C33_titles_dated,verified,computed 530; document agrees
2026-09-12T03:57:04+00:00,b3e7b7de,claim,S18,C37_national_corr,verified,computed 0.9695; document agrees
2026-09-12T03:57:04+00:00,b3e7b7de,claim,S18,C34_nyc_corr_ext,verified,computed 0.54; document agrees
2026-09-12T03:57:04+00:00,b3e7b7de,claim,S18,C35_nyc_corr_us,verified,computed 0.62; document agrees
2026-09-12T03:57:04+00:00,b3e7b7de,claim,S18,C36_nyc_articles,verified,computed 11; document agrees
2026-09-12T03:57:04+00:00,b3e7b7de,claim,S18,C38_nyc_overlap,verified,computed 59%; document agrees
2026-09-12T03:57:04+00:00,b3e7b7de,claim,S18,C40_nyc_garner,verified,computed 53%; document agrees
2026-09-12T03:57:04+00:00,b3e7b7de,claim,S18,C41_nyc_disjoint,verified,computed 8; document agrees
2026-09-12T03:57:04+00:00,b3e7b7de,claim,S18,C42_nyc_r2,verified,computed 0.454; document agrees
2026-09-12T03:57:04+00:00,b3e7b7de,claim,S18,C43_nyc_resid,verified,computed 6; document agrees
2026-09-12T03:57:04+00:00,b3e7b7de,claim,S18,C44_national_corr,verified,computed 0.9695; document agrees
2026-09-12T03:57:04+00:00,b3e7b7de,claim,S18,C45_nyc_disjoint_year,verified,computed 2012; document agrees
2026-09-12T03:57:04+00:00,b3e7b7de,claim,S11,C46_antipolice_peak_published,verified,computed 12.5693; document agrees
2026-09-12T03:57:04+00:00,b3e7b7de,claim,S11,C47_antipolice_peak_counterfactual,verified,computed 13.1356; document agrees
2026-09-12T03:57:04+00:00,b3e7b7de,claim,S11,C48_antipolice_views_on_peak,verified,"computed 205,332; document agrees"
2026-09-12T03:57:04+00:00,b3e7b7de,claim,S11,C49_antipolice_max_change,verified,computed 1.03; document agrees
2026-09-12T03:57:04+00:00,b3e7b7de,claim,S11,C50_antipolice_days_touched,verified,"computed 3,105; document agrees"
2026-09-12T03:57:04+00:00,b3e7b7de,claim,S16,C51_published_basket,verified,computed 109; document agrees
2026-09-12T03:57:04+00:00,b3e7b7de,claim,S11,C52_calib_rejection,verified,computed 0.05; document agrees
2026-09-12T03:57:04+00:00,b3e7b7de,claim,S11,C53_calib_rho,verified,computed 0.0482; document agrees
2026-09-12T03:57:04+00:00,b3e7b7de,claim,S11,C54_calib_ks,verified,computed 0.5617; document agrees
2026-09-12T03:57:04+00:00,b3e7b7de,claim,S11,C56_episodes_rebuilt_count,verified,computed 74; document agrees
2026-09-12T03:57:04+00:00,b3e7b7de,claim,S11,C57_episodes_clustered,verified,computed 36; document agrees
2026-09-12T04:03:59+00:00,88467783,link,S1,https://data.cityofnewyork.us/resource/76xm-jjuj.csv,skipped,--offline
2026-09-12T04:03:59+00:00,88467783,link,S1b,https://data.cityofnewyork.us/resource/76xm-jjuj.csv,skipped,--offline
2026-09-12T04:03:59+00:00,88467783,link,S2,(none),unverifiable,no endpoint: not obtained over the network
2026-09-12T04:03:59+00:00,88467783,link,S3,(none),unverifiable,no endpoint: not obtained over the network
2026-09-12T04:03:59+00:00,88467783,link,S4,https://github.com/washingtonpost/data-police-shootings,skipped,--offline
2026-09-12T04:03:59+00:00,88467783,link,S5,(none),template,no endpoint: not obtained over the network
2026-09-12T04:03:59+00:00,88467783,link,S6,(none),template,no endpoint: not obtained over the network
2026-09-12T04:03:59+00:00,88467783,link,S7,https://s-media.nyc.gov/agencies/dcp/assets/files/excel/data-tools/census/acs/demo_2019_acs5yr_nta.xlsx,skipped,--offline
2026-09-12T04:03:59+00:00,88467783,link,S8,https://wikimedia.org/api/rest_v1/metrics/pageviews/per-article/,skipped,--offline
2026-09-12T04:03:59+00:00,88467783,link,S9,https://en.wikipedia.org/api/rest_v1/page/summary/,skipped,--offline
2026-09-12T04:03:59+00:00,88467783,link,S10,https://mappingpoliceviolence.us/s/MPVDatasetDownload.xlsx,skipped,--offline
2026-09-12T04:03:59+00:00,88467783,link,S11,https://api.gdeltproject.org/api/v2/doc/doc,skipped,--offline
2026-09-12T04:03:59+00:00,88467783,link,S11,https://api.gdeltproject.org/api/v2/tv/tv,skipped,--offline
2026-09-12T04:03:59+00:00,88467783,link,S11,https://wikimedia.org/api/rest_v1/metrics/pageviews/per-article/,skipped,--offline
2026-09-12T04:03:59+00:00,88467783,link,S12,https://trends.google.com,skipped,--offline
2026-09-12T04:03:59+00:00,88467783,link,S13,https://trends.google.com,skipped,--offline
2026-09-12T04:03:59+00:00,88467783,link,S14,https://data.cityofnewyork.us/resource/76xm-jjuj.json,skipped,--offline
2026-09-12T04:03:59+00:00,88467783,link,S15,https://mentalhealth.cityofnewyork.us/b-heard,skipped,--offline
2026-09-12T04:03:59+00:00,88467783,link,S16,https://query.wikidata.org/sparql,skipped,--offline
2026-09-12T04:03:59+00:00,88467783,link,S17,https://en.wikipedia.org/w/api.php,skipped,--offline
2026-09-12T04:03:59+00:00,88467783,link,S18,https://en.wikipedia.org/w/api.php,skipped,--offline
2026-09-12T04:03:59+00:00,88467783,link,S18,https://wikimedia.org/api/rest_v1/metrics/pageviews/per-article/,skipped,--offline
2026-09-12T04:03:59+00:00,88467783,artifact,S1,data/processed/ems_cd_day_calltype.parquet,verified,"sha256 6247a7239559f930, 4,876,509 rows, 2014-12-01..2024-12-31; not registered in data_sources.csv"
2026-09-12T04:03:59+00:00,88467783,artifact,S1,data/processed/ems_citywide_day_trends.parquet,verified,"sha256 33c8850350f90ab3, 39,037 rows, 2005-01-01..2026-06-30; not registered in data_sources.csv"
2026-09-12T04:03:59+00:00,88467783,artifact,S1b,data/processed/ems_cd_day_calltype.parquet,verified,"sha256 6247a7239559f930, 4,876,509 rows, 2014-12-01..2024-12-31; matches the provenance register"
2026-09-12T04:03:59+00:00,88467783,artifact,S2,data/raw/211118_tweet_count_name_date.csv,unverifiable,"artifact absent, and the source is unverifiable"
2026-09-12T04:03:59+00:00,88467783,artifact,S3,data/raw/220126_final_daily_tweet_count.csv,unverifiable,"artifact absent, and the source is unverifiable"
2026-09-12T04:03:59+00:00,88467783,artifact,S4,data/raw/fatalpoliceshootingsCLEANED.csv,unverifiable,"artifact absent, and the source is retired"
2026-09-12T04:03:59+00:00,88467783,artifact,S5,data/raw/sf1_dp_cd_demoprofile.xlsx,verified,"sha256 20459df2681c751b, unreadable: UnicodeDecodeError; not registered in data_sources.csv"
2026-09-12T04:03:59+00:00,88467783,artifact,S6,data/reference/victim_curation_table.csv,verified,"sha256 75e6bea4243eebe7, 101 rows, 2013-05-24..2020-10-20; not registered in data_sources.csv"
2026-09-12T04:03:59+00:00,88467783,artifact,S7,data/reference/acs_2019_cd_demographics.csv,verified,"sha256 210ec18a067b7f5d, 59 rows; register holds a payload hash only"
2026-09-12T04:03:59+00:00,88467783,artifact,S8,data/reference/wikipedia_pageviews_victims.csv,verified,"sha256 e1e88d7d93c69631, 25,211 rows, 2017-01-01..2020-12-31; provenance register is stale and cannot be refreshed — accepted 2026-09-10: Neither registered hash matches this file, and it cannot be re-registered by re-running its fetch: 09_fetch_public_data.py selects this basket from the retired Twitter per-victim file (S2), which is not in the repository and cannot be reconstructed. The bytes ac"
2026-09-12T04:03:59+00:00,88467783,artifact,S9,data/reference/wikipedia_article_resolution.csv,verified,"sha256 8e488fc8819956be, 109 rows; not registered in data_sources.csv"
2026-09-12T04:03:59+00:00,88467783,artifact,S10,data/reference/victim_registry.csv,verified,"sha256 13f3fbcfe5298589, 13,241 rows, 2013-01-01..2024-12-31; register holds a payload hash only"
2026-09-12T04:03:59+00:00,88467783,artifact,S11,data/reference/cai_components_daily.csv,verified,"sha256 f747bc27b7beada3, 9,232 rows, 2015-01-01..2024-12-31; matches the provenance register"
2026-09-12T04:03:59+00:00,88467783,artifact,S11,data/reference/wiki_ext_basket_used.csv,verified,"sha256 97140b683f5a6506, 109 rows; not registered in data_sources.csv"
2026-09-12T04:03:59+00:00,88467783,artifact,S11,data/reference/wiki_ext_aggregation_diagnostic.csv,verified,"sha256 2d37c4ad5d1c0c3d, 3,472 rows, 2015-07-01..2024-12-31; not registered in data_sources.csv"
2026-09-12T04:03:59+00:00,88467783,artifact,S12,data/reference/cai_trends_daily.csv,verified,"sha256 f18c11eb209350bd, 7,306 rows, 2015-01-01..2024-12-31; matches the provenance register"
2026-09-12T04:03:59+00:00,88467783,artifact,S12,data/reference/cai_trends_stitch_diagnostics.csv,verified,"sha256 a79bdc97be843bd6, 58 rows; not registered in data_sources.csv"
2026-09-12T04:03:59+00:00,88467783,artifact,S13,data/reference/cai_trends_anchored.csv,unverifiable,"artifact absent, and the source is retired"
2026-09-12T04:03:59+00:00,88467783,artifact,S14,data/reference/precinct_cd_crosswalk.csv,verified,"sha256 4c519dc6e115d562, 131 rows; matches the provenance register"
2026-09-12T04:03:59+00:00,88467783,artifact,S15,data/reference/bheard_precinct_adoption.csv,verified,"sha256 b7627d01221e5159, 31 rows; matches the provenance register"
2026-09-12T04:03:59+00:00,88467783,artifact,S15,data/reference/bheard_cd_exposure.csv,verified,"sha256 c387a640fc425626, 74 rows; not registered in data_sources.csv"
2026-09-12T04:03:59+00:00,88467783,artifact,S16,data/reference/basket_decisions.csv,verified,"sha256 cabfa4ca663e133c, 174 rows, 1958-04-25..2026-07-07; not registered in data_sources.csv"
2026-09-12T04:03:59+00:00,88467783,artifact,S17,data/reference/article_title_map.csv,verified,"sha256 b1be98f09b916a90, 530 rows; matches the provenance register"
2026-09-12T04:03:59+00:00,88467783,artifact,S17,outputs/tables/rename_recovery.csv,verified,"sha256 bdacd2e6adb24ce9, 127 rows; not registered in data_sources.csv"
2026-09-12T04:03:59+00:00,88467783,artifact,S18,data/reference/wiki_nyc_articles.csv,verified,"sha256 a50359145a74a954, 543 rows; not registered in data_sources.csv"
2026-09-12T04:03:59+00:00,88467783,artifact,S18,data/reference/wiki_nyc_daily.csv,verified,"sha256 66321420e2ed9675, 6,944 rows, 2015-07-01..2024-12-31; matches the provenance register"
2026-09-12T04:03:59+00:00,88467783,artifact,S18,data/reference/wiki_nyc_per_article.csv,verified,"sha256 5b8fffc41defa7b1, 55,552 rows, 2015-07-01..2024-12-31; not registered in data_sources.csv"
2026-09-12T04:03:59+00:00,88467783,claim,S1,C01_ems_source_rows,verified,"computed 29,978,154; document agrees"
2026-09-12T04:03:59+00:00,88467783,claim,S10,C02_registry_rows,verified,"computed 13,241; document agrees"
2026-09-12T04:03:59+00:00,88467783,claim,S11,C03_wiki_start,verified,computed 2015-07-01; document agrees
2026-09-12T04:03:59+00:00,88467783,claim,S16,C04_basket_articles,verified,computed 120; document agrees
2026-09-12T04:03:59+00:00,88467783,claim,S16,C05_basket_people,verified,computed 119; document agrees
2026-09-12T04:03:59+00:00,88467783,claim,S16,C06_basket_after_2020,verified,computed 27; document agrees
2026-09-12T04:03:59+00:00,88467783,claim,S11,C07_scored_days,verified,"computed 3,472; document agrees"
2026-09-12T04:03:59+00:00,88467783,claim,S11,C08_cai_ref_mean,verified,computed 0.000000; document agrees
2026-09-12T04:03:59+00:00,88467783,claim,S11,C09_cai_ref_sd,verified,computed 1.000000; document agrees
2026-09-12T04:03:59+00:00,88467783,claim,S1,C10_panel_rows,verified,"computed 89,857; document agrees"
2026-09-12T04:03:59+00:00,88467783,claim,S1,C11_panel_districts,verified,computed 59; document agrees
2026-09-12T04:03:59+00:00,88467783,claim,S1,C12_mean_edp_share,verified,computed 0.0856; document agrees
2026-09-12T04:03:59+00:00,88467783,claim,S1,C13_mean_total_calls,verified,computed 65.9; document agrees
2026-09-12T04:03:59+00:00,88467783,claim,S12,C14_trends_nyc_zero_all,verified,computed 42.6%; document agrees
2026-09-12T04:03:59+00:00,88467783,claim,S12,C15_trends_nyc_zero_2020,verified,computed 26%; document agrees
2026-09-12T04:03:59+00:00,88467783,claim,S12,C16_trends_nyc_zero_2024,verified,computed 71%; document agrees
2026-09-12T04:03:59+00:00,88467783,claim,S17,C17_rename_views_recovered,verified,"computed 79,439,814; document agrees"
2026-09-12T04:03:59+00:00,88467783,claim,S17,C18_rename_articles,verified,computed 112; document agrees
2026-09-12T04:03:59+00:00,88467783,claim,S17,C19_rename_articles_total,verified,computed 116; document agrees
2026-09-12T04:03:59+00:00,88467783,claim,S11,C20_episodes_frozen,verified,computed 70; document agrees
2026-09-12T04:03:59+00:00,88467783,claim,S11,C21_episodes_rebuilt,verified,computed 74; document agrees
2026-09-12T04:03:59+00:00,88467783,claim,S11,C22_episode_max_days,verified,computed 14; document agrees
2026-09-12T04:03:59+00:00,88467783,claim,S11,C23_basket_usable,verified,computed 107; document agrees
2026-09-12T04:03:59+00:00,88467783,claim,S15,C24_bheard_precincts,verified,computed 31; document agrees
2026-09-12T04:03:59+00:00,88467783,claim,S15,C25_bheard_low_conf,verified,computed 17; document agrees
2026-09-12T04:03:59+00:00,88467783,claim,-,C26_suite_checks,verified,computed 62; document agrees
2026-09-12T04:03:59+00:00,88467783,claim,-,C28_audit_checks,verified,computed 42; document agrees
2026-09-12T04:03:59+00:00,88467783,claim,-,C29_audit_flags,verified,computed 2; document agrees
2026-09-12T04:03:59+00:00,88467783,claim,-,C30_sources_registered,verified,computed 19; document agrees
2026-09-12T04:03:59+00:00,88467783,claim,S17,C31_start_lag_max,verified,computed 3; document agrees
2026-09-12T04:03:59+00:00,88467783,claim,S17,C32_start_lag_articles,verified,computed 107; document agrees
2026-09-12T04:03:59+00:00,88467783,claim,S17,C33_titles_dated,verified,computed 530; document agrees
2026-09-12T04:03:59+00:00,88467783,claim,S18,C37_national_corr,verified,computed 0.9695; document agrees
2026-09-12T04:03:59+00:00,88467783,claim,S18,C34_nyc_corr_ext,verified,computed 0.54; document agrees
2026-09-12T04:03:59+00:00,88467783,claim,S18,C35_nyc_corr_us,verified,computed 0.62; document agrees
2026-09-12T04:03:59+00:00,88467783,claim,S18,C36_nyc_articles,verified,computed 11; document agrees
2026-09-12T04:03:59+00:00,88467783,claim,S18,C38_nyc_overlap,verified,computed 59%; document agrees
2026-09-12T04:03:59+00:00,88467783,claim,S18,C40_nyc_garner,verified,computed 53%; document agrees
2026-09-12T04:03:59+00:00,88467783,claim,S18,C41_nyc_disjoint,verified,computed 8; document agrees
2026-09-12T04:03:59+00:00,88467783,claim,S18,C42_nyc_r2,verified,computed 0.454; document agrees
2026-09-12T04:03:59+00:00,88467783,claim,S18,C43_nyc_resid,verified,computed 6; document agrees
2026-09-12T04:03:59+00:00,88467783,claim,S18,C44_national_corr,verified,computed 0.9695; document agrees
2026-09-12T04:03:59+00:00,88467783,claim,S18,C45_nyc_disjoint_year,verified,computed 2012; document agrees
2026-09-12T04:03:59+00:00,88467783,claim,S11,C46_antipolice_peak_published,verified,computed 12.5693; document agrees
2026-09-12T04:03:59+00:00,88467783,claim,S11,C47_antipolice_peak_counterfactual,verified,computed 13.1356; document agrees
2026-09-12T04:03:59+00:00,88467783,claim,S11,C48_antipolice_views_on_peak,verified,"computed 205,332; document agrees"
2026-09-12T04:03:59+00:00,88467783,claim,S11,C49_antipolice_max_change,verified,computed 1.03; document agrees
2026-09-12T04:03:59+00:00,88467783,claim,S11,C50_antipolice_days_touched,verified,"computed 3,105; document agrees"
2026-09-12T04:03:59+00:00,88467783,claim,S16,C51_published_basket,verified,computed 109; document agrees
2026-09-12T04:03:59+00:00,88467783,claim,S11,C52_calib_rejection,mismatch,"computed 0.06, but the document does not say 'empirical rejection rate 0.06 nominal' (the surrounding wording is present, so the number differs)"
2026-09-12T04:03:59+00:00,88467783,claim,S11,C53_calib_rho,verified,computed 0.0482; document agrees
2026-09-12T04:03:59+00:00,88467783,claim,S11,C54_calib_ks,mismatch,"computed 0.6803, but the document does not say 'KS uniformity p = 0.6803' (the surrounding wording is present, so the number differs)"
2026-09-12T04:03:59+00:00,88467783,claim,S11,C56_episodes_rebuilt_count,verified,computed 74; document agrees
2026-09-12T04:03:59+00:00,88467783,claim,S11,C57_episodes_clustered,verified,computed 36; document agrees
2026-09-12T04:04:28+00:00,99d5a3c6,claim,S1,C01_ems_source_rows,verified,"computed 29,978,154; document agrees"
2026-09-12T04:04:28+00:00,99d5a3c6,claim,S10,C02_registry_rows,verified,"computed 13,241; document agrees"
2026-09-12T04:04:28+00:00,99d5a3c6,claim,S11,C03_wiki_start,verified,computed 2015-07-01; document agrees
2026-09-12T04:04:28+00:00,99d5a3c6,claim,S16,C04_basket_articles,verified,computed 120; document agrees
2026-09-12T04:04:28+00:00,99d5a3c6,claim,S16,C05_basket_people,verified,computed 119; document agrees
2026-09-12T04:04:28+00:00,99d5a3c6,claim,S16,C06_basket_after_2020,verified,computed 27; document agrees
2026-09-12T04:04:28+00:00,99d5a3c6,claim,S11,C07_scored_days,verified,"computed 3,472; document agrees"
2026-09-12T04:04:28+00:00,99d5a3c6,claim,S11,C08_cai_ref_mean,verified,computed 0.000000; document agrees
2026-09-12T04:04:28+00:00,99d5a3c6,claim,S11,C09_cai_ref_sd,verified,computed 1.000000; document agrees
2026-09-12T04:04:28+00:00,99d5a3c6,claim,S1,C10_panel_rows,verified,"computed 89,857; document agrees"
2026-09-12T04:04:28+00:00,99d5a3c6,claim,S1,C11_panel_districts,verified,computed 59; document agrees
2026-09-12T04:04:28+00:00,99d5a3c6,claim,S1,C12_mean_edp_share,verified,computed 0.0856; document agrees
2026-09-12T04:04:28+00:00,99d5a3c6,claim,S1,C13_mean_total_calls,verified,computed 65.9; document agrees
2026-09-12T04:04:28+00:00,99d5a3c6,claim,S12,C14_trends_nyc_zero_all,verified,computed 42.6%; document agrees
2026-09-12T04:04:28+00:00,99d5a3c6,claim,S12,C15_trends_nyc_zero_2020,verified,computed 26%; document agrees
2026-09-12T04:04:28+00:00,99d5a3c6,claim,S12,C16_trends_nyc_zero_2024,verified,computed 71%; document agrees
2026-09-12T04:04:28+00:00,99d5a3c6,claim,S17,C17_rename_views_recovered,verified,"computed 79,439,814; document agrees"
2026-09-12T04:04:28+00:00,99d5a3c6,claim,S17,C18_rename_articles,verified,computed 112; document agrees
2026-09-12T04:04:28+00:00,99d5a3c6,claim,S17,C19_rename_articles_total,verified,computed 116; document agrees
2026-09-12T04:04:28+00:00,99d5a3c6,claim,S11,C20_episodes_frozen,verified,computed 70; document agrees
2026-09-12T04:04:28+00:00,99d5a3c6,claim,S11,C21_episodes_rebuilt,verified,computed 74; document agrees
2026-09-12T04:04:28+00:00,99d5a3c6,claim,S11,C22_episode_max_days,verified,computed 14; document agrees
2026-09-12T04:04:28+00:00,99d5a3c6,claim,S11,C23_basket_usable,verified,computed 107; document agrees
2026-09-12T04:04:28+00:00,99d5a3c6,claim,S15,C24_bheard_precincts,verified,computed 31; document agrees
2026-09-12T04:04:28+00:00,99d5a3c6,claim,S15,C25_bheard_low_conf,verified,computed 17; document agrees
2026-09-12T04:04:28+00:00,99d5a3c6,claim,-,C26_suite_checks,verified,computed 62; document agrees
2026-09-12T04:04:28+00:00,99d5a3c6,claim,-,C28_audit_checks,verified,computed 42; document agrees
2026-09-12T04:04:28+00:00,99d5a3c6,claim,-,C29_audit_flags,verified,computed 2; document agrees
2026-09-12T04:04:28+00:00,99d5a3c6,claim,-,C30_sources_registered,verified,computed 19; document agrees
2026-09-12T04:04:28+00:00,99d5a3c6,claim,S17,C31_start_lag_max,verified,computed 3; document agrees
2026-09-12T04:04:28+00:00,99d5a3c6,claim,S17,C32_start_lag_articles,verified,computed 107; document agrees
2026-09-12T04:04:28+00:00,99d5a3c6,claim,S17,C33_titles_dated,verified,computed 530; document agrees
2026-09-12T04:04:28+00:00,99d5a3c6,claim,S18,C37_national_corr,verified,computed 0.9695; document agrees
2026-09-12T04:04:28+00:00,99d5a3c6,claim,S18,C34_nyc_corr_ext,verified,computed 0.54; document agrees
2026-09-12T04:04:28+00:00,99d5a3c6,claim,S18,C35_nyc_corr_us,verified,computed 0.62; document agrees
2026-09-12T04:04:28+00:00,99d5a3c6,claim,S18,C36_nyc_articles,verified,computed 11; document agrees
2026-09-12T04:04:28+00:00,99d5a3c6,claim,S18,C38_nyc_overlap,verified,computed 59%; document agrees
2026-09-12T04:04:28+00:00,99d5a3c6,claim,S18,C40_nyc_garner,verified,computed 53%; document agrees
2026-09-12T04:04:28+00:00,99d5a3c6,claim,S18,C41_nyc_disjoint,verified,computed 8; document agrees
2026-09-12T04:04:28+00:00,99d5a3c6,claim,S18,C42_nyc_r2,verified,computed 0.454; document agrees
2026-09-12T04:04:28+00:00,99d5a3c6,claim,S18,C43_nyc_resid,verified,computed 6; document agrees
2026-09-12T04:04:28+00:00,99d5a3c6,claim,S18,C44_national_corr,verified,computed 0.9695; document agrees
2026-09-12T04:04:28+00:00,99d5a3c6,claim,S18,C45_nyc_disjoint_year,verified,computed 2012; document agrees
2026-09-12T04:04:28+00:00,99d5a3c6,claim,S11,C46_antipolice_peak_published,verified,computed 12.5693; document agrees
2026-09-12T04:04:28+00:00,99d5a3c6,claim,S11,C47_antipolice_peak_counterfactual,verified,computed 13.1356; document agrees
2026-09-12T04:04:28+00:00,99d5a3c6,claim,S11,C48_antipolice_views_on_peak,verified,"computed 205,332; document agrees"
2026-09-12T04:04:28+00:00,99d5a3c6,claim,S11,C49_antipolice_max_change,verified,computed 1.03; document agrees
2026-09-12T04:04:28+00:00,99d5a3c6,claim,S11,C50_antipolice_days_touched,verified,"computed 3,105; document agrees"
2026-09-12T04:04:28+00:00,99d5a3c6,claim,S16,C51_published_basket,verified,computed 109; document agrees
2026-09-12T04:04:28+00:00,99d5a3c6,claim,S11,C52_calib_rejection,mismatch,"computed 0.06, but the document does not say 'empirical rejection rate 0.06 nominal' (the surrounding wording is present, so the number differs)"
2026-09-12T04:04:28+00:00,99d5a3c6,claim,S11,C53_calib_rho,verified,computed 0.0482; document agrees
2026-09-12T04:04:28+00:00,99d5a3c6,claim,S11,C54_calib_ks,mismatch,"computed 0.6803, but the document does not say 'KS uniformity p = 0.6803' (the surrounding wording is present, so the number differs)"
2026-09-12T04:04:28+00:00,99d5a3c6,claim,S11,C56_episodes_rebuilt_count,verified,computed 74; document agrees
2026-09-12T04:04:28+00:00,99d5a3c6,claim,S11,C57_episodes_clustered,verified,computed 36; document agrees
2026-09-12T04:04:28+00:00,99d5a3c6,claim,S1,C01_ems_source_rows,verified,"computed 29,978,154; document agrees"
2026-09-12T04:04:28+00:00,99d5a3c6,claim,S10,C02_registry_rows,verified,"computed 13,241; document agrees"
2026-09-12T04:04:28+00:00,99d5a3c6,claim,S11,C03_wiki_start,verified,computed 2015-07-01; document agrees
2026-09-12T04:04:28+00:00,99d5a3c6,claim,S16,C04_basket_articles,verified,computed 120; document agrees
2026-09-12T04:04:28+00:00,99d5a3c6,claim,S16,C05_basket_people,verified,computed 119; document agrees
2026-09-12T04:04:28+00:00,99d5a3c6,claim,S16,C06_basket_after_2020,verified,computed 27; document agrees
2026-09-12T04:04:28+00:00,99d5a3c6,claim,S11,C07_scored_days,verified,"computed 3,472; document agrees"
2026-09-12T04:04:28+00:00,99d5a3c6,claim,S11,C08_cai_ref_mean,verified,computed 0.000000; document agrees
2026-09-12T04:04:28+00:00,99d5a3c6,claim,S11,C09_cai_ref_sd,verified,computed 1.000000; document agrees
2026-09-12T04:04:28+00:00,99d5a3c6,claim,S1,C10_panel_rows,verified,"computed 89,857; document agrees"
2026-09-12T04:04:28+00:00,99d5a3c6,claim,S1,C11_panel_districts,verified,computed 59; document agrees
2026-09-12T04:04:28+00:00,99d5a3c6,claim,S1,C12_mean_edp_share,verified,computed 0.0856; document agrees
2026-09-12T04:04:28+00:00,99d5a3c6,claim,S1,C13_mean_total_calls,verified,computed 65.9; document agrees
2026-09-12T04:04:28+00:00,99d5a3c6,claim,S12,C14_trends_nyc_zero_all,verified,computed 42.6%; document agrees
2026-09-12T04:04:28+00:00,99d5a3c6,claim,S12,C15_trends_nyc_zero_2020,verified,computed 26%; document agrees
2026-09-12T04:04:28+00:00,99d5a3c6,claim,S12,C16_trends_nyc_zero_2024,verified,computed 71%; document agrees
2026-09-12T04:04:28+00:00,99d5a3c6,claim,S17,C17_rename_views_recovered,verified,"computed 79,439,814; document agrees"
2026-09-12T04:04:28+00:00,99d5a3c6,claim,S17,C18_rename_articles,verified,computed 112; document agrees
2026-09-12T04:04:28+00:00,99d5a3c6,claim,S17,C19_rename_articles_total,verified,computed 116; document agrees
2026-09-12T04:04:28+00:00,99d5a3c6,claim,S11,C20_episodes_frozen,verified,computed 70; document agrees
2026-09-12T04:04:28+00:00,99d5a3c6,claim,S11,C21_episodes_rebuilt,verified,computed 74; document agrees
2026-09-12T04:04:28+00:00,99d5a3c6,claim,S11,C22_episode_max_days,verified,computed 14; document agrees
2026-09-12T04:04:28+00:00,99d5a3c6,claim,S11,C23_basket_usable,verified,computed 107; document agrees
2026-09-12T04:04:28+00:00,99d5a3c6,claim,S15,C24_bheard_precincts,verified,computed 31; document agrees
2026-09-12T04:04:28+00:00,99d5a3c6,claim,S15,C25_bheard_low_conf,verified,computed 17; document agrees
2026-09-12T04:04:28+00:00,99d5a3c6,claim,-,C26_suite_checks,verified,computed 62; document agrees
2026-09-12T04:04:28+00:00,99d5a3c6,claim,-,C28_audit_checks,verified,computed 42; document agrees
2026-09-12T04:04:28+00:00,99d5a3c6,claim,-,C29_audit_flags,verified,computed 2; document agrees
2026-09-12T04:04:28+00:00,99d5a3c6,claim,-,C30_sources_registered,verified,computed 19; document agrees
2026-09-12T04:04:28+00:00,99d5a3c6,claim,S17,C31_start_lag_max,verified,computed 3; document agrees
2026-09-12T04:04:28+00:00,99d5a3c6,claim,S17,C32_start_lag_articles,verified,computed 107; document agrees
2026-09-12T04:04:28+00:00,99d5a3c6,claim,S17,C33_titles_dated,verified,computed 530; document agrees
2026-09-12T04:04:28+00:00,99d5a3c6,claim,S18,C37_national_corr,verified,computed 0.9695; document agrees
2026-09-12T04:04:28+00:00,99d5a3c6,claim,S18,C34_nyc_corr_ext,verified,computed 0.54; document agrees
2026-09-12T04:04:28+00:00,99d5a3c6,claim,S18,C35_nyc_corr_us,verified,computed 0.62; document agrees
2026-09-12T04:04:28+00:00,99d5a3c6,claim,S18,C36_nyc_articles,verified,computed 11; document agrees
2026-09-12T04:04:28+00:00,99d5a3c6,claim,S18,C38_nyc_overlap,verified,computed 59%; document agrees
2026-09-12T04:04:28+00:00,99d5a3c6,claim,S18,C40_nyc_garner,verified,computed 53%; document agrees
2026-09-12T04:04:28+00:00,99d5a3c6,claim,S18,C41_nyc_disjoint,verified,computed 8; document agrees
2026-09-12T04:04:28+00:00,99d5a3c6,claim,S18,C42_nyc_r2,verified,computed 0.454; document agrees
2026-09-12T04:04:28+00:00,99d5a3c6,claim,S18,C43_nyc_resid,verified,computed 6; document agrees
2026-09-12T04:04:28+00:00,99d5a3c6,claim,S18,C44_national_corr,verified,computed 0.9695; document agrees
2026-09-12T04:04:28+00:00,99d5a3c6,claim,S18,C45_nyc_disjoint_year,verified,computed 2012; document agrees
2026-09-12T04:04:28+00:00,99d5a3c6,claim,S11,C46_antipolice_peak_published,verified,computed 12.5693; document agrees
2026-09-12T04:04:28+00:00,99d5a3c6,claim,S11,C47_antipolice_peak_counterfactual,verified,computed 13.1356; document agrees
2026-09-12T04:04:28+00:00,99d5a3c6,claim,S11,C48_antipolice_views_on_peak,verified,"computed 205,332; document agrees"
2026-09-12T04:04:28+00:00,99d5a3c6,claim,S11,C49_antipolice_max_change,verified,computed 1.03; document agrees
2026-09-12T04:04:28+00:00,99d5a3c6,claim,S11,C50_antipolice_days_touched,verified,"computed 3,105; document agrees"
2026-09-12T04:04:28+00:00,99d5a3c6,claim,S16,C51_published_basket,verified,computed 109; document agrees
2026-09-12T04:04:28+00:00,99d5a3c6,claim,S11,C52_calib_rejection,verified,computed 0.06; document agrees
2026-09-12T04:04:28+00:00,99d5a3c6,claim,S11,C53_calib_rho,verified,computed 0.0482; document agrees
2026-09-12T04:04:28+00:00,99d5a3c6,claim,S11,C54_calib_ks,verified,computed 0.6803; document agrees
2026-09-12T04:04:28+00:00,99d5a3c6,claim,S11,C56_episodes_rebuilt_count,verified,computed 74; document agrees
2026-09-12T04:04:28+00:00,99d5a3c6,claim,S11,C57_episodes_clustered,verified,computed 36; document agrees
2026-09-12T04:04:51+00:00,1bc74fc4,link,S1,https://data.cityofnewyork.us/resource/76xm-jjuj.csv,skipped,--offline
2026-09-12T04:04:51+00:00,1bc74fc4,link,S1b,https://data.cityofnewyork.us/resource/76xm-jjuj.csv,skipped,--offline
2026-09-12T04:04:51+00:00,1bc74fc4,link,S2,(none),unverifiable,no endpoint: not obtained over the network
2026-09-12T04:04:51+00:00,1bc74fc4,link,S3,(none),unverifiable,no endpoint: not obtained over the network
2026-09-12T04:04:51+00:00,1bc74fc4,link,S4,https://github.com/washingtonpost/data-police-shootings,skipped,--offline
2026-09-12T04:04:51+00:00,1bc74fc4,link,S5,(none),template,no endpoint: not obtained over the network
2026-09-12T04:04:51+00:00,1bc74fc4,link,S6,(none),template,no endpoint: not obtained over the network
2026-09-12T04:04:51+00:00,1bc74fc4,link,S7,https://s-media.nyc.gov/agencies/dcp/assets/files/excel/data-tools/census/acs/demo_2019_acs5yr_nta.xlsx,skipped,--offline
2026-09-12T04:04:51+00:00,1bc74fc4,link,S8,https://wikimedia.org/api/rest_v1/metrics/pageviews/per-article/,skipped,--offline
2026-09-12T04:04:51+00:00,1bc74fc4,link,S9,https://en.wikipedia.org/api/rest_v1/page/summary/,skipped,--offline
2026-09-12T04:04:51+00:00,1bc74fc4,link,S10,https://mappingpoliceviolence.us/s/MPVDatasetDownload.xlsx,skipped,--offline
2026-09-12T04:04:51+00:00,1bc74fc4,link,S11,https://api.gdeltproject.org/api/v2/doc/doc,skipped,--offline
2026-09-12T04:04:51+00:00,1bc74fc4,link,S11,https://api.gdeltproject.org/api/v2/tv/tv,skipped,--offline
2026-09-12T04:04:51+00:00,1bc74fc4,link,S11,https://wikimedia.org/api/rest_v1/metrics/pageviews/per-article/,skipped,--offline
2026-09-12T04:04:51+00:00,1bc74fc4,link,S12,https://trends.google.com,skipped,--offline
2026-09-12T04:04:51+00:00,1bc74fc4,link,S13,https://trends.google.com,skipped,--offline
2026-09-12T04:04:51+00:00,1bc74fc4,link,S14,https://data.cityofnewyork.us/resource/76xm-jjuj.json,skipped,--offline
2026-09-12T04:04:51+00:00,1bc74fc4,link,S15,https://mentalhealth.cityofnewyork.us/b-heard,skipped,--offline
2026-09-12T04:04:51+00:00,1bc74fc4,link,S16,https://query.wikidata.org/sparql,skipped,--offline
2026-09-12T04:04:51+00:00,1bc74fc4,link,S17,https://en.wikipedia.org/w/api.php,skipped,--offline
2026-09-12T04:04:51+00:00,1bc74fc4,link,S18,https://en.wikipedia.org/w/api.php,skipped,--offline
2026-09-12T04:04:51+00:00,1bc74fc4,link,S18,https://wikimedia.org/api/rest_v1/metrics/pageviews/per-article/,skipped,--offline
2026-09-12T04:04:51+00:00,1bc74fc4,artifact,S1,data/processed/ems_cd_day_calltype.parquet,verified,"sha256 6247a7239559f930, 4,876,509 rows, 2014-12-01..2024-12-31; not registered in data_sources.csv"
2026-09-12T04:04:51+00:00,1bc74fc4,artifact,S1,data/processed/ems_citywide_day_trends.parquet,verified,"sha256 33c8850350f90ab3, 39,037 rows, 2005-01-01..2026-06-30; not registered in data_sources.csv"
2026-09-12T04:04:51+00:00,1bc74fc4,artifact,S1b,data/processed/ems_cd_day_calltype.parquet,verified,"sha256 6247a7239559f930, 4,876,509 rows, 2014-12-01..2024-12-31; matches the provenance register"
2026-09-12T04:04:51+00:00,1bc74fc4,artifact,S2,data/raw/211118_tweet_count_name_date.csv,unverifiable,"artifact absent, and the source is unverifiable"
2026-09-12T04:04:51+00:00,1bc74fc4,artifact,S3,data/raw/220126_final_daily_tweet_count.csv,unverifiable,"artifact absent, and the source is unverifiable"
2026-09-12T04:04:51+00:00,1bc74fc4,artifact,S4,data/raw/fatalpoliceshootingsCLEANED.csv,unverifiable,"artifact absent, and the source is retired"
2026-09-12T04:04:51+00:00,1bc74fc4,artifact,S5,data/raw/sf1_dp_cd_demoprofile.xlsx,verified,"sha256 20459df2681c751b, unreadable: UnicodeDecodeError; not registered in data_sources.csv"
2026-09-12T04:04:51+00:00,1bc74fc4,artifact,S6,data/reference/victim_curation_table.csv,verified,"sha256 75e6bea4243eebe7, 101 rows, 2013-05-24..2020-10-20; not registered in data_sources.csv"
2026-09-12T04:04:51+00:00,1bc74fc4,artifact,S7,data/reference/acs_2019_cd_demographics.csv,verified,"sha256 210ec18a067b7f5d, 59 rows; register holds a payload hash only"
2026-09-12T04:04:51+00:00,1bc74fc4,artifact,S8,data/reference/wikipedia_pageviews_victims.csv,verified,"sha256 e1e88d7d93c69631, 25,211 rows, 2017-01-01..2020-12-31; provenance register is stale and cannot be refreshed — accepted 2026-09-10: Neither registered hash matches this file, and it cannot be re-registered by re-running its fetch: 09_fetch_public_data.py selects this basket from the retired Twitter per-victim file (S2), which is not in the repository and cannot be reconstructed. The bytes ac"
2026-09-12T04:04:51+00:00,1bc74fc4,artifact,S9,data/reference/wikipedia_article_resolution.csv,verified,"sha256 8e488fc8819956be, 109 rows; not registered in data_sources.csv"
2026-09-12T04:04:51+00:00,1bc74fc4,artifact,S10,data/reference/victim_registry.csv,verified,"sha256 13f3fbcfe5298589, 13,241 rows, 2013-01-01..2024-12-31; register holds a payload hash only"
2026-09-12T04:04:51+00:00,1bc74fc4,artifact,S11,data/reference/cai_components_daily.csv,verified,"sha256 f747bc27b7beada3, 9,232 rows, 2015-01-01..2024-12-31; matches the provenance register"
2026-09-12T04:04:51+00:00,1bc74fc4,artifact,S11,data/reference/wiki_ext_basket_used.csv,verified,"sha256 97140b683f5a6506, 109 rows; not registered in data_sources.csv"
2026-09-12T04:04:51+00:00,1bc74fc4,artifact,S11,data/reference/wiki_ext_aggregation_diagnostic.csv,verified,"sha256 2d37c4ad5d1c0c3d, 3,472 rows, 2015-07-01..2024-12-31; not registered in data_sources.csv"
2026-09-12T04:04:51+00:00,1bc74fc4,artifact,S12,data/reference/cai_trends_daily.csv,verified,"sha256 f18c11eb209350bd, 7,306 rows, 2015-01-01..2024-12-31; matches the provenance register"
2026-09-12T04:04:51+00:00,1bc74fc4,artifact,S12,data/reference/cai_trends_stitch_diagnostics.csv,verified,"sha256 a79bdc97be843bd6, 58 rows; not registered in data_sources.csv"
2026-09-12T04:04:51+00:00,1bc74fc4,artifact,S13,data/reference/cai_trends_anchored.csv,unverifiable,"artifact absent, and the source is retired"
2026-09-12T04:04:51+00:00,1bc74fc4,artifact,S14,data/reference/precinct_cd_crosswalk.csv,verified,"sha256 4c519dc6e115d562, 131 rows; matches the provenance register"
2026-09-12T04:04:51+00:00,1bc74fc4,artifact,S15,data/reference/bheard_precinct_adoption.csv,verified,"sha256 b7627d01221e5159, 31 rows; matches the provenance register"
2026-09-12T04:04:51+00:00,1bc74fc4,artifact,S15,data/reference/bheard_cd_exposure.csv,verified,"sha256 c387a640fc425626, 74 rows; not registered in data_sources.csv"
2026-09-12T04:04:51+00:00,1bc74fc4,artifact,S16,data/reference/basket_decisions.csv,verified,"sha256 cabfa4ca663e133c, 174 rows, 1958-04-25..2026-07-07; not registered in data_sources.csv"
2026-09-12T04:04:51+00:00,1bc74fc4,artifact,S17,data/reference/article_title_map.csv,verified,"sha256 b1be98f09b916a90, 530 rows; matches the provenance register"
2026-09-12T04:04:51+00:00,1bc74fc4,artifact,S17,outputs/tables/rename_recovery.csv,verified,"sha256 bdacd2e6adb24ce9, 127 rows; not registered in data_sources.csv"
2026-09-12T04:04:51+00:00,1bc74fc4,artifact,S18,data/reference/wiki_nyc_articles.csv,verified,"sha256 a50359145a74a954, 543 rows; not registered in data_sources.csv"
2026-09-12T04:04:51+00:00,1bc74fc4,artifact,S18,data/reference/wiki_nyc_daily.csv,verified,"sha256 66321420e2ed9675, 6,944 rows, 2015-07-01..2024-12-31; matches the provenance register"
2026-09-12T04:04:51+00:00,1bc74fc4,artifact,S18,data/reference/wiki_nyc_per_article.csv,verified,"sha256 5b8fffc41defa7b1, 55,552 rows, 2015-07-01..2024-12-31; not registered in data_sources.csv"
2026-09-12T04:04:51+00:00,1bc74fc4,claim,S1,C01_ems_source_rows,verified,"computed 29,978,154; document agrees"
2026-09-12T04:04:51+00:00,1bc74fc4,claim,S10,C02_registry_rows,verified,"computed 13,241; document agrees"
2026-09-12T04:04:51+00:00,1bc74fc4,claim,S11,C03_wiki_start,verified,computed 2015-07-01; document agrees
2026-09-12T04:04:51+00:00,1bc74fc4,claim,S16,C04_basket_articles,verified,computed 120; document agrees
2026-09-12T04:04:51+00:00,1bc74fc4,claim,S16,C05_basket_people,verified,computed 119; document agrees
2026-09-12T04:04:51+00:00,1bc74fc4,claim,S16,C06_basket_after_2020,verified,computed 27; document agrees
2026-09-12T04:04:51+00:00,1bc74fc4,claim,S11,C07_scored_days,verified,"computed 3,472; document agrees"
2026-09-12T04:04:51+00:00,1bc74fc4,claim,S11,C08_cai_ref_mean,verified,computed 0.000000; document agrees
2026-09-12T04:04:51+00:00,1bc74fc4,claim,S11,C09_cai_ref_sd,verified,computed 1.000000; document agrees
2026-09-12T04:04:51+00:00,1bc74fc4,claim,S1,C10_panel_rows,verified,"computed 89,857; document agrees"
2026-09-12T04:04:51+00:00,1bc74fc4,claim,S1,C11_panel_districts,verified,computed 59; document agrees
2026-09-12T04:04:51+00:00,1bc74fc4,claim,S1,C12_mean_edp_share,verified,computed 0.0856; document agrees
2026-09-12T04:04:51+00:00,1bc74fc4,claim,S1,C13_mean_total_calls,verified,computed 65.9; document agrees
2026-09-12T04:04:51+00:00,1bc74fc4,claim,S12,C14_trends_nyc_zero_all,verified,computed 42.6%; document agrees
2026-09-12T04:04:51+00:00,1bc74fc4,claim,S12,C15_trends_nyc_zero_2020,verified,computed 26%; document agrees
2026-09-12T04:04:51+00:00,1bc74fc4,claim,S12,C16_trends_nyc_zero_2024,verified,computed 71%; document agrees
2026-09-12T04:04:51+00:00,1bc74fc4,claim,S17,C17_rename_views_recovered,verified,"computed 79,439,814; document agrees"
2026-09-12T04:04:51+00:00,1bc74fc4,claim,S17,C18_rename_articles,verified,computed 112; document agrees
2026-09-12T04:04:51+00:00,1bc74fc4,claim,S17,C19_rename_articles_total,verified,computed 116; document agrees
2026-09-12T04:04:51+00:00,1bc74fc4,claim,S11,C20_episodes_frozen,verified,computed 70; document agrees
2026-09-12T04:04:51+00:00,1bc74fc4,claim,S11,C21_episodes_rebuilt,verified,computed 74; document agrees
2026-09-12T04:04:51+00:00,1bc74fc4,claim,S11,C22_episode_max_days,verified,computed 14; document agrees
2026-09-12T04:04:51+00:00,1bc74fc4,claim,S11,C23_basket_usable,verified,computed 107; document agrees
2026-09-12T04:04:51+00:00,1bc74fc4,claim,S15,C24_bheard_precincts,verified,computed 31; document agrees
2026-09-12T04:04:51+00:00,1bc74fc4,claim,S15,C25_bheard_low_conf,verified,computed 17; document agrees
2026-09-12T04:04:51+00:00,1bc74fc4,claim,-,C26_suite_checks,verified,computed 62; document agrees
2026-09-12T04:04:51+00:00,1bc74fc4,claim,-,C28_audit_checks,verified,computed 42; document agrees
2026-09-12T04:04:51+00:00,1bc74fc4,claim,-,C29_audit_flags,verified,computed 2; document agrees
2026-09-12T04:04:51+00:00,1bc74fc4,claim,-,C30_sources_registered,verified,computed 19; document agrees
2026-09-12T04:04:51+00:00,1bc74fc4,claim,S17,C31_start_lag_max,verified,computed 3; document agrees
2026-09-12T04:04:51+00:00,1bc74fc4,claim,S17,C32_start_lag_articles,verified,computed 107; document agrees
2026-09-12T04:04:51+00:00,1bc74fc4,claim,S17,C33_titles_dated,verified,computed 530; document agrees
2026-09-12T04:04:51+00:00,1bc74fc4,claim,S18,C37_national_corr,verified,computed 0.9695; document agrees
2026-09-12T04:04:51+00:00,1bc74fc4,claim,S18,C34_nyc_corr_ext,verified,computed 0.54; document agrees
2026-09-12T04:04:51+00:00,1bc74fc4,claim,S18,C35_nyc_corr_us,verified,computed 0.62; document agrees
2026-09-12T04:04:51+00:00,1bc74fc4,claim,S18,C36_nyc_articles,verified,computed 11; document agrees
2026-09-12T04:04:51+00:00,1bc74fc4,claim,S18,C38_nyc_overlap,verified,computed 59%; document agrees
2026-09-12T04:04:51+00:00,1bc74fc4,claim,S18,C40_nyc_garner,verified,computed 53%; document agrees
2026-09-12T04:04:51+00:00,1bc74fc4,claim,S18,C41_nyc_disjoint,verified,computed 8; document agrees
2026-09-12T04:04:51+00:00,1bc74fc4,claim,S18,C42_nyc_r2,verified,computed 0.454; document agrees
2026-09-12T04:04:51+00:00,1bc74fc4,claim,S18,C43_nyc_resid,verified,computed 6; document agrees
2026-09-12T04:04:51+00:00,1bc74fc4,claim,S18,C44_national_corr,verified,computed 0.9695; document agrees
2026-09-12T04:04:51+00:00,1bc74fc4,claim,S18,C45_nyc_disjoint_year,verified,computed 2012; document agrees
2026-09-12T04:04:51+00:00,1bc74fc4,claim,S11,C46_antipolice_peak_published,verified,computed 12.5693; document agrees
2026-09-12T04:04:51+00:00,1bc74fc4,claim,S11,C47_antipolice_peak_counterfactual,verified,computed 13.1356; document agrees
2026-09-12T04:04:51+00:00,1bc74fc4,claim,S11,C48_antipolice_views_on_peak,verified,"computed 205,332; document agrees"
2026-09-12T04:04:51+00:00,1bc74fc4,claim,S11,C49_antipolice_max_change,verified,computed 1.03; document agrees
2026-09-12T04:04:51+00:00,1bc74fc4,claim,S11,C50_antipolice_days_touched,verified,"computed 3,105; document agrees"
2026-09-12T04:04:51+00:00,1bc74fc4,claim,S16,C51_published_basket,verified,computed 109; document agrees
2026-09-12T04:04:51+00:00,1bc74fc4,claim,S11,C52_calib_rejection,verified,computed 0.06; document agrees
2026-09-12T04:04:51+00:00,1bc74fc4,claim,S11,C53_calib_rho,verified,computed 0.0482; document agrees
2026-09-12T04:04:51+00:00,1bc74fc4,claim,S11,C54_calib_ks,verified,computed 0.6803; document agrees
2026-09-12T04:04:51+00:00,1bc74fc4,claim,S11,C56_episodes_rebuilt_count,verified,computed 74; document agrees
2026-09-12T04:04:51+00:00,1bc74fc4,claim,S11,C57_episodes_clustered,verified,computed 36; document agrees
2026-09-12T04:04:51+00:00,1bc74fc4,claim,S11,C58_calib_rejection_prose,verified,computed 6.0; document agrees
2026-09-12T04:05:24+00:00,326bc5df,claim,S1,C01_ems_source_rows,verified,"computed 29,978,154; document agrees"
2026-09-12T04:05:24+00:00,326bc5df,claim,S10,C02_registry_rows,verified,"computed 13,241; document agrees"
2026-09-12T04:05:24+00:00,326bc5df,claim,S11,C03_wiki_start,verified,computed 2015-07-01; document agrees
2026-09-12T04:05:24+00:00,326bc5df,claim,S16,C04_basket_articles,verified,computed 120; document agrees
2026-09-12T04:05:24+00:00,326bc5df,claim,S16,C05_basket_people,verified,computed 119; document agrees
2026-09-12T04:05:24+00:00,326bc5df,claim,S16,C06_basket_after_2020,verified,computed 27; document agrees
2026-09-12T04:05:24+00:00,326bc5df,claim,S11,C07_scored_days,verified,"computed 3,472; document agrees"
2026-09-12T04:05:24+00:00,326bc5df,claim,S11,C08_cai_ref_mean,verified,computed 0.000000; document agrees
2026-09-12T04:05:24+00:00,326bc5df,claim,S11,C09_cai_ref_sd,verified,computed 1.000000; document agrees
2026-09-12T04:05:24+00:00,326bc5df,claim,S1,C10_panel_rows,verified,"computed 89,857; document agrees"
2026-09-12T04:05:24+00:00,326bc5df,claim,S1,C11_panel_districts,verified,computed 59; document agrees
2026-09-12T04:05:24+00:00,326bc5df,claim,S1,C12_mean_edp_share,verified,computed 0.0856; document agrees
2026-09-12T04:05:24+00:00,326bc5df,claim,S1,C13_mean_total_calls,verified,computed 65.9; document agrees
2026-09-12T04:05:24+00:00,326bc5df,claim,S12,C14_trends_nyc_zero_all,verified,computed 42.6%; document agrees
2026-09-12T04:05:24+00:00,326bc5df,claim,S12,C15_trends_nyc_zero_2020,verified,computed 26%; document agrees
2026-09-12T04:05:24+00:00,326bc5df,claim,S12,C16_trends_nyc_zero_2024,verified,computed 71%; document agrees
2026-09-12T04:05:24+00:00,326bc5df,claim,S17,C17_rename_views_recovered,verified,"computed 79,439,814; document agrees"
2026-09-12T04:05:24+00:00,326bc5df,claim,S17,C18_rename_articles,verified,computed 112; document agrees
2026-09-12T04:05:24+00:00,326bc5df,claim,S17,C19_rename_articles_total,verified,computed 116; document agrees
2026-09-12T04:05:24+00:00,326bc5df,claim,S11,C20_episodes_frozen,verified,computed 70; document agrees
2026-09-12T04:05:24+00:00,326bc5df,claim,S11,C21_episodes_rebuilt,verified,computed 74; document agrees
2026-09-12T04:05:24+00:00,326bc5df,claim,S11,C22_episode_max_days,verified,computed 14; document agrees
2026-09-12T04:05:24+00:00,326bc5df,claim,S11,C23_basket_usable,verified,computed 107; document agrees
2026-09-12T04:05:24+00:00,326bc5df,claim,S15,C24_bheard_precincts,verified,computed 31; document agrees
2026-09-12T04:05:24+00:00,326bc5df,claim,S15,C25_bheard_low_conf,verified,computed 17; document agrees
2026-09-12T04:05:24+00:00,326bc5df,claim,-,C26_suite_checks,verified,computed 62; document agrees
2026-09-12T04:05:24+00:00,326bc5df,claim,-,C28_audit_checks,verified,computed 42; document agrees
2026-09-12T04:05:24+00:00,326bc5df,claim,-,C29_audit_flags,verified,computed 2; document agrees
2026-09-12T04:05:24+00:00,326bc5df,claim,-,C30_sources_registered,verified,computed 19; document agrees
2026-09-12T04:05:24+00:00,326bc5df,claim,S17,C31_start_lag_max,verified,computed 3; document agrees
2026-09-12T04:05:24+00:00,326bc5df,claim,S17,C32_start_lag_articles,verified,computed 107; document agrees
2026-09-12T04:05:24+00:00,326bc5df,claim,S17,C33_titles_dated,verified,computed 530; document agrees
2026-09-12T04:05:24+00:00,326bc5df,claim,S18,C37_national_corr,verified,computed 0.9695; document agrees
2026-09-12T04:05:24+00:00,326bc5df,claim,S18,C34_nyc_corr_ext,verified,computed 0.54; document agrees
2026-09-12T04:05:24+00:00,326bc5df,claim,S18,C35_nyc_corr_us,verified,computed 0.62; document agrees
2026-09-12T04:05:24+00:00,326bc5df,claim,S18,C36_nyc_articles,verified,computed 11; document agrees
2026-09-12T04:05:24+00:00,326bc5df,claim,S18,C38_nyc_overlap,verified,computed 59%; document agrees
2026-09-12T04:05:24+00:00,326bc5df,claim,S18,C40_nyc_garner,verified,computed 53%; document agrees
2026-09-12T04:05:24+00:00,326bc5df,claim,S18,C41_nyc_disjoint,verified,computed 8; document agrees
2026-09-12T04:05:24+00:00,326bc5df,claim,S18,C42_nyc_r2,verified,computed 0.454; document agrees
2026-09-12T04:05:24+00:00,326bc5df,claim,S18,C43_nyc_resid,verified,computed 6; document agrees
2026-09-12T04:05:24+00:00,326bc5df,claim,S18,C44_national_corr,verified,computed 0.9695; document agrees
2026-09-12T04:05:24+00:00,326bc5df,claim,S18,C45_nyc_disjoint_year,verified,computed 2012; document agrees
2026-09-12T04:05:24+00:00,326bc5df,claim,S11,C46_antipolice_peak_published,verified,computed 12.5693; document agrees
2026-09-12T04:05:24+00:00,326bc5df,claim,S11,C47_antipolice_peak_counterfactual,verified,computed 13.1356; document agrees
2026-09-12T04:05:24+00:00,326bc5df,claim,S11,C48_antipolice_views_on_peak,verified,"computed 205,332; document agrees"
2026-09-12T04:05:24+00:00,326bc5df,claim,S11,C49_antipolice_max_change,verified,computed 1.03; document agrees
2026-09-12T04:05:24+00:00,326bc5df,claim,S11,C50_antipolice_days_touched,verified,"computed 3,105; document agrees"
2026-09-12T04:05:24+00:00,326bc5df,claim,S16,C51_published_basket,verified,computed 109; document agrees
2026-09-12T04:05:24+00:00,326bc5df,claim,S11,C52_calib_rejection,verified,computed 0.06; document agrees
2026-09-12T04:05:24+00:00,326bc5df,claim,S11,C53_calib_rho,verified,computed 0.0482; document agrees
2026-09-12T04:05:24+00:00,326bc5df,claim,S11,C54_calib_ks,verified,computed 0.6803; document agrees
2026-09-12T04:05:24+00:00,326bc5df,claim,S11,C56_episodes_rebuilt_count,verified,computed 74; document agrees
2026-09-12T04:05:24+00:00,326bc5df,claim,S11,C57_episodes_clustered,verified,computed 36; document agrees
2026-09-12T04:05:24+00:00,326bc5df,claim,S11,C58_calib_rejection_prose,verified,computed 6.0; document agrees
2026-09-12T04:19:52+00:00,e6e427fe,link,S1,https://data.cityofnewyork.us/resource/76xm-jjuj.csv,skipped,--offline
2026-09-12T04:19:52+00:00,e6e427fe,link,S1b,https://data.cityofnewyork.us/resource/76xm-jjuj.csv,skipped,--offline
2026-09-12T04:19:52+00:00,e6e427fe,link,S2,(none),unverifiable,no endpoint: not obtained over the network
2026-09-12T04:19:52+00:00,e6e427fe,link,S3,(none),unverifiable,no endpoint: not obtained over the network
2026-09-12T04:19:52+00:00,e6e427fe,link,S4,https://github.com/washingtonpost/data-police-shootings,skipped,--offline
2026-09-12T04:19:52+00:00,e6e427fe,link,S5,(none),template,no endpoint: not obtained over the network
2026-09-12T04:19:52+00:00,e6e427fe,link,S6,(none),template,no endpoint: not obtained over the network
2026-09-12T04:19:52+00:00,e6e427fe,link,S7,https://s-media.nyc.gov/agencies/dcp/assets/files/excel/data-tools/census/acs/demo_2019_acs5yr_nta.xlsx,skipped,--offline
2026-09-12T04:19:52+00:00,e6e427fe,link,S8,https://wikimedia.org/api/rest_v1/metrics/pageviews/per-article/,skipped,--offline
2026-09-12T04:19:52+00:00,e6e427fe,link,S9,https://en.wikipedia.org/api/rest_v1/page/summary/,skipped,--offline
2026-09-12T04:19:52+00:00,e6e427fe,link,S10,https://mappingpoliceviolence.us/s/MPVDatasetDownload.xlsx,skipped,--offline
2026-09-12T04:19:52+00:00,e6e427fe,link,S11,https://api.gdeltproject.org/api/v2/doc/doc,skipped,--offline
2026-09-12T04:19:52+00:00,e6e427fe,link,S11,https://api.gdeltproject.org/api/v2/tv/tv,skipped,--offline
2026-09-12T04:19:52+00:00,e6e427fe,link,S11,https://wikimedia.org/api/rest_v1/metrics/pageviews/per-article/,skipped,--offline
2026-09-12T04:19:52+00:00,e6e427fe,link,S12,https://trends.google.com,skipped,--offline
2026-09-12T04:19:52+00:00,e6e427fe,link,S13,https://trends.google.com,skipped,--offline
2026-09-12T04:19:52+00:00,e6e427fe,link,S14,https://data.cityofnewyork.us/resource/76xm-jjuj.json,skipped,--offline
2026-09-12T04:19:52+00:00,e6e427fe,link,S15,https://mentalhealth.cityofnewyork.us/b-heard,skipped,--offline
2026-09-12T04:19:52+00:00,e6e427fe,link,S16,https://query.wikidata.org/sparql,skipped,--offline
2026-09-12T04:19:52+00:00,e6e427fe,link,S17,https://en.wikipedia.org/w/api.php,skipped,--offline
2026-09-12T04:19:52+00:00,e6e427fe,link,S18,https://en.wikipedia.org/w/api.php,skipped,--offline
2026-09-12T04:19:52+00:00,e6e427fe,link,S18,https://wikimedia.org/api/rest_v1/metrics/pageviews/per-article/,skipped,--offline
2026-09-12T04:19:52+00:00,e6e427fe,artifact,S1,data/processed/ems_cd_day_calltype.parquet,verified,"sha256 6247a7239559f930, 4,876,509 rows, 2014-12-01..2024-12-31; not registered in data_sources.csv"
2026-09-12T04:19:52+00:00,e6e427fe,artifact,S1,data/processed/ems_citywide_day_trends.parquet,verified,"sha256 33c8850350f90ab3, 39,037 rows, 2005-01-01..2026-06-30; not registered in data_sources.csv"
2026-09-12T04:19:52+00:00,e6e427fe,artifact,S1b,data/processed/ems_cd_day_calltype.parquet,verified,"sha256 6247a7239559f930, 4,876,509 rows, 2014-12-01..2024-12-31; matches the provenance register"
2026-09-12T04:19:52+00:00,e6e427fe,artifact,S2,data/raw/211118_tweet_count_name_date.csv,unverifiable,"artifact absent, and the source is unverifiable"
2026-09-12T04:19:52+00:00,e6e427fe,artifact,S3,data/raw/220126_final_daily_tweet_count.csv,unverifiable,"artifact absent, and the source is unverifiable"
2026-09-12T04:19:52+00:00,e6e427fe,artifact,S4,data/raw/fatalpoliceshootingsCLEANED.csv,unverifiable,"artifact absent, and the source is retired"
2026-09-12T04:19:52+00:00,e6e427fe,artifact,S5,data/raw/sf1_dp_cd_demoprofile.xlsx,verified,"sha256 20459df2681c751b, unreadable: UnicodeDecodeError; not registered in data_sources.csv"
2026-09-12T04:19:52+00:00,e6e427fe,artifact,S6,data/reference/victim_curation_table.csv,verified,"sha256 75e6bea4243eebe7, 101 rows, 2013-05-24..2020-10-20; not registered in data_sources.csv"
2026-09-12T04:19:52+00:00,e6e427fe,artifact,S7,data/reference/acs_2019_cd_demographics.csv,verified,"sha256 210ec18a067b7f5d, 59 rows; register holds a payload hash only"
2026-09-12T04:19:52+00:00,e6e427fe,artifact,S8,data/reference/wikipedia_pageviews_victims.csv,verified,"sha256 e1e88d7d93c69631, 25,211 rows, 2017-01-01..2020-12-31; provenance register is stale and cannot be refreshed — accepted 2026-09-10: Neither registered hash matches this file, and it cannot be re-registered by re-running its fetch: 09_fetch_public_data.py selects this basket from the retired Twitter per-victim file (S2), which is not in the repository and cannot be reconstructed. The bytes ac"
2026-09-12T04:19:52+00:00,e6e427fe,artifact,S9,data/reference/wikipedia_article_resolution.csv,verified,"sha256 8e488fc8819956be, 109 rows; not registered in data_sources.csv"
2026-09-12T04:19:52+00:00,e6e427fe,artifact,S10,data/reference/victim_registry.csv,verified,"sha256 13f3fbcfe5298589, 13,241 rows, 2013-01-01..2024-12-31; register holds a payload hash only"
2026-09-12T04:19:52+00:00,e6e427fe,artifact,S11,data/reference/cai_components_daily.csv,verified,"sha256 f747bc27b7beada3, 9,232 rows, 2015-01-01..2024-12-31; matches the provenance register"
2026-09-12T04:19:52+00:00,e6e427fe,artifact,S11,data/reference/wiki_ext_basket_used.csv,verified,"sha256 97140b683f5a6506, 109 rows; not registered in data_sources.csv"
2026-09-12T04:19:52+00:00,e6e427fe,artifact,S11,data/reference/wiki_ext_aggregation_diagnostic.csv,verified,"sha256 2d37c4ad5d1c0c3d, 3,472 rows, 2015-07-01..2024-12-31; not registered in data_sources.csv"
2026-09-12T04:19:52+00:00,e6e427fe,artifact,S12,data/reference/cai_trends_daily.csv,verified,"sha256 f18c11eb209350bd, 7,306 rows, 2015-01-01..2024-12-31; matches the provenance register"
2026-09-12T04:19:52+00:00,e6e427fe,artifact,S12,data/reference/cai_trends_stitch_diagnostics.csv,verified,"sha256 a79bdc97be843bd6, 58 rows; not registered in data_sources.csv"
2026-09-12T04:19:52+00:00,e6e427fe,artifact,S13,data/reference/cai_trends_anchored.csv,unverifiable,"artifact absent, and the source is retired"
2026-09-12T04:19:52+00:00,e6e427fe,artifact,S14,data/reference/precinct_cd_crosswalk.csv,verified,"sha256 4c519dc6e115d562, 131 rows; matches the provenance register"
2026-09-12T04:19:52+00:00,e6e427fe,artifact,S15,data/reference/bheard_precinct_adoption.csv,verified,"sha256 b7627d01221e5159, 31 rows; matches the provenance register"
2026-09-12T04:19:52+00:00,e6e427fe,artifact,S15,data/reference/bheard_cd_exposure.csv,verified,"sha256 c387a640fc425626, 74 rows; not registered in data_sources.csv"
2026-09-12T04:19:52+00:00,e6e427fe,artifact,S16,data/reference/basket_decisions.csv,verified,"sha256 cabfa4ca663e133c, 174 rows, 1958-04-25..2026-07-07; not registered in data_sources.csv"
2026-09-12T04:19:52+00:00,e6e427fe,artifact,S17,data/reference/article_title_map.csv,verified,"sha256 b1be98f09b916a90, 530 rows; matches the provenance register"
2026-09-12T04:19:52+00:00,e6e427fe,artifact,S17,outputs/tables/rename_recovery.csv,verified,"sha256 bdacd2e6adb24ce9, 127 rows; not registered in data_sources.csv"
2026-09-12T04:19:52+00:00,e6e427fe,artifact,S18,data/reference/wiki_nyc_articles.csv,verified,"sha256 a50359145a74a954, 543 rows; not registered in data_sources.csv"
2026-09-12T04:19:52+00:00,e6e427fe,artifact,S18,data/reference/wiki_nyc_daily.csv,verified,"sha256 66321420e2ed9675, 6,944 rows, 2015-07-01..2024-12-31; matches the provenance register"
2026-09-12T04:19:52+00:00,e6e427fe,artifact,S18,data/reference/wiki_nyc_per_article.csv,verified,"sha256 5b8fffc41defa7b1, 55,552 rows, 2015-07-01..2024-12-31; not registered in data_sources.csv"
2026-09-12T04:19:52+00:00,e6e427fe,claim,S1,C01_ems_source_rows,verified,"computed 29,978,154; document agrees"
2026-09-12T04:19:52+00:00,e6e427fe,claim,S10,C02_registry_rows,verified,"computed 13,241; document agrees"
2026-09-12T04:19:52+00:00,e6e427fe,claim,S11,C03_wiki_start,verified,computed 2015-07-01; document agrees
2026-09-12T04:19:52+00:00,e6e427fe,claim,S16,C04_basket_articles,verified,computed 120; document agrees
2026-09-12T04:19:52+00:00,e6e427fe,claim,S16,C05_basket_people,verified,computed 119; document agrees
2026-09-12T04:19:52+00:00,e6e427fe,claim,S16,C06_basket_after_2020,verified,computed 27; document agrees
2026-09-12T04:19:52+00:00,e6e427fe,claim,S11,C07_scored_days,verified,"computed 3,472; document agrees"
2026-09-12T04:19:52+00:00,e6e427fe,claim,S11,C08_cai_ref_mean,verified,computed 0.000000; document agrees
2026-09-12T04:19:52+00:00,e6e427fe,claim,S11,C09_cai_ref_sd,verified,computed 1.000000; document agrees
2026-09-12T04:19:52+00:00,e6e427fe,claim,S1,C10_panel_rows,verified,"computed 89,857; document agrees"
2026-09-12T04:19:52+00:00,e6e427fe,claim,S1,C11_panel_districts,verified,computed 59; document agrees
2026-09-12T04:19:52+00:00,e6e427fe,claim,S1,C12_mean_edp_share,verified,computed 0.0856; document agrees
2026-09-12T04:19:52+00:00,e6e427fe,claim,S1,C13_mean_total_calls,verified,computed 65.9; document agrees
2026-09-12T04:19:52+00:00,e6e427fe,claim,S12,C14_trends_nyc_zero_all,verified,computed 42.6%; document agrees
2026-09-12T04:19:52+00:00,e6e427fe,claim,S12,C15_trends_nyc_zero_2020,verified,computed 26%; document agrees
2026-09-12T04:19:52+00:00,e6e427fe,claim,S12,C16_trends_nyc_zero_2024,verified,computed 71%; document agrees
2026-09-12T04:19:52+00:00,e6e427fe,claim,S17,C17_rename_views_recovered,verified,"computed 79,439,814; document agrees"
2026-09-12T04:19:52+00:00,e6e427fe,claim,S17,C18_rename_articles,verified,computed 112; document agrees
2026-09-12T04:19:52+00:00,e6e427fe,claim,S17,C19_rename_articles_total,verified,computed 116; document agrees
2026-09-12T04:19:52+00:00,e6e427fe,claim,S11,C20_episodes_frozen,verified,computed 70; document agrees
2026-09-12T04:19:52+00:00,e6e427fe,claim,S11,C21_episodes_rebuilt,verified,computed 74; document agrees
2026-09-12T04:19:52+00:00,e6e427fe,claim,S11,C22_episode_max_days,verified,computed 14; document agrees
2026-09-12T04:19:52+00:00,e6e427fe,claim,S11,C23_basket_usable,verified,computed 107; document agrees
2026-09-12T04:19:52+00:00,e6e427fe,claim,S15,C24_bheard_precincts,verified,computed 31; document agrees
2026-09-12T04:19:52+00:00,e6e427fe,claim,S15,C25_bheard_low_conf,verified,computed 17; document agrees
2026-09-12T04:19:52+00:00,e6e427fe,claim,-,C26_suite_checks,verified,computed 63; document agrees
2026-09-12T04:19:52+00:00,e6e427fe,claim,-,C28_audit_checks,verified,computed 42; document agrees
2026-09-12T04:19:52+00:00,e6e427fe,claim,-,C29_audit_flags,verified,computed 2; document agrees
2026-09-12T04:19:52+00:00,e6e427fe,claim,-,C30_sources_registered,verified,computed 19; document agrees
2026-09-12T04:19:52+00:00,e6e427fe,claim,S17,C31_start_lag_max,verified,computed 3; document agrees
2026-09-12T04:19:52+00:00,e6e427fe,claim,S17,C32_start_lag_articles,verified,computed 107; document agrees
2026-09-12T04:19:52+00:00,e6e427fe,claim,S17,C33_titles_dated,verified,computed 530; document agrees
2026-09-12T04:19:52+00:00,e6e427fe,claim,S18,C37_national_corr,verified,computed 0.9695; document agrees
2026-09-12T04:19:52+00:00,e6e427fe,claim,S18,C34_nyc_corr_ext,verified,computed 0.54; document agrees
2026-09-12T04:19:52+00:00,e6e427fe,claim,S18,C35_nyc_corr_us,verified,computed 0.62; document agrees
2026-09-12T04:19:52+00:00,e6e427fe,claim,S18,C36_nyc_articles,verified,computed 11; document agrees
2026-09-12T04:19:52+00:00,e6e427fe,claim,S18,C38_nyc_overlap,verified,computed 59%; document agrees
2026-09-12T04:19:52+00:00,e6e427fe,claim,S18,C40_nyc_garner,verified,computed 53%; document agrees
2026-09-12T04:19:52+00:00,e6e427fe,claim,S18,C41_nyc_disjoint,verified,computed 8; document agrees
2026-09-12T04:19:52+00:00,e6e427fe,claim,S18,C42_nyc_r2,verified,computed 0.454; document agrees
2026-09-12T04:19:52+00:00,e6e427fe,claim,S18,C43_nyc_resid,verified,computed 6; document agrees
2026-09-12T04:19:52+00:00,e6e427fe,claim,S18,C44_national_corr,verified,computed 0.9695; document agrees
2026-09-12T04:19:52+00:00,e6e427fe,claim,S18,C45_nyc_disjoint_year,verified,computed 2012; document agrees
2026-09-12T04:19:52+00:00,e6e427fe,claim,S11,C46_antipolice_peak_published,verified,computed 12.5693; document agrees
2026-09-12T04:19:52+00:00,e6e427fe,claim,S11,C47_antipolice_peak_counterfactual,verified,computed 13.1356; document agrees
2026-09-12T04:19:52+00:00,e6e427fe,claim,S11,C48_antipolice_views_on_peak,verified,"computed 205,332; document agrees"
2026-09-12T04:19:52+00:00,e6e427fe,claim,S11,C49_antipolice_max_change,verified,computed 1.03; document agrees
2026-09-12T04:19:52+00:00,e6e427fe,claim,S11,C50_antipolice_days_touched,verified,"computed 3,105; document agrees"
2026-09-12T04:19:52+00:00,e6e427fe,claim,S16,C51_published_basket,verified,computed 109; document agrees
2026-09-12T04:19:52+00:00,e6e427fe,claim,S11,C52_calib_rejection,verified,computed 0.06; document agrees
2026-09-12T04:19:52+00:00,e6e427fe,claim,S11,C53_calib_rho,verified,computed 0.0482; document agrees
2026-09-12T04:19:52+00:00,e6e427fe,claim,S11,C54_calib_ks,verified,computed 0.6803; document agrees
2026-09-12T04:19:52+00:00,e6e427fe,claim,S11,C56_episodes_rebuilt_count,verified,computed 74; document agrees
2026-09-12T04:19:52+00:00,e6e427fe,claim,S11,C57_episodes_clustered,verified,computed 36; document agrees
2026-09-12T04:19:52+00:00,e6e427fe,claim,S11,C58_calib_rejection_prose,verified,computed 6.0; document agrees
2026-09-12T04:38:18+00:00,6a2b969f,link,S1,https://data.cityofnewyork.us/resource/76xm-jjuj.csv,skipped,--offline
2026-09-12T04:38:18+00:00,6a2b969f,link,S1b,https://data.cityofnewyork.us/resource/76xm-jjuj.csv,skipped,--offline
2026-09-12T04:38:18+00:00,6a2b969f,link,S2,(none),unverifiable,no endpoint: not obtained over the network
2026-09-12T04:38:18+00:00,6a2b969f,link,S3,(none),unverifiable,no endpoint: not obtained over the network
2026-09-12T04:38:18+00:00,6a2b969f,link,S4,https://github.com/washingtonpost/data-police-shootings,skipped,--offline
2026-09-12T04:38:18+00:00,6a2b969f,link,S5,(none),template,no endpoint: not obtained over the network
2026-09-12T04:38:18+00:00,6a2b969f,link,S6,(none),template,no endpoint: not obtained over the network
2026-09-12T04:38:18+00:00,6a2b969f,link,S7,https://s-media.nyc.gov/agencies/dcp/assets/files/excel/data-tools/census/acs/demo_2019_acs5yr_nta.xlsx,skipped,--offline
2026-09-12T04:38:18+00:00,6a2b969f,link,S8,https://wikimedia.org/api/rest_v1/metrics/pageviews/per-article/,skipped,--offline
2026-09-12T04:38:18+00:00,6a2b969f,link,S9,https://en.wikipedia.org/api/rest_v1/page/summary/,skipped,--offline
2026-09-12T04:38:18+00:00,6a2b969f,link,S10,https://mappingpoliceviolence.us/s/MPVDatasetDownload.xlsx,skipped,--offline
2026-09-12T04:38:18+00:00,6a2b969f,link,S11,https://api.gdeltproject.org/api/v2/doc/doc,skipped,--offline
2026-09-12T04:38:18+00:00,6a2b969f,link,S11,https://api.gdeltproject.org/api/v2/tv/tv,skipped,--offline
2026-09-12T04:38:18+00:00,6a2b969f,link,S11,https://wikimedia.org/api/rest_v1/metrics/pageviews/per-article/,skipped,--offline
2026-09-12T04:38:18+00:00,6a2b969f,link,S12,https://trends.google.com,skipped,--offline
2026-09-12T04:38:18+00:00,6a2b969f,link,S13,https://trends.google.com,skipped,--offline
2026-09-12T04:38:18+00:00,6a2b969f,link,S14,https://data.cityofnewyork.us/resource/76xm-jjuj.json,skipped,--offline
2026-09-12T04:38:18+00:00,6a2b969f,link,S15,https://mentalhealth.cityofnewyork.us/b-heard,skipped,--offline
2026-09-12T04:38:18+00:00,6a2b969f,link,S16,https://query.wikidata.org/sparql,skipped,--offline
2026-09-12T04:38:18+00:00,6a2b969f,link,S17,https://en.wikipedia.org/w/api.php,skipped,--offline
2026-09-12T04:38:18+00:00,6a2b969f,link,S18,https://en.wikipedia.org/w/api.php,skipped,--offline
2026-09-12T04:38:18+00:00,6a2b969f,link,S18,https://wikimedia.org/api/rest_v1/metrics/pageviews/per-article/,skipped,--offline
2026-09-12T04:38:18+00:00,6a2b969f,artifact,S1,data/processed/ems_cd_day_calltype.parquet,verified,"sha256 6247a7239559f930, 4,876,509 rows, 2014-12-01..2024-12-31; not registered in data_sources.csv"
2026-09-12T04:38:18+00:00,6a2b969f,artifact,S1,data/processed/ems_citywide_day_trends.parquet,verified,"sha256 33c8850350f90ab3, 39,037 rows, 2005-01-01..2026-06-30; not registered in data_sources.csv"
2026-09-12T04:38:18+00:00,6a2b969f,artifact,S1b,data/processed/ems_cd_day_calltype.parquet,verified,"sha256 6247a7239559f930, 4,876,509 rows, 2014-12-01..2024-12-31; matches the provenance register"
2026-09-12T04:38:18+00:00,6a2b969f,artifact,S2,data/raw/211118_tweet_count_name_date.csv,unverifiable,"artifact absent, and the source is unverifiable"
2026-09-12T04:38:18+00:00,6a2b969f,artifact,S3,data/raw/220126_final_daily_tweet_count.csv,unverifiable,"artifact absent, and the source is unverifiable"
2026-09-12T04:38:18+00:00,6a2b969f,artifact,S4,data/raw/fatalpoliceshootingsCLEANED.csv,unverifiable,"artifact absent, and the source is retired"
2026-09-12T04:38:18+00:00,6a2b969f,artifact,S5,data/raw/sf1_dp_cd_demoprofile.xlsx,verified,"sha256 20459df2681c751b, unreadable: UnicodeDecodeError; not registered in data_sources.csv"
2026-09-12T04:38:18+00:00,6a2b969f,artifact,S6,data/reference/victim_curation_table.csv,verified,"sha256 75e6bea4243eebe7, 101 rows, 2013-05-24..2020-10-20; not registered in data_sources.csv"
2026-09-12T04:38:18+00:00,6a2b969f,artifact,S7,data/reference/acs_2019_cd_demographics.csv,verified,"sha256 210ec18a067b7f5d, 59 rows; register holds a payload hash only"
2026-09-12T04:38:18+00:00,6a2b969f,artifact,S8,data/reference/wikipedia_pageviews_victims.csv,verified,"sha256 e1e88d7d93c69631, 25,211 rows, 2017-01-01..2020-12-31; provenance register is stale and cannot be refreshed — accepted 2026-09-10: Neither registered hash matches this file, and it cannot be re-registered by re-running its fetch: 09_fetch_public_data.py selects this basket from the retired Twitter per-victim file (S2), which is not in the repository and cannot be reconstructed. The bytes ac"
2026-09-12T04:38:18+00:00,6a2b969f,artifact,S9,data/reference/wikipedia_article_resolution.csv,verified,"sha256 8e488fc8819956be, 109 rows; not registered in data_sources.csv"
2026-09-12T04:38:18+00:00,6a2b969f,artifact,S10,data/reference/victim_registry.csv,verified,"sha256 13f3fbcfe5298589, 13,241 rows, 2013-01-01..2024-12-31; register holds a payload hash only"
2026-09-12T04:38:18+00:00,6a2b969f,artifact,S11,data/reference/cai_components_daily.csv,verified,"sha256 f747bc27b7beada3, 9,232 rows, 2015-01-01..2024-12-31; matches the provenance register"
2026-09-12T04:38:18+00:00,6a2b969f,artifact,S11,data/reference/wiki_ext_basket_used.csv,verified,"sha256 97140b683f5a6506, 109 rows; not registered in data_sources.csv"
2026-09-12T04:38:18+00:00,6a2b969f,artifact,S11,data/reference/wiki_ext_aggregation_diagnostic.csv,verified,"sha256 2d37c4ad5d1c0c3d, 3,472 rows, 2015-07-01..2024-12-31; not registered in data_sources.csv"
2026-09-12T04:38:18+00:00,6a2b969f,artifact,S12,data/reference/cai_trends_daily.csv,verified,"sha256 f18c11eb209350bd, 7,306 rows, 2015-01-01..2024-12-31; matches the provenance register"
2026-09-12T04:38:18+00:00,6a2b969f,artifact,S12,data/reference/cai_trends_stitch_diagnostics.csv,verified,"sha256 a79bdc97be843bd6, 58 rows; not registered in data_sources.csv"
2026-09-12T04:38:18+00:00,6a2b969f,artifact,S13,data/reference/cai_trends_anchored.csv,unverifiable,"artifact absent, and the source is retired"
2026-09-12T04:38:18+00:00,6a2b969f,artifact,S14,data/reference/precinct_cd_crosswalk.csv,verified,"sha256 4c519dc6e115d562, 131 rows; matches the provenance register"
2026-09-12T04:38:18+00:00,6a2b969f,artifact,S15,data/reference/bheard_precinct_adoption.csv,verified,"sha256 b7627d01221e5159, 31 rows; matches the provenance register"
2026-09-12T04:38:18+00:00,6a2b969f,artifact,S15,data/reference/bheard_cd_exposure.csv,verified,"sha256 c387a640fc425626, 74 rows; not registered in data_sources.csv"
2026-09-12T04:38:18+00:00,6a2b969f,artifact,S16,data/reference/basket_decisions.csv,verified,"sha256 cabfa4ca663e133c, 174 rows, 1958-04-25..2026-07-07; not registered in data_sources.csv"
2026-09-12T04:38:18+00:00,6a2b969f,artifact,S17,data/reference/article_title_map.csv,verified,"sha256 b1be98f09b916a90, 530 rows; matches the provenance register"
2026-09-12T04:38:18+00:00,6a2b969f,artifact,S17,outputs/tables/rename_recovery.csv,verified,"sha256 bdacd2e6adb24ce9, 127 rows; not registered in data_sources.csv"
2026-09-12T04:38:18+00:00,6a2b969f,artifact,S18,data/reference/wiki_nyc_articles.csv,verified,"sha256 a50359145a74a954, 543 rows; not registered in data_sources.csv"
2026-09-12T04:38:18+00:00,6a2b969f,artifact,S18,data/reference/wiki_nyc_daily.csv,verified,"sha256 66321420e2ed9675, 6,944 rows, 2015-07-01..2024-12-31; matches the provenance register"
2026-09-12T04:38:18+00:00,6a2b969f,artifact,S18,data/reference/wiki_nyc_per_article.csv,verified,"sha256 5b8fffc41defa7b1, 55,552 rows, 2015-07-01..2024-12-31; not registered in data_sources.csv"
2026-09-12T04:38:18+00:00,6a2b969f,claim,S1,C01_ems_source_rows,verified,"computed 29,978,154; document agrees"
2026-09-12T04:38:18+00:00,6a2b969f,claim,S10,C02_registry_rows,verified,"computed 13,241; document agrees"
2026-09-12T04:38:18+00:00,6a2b969f,claim,S11,C03_wiki_start,verified,computed 2015-07-01; document agrees
2026-09-12T04:38:18+00:00,6a2b969f,claim,S16,C04_basket_articles,verified,computed 120; document agrees
2026-09-12T04:38:18+00:00,6a2b969f,claim,S16,C05_basket_people,verified,computed 119; document agrees
2026-09-12T04:38:18+00:00,6a2b969f,claim,S16,C06_basket_after_2020,verified,computed 27; document agrees
2026-09-12T04:38:18+00:00,6a2b969f,claim,S11,C07_scored_days,verified,"computed 3,472; document agrees"
2026-09-12T04:38:18+00:00,6a2b969f,claim,S11,C08_cai_ref_mean,verified,computed 0.000000; document agrees
2026-09-12T04:38:18+00:00,6a2b969f,claim,S11,C09_cai_ref_sd,verified,computed 1.000000; document agrees
2026-09-12T04:38:18+00:00,6a2b969f,claim,S1,C10_panel_rows,verified,"computed 89,857; document agrees"
2026-09-12T04:38:18+00:00,6a2b969f,claim,S1,C11_panel_districts,verified,computed 59; document agrees
2026-09-12T04:38:18+00:00,6a2b969f,claim,S1,C12_mean_edp_share,verified,computed 0.0856; document agrees
2026-09-12T04:38:18+00:00,6a2b969f,claim,S1,C13_mean_total_calls,verified,computed 65.9; document agrees
2026-09-12T04:38:18+00:00,6a2b969f,claim,S12,C14_trends_nyc_zero_all,verified,computed 42.6%; document agrees
2026-09-12T04:38:18+00:00,6a2b969f,claim,S12,C15_trends_nyc_zero_2020,verified,computed 26%; document agrees
2026-09-12T04:38:18+00:00,6a2b969f,claim,S12,C16_trends_nyc_zero_2024,verified,computed 71%; document agrees
2026-09-12T04:38:18+00:00,6a2b969f,claim,S17,C17_rename_views_recovered,verified,"computed 79,439,814; document agrees"
2026-09-12T04:38:18+00:00,6a2b969f,claim,S17,C18_rename_articles,verified,computed 112; document agrees
2026-09-12T04:38:18+00:00,6a2b969f,claim,S17,C19_rename_articles_total,verified,computed 116; document agrees
2026-09-12T04:38:18+00:00,6a2b969f,claim,S11,C20_episodes_frozen,verified,computed 70; document agrees
2026-09-12T04:38:18+00:00,6a2b969f,claim,S11,C21_episodes_rebuilt,verified,computed 74; document agrees
2026-09-12T04:38:18+00:00,6a2b969f,claim,S11,C22_episode_max_days,verified,computed 14; document agrees
2026-09-12T04:38:18+00:00,6a2b969f,claim,S11,C23_basket_usable,verified,computed 107; document agrees
2026-09-12T04:38:18+00:00,6a2b969f,claim,S15,C24_bheard_precincts,verified,computed 31; document agrees
2026-09-12T04:38:18+00:00,6a2b969f,claim,S15,C25_bheard_low_conf,verified,computed 17; document agrees
2026-09-12T04:38:18+00:00,6a2b969f,claim,-,C26_suite_checks,verified,computed 63; document agrees
2026-09-12T04:38:18+00:00,6a2b969f,claim,-,C28_audit_checks,verified,computed 42; document agrees
2026-09-12T04:38:18+00:00,6a2b969f,claim,-,C29_audit_flags,verified,computed 2; document agrees
2026-09-12T04:38:18+00:00,6a2b969f,claim,-,C30_sources_registered,verified,computed 19; document agrees
2026-09-12T04:38:18+00:00,6a2b969f,claim,S17,C31_start_lag_max,verified,computed 3; document agrees
2026-09-12T04:38:18+00:00,6a2b969f,claim,S17,C32_start_lag_articles,verified,computed 107; document agrees
2026-09-12T04:38:18+00:00,6a2b969f,claim,S17,C33_titles_dated,verified,computed 530; document agrees
2026-09-12T04:38:18+00:00,6a2b969f,claim,S18,C37_national_corr,verified,computed 0.9695; document agrees
2026-09-12T04:38:18+00:00,6a2b969f,claim,S18,C34_nyc_corr_ext,verified,computed 0.54; document agrees
2026-09-12T04:38:18+00:00,6a2b969f,claim,S18,C35_nyc_corr_us,verified,computed 0.62; document agrees
2026-09-12T04:38:18+00:00,6a2b969f,claim,S18,C36_nyc_articles,verified,computed 11; document agrees
2026-09-12T04:38:18+00:00,6a2b969f,claim,S18,C38_nyc_overlap,verified,computed 59%; document agrees
2026-09-12T04:38:18+00:00,6a2b969f,claim,S18,C40_nyc_garner,verified,computed 53%; document agrees
2026-09-12T04:38:18+00:00,6a2b969f,claim,S18,C41_nyc_disjoint,verified,computed 8; document agrees
2026-09-12T04:38:18+00:00,6a2b969f,claim,S18,C42_nyc_r2,verified,computed 0.454; document agrees
2026-09-12T04:38:18+00:00,6a2b969f,claim,S18,C43_nyc_resid,verified,computed 6; document agrees
2026-09-12T04:38:18+00:00,6a2b969f,claim,S18,C44_national_corr,verified,computed 0.9695; document agrees
2026-09-12T04:38:18+00:00,6a2b969f,claim,S18,C45_nyc_disjoint_year,verified,computed 2012; document agrees
2026-09-12T04:38:18+00:00,6a2b969f,claim,S11,C46_antipolice_peak_published,verified,computed 12.5693; document agrees
2026-09-12T04:38:18+00:00,6a2b969f,claim,S11,C47_antipolice_peak_counterfactual,verified,computed 13.1356; document agrees
2026-09-12T04:38:18+00:00,6a2b969f,claim,S11,C48_antipolice_views_on_peak,verified,"computed 205,332; document agrees"
2026-09-12T04:38:18+00:00,6a2b969f,claim,S11,C49_antipolice_max_change,verified,computed 1.03; document agrees
2026-09-12T04:38:18+00:00,6a2b969f,claim,S11,C50_antipolice_days_touched,verified,"computed 3,105; document agrees"
2026-09-12T04:38:18+00:00,6a2b969f,claim,S16,C51_published_basket,verified,computed 109; document agrees
2026-09-12T04:38:18+00:00,6a2b969f,claim,S11,C52_calib_rejection,verified,computed 0.06; document agrees
2026-09-12T04:38:18+00:00,6a2b969f,claim,S11,C53_calib_rho,verified,computed 0.0482; document agrees
2026-09-12T04:38:18+00:00,6a2b969f,claim,S11,C54_calib_ks,verified,computed 0.6803; document agrees
2026-09-12T04:38:18+00:00,6a2b969f,claim,S11,C56_episodes_rebuilt_count,verified,computed 74; document agrees
2026-09-12T04:38:18+00:00,6a2b969f,claim,S11,C57_episodes_clustered,verified,computed 36; document agrees
2026-09-12T04:38:18+00:00,6a2b969f,claim,S11,C58_calib_rejection_prose,verified,computed 6.0; document agrees
2026-09-12T04:41:19+00:00,459113ba,claim,S1,C01_ems_source_rows,verified,"computed 29,978,154; document agrees"
2026-09-12T04:41:19+00:00,459113ba,claim,S10,C02_registry_rows,verified,"computed 13,241; document agrees"
2026-09-12T04:41:19+00:00,459113ba,claim,S11,C03_wiki_start,verified,computed 2015-07-01; document agrees
2026-09-12T04:41:19+00:00,459113ba,claim,S16,C04_basket_articles,verified,computed 120; document agrees
2026-09-12T04:41:19+00:00,459113ba,claim,S16,C05_basket_people,verified,computed 119; document agrees
2026-09-12T04:41:19+00:00,459113ba,claim,S16,C06_basket_after_2020,verified,computed 27; document agrees
2026-09-12T04:41:19+00:00,459113ba,claim,S11,C07_scored_days,verified,"computed 3,472; document agrees"
2026-09-12T04:41:19+00:00,459113ba,claim,S11,C08_cai_ref_mean,verified,computed 0.000000; document agrees
2026-09-12T04:41:19+00:00,459113ba,claim,S11,C09_cai_ref_sd,verified,computed 1.000000; document agrees
2026-09-12T04:41:19+00:00,459113ba,claim,S1,C10_panel_rows,verified,"computed 89,857; document agrees"
2026-09-12T04:41:19+00:00,459113ba,claim,S1,C11_panel_districts,verified,computed 59; document agrees
2026-09-12T04:41:19+00:00,459113ba,claim,S1,C12_mean_edp_share,verified,computed 0.0856; document agrees
2026-09-12T04:41:19+00:00,459113ba,claim,S1,C13_mean_total_calls,verified,computed 65.9; document agrees
2026-09-12T04:41:19+00:00,459113ba,claim,S12,C14_trends_nyc_zero_all,verified,computed 42.6%; document agrees
2026-09-12T04:41:19+00:00,459113ba,claim,S12,C15_trends_nyc_zero_2020,verified,computed 26%; document agrees
2026-09-12T04:41:19+00:00,459113ba,claim,S12,C16_trends_nyc_zero_2024,verified,computed 71%; document agrees
2026-09-12T04:41:19+00:00,459113ba,claim,S17,C17_rename_views_recovered,verified,"computed 79,439,814; document agrees"
2026-09-12T04:41:19+00:00,459113ba,claim,S17,C18_rename_articles,verified,computed 112; document agrees
2026-09-12T04:41:19+00:00,459113ba,claim,S17,C19_rename_articles_total,verified,computed 116; document agrees
2026-09-12T04:41:19+00:00,459113ba,claim,S11,C20_episodes_frozen,verified,computed 70; document agrees
2026-09-12T04:41:19+00:00,459113ba,claim,S11,C21_episodes_rebuilt,verified,computed 74; document agrees
2026-09-12T04:41:19+00:00,459113ba,claim,S11,C22_episode_max_days,verified,computed 14; document agrees
2026-09-12T04:41:19+00:00,459113ba,claim,S11,C23_basket_usable,verified,computed 107; document agrees
2026-09-12T04:41:19+00:00,459113ba,claim,S15,C24_bheard_precincts,verified,computed 31; document agrees
2026-09-12T04:41:19+00:00,459113ba,claim,S15,C25_bheard_low_conf,verified,computed 17; document agrees
2026-09-12T04:41:19+00:00,459113ba,claim,-,C26_suite_checks,verified,computed 63; document agrees
2026-09-12T04:41:19+00:00,459113ba,claim,-,C28_audit_checks,verified,computed 42; document agrees
2026-09-12T04:41:19+00:00,459113ba,claim,-,C29_audit_flags,verified,computed 2; document agrees
2026-09-12T04:41:19+00:00,459113ba,claim,-,C30_sources_registered,verified,computed 19; document agrees
2026-09-12T04:41:19+00:00,459113ba,claim,S17,C31_start_lag_max,verified,computed 3; document agrees
2026-09-12T04:41:19+00:00,459113ba,claim,S17,C32_start_lag_articles,verified,computed 107; document agrees
2026-09-12T04:41:19+00:00,459113ba,claim,S17,C33_titles_dated,verified,computed 530; document agrees
2026-09-12T04:41:19+00:00,459113ba,claim,S18,C37_national_corr,verified,computed 0.9695; document agrees
2026-09-12T04:41:19+00:00,459113ba,claim,S18,C34_nyc_corr_ext,verified,computed 0.54; document agrees
2026-09-12T04:41:19+00:00,459113ba,claim,S18,C35_nyc_corr_us,verified,computed 0.62; document agrees
2026-09-12T04:41:19+00:00,459113ba,claim,S18,C36_nyc_articles,verified,computed 11; document agrees
2026-09-12T04:41:19+00:00,459113ba,claim,S18,C38_nyc_overlap,verified,computed 59%; document agrees
2026-09-12T04:41:19+00:00,459113ba,claim,S18,C40_nyc_garner,verified,computed 53%; document agrees
2026-09-12T04:41:19+00:00,459113ba,claim,S18,C41_nyc_disjoint,verified,computed 8; document agrees
2026-09-12T04:41:19+00:00,459113ba,claim,S18,C42_nyc_r2,verified,computed 0.454; document agrees
2026-09-12T04:41:19+00:00,459113ba,claim,S18,C43_nyc_resid,verified,computed 6; document agrees
2026-09-12T04:41:19+00:00,459113ba,claim,S18,C44_national_corr,verified,computed 0.9695; document agrees
2026-09-12T04:41:19+00:00,459113ba,claim,S18,C45_nyc_disjoint_year,verified,computed 2012; document agrees
2026-09-12T04:41:19+00:00,459113ba,claim,S11,C46_antipolice_peak_published,verified,computed 12.5693; document agrees
2026-09-12T04:41:19+00:00,459113ba,claim,S11,C47_antipolice_peak_counterfactual,verified,computed 13.1356; document agrees
2026-09-12T04:41:19+00:00,459113ba,claim,S11,C48_antipolice_views_on_peak,verified,"computed 205,332; document agrees"
2026-09-12T04:41:19+00:00,459113ba,claim,S11,C49_antipolice_max_change,verified,computed 1.03; document agrees
2026-09-12T04:41:19+00:00,459113ba,claim,S11,C50_antipolice_days_touched,verified,"computed 3,105; document agrees"
2026-09-12T04:41:19+00:00,459113ba,claim,S16,C51_published_basket,verified,computed 109; document agrees
2026-09-12T04:41:19+00:00,459113ba,claim,S11,C52_calib_rejection,verified,computed 0.06; document agrees
2026-09-12T04:41:19+00:00,459113ba,claim,S11,C53_calib_rho,verified,computed 0.0482; document agrees
2026-09-12T04:41:19+00:00,459113ba,claim,S11,C54_calib_ks,verified,computed 0.6803; document agrees
2026-09-12T04:41:19+00:00,459113ba,claim,S11,C56_episodes_rebuilt_count,verified,computed 74; document agrees
2026-09-12T04:41:19+00:00,459113ba,claim,S11,C57_episodes_clustered,verified,computed 36; document agrees
2026-09-12T04:41:19+00:00,459113ba,claim,S11,C58_calib_rejection_prose,verified,computed 6.0; document agrees
2026-09-12T04:53:25+00:00,01113cc5,link,S1,https://data.cityofnewyork.us/resource/76xm-jjuj.csv,skipped,--offline
2026-09-12T04:53:25+00:00,01113cc5,link,S1b,https://data.cityofnewyork.us/resource/76xm-jjuj.csv,skipped,--offline
2026-09-12T04:53:25+00:00,01113cc5,link,S2,(none),unverifiable,no endpoint: not obtained over the network
2026-09-12T04:53:25+00:00,01113cc5,link,S3,(none),unverifiable,no endpoint: not obtained over the network
2026-09-12T04:53:25+00:00,01113cc5,link,S4,https://github.com/washingtonpost/data-police-shootings,skipped,--offline
2026-09-12T04:53:25+00:00,01113cc5,link,S5,(none),template,no endpoint: not obtained over the network
2026-09-12T04:53:25+00:00,01113cc5,link,S6,(none),template,no endpoint: not obtained over the network
2026-09-12T04:53:25+00:00,01113cc5,link,S7,https://s-media.nyc.gov/agencies/dcp/assets/files/excel/data-tools/census/acs/demo_2019_acs5yr_nta.xlsx,skipped,--offline
2026-09-12T04:53:25+00:00,01113cc5,link,S8,https://wikimedia.org/api/rest_v1/metrics/pageviews/per-article/,skipped,--offline
2026-09-12T04:53:25+00:00,01113cc5,link,S9,https://en.wikipedia.org/api/rest_v1/page/summary/,skipped,--offline
2026-09-12T04:53:25+00:00,01113cc5,link,S10,https://mappingpoliceviolence.us/s/MPVDatasetDownload.xlsx,skipped,--offline
2026-09-12T04:53:25+00:00,01113cc5,link,S11,https://api.gdeltproject.org/api/v2/doc/doc,skipped,--offline
2026-09-12T04:53:25+00:00,01113cc5,link,S11,https://api.gdeltproject.org/api/v2/tv/tv,skipped,--offline
2026-09-12T04:53:25+00:00,01113cc5,link,S11,https://wikimedia.org/api/rest_v1/metrics/pageviews/per-article/,skipped,--offline
2026-09-12T04:53:25+00:00,01113cc5,link,S12,https://trends.google.com,skipped,--offline
2026-09-12T04:53:25+00:00,01113cc5,link,S13,https://trends.google.com,skipped,--offline
2026-09-12T04:53:25+00:00,01113cc5,link,S14,https://data.cityofnewyork.us/resource/76xm-jjuj.json,skipped,--offline
2026-09-12T04:53:25+00:00,01113cc5,link,S15,https://mentalhealth.cityofnewyork.us/b-heard,skipped,--offline
2026-09-12T04:53:25+00:00,01113cc5,link,S16,https://query.wikidata.org/sparql,skipped,--offline
2026-09-12T04:53:25+00:00,01113cc5,link,S17,https://en.wikipedia.org/w/api.php,skipped,--offline
2026-09-12T04:53:25+00:00,01113cc5,link,S18,https://en.wikipedia.org/w/api.php,skipped,--offline
2026-09-12T04:53:25+00:00,01113cc5,link,S18,https://wikimedia.org/api/rest_v1/metrics/pageviews/per-article/,skipped,--offline
2026-09-12T04:53:25+00:00,01113cc5,artifact,S1,data/processed/ems_cd_day_calltype.parquet,verified,"sha256 6247a7239559f930, 4,876,509 rows, 2014-12-01..2024-12-31; not registered in data_sources.csv"
2026-09-12T04:53:25+00:00,01113cc5,artifact,S1,data/processed/ems_citywide_day_trends.parquet,verified,"sha256 33c8850350f90ab3, 39,037 rows, 2005-01-01..2026-06-30; not registered in data_sources.csv"
2026-09-12T04:53:25+00:00,01113cc5,artifact,S1b,data/processed/ems_cd_day_calltype.parquet,verified,"sha256 6247a7239559f930, 4,876,509 rows, 2014-12-01..2024-12-31; matches the provenance register"
2026-09-12T04:53:25+00:00,01113cc5,artifact,S2,data/raw/211118_tweet_count_name_date.csv,unverifiable,"artifact absent, and the source is unverifiable"
2026-09-12T04:53:25+00:00,01113cc5,artifact,S3,data/raw/220126_final_daily_tweet_count.csv,unverifiable,"artifact absent, and the source is unverifiable"
2026-09-12T04:53:25+00:00,01113cc5,artifact,S4,data/raw/fatalpoliceshootingsCLEANED.csv,unverifiable,"artifact absent, and the source is retired"
2026-09-12T04:53:25+00:00,01113cc5,artifact,S5,data/raw/sf1_dp_cd_demoprofile.xlsx,verified,"sha256 20459df2681c751b, unreadable: UnicodeDecodeError; not registered in data_sources.csv"
2026-09-12T04:53:25+00:00,01113cc5,artifact,S6,data/reference/victim_curation_table.csv,verified,"sha256 75e6bea4243eebe7, 101 rows, 2013-05-24..2020-10-20; not registered in data_sources.csv"
2026-09-12T04:53:25+00:00,01113cc5,artifact,S7,data/reference/acs_2019_cd_demographics.csv,verified,"sha256 210ec18a067b7f5d, 59 rows; register holds a payload hash only"
2026-09-12T04:53:25+00:00,01113cc5,artifact,S8,data/reference/wikipedia_pageviews_victims.csv,verified,"sha256 e1e88d7d93c69631, 25,211 rows, 2017-01-01..2020-12-31; provenance register is stale and cannot be refreshed — accepted 2026-09-10: Neither registered hash matches this file, and it cannot be re-registered by re-running its fetch: 09_fetch_public_data.py selects this basket from the retired Twitter per-victim file (S2), which is not in the repository and cannot be reconstructed. The bytes ac"
2026-09-12T04:53:25+00:00,01113cc5,artifact,S9,data/reference/wikipedia_article_resolution.csv,verified,"sha256 8e488fc8819956be, 109 rows; not registered in data_sources.csv"
2026-09-12T04:53:25+00:00,01113cc5,artifact,S10,data/reference/victim_registry.csv,verified,"sha256 13f3fbcfe5298589, 13,241 rows, 2013-01-01..2024-12-31; register holds a payload hash only"
2026-09-12T04:53:25+00:00,01113cc5,artifact,S11,data/reference/cai_components_daily.csv,verified,"sha256 f747bc27b7beada3, 9,232 rows, 2015-01-01..2024-12-31; not registered in data_sources.csv"
2026-09-12T04:53:25+00:00,01113cc5,artifact,S11,data/reference/wiki_ext_basket_used.csv,verified,"sha256 97140b683f5a6506, 109 rows; not registered in data_sources.csv"
2026-09-12T04:53:25+00:00,01113cc5,artifact,S11,data/reference/wiki_ext_aggregation_diagnostic.csv,verified,"sha256 2d37c4ad5d1c0c3d, 3,472 rows, 2015-07-01..2024-12-31; not registered in data_sources.csv"
2026-09-12T04:53:25+00:00,01113cc5,artifact,S12,data/reference/cai_trends_daily.csv,verified,"sha256 f18c11eb209350bd, 7,306 rows, 2015-01-01..2024-12-31; matches the provenance register"
2026-09-12T04:53:25+00:00,01113cc5,artifact,S12,data/reference/cai_trends_stitch_diagnostics.csv,verified,"sha256 a79bdc97be843bd6, 58 rows; not registered in data_sources.csv"
2026-09-12T04:53:25+00:00,01113cc5,artifact,S13,data/reference/cai_trends_anchored.csv,unverifiable,"artifact absent, and the source is retired"
2026-09-12T04:53:25+00:00,01113cc5,artifact,S14,data/reference/precinct_cd_crosswalk.csv,verified,"sha256 4c519dc6e115d562, 131 rows; matches the provenance register"
2026-09-12T04:53:25+00:00,01113cc5,artifact,S15,data/reference/bheard_precinct_adoption.csv,verified,"sha256 b7627d01221e5159, 31 rows; matches the provenance register"
2026-09-12T04:53:25+00:00,01113cc5,artifact,S15,data/reference/bheard_cd_exposure.csv,verified,"sha256 c387a640fc425626, 74 rows; not registered in data_sources.csv"
2026-09-12T04:53:25+00:00,01113cc5,artifact,S16,data/reference/basket_decisions.csv,verified,"sha256 cabfa4ca663e133c, 174 rows, 1958-04-25..2026-07-07; not registered in data_sources.csv"
2026-09-12T04:53:25+00:00,01113cc5,artifact,S17,data/reference/article_title_map.csv,verified,"sha256 b1be98f09b916a90, 530 rows; matches the provenance register"
2026-09-12T04:53:25+00:00,01113cc5,artifact,S17,outputs/tables/rename_recovery.csv,verified,"sha256 bdacd2e6adb24ce9, 127 rows; not registered in data_sources.csv"
2026-09-12T04:53:25+00:00,01113cc5,artifact,S18,data/reference/wiki_nyc_articles.csv,verified,"sha256 a50359145a74a954, 543 rows; not registered in data_sources.csv"
2026-09-12T04:53:25+00:00,01113cc5,artifact,S18,data/reference/wiki_nyc_daily.csv,verified,"sha256 66321420e2ed9675, 6,944 rows, 2015-07-01..2024-12-31; matches the provenance register"
2026-09-12T04:53:25+00:00,01113cc5,artifact,S18,data/reference/wiki_nyc_per_article.csv,verified,"sha256 5b8fffc41defa7b1, 55,552 rows, 2015-07-01..2024-12-31; not registered in data_sources.csv"
2026-09-12T04:53:25+00:00,01113cc5,claim,S1,C01_ems_source_rows,verified,"computed 29,978,154; document agrees"
2026-09-12T04:53:25+00:00,01113cc5,claim,S10,C02_registry_rows,verified,"computed 13,241; document agrees"
2026-09-12T04:53:25+00:00,01113cc5,claim,S11,C03_wiki_start,verified,computed 2015-07-01; document agrees
2026-09-12T04:53:25+00:00,01113cc5,claim,S16,C04_basket_articles,verified,computed 120; document agrees
2026-09-12T04:53:25+00:00,01113cc5,claim,S16,C05_basket_people,verified,computed 119; document agrees
2026-09-12T04:53:25+00:00,01113cc5,claim,S16,C06_basket_after_2020,verified,computed 27; document agrees
2026-09-12T04:53:25+00:00,01113cc5,claim,S11,C07_scored_days,verified,"computed 3,472; document agrees"
2026-09-12T04:53:25+00:00,01113cc5,claim,S11,C08_cai_ref_mean,verified,computed 0.000000; document agrees
2026-09-12T04:53:25+00:00,01113cc5,claim,S11,C09_cai_ref_sd,verified,computed 1.000000; document agrees
2026-09-12T04:53:25+00:00,01113cc5,claim,S1,C10_panel_rows,verified,"computed 89,857; document agrees"
2026-09-12T04:53:25+00:00,01113cc5,claim,S1,C11_panel_districts,verified,computed 59; document agrees
2026-09-12T04:53:25+00:00,01113cc5,claim,S1,C12_mean_edp_share,verified,computed 0.0856; document agrees
2026-09-12T04:53:25+00:00,01113cc5,claim,S1,C13_mean_total_calls,verified,computed 65.9; document agrees
2026-09-12T04:53:25+00:00,01113cc5,claim,S12,C14_trends_nyc_zero_all,verified,computed 42.6%; document agrees
2026-09-12T04:53:25+00:00,01113cc5,claim,S12,C15_trends_nyc_zero_2020,verified,computed 26%; document agrees
2026-09-12T04:53:25+00:00,01113cc5,claim,S12,C16_trends_nyc_zero_2024,verified,computed 71%; document agrees
2026-09-12T04:53:25+00:00,01113cc5,claim,S17,C17_rename_views_recovered,verified,"computed 79,439,814; document agrees"
2026-09-12T04:53:25+00:00,01113cc5,claim,S17,C18_rename_articles,verified,computed 112; document agrees
2026-09-12T04:53:25+00:00,01113cc5,claim,S17,C19_rename_articles_total,verified,computed 116; document agrees
2026-09-12T04:53:25+00:00,01113cc5,claim,S11,C20_episodes_frozen,verified,computed 70; document agrees
2026-09-12T04:53:25+00:00,01113cc5,claim,S11,C21_episodes_rebuilt,verified,computed 74; document agrees
2026-09-12T04:53:25+00:00,01113cc5,claim,S11,C22_episode_max_days,verified,computed 14; document agrees
2026-09-12T04:53:25+00:00,01113cc5,claim,S11,C23_basket_usable,verified,computed 107; document agrees
2026-09-12T04:53:25+00:00,01113cc5,claim,S15,C24_bheard_precincts,verified,computed 31; document agrees
2026-09-12T04:53:25+00:00,01113cc5,claim,S15,C25_bheard_low_conf,verified,computed 17; document agrees
2026-09-12T04:53:25+00:00,01113cc5,claim,-,C26_suite_checks,verified,computed 63; document agrees
2026-09-12T04:53:25+00:00,01113cc5,claim,-,C28_audit_checks,verified,computed 42; document agrees
2026-09-12T04:53:25+00:00,01113cc5,claim,-,C29_audit_flags,verified,computed 2; document agrees
2026-09-12T04:53:25+00:00,01113cc5,claim,-,C30_sources_registered,verified,computed 19; document agrees
2026-09-12T04:53:25+00:00,01113cc5,claim,S17,C31_start_lag_max,verified,computed 3; document agrees
2026-09-12T04:53:25+00:00,01113cc5,claim,S17,C32_start_lag_articles,verified,computed 107; document agrees
2026-09-12T04:53:25+00:00,01113cc5,claim,S17,C33_titles_dated,verified,computed 530; document agrees
2026-09-12T04:53:25+00:00,01113cc5,claim,S18,C37_national_corr,verified,computed 0.9695; document agrees
2026-09-12T04:53:25+00:00,01113cc5,claim,S18,C34_nyc_corr_ext,verified,computed 0.54; document agrees
2026-09-12T04:53:25+00:00,01113cc5,claim,S18,C35_nyc_corr_us,verified,computed 0.62; document agrees
2026-09-12T04:53:25+00:00,01113cc5,claim,S18,C36_nyc_articles,verified,computed 11; document agrees
2026-09-12T04:53:25+00:00,01113cc5,claim,S18,C38_nyc_overlap,verified,computed 59%; document agrees
2026-09-12T04:53:25+00:00,01113cc5,claim,S18,C40_nyc_garner,verified,computed 53%; document agrees
2026-09-12T04:53:25+00:00,01113cc5,claim,S18,C41_nyc_disjoint,verified,computed 8; document agrees
2026-09-12T04:53:25+00:00,01113cc5,claim,S18,C42_nyc_r2,verified,computed 0.454; document agrees
2026-09-12T04:53:25+00:00,01113cc5,claim,S18,C43_nyc_resid,verified,computed 6; document agrees
2026-09-12T04:53:25+00:00,01113cc5,claim,S18,C44_national_corr,verified,computed 0.9695; document agrees
2026-09-12T04:53:25+00:00,01113cc5,claim,S18,C45_nyc_disjoint_year,verified,computed 2012; document agrees
2026-09-12T04:53:25+00:00,01113cc5,claim,S11,C46_antipolice_peak_published,verified,computed 12.5693; document agrees
2026-09-12T04:53:25+00:00,01113cc5,claim,S11,C47_antipolice_peak_counterfactual,verified,computed 13.1356; document agrees
2026-09-12T04:53:25+00:00,01113cc5,claim,S11,C48_antipolice_views_on_peak,verified,"computed 205,332; document agrees"
2026-09-12T04:53:25+00:00,01113cc5,claim,S11,C49_antipolice_max_change,verified,computed 1.03; document agrees
2026-09-12T04:53:25+00:00,01113cc5,claim,S11,C50_antipolice_days_touched,verified,"computed 3,105; document agrees"
2026-09-12T04:53:25+00:00,01113cc5,claim,S16,C51_published_basket,verified,computed 109; document agrees
2026-09-12T04:53:25+00:00,01113cc5,claim,S11,C52_calib_rejection,verified,computed 0.06; document agrees
2026-09-12T04:53:25+00:00,01113cc5,claim,S11,C53_calib_rho,verified,computed 0.0482; document agrees
2026-09-12T04:53:25+00:00,01113cc5,claim,S11,C54_calib_ks,verified,computed 0.6803; document agrees
2026-09-12T04:53:25+00:00,01113cc5,claim,S11,C56_episodes_rebuilt_count,verified,computed 74; document agrees
2026-09-12T04:53:25+00:00,01113cc5,claim,S11,C57_episodes_clustered,verified,computed 36; document agrees
2026-09-12T04:53:25+00:00,01113cc5,claim,S11,C58_calib_rejection_prose,verified,computed 6.0; document agrees
2026-09-12T05:12:23+00:00,a3b2477f,link,S1,https://data.cityofnewyork.us/resource/76xm-jjuj.csv,skipped,--offline
2026-09-12T05:12:23+00:00,a3b2477f,link,S1b,https://data.cityofnewyork.us/resource/76xm-jjuj.csv,skipped,--offline
2026-09-12T05:12:23+00:00,a3b2477f,link,S2,(none),unverifiable,no endpoint: not obtained over the network
2026-09-12T05:12:23+00:00,a3b2477f,link,S3,(none),unverifiable,no endpoint: not obtained over the network
2026-09-12T05:12:23+00:00,a3b2477f,link,S4,https://github.com/washingtonpost/data-police-shootings,skipped,--offline
2026-09-12T05:12:23+00:00,a3b2477f,link,S5,(none),template,no endpoint: not obtained over the network
2026-09-12T05:12:23+00:00,a3b2477f,link,S6,(none),template,no endpoint: not obtained over the network
2026-09-12T05:12:23+00:00,a3b2477f,link,S7,https://s-media.nyc.gov/agencies/dcp/assets/files/excel/data-tools/census/acs/demo_2019_acs5yr_nta.xlsx,skipped,--offline
2026-09-12T05:12:23+00:00,a3b2477f,link,S8,https://wikimedia.org/api/rest_v1/metrics/pageviews/per-article/,skipped,--offline
2026-09-12T05:12:23+00:00,a3b2477f,link,S9,https://en.wikipedia.org/api/rest_v1/page/summary/,skipped,--offline
2026-09-12T05:12:23+00:00,a3b2477f,link,S10,https://mappingpoliceviolence.us/s/MPVDatasetDownload.xlsx,skipped,--offline
2026-09-12T05:12:23+00:00,a3b2477f,link,S11,https://api.gdeltproject.org/api/v2/doc/doc,skipped,--offline
2026-09-12T05:12:23+00:00,a3b2477f,link,S11,https://api.gdeltproject.org/api/v2/tv/tv,skipped,--offline
2026-09-12T05:12:23+00:00,a3b2477f,link,S11,https://wikimedia.org/api/rest_v1/metrics/pageviews/per-article/,skipped,--offline
2026-09-12T05:12:23+00:00,a3b2477f,link,S12,https://trends.google.com,skipped,--offline
2026-09-12T05:12:23+00:00,a3b2477f,link,S13,https://trends.google.com,skipped,--offline
2026-09-12T05:12:23+00:00,a3b2477f,link,S14,https://data.cityofnewyork.us/resource/76xm-jjuj.json,skipped,--offline
2026-09-12T05:12:23+00:00,a3b2477f,link,S15,https://mentalhealth.cityofnewyork.us/b-heard,skipped,--offline
2026-09-12T05:12:23+00:00,a3b2477f,link,S16,https://query.wikidata.org/sparql,skipped,--offline
2026-09-12T05:12:23+00:00,a3b2477f,link,S17,https://en.wikipedia.org/w/api.php,skipped,--offline
2026-09-12T05:12:23+00:00,a3b2477f,link,S18,https://en.wikipedia.org/w/api.php,skipped,--offline
2026-09-12T05:12:23+00:00,a3b2477f,link,S18,https://wikimedia.org/api/rest_v1/metrics/pageviews/per-article/,skipped,--offline
2026-09-12T05:12:23+00:00,a3b2477f,artifact,S1,data/processed/ems_cd_day_calltype.parquet,verified,"sha256 6247a7239559f930, 4,876,509 rows, 2014-12-01..2024-12-31; not registered in data_sources.csv"
2026-09-12T05:12:23+00:00,a3b2477f,artifact,S1,data/processed/ems_citywide_day_trends.parquet,verified,"sha256 33c8850350f90ab3, 39,037 rows, 2005-01-01..2026-06-30; not registered in data_sources.csv"
2026-09-12T05:12:23+00:00,a3b2477f,artifact,S1b,data/processed/ems_cd_day_calltype.parquet,verified,"sha256 6247a7239559f930, 4,876,509 rows, 2014-12-01..2024-12-31; matches the provenance register"
2026-09-12T05:12:23+00:00,a3b2477f,artifact,S2,data/raw/211118_tweet_count_name_date.csv,unverifiable,"artifact absent, and the source is unverifiable"
2026-09-12T05:12:23+00:00,a3b2477f,artifact,S3,data/raw/220126_final_daily_tweet_count.csv,unverifiable,"artifact absent, and the source is unverifiable"
2026-09-12T05:12:23+00:00,a3b2477f,artifact,S4,data/raw/fatalpoliceshootingsCLEANED.csv,unverifiable,"artifact absent, and the source is retired"
2026-09-12T05:12:23+00:00,a3b2477f,artifact,S5,data/raw/sf1_dp_cd_demoprofile.xlsx,verified,"sha256 20459df2681c751b, unreadable: UnicodeDecodeError; not registered in data_sources.csv"
2026-09-12T05:12:23+00:00,a3b2477f,artifact,S6,data/reference/victim_curation_table.csv,verified,"sha256 75e6bea4243eebe7, 101 rows, 2013-05-24..2020-10-20; not registered in data_sources.csv"
2026-09-12T05:12:23+00:00,a3b2477f,artifact,S7,data/reference/acs_2019_cd_demographics.csv,verified,"sha256 210ec18a067b7f5d, 59 rows; register holds a payload hash only"
2026-09-12T05:12:23+00:00,a3b2477f,artifact,S8,data/reference/wikipedia_pageviews_victims.csv,verified,"sha256 e1e88d7d93c69631, 25,211 rows, 2017-01-01..2020-12-31; provenance register is stale and cannot be refreshed — accepted 2026-09-10: Neither registered hash matches this file, and it cannot be re-registered by re-running its fetch: 09_fetch_public_data.py selects this basket from the retired Twitter per-victim file (S2), which is not in the repository and cannot be reconstructed. The bytes ac"
2026-09-12T05:12:23+00:00,a3b2477f,artifact,S9,data/reference/wikipedia_article_resolution.csv,verified,"sha256 8e488fc8819956be, 109 rows; not registered in data_sources.csv"
2026-09-12T05:12:23+00:00,a3b2477f,artifact,S10,data/reference/victim_registry.csv,verified,"sha256 13f3fbcfe5298589, 13,241 rows, 2013-01-01..2024-12-31; register holds a payload hash only"
2026-09-12T05:12:23+00:00,a3b2477f,artifact,S11,data/reference/cai_components_daily.csv,verified,"sha256 f747bc27b7beada3, 9,232 rows, 2015-01-01..2024-12-31; matches the provenance register"
2026-09-12T05:12:23+00:00,a3b2477f,artifact,S11,data/reference/wiki_ext_basket_used.csv,verified,"sha256 97140b683f5a6506, 109 rows; not registered in data_sources.csv"
2026-09-12T05:12:23+00:00,a3b2477f,artifact,S11,data/reference/wiki_ext_aggregation_diagnostic.csv,verified,"sha256 2d37c4ad5d1c0c3d, 3,472 rows, 2015-07-01..2024-12-31; not registered in data_sources.csv"
2026-09-12T05:12:23+00:00,a3b2477f,artifact,S12,data/reference/cai_trends_daily.csv,verified,"sha256 f18c11eb209350bd, 7,306 rows, 2015-01-01..2024-12-31; matches the provenance register"
2026-09-12T05:12:23+00:00,a3b2477f,artifact,S12,data/reference/cai_trends_stitch_diagnostics.csv,verified,"sha256 a79bdc97be843bd6, 58 rows; not registered in data_sources.csv"
2026-09-12T05:12:23+00:00,a3b2477f,artifact,S13,data/reference/cai_trends_anchored.csv,unverifiable,"artifact absent, and the source is retired"
2026-09-12T05:12:23+00:00,a3b2477f,artifact,S14,data/reference/precinct_cd_crosswalk.csv,verified,"sha256 4c519dc6e115d562, 131 rows; matches the provenance register"
2026-09-12T05:12:23+00:00,a3b2477f,artifact,S15,data/reference/bheard_precinct_adoption.csv,verified,"sha256 b7627d01221e5159, 31 rows; matches the provenance register"
2026-09-12T05:12:23+00:00,a3b2477f,artifact,S15,data/reference/bheard_cd_exposure.csv,verified,"sha256 c387a640fc425626, 74 rows; not registered in data_sources.csv"
2026-09-12T05:12:23+00:00,a3b2477f,artifact,S16,data/reference/basket_decisions.csv,verified,"sha256 cabfa4ca663e133c, 174 rows, 1958-04-25..2026-07-07; not registered in data_sources.csv"
2026-09-12T05:12:23+00:00,a3b2477f,artifact,S17,data/reference/article_title_map.csv,verified,"sha256 b1be98f09b916a90, 530 rows; matches the provenance register"
2026-09-12T05:12:23+00:00,a3b2477f,artifact,S17,outputs/tables/rename_recovery.csv,verified,"sha256 bdacd2e6adb24ce9, 127 rows; not registered in data_sources.csv"
2026-09-12T05:12:23+00:00,a3b2477f,artifact,S18,data/reference/wiki_nyc_articles.csv,verified,"sha256 a50359145a74a954, 543 rows; not registered in data_sources.csv"
2026-09-12T05:12:23+00:00,a3b2477f,artifact,S18,data/reference/wiki_nyc_daily.csv,verified,"sha256 66321420e2ed9675, 6,944 rows, 2015-07-01..2024-12-31; matches the provenance register"
2026-09-12T05:12:23+00:00,a3b2477f,artifact,S18,data/reference/wiki_nyc_per_article.csv,verified,"sha256 5b8fffc41defa7b1, 55,552 rows, 2015-07-01..2024-12-31; not registered in data_sources.csv"
2026-09-12T05:12:23+00:00,a3b2477f,claim,S1,C01_ems_source_rows,verified,"computed 29,978,154; document agrees"
2026-09-12T05:12:23+00:00,a3b2477f,claim,S10,C02_registry_rows,verified,"computed 13,241; document agrees"
2026-09-12T05:12:23+00:00,a3b2477f,claim,S11,C03_wiki_start,verified,computed 2015-07-01; document agrees
2026-09-12T05:12:23+00:00,a3b2477f,claim,S16,C04_basket_articles,verified,computed 120; document agrees
2026-09-12T05:12:23+00:00,a3b2477f,claim,S16,C05_basket_people,verified,computed 119; document agrees
2026-09-12T05:12:23+00:00,a3b2477f,claim,S16,C06_basket_after_2020,verified,computed 27; document agrees
2026-09-12T05:12:23+00:00,a3b2477f,claim,S11,C07_scored_days,verified,"computed 3,472; document agrees"
2026-09-12T05:12:23+00:00,a3b2477f,claim,S11,C08_cai_ref_mean,verified,computed 0.000000; document agrees
2026-09-12T05:12:23+00:00,a3b2477f,claim,S11,C09_cai_ref_sd,verified,computed 1.000000; document agrees
2026-09-12T05:12:23+00:00,a3b2477f,claim,S1,C10_panel_rows,verified,"computed 89,857; document agrees"
2026-09-12T05:12:23+00:00,a3b2477f,claim,S1,C11_panel_districts,verified,computed 59; document agrees
2026-09-12T05:12:23+00:00,a3b2477f,claim,S1,C12_mean_edp_share,verified,computed 0.0856; document agrees
2026-09-12T05:12:23+00:00,a3b2477f,claim,S1,C13_mean_total_calls,verified,computed 65.9; document agrees
2026-09-12T05:12:23+00:00,a3b2477f,claim,S12,C14_trends_nyc_zero_all,verified,computed 42.6%; document agrees
2026-09-12T05:12:23+00:00,a3b2477f,claim,S12,C15_trends_nyc_zero_2020,verified,computed 26%; document agrees
2026-09-12T05:12:23+00:00,a3b2477f,claim,S12,C16_trends_nyc_zero_2024,verified,computed 71%; document agrees
2026-09-12T05:12:23+00:00,a3b2477f,claim,S17,C17_rename_views_recovered,verified,"computed 79,439,814; document agrees"
2026-09-12T05:12:23+00:00,a3b2477f,claim,S17,C18_rename_articles,verified,computed 112; document agrees
2026-09-12T05:12:23+00:00,a3b2477f,claim,S17,C19_rename_articles_total,verified,computed 116; document agrees
2026-09-12T05:12:23+00:00,a3b2477f,claim,S11,C20_episodes_frozen,verified,computed 70; document agrees
2026-09-12T05:12:23+00:00,a3b2477f,claim,S11,C21_episodes_rebuilt,verified,computed 74; document agrees
2026-09-12T05:12:23+00:00,a3b2477f,claim,S11,C22_episode_max_days,verified,computed 14; document agrees
2026-09-12T05:12:23+00:00,a3b2477f,claim,S11,C23_basket_usable,verified,computed 107; document agrees
2026-09-12T05:12:23+00:00,a3b2477f,claim,S15,C24_bheard_precincts,verified,computed 31; document agrees
2026-09-12T05:12:23+00:00,a3b2477f,claim,S15,C25_bheard_low_conf,verified,computed 17; document agrees
2026-09-12T05:12:23+00:00,a3b2477f,claim,-,C26_suite_checks,mismatch,"computed 65, but the document does not say 'check — **65 checks** at present.' (the surrounding wording is present, so the number differs)"
2026-09-12T05:12:23+00:00,a3b2477f,claim,-,C28_audit_checks,verified,computed 42; document agrees
2026-09-12T05:12:23+00:00,a3b2477f,claim,-,C29_audit_flags,verified,computed 2; document agrees
2026-09-12T05:12:23+00:00,a3b2477f,claim,-,C30_sources_registered,verified,computed 19; document agrees
2026-09-12T05:12:23+00:00,a3b2477f,claim,S17,C31_start_lag_max,verified,computed 3; document agrees
2026-09-12T05:12:23+00:00,a3b2477f,claim,S17,C32_start_lag_articles,verified,computed 107; document agrees
2026-09-12T05:12:23+00:00,a3b2477f,claim,S17,C33_titles_dated,verified,computed 530; document agrees
2026-09-12T05:12:23+00:00,a3b2477f,claim,S18,C37_national_corr,verified,computed 0.9695; document agrees
2026-09-12T05:12:23+00:00,a3b2477f,claim,S18,C34_nyc_corr_ext,verified,computed 0.54; document agrees
2026-09-12T05:12:23+00:00,a3b2477f,claim,S18,C35_nyc_corr_us,verified,computed 0.62; document agrees
2026-09-12T05:12:23+00:00,a3b2477f,claim,S18,C36_nyc_articles,verified,computed 11; document agrees
2026-09-12T05:12:23+00:00,a3b2477f,claim,S18,C38_nyc_overlap,verified,computed 59%; document agrees
2026-09-12T05:12:23+00:00,a3b2477f,claim,S18,C40_nyc_garner,verified,computed 53%; document agrees
2026-09-12T05:12:23+00:00,a3b2477f,claim,S18,C41_nyc_disjoint,verified,computed 8; document agrees
2026-09-12T05:12:23+00:00,a3b2477f,claim,S18,C42_nyc_r2,verified,computed 0.454; document agrees
2026-09-12T05:12:23+00:00,a3b2477f,claim,S18,C43_nyc_resid,verified,computed 6; document agrees
2026-09-12T05:12:23+00:00,a3b2477f,claim,S18,C44_national_corr,verified,computed 0.9695; document agrees
2026-09-12T05:12:23+00:00,a3b2477f,claim,S18,C45_nyc_disjoint_year,verified,computed 2012; document agrees
2026-09-12T05:12:23+00:00,a3b2477f,claim,S11,C46_antipolice_peak_published,verified,computed 12.5693; document agrees
2026-09-12T05:12:23+00:00,a3b2477f,claim,S11,C47_antipolice_peak_counterfactual,verified,computed 13.1356; document agrees
2026-09-12T05:12:23+00:00,a3b2477f,claim,S11,C48_antipolice_views_on_peak,verified,"computed 205,332; document agrees"
2026-09-12T05:12:23+00:00,a3b2477f,claim,S11,C49_antipolice_max_change,verified,computed 1.03; document agrees
2026-09-12T05:12:23+00:00,a3b2477f,claim,S11,C50_antipolice_days_touched,verified,"computed 3,105; document agrees"
2026-09-12T05:12:23+00:00,a3b2477f,claim,S16,C51_published_basket,verified,computed 109; document agrees
2026-09-12T05:12:23+00:00,a3b2477f,claim,S11,C52_calib_rejection,verified,computed 0.06; document agrees
2026-09-12T05:12:23+00:00,a3b2477f,claim,S11,C53_calib_rho,verified,computed 0.0482; document agrees
2026-09-12T05:12:23+00:00,a3b2477f,claim,S11,C54_calib_ks,verified,computed 0.6803; document agrees
2026-09-12T05:12:23+00:00,a3b2477f,claim,S11,C56_episodes_rebuilt_count,verified,computed 74; document agrees
2026-09-12T05:12:23+00:00,a3b2477f,claim,S11,C57_episodes_clustered,verified,computed 36; document agrees
2026-09-12T05:12:23+00:00,a3b2477f,claim,S11,C58_calib_rejection_prose,verified,computed 6.0; document agrees
2026-09-12T05:12:36+00:00,33fb952f,claim,S1,C01_ems_source_rows,verified,"computed 29,978,154; document agrees"
2026-09-12T05:12:36+00:00,33fb952f,claim,S10,C02_registry_rows,verified,"computed 13,241; document agrees"
2026-09-12T05:12:36+00:00,33fb952f,claim,S11,C03_wiki_start,verified,computed 2015-07-01; document agrees
2026-09-12T05:12:36+00:00,33fb952f,claim,S16,C04_basket_articles,verified,computed 120; document agrees
2026-09-12T05:12:36+00:00,33fb952f,claim,S16,C05_basket_people,verified,computed 119; document agrees
2026-09-12T05:12:36+00:00,33fb952f,claim,S16,C06_basket_after_2020,verified,computed 27; document agrees
2026-09-12T05:12:36+00:00,33fb952f,claim,S11,C07_scored_days,verified,"computed 3,472; document agrees"
2026-09-12T05:12:36+00:00,33fb952f,claim,S11,C08_cai_ref_mean,verified,computed 0.000000; document agrees
2026-09-12T05:12:36+00:00,33fb952f,claim,S11,C09_cai_ref_sd,verified,computed 1.000000; document agrees
2026-09-12T05:12:36+00:00,33fb952f,claim,S1,C10_panel_rows,verified,"computed 89,857; document agrees"
2026-09-12T05:12:36+00:00,33fb952f,claim,S1,C11_panel_districts,verified,computed 59; document agrees
2026-09-12T05:12:36+00:00,33fb952f,claim,S1,C12_mean_edp_share,verified,computed 0.0856; document agrees
2026-09-12T05:12:36+00:00,33fb952f,claim,S1,C13_mean_total_calls,verified,computed 65.9; document agrees
2026-09-12T05:12:36+00:00,33fb952f,claim,S12,C14_trends_nyc_zero_all,verified,computed 42.6%; document agrees
2026-09-12T05:12:36+00:00,33fb952f,claim,S12,C15_trends_nyc_zero_2020,verified,computed 26%; document agrees
2026-09-12T05:12:36+00:00,33fb952f,claim,S12,C16_trends_nyc_zero_2024,verified,computed 71%; document agrees
2026-09-12T05:12:36+00:00,33fb952f,claim,S17,C17_rename_views_recovered,verified,"computed 79,439,814; document agrees"
2026-09-12T05:12:36+00:00,33fb952f,claim,S17,C18_rename_articles,verified,computed 112; document agrees
2026-09-12T05:12:36+00:00,33fb952f,claim,S17,C19_rename_articles_total,verified,computed 116; document agrees
2026-09-12T05:12:36+00:00,33fb952f,claim,S11,C20_episodes_frozen,verified,computed 70; document agrees
2026-09-12T05:12:36+00:00,33fb952f,claim,S11,C21_episodes_rebuilt,verified,computed 74; document agrees
2026-09-12T05:12:36+00:00,33fb952f,claim,S11,C22_episode_max_days,verified,computed 14; document agrees
2026-09-12T05:12:36+00:00,33fb952f,claim,S11,C23_basket_usable,verified,computed 107; document agrees
2026-09-12T05:12:36+00:00,33fb952f,claim,S15,C24_bheard_precincts,verified,computed 31; document agrees
2026-09-12T05:12:36+00:00,33fb952f,claim,S15,C25_bheard_low_conf,verified,computed 17; document agrees
2026-09-12T05:12:36+00:00,33fb952f,claim,-,C26_suite_checks,mismatch,"computed 65, but the document does not say 'check — **65 checks** at present.' (the surrounding wording is present, so the number differs)"
2026-09-12T05:12:36+00:00,33fb952f,claim,-,C28_audit_checks,verified,computed 42; document agrees
2026-09-12T05:12:36+00:00,33fb952f,claim,-,C29_audit_flags,verified,computed 2; document agrees
2026-09-12T05:12:36+00:00,33fb952f,claim,-,C30_sources_registered,verified,computed 19; document agrees
2026-09-12T05:12:36+00:00,33fb952f,claim,S17,C31_start_lag_max,verified,computed 3; document agrees
2026-09-12T05:12:36+00:00,33fb952f,claim,S17,C32_start_lag_articles,verified,computed 107; document agrees
2026-09-12T05:12:36+00:00,33fb952f,claim,S17,C33_titles_dated,verified,computed 530; document agrees
2026-09-12T05:12:36+00:00,33fb952f,claim,S18,C37_national_corr,verified,computed 0.9695; document agrees
2026-09-12T05:12:36+00:00,33fb952f,claim,S18,C34_nyc_corr_ext,verified,computed 0.54; document agrees
2026-09-12T05:12:36+00:00,33fb952f,claim,S18,C35_nyc_corr_us,verified,computed 0.62; document agrees
2026-09-12T05:12:36+00:00,33fb952f,claim,S18,C36_nyc_articles,verified,computed 11; document agrees
2026-09-12T05:12:36+00:00,33fb952f,claim,S18,C38_nyc_overlap,verified,computed 59%; document agrees
2026-09-12T05:12:36+00:00,33fb952f,claim,S18,C40_nyc_garner,verified,computed 53%; document agrees
2026-09-12T05:12:36+00:00,33fb952f,claim,S18,C41_nyc_disjoint,verified,computed 8; document agrees
2026-09-12T05:12:36+00:00,33fb952f,claim,S18,C42_nyc_r2,verified,computed 0.454; document agrees
2026-09-12T05:12:36+00:00,33fb952f,claim,S18,C43_nyc_resid,verified,computed 6; document agrees
2026-09-12T05:12:36+00:00,33fb952f,claim,S18,C44_national_corr,verified,computed 0.9695; document agrees
2026-09-12T05:12:36+00:00,33fb952f,claim,S18,C45_nyc_disjoint_year,verified,computed 2012; document agrees
2026-09-12T05:12:36+00:00,33fb952f,claim,S11,C46_antipolice_peak_published,verified,computed 12.5693; document agrees
2026-09-12T05:12:36+00:00,33fb952f,claim,S11,C47_antipolice_peak_counterfactual,verified,computed 13.1356; document agrees
2026-09-12T05:12:36+00:00,33fb952f,claim,S11,C48_antipolice_views_on_peak,verified,"computed 205,332; document agrees"
2026-09-12T05:12:36+00:00,33fb952f,claim,S11,C49_antipolice_max_change,verified,computed 1.03; document agrees
2026-09-12T05:12:36+00:00,33fb952f,claim,S11,C50_antipolice_days_touched,verified,"computed 3,105; document agrees"
2026-09-12T05:12:36+00:00,33fb952f,claim,S16,C51_published_basket,verified,computed 109; document agrees
2026-09-12T05:12:36+00:00,33fb952f,claim,S11,C52_calib_rejection,verified,computed 0.06; document agrees
2026-09-12T05:12:36+00:00,33fb952f,claim,S11,C53_calib_rho,verified,computed 0.0482; document agrees
2026-09-12T05:12:36+00:00,33fb952f,claim,S11,C54_calib_ks,verified,computed 0.6803; document agrees
2026-09-12T05:12:36+00:00,33fb952f,claim,S11,C56_episodes_rebuilt_count,verified,computed 74; document agrees
2026-09-12T05:12:36+00:00,33fb952f,claim,S11,C57_episodes_clustered,verified,computed 36; document agrees
2026-09-12T05:12:36+00:00,33fb952f,claim,S11,C58_calib_rejection_prose,verified,computed 6.0; document agrees
2026-09-12T05:12:36+00:00,33fb952f,claim,S1,C01_ems_source_rows,verified,"computed 29,978,154; document agrees"
2026-09-12T05:12:36+00:00,33fb952f,claim,S10,C02_registry_rows,verified,"computed 13,241; document agrees"
2026-09-12T05:12:36+00:00,33fb952f,claim,S11,C03_wiki_start,verified,computed 2015-07-01; document agrees
2026-09-12T05:12:36+00:00,33fb952f,claim,S16,C04_basket_articles,verified,computed 120; document agrees
2026-09-12T05:12:36+00:00,33fb952f,claim,S16,C05_basket_people,verified,computed 119; document agrees
2026-09-12T05:12:36+00:00,33fb952f,claim,S16,C06_basket_after_2020,verified,computed 27; document agrees
2026-09-12T05:12:36+00:00,33fb952f,claim,S11,C07_scored_days,verified,"computed 3,472; document agrees"
2026-09-12T05:12:36+00:00,33fb952f,claim,S11,C08_cai_ref_mean,verified,computed 0.000000; document agrees
2026-09-12T05:12:36+00:00,33fb952f,claim,S11,C09_cai_ref_sd,verified,computed 1.000000; document agrees
2026-09-12T05:12:36+00:00,33fb952f,claim,S1,C10_panel_rows,verified,"computed 89,857; document agrees"
2026-09-12T05:12:36+00:00,33fb952f,claim,S1,C11_panel_districts,verified,computed 59; document agrees
2026-09-12T05:12:36+00:00,33fb952f,claim,S1,C12_mean_edp_share,verified,computed 0.0856; document agrees
2026-09-12T05:12:36+00:00,33fb952f,claim,S1,C13_mean_total_calls,verified,computed 65.9; document agrees
2026-09-12T05:12:36+00:00,33fb952f,claim,S12,C14_trends_nyc_zero_all,verified,computed 42.6%; document agrees
2026-09-12T05:12:36+00:00,33fb952f,claim,S12,C15_trends_nyc_zero_2020,verified,computed 26%; document agrees
2026-09-12T05:12:36+00:00,33fb952f,claim,S12,C16_trends_nyc_zero_2024,verified,computed 71%; document agrees
2026-09-12T05:12:36+00:00,33fb952f,claim,S17,C17_rename_views_recovered,verified,"computed 79,439,814; document agrees"
2026-09-12T05:12:36+00:00,33fb952f,claim,S17,C18_rename_articles,verified,computed 112; document agrees
2026-09-12T05:12:36+00:00,33fb952f,claim,S17,C19_rename_articles_total,verified,computed 116; document agrees
2026-09-12T05:12:36+00:00,33fb952f,claim,S11,C20_episodes_frozen,verified,computed 70; document agrees
2026-09-12T05:12:36+00:00,33fb952f,claim,S11,C21_episodes_rebuilt,verified,computed 74; document agrees
2026-09-12T05:12:36+00:00,33fb952f,claim,S11,C22_episode_max_days,verified,computed 14; document agrees
2026-09-12T05:12:36+00:00,33fb952f,claim,S11,C23_basket_usable,verified,computed 107; document agrees
2026-09-12T05:12:36+00:00,33fb952f,claim,S15,C24_bheard_precincts,verified,computed 31; document agrees
2026-09-12T05:12:36+00:00,33fb952f,claim,S15,C25_bheard_low_conf,verified,computed 17; document agrees
2026-09-12T05:12:36+00:00,33fb952f,claim,-,C26_suite_checks,verified,computed 65; document agrees
2026-09-12T05:12:36+00:00,33fb952f,claim,-,C28_audit_checks,verified,computed 42; document agrees
2026-09-12T05:12:36+00:00,33fb952f,claim,-,C29_audit_flags,verified,computed 2; document agrees
2026-09-12T05:12:36+00:00,33fb952f,claim,-,C30_sources_registered,verified,computed 19; document agrees
2026-09-12T05:12:36+00:00,33fb952f,claim,S17,C31_start_lag_max,verified,computed 3; document agrees
2026-09-12T05:12:36+00:00,33fb952f,claim,S17,C32_start_lag_articles,verified,computed 107; document agrees
2026-09-12T05:12:36+00:00,33fb952f,claim,S17,C33_titles_dated,verified,computed 530; document agrees
2026-09-12T05:12:36+00:00,33fb952f,claim,S18,C37_national_corr,verified,computed 0.9695; document agrees
2026-09-12T05:12:36+00:00,33fb952f,claim,S18,C34_nyc_corr_ext,verified,computed 0.54; document agrees
2026-09-12T05:12:36+00:00,33fb952f,claim,S18,C35_nyc_corr_us,verified,computed 0.62; document agrees
2026-09-12T05:12:36+00:00,33fb952f,claim,S18,C36_nyc_articles,verified,computed 11; document agrees
2026-09-12T05:12:36+00:00,33fb952f,claim,S18,C38_nyc_overlap,verified,computed 59%; document agrees
2026-09-12T05:12:36+00:00,33fb952f,claim,S18,C40_nyc_garner,verified,computed 53%; document agrees
2026-09-12T05:12:36+00:00,33fb952f,claim,S18,C41_nyc_disjoint,verified,computed 8; document agrees
2026-09-12T05:12:36+00:00,33fb952f,claim,S18,C42_nyc_r2,verified,computed 0.454; document agrees
2026-09-12T05:12:36+00:00,33fb952f,claim,S18,C43_nyc_resid,verified,computed 6; document agrees
2026-09-12T05:12:36+00:00,33fb952f,claim,S18,C44_national_corr,verified,computed 0.9695; document agrees
2026-09-12T05:12:36+00:00,33fb952f,claim,S18,C45_nyc_disjoint_year,verified,computed 2012; document agrees
2026-09-12T05:12:36+00:00,33fb952f,claim,S11,C46_antipolice_peak_published,verified,computed 12.5693; document agrees
2026-09-12T05:12:36+00:00,33fb952f,claim,S11,C47_antipolice_peak_counterfactual,verified,computed 13.1356; document agrees
2026-09-12T05:12:36+00:00,33fb952f,claim,S11,C48_antipolice_views_on_peak,verified,"computed 205,332; document agrees"
2026-09-12T05:12:36+00:00,33fb952f,claim,S11,C49_antipolice_max_change,verified,computed 1.03; document agrees
2026-09-12T05:12:36+00:00,33fb952f,claim,S11,C50_antipolice_days_touched,verified,"computed 3,105; document agrees"
2026-09-12T05:12:36+00:00,33fb952f,claim,S16,C51_published_basket,verified,computed 109; document agrees
2026-09-12T05:12:36+00:00,33fb952f,claim,S11,C52_calib_rejection,verified,computed 0.06; document agrees
2026-09-12T05:12:36+00:00,33fb952f,claim,S11,C53_calib_rho,verified,computed 0.0482; document agrees
2026-09-12T05:12:36+00:00,33fb952f,claim,S11,C54_calib_ks,verified,computed 0.6803; document agrees
2026-09-12T05:12:36+00:00,33fb952f,claim,S11,C56_episodes_rebuilt_count,verified,computed 74; document agrees
2026-09-12T05:12:36+00:00,33fb952f,claim,S11,C57_episodes_clustered,verified,computed 36; document agrees
2026-09-12T05:12:36+00:00,33fb952f,claim,S11,C58_calib_rejection_prose,verified,computed 6.0; document agrees
