date,component,value
2015-07-01,wiki_nyc,2054.0
2015-07-02,wiki_nyc,2279.0
2015-07-03,wiki_nyc,1888.0
2015-07-04,wiki_nyc,1701.0
2015-07-05,wiki_nyc,1787.0
2015-07-06,wiki_nyc,2029.0
2015-07-07,wiki_nyc,2117.0
2015-07-08,wiki_nyc,2437.0
2015-07-09,wiki_nyc,2199.0
2015-07-10,wiki_nyc,2142.0
2015-07-11,wiki_nyc,1757.0
2015-07-12,wiki_nyc,2218.0
2015-07-13,wiki_nyc,12019.0
2015-07-14,wiki_nyc,19904.0
2015-07-15,wiki_nyc,7237.0
2015-07-16,wiki_nyc,3927.0
2015-07-17,wiki_nyc,10093.0
2015-07-18,wiki_nyc,7496.0
2015-07-19,wiki_nyc,4349.0
2015-07-20,wiki_nyc,3523.0
2015-07-21,wiki_nyc,3094.0
2015-07-22,wiki_nyc,5354.0
2015-07-23,wiki_nyc,7989.0
2015-07-24,wiki_nyc,7684.0
2015-07-25,wiki_nyc,4299.0
2015-07-26,wiki_nyc,4094.0
2015-07-27,wiki_nyc,4445.0
2015-07-28,wiki_nyc,3870.0
2015-07-29,wiki_nyc,3732.0
2015-07-30,wiki_nyc,4665.0
2015-07-31,wiki_nyc,3432.0
2015-08-01,wiki_nyc,2533.0
2015-08-02,wiki_nyc,2421.0
2015-08-03,wiki_nyc,2321.0
2015-08-04,wiki_nyc,2556.0
2015-08-05,wiki_nyc,2645.0
2015-08-06,wiki_nyc,2595.0
2015-08-07,wiki_nyc,2437.0
2015-08-08,wiki_nyc,5583.0
2015-08-09,wiki_nyc,14456.0
2015-08-10,wiki_nyc,16998.0
2015-08-11,wiki_nyc,11482.0
2015-08-12,wiki_nyc,7864.0
2015-08-13,wiki_nyc,6261.0
2015-08-14,wiki_nyc,5772.0
2015-08-15,wiki_nyc,2833.0
2015-08-16,wiki_nyc,2867.0
2015-08-17,wiki_nyc,2790.0
2015-08-18,wiki_nyc,2770.0
2015-08-19,wiki_nyc,2741.0
2015-08-20,wiki_nyc,3794.0
2015-08-21,wiki_nyc,2245.0
2015-08-22,wiki_nyc,1859.0
2015-08-23,wiki_nyc,2044.0
2015-08-24,wiki_nyc,2345.0
2015-08-25,wiki_nyc,2242.0
2015-08-26,wiki_nyc,2534.0
2015-08-27,wiki_nyc,2598.0
2015-08-28,wiki_nyc,2287.0
2015-08-29,wiki_nyc,2455.0
2015-08-30,wiki_nyc,2269.0
2015-08-31,wiki_nyc,2738.0
2015-09-01,wiki_nyc,2927.0
2015-09-02,wiki_nyc,3161.0
2015-09-03,wiki_nyc,2813.0
2015-09-04,wiki_nyc,2508.0
2015-09-05,wiki_nyc,2291.0
2015-09-06,wiki_nyc,2100.0
2015-09-07,wiki_nyc,2220.0
2015-09-08,wiki_nyc,2862.0
2015-09-09,wiki_nyc,2860.0
2015-09-10,wiki_nyc,3481.0
2015-09-11,wiki_nyc,2956.0
2015-09-12,wiki_nyc,3412.0
2015-09-13,wiki_nyc,3007.0
2015-09-14,wiki_nyc,3022.0
2015-09-15,wiki_nyc,3972.0
2015-09-16,wiki_nyc,3145.0
2015-09-17,wiki_nyc,2911.0
2015-09-18,wiki_nyc,2698.0
2015-09-19,wiki_nyc,2565.0
2015-09-20,wiki_nyc,3500.0
2015-09-21,wiki_nyc,3411.0
2015-09-22,wiki_nyc,2894.0
2015-09-23,wiki_nyc,2813.0
2015-09-24,wiki_nyc,2603.0
2015-09-25,wiki_nyc,2375.0
2015-09-26,wiki_nyc,1847.0
2015-09-27,wiki_nyc,1893.0
2015-09-28,wiki_nyc,2454.0
2015-09-29,wiki_nyc,2598.0
2015-09-30,wiki_nyc,2517.0
2015-10-01,wiki_nyc,2231.0
2015-10-02,wiki_nyc,2075.0
2015-10-03,wiki_nyc,1890.0
2015-10-04,wiki_nyc,2373.0
2015-10-05,wiki_nyc,2365.0
2015-10-06,wiki_nyc,2468.0
2015-10-07,wiki_nyc,2318.0
2015-10-08,wiki_nyc,2543.0
2015-10-09,wiki_nyc,2175.0
2015-10-10,wiki_nyc,1629.0
2015-10-11,wiki_nyc,2124.0
2015-10-12,wiki_nyc,2411.0
2015-10-13,wiki_nyc,2272.0
2015-10-14,wiki_nyc,2377.0
2015-10-15,wiki_nyc,2535.0
2015-10-16,wiki_nyc,2345.0
2015-10-17,wiki_nyc,1965.0
2015-10-18,wiki_nyc,1876.0
2015-10-19,wiki_nyc,2413.0
2015-10-20,wiki_nyc,2407.0
2015-10-21,wiki_nyc,2671.0
2015-10-22,wiki_nyc,2497.0
2015-10-23,wiki_nyc,2345.0
2015-10-24,wiki_nyc,2112.0
2015-10-25,wiki_nyc,2280.0
2015-10-26,wiki_nyc,2829.0
2015-10-27,wiki_nyc,3130.0
2015-10-28,wiki_nyc,3488.0
2015-10-29,wiki_nyc,3214.0
2015-10-30,wiki_nyc,2843.0
2015-10-31,wiki_nyc,1939.0
2015-11-01,wiki_nyc,2188.0
2015-11-02,wiki_nyc,3060.0
2015-11-03,wiki_nyc,3581.0
2015-11-04,wiki_nyc,3431.0
2015-11-05,wiki_nyc,3076.0
2015-11-06,wiki_nyc,2725.0
2015-11-07,wiki_nyc,2482.0
2015-11-08,wiki_nyc,2306.0
2015-11-09,wiki_nyc,2769.0
2015-11-10,wiki_nyc,2613.0
2015-11-11,wiki_nyc,2475.0
2015-11-12,wiki_nyc,2648.0
2015-11-13,wiki_nyc,2514.0
2015-11-14,wiki_nyc,1731.0
2015-11-15,wiki_nyc,2058.0
2015-11-16,wiki_nyc,3064.0
2015-11-17,wiki_nyc,3330.0
2015-11-18,wiki_nyc,3191.0
2015-11-19,wiki_nyc,3330.0
2015-11-20,wiki_nyc,2648.0
2015-11-21,wiki_nyc,5301.0
2015-11-22,wiki_nyc,2291.0
2015-11-23,wiki_nyc,3366.0
2015-11-24,wiki_nyc,3134.0
2015-11-25,wiki_nyc,5181.0
2015-11-26,wiki_nyc,4064.0
2015-11-27,wiki_nyc,3184.0
2015-11-28,wiki_nyc,3536.0
2015-11-29,wiki_nyc,3377.0
2015-11-30,wiki_nyc,3669.0
2015-12-01,wiki_nyc,4428.0
2015-12-02,wiki_nyc,4669.0
2015-12-03,wiki_nyc,3976.0
2015-12-04,wiki_nyc,3730.0
2015-12-05,wiki_nyc,2713.0
2015-12-06,wiki_nyc,3126.0
2015-12-07,wiki_nyc,3616.0
2015-12-08,wiki_nyc,3391.0
2015-12-09,wiki_nyc,2979.0
2015-12-10,wiki_nyc,2996.0
2015-12-11,wiki_nyc,2586.0
2015-12-12,wiki_nyc,2198.0
2015-12-13,wiki_nyc,1942.0
2015-12-14,wiki_nyc,2817.0
2015-12-15,wiki_nyc,2429.0
2015-12-16,wiki_nyc,2587.0
2015-12-17,wiki_nyc,5549.0
2015-12-18,wiki_nyc,3111.0
2015-12-19,wiki_nyc,1790.0
2015-12-20,wiki_nyc,2031.0
2015-12-21,wiki_nyc,2081.0
2015-12-22,wiki_nyc,1989.0
2015-12-23,wiki_nyc,1728.0
2015-12-24,wiki_nyc,1460.0
2015-12-25,wiki_nyc,1534.0
2015-12-26,wiki_nyc,1458.0
2015-12-27,wiki_nyc,1529.0
2015-12-28,wiki_nyc,2723.0
2015-12-29,wiki_nyc,4426.0
2015-12-30,wiki_nyc,3600.0
2015-12-31,wiki_nyc,2779.0
2016-01-01,wiki_nyc,3376.0
2016-01-02,wiki_nyc,5554.0
2016-01-03,wiki_nyc,4911.0
2016-01-04,wiki_nyc,4036.0
2016-01-05,wiki_nyc,4793.0
2016-01-06,wiki_nyc,4636.0
2016-01-07,wiki_nyc,3374.0
2016-01-08,wiki_nyc,3190.0
2016-01-09,wiki_nyc,3190.0
2016-01-10,wiki_nyc,2617.0
2016-01-11,wiki_nyc,3232.0
2016-01-12,wiki_nyc,2891.0
2016-01-13,wiki_nyc,2688.0
2016-01-14,wiki_nyc,2373.0
2016-01-15,wiki_nyc,2459.0
2016-01-16,wiki_nyc,2300.0
2016-01-17,wiki_nyc,1955.0
2016-01-18,wiki_nyc,2397.0
2016-01-19,wiki_nyc,2650.0
2016-01-20,wiki_nyc,2601.0
2016-01-21,wiki_nyc,2619.0
2016-01-22,wiki_nyc,2473.0
2016-01-23,wiki_nyc,1991.0
2016-01-24,wiki_nyc,2075.0
2016-01-25,wiki_nyc,2679.0
2016-01-26,wiki_nyc,2976.0
2016-01-27,wiki_nyc,2858.0
2016-01-28,wiki_nyc,2905.0
2016-01-29,wiki_nyc,3485.0
2016-01-30,wiki_nyc,2365.0
2016-01-31,wiki_nyc,2173.0
2016-02-01,wiki_nyc,2517.0
2016-02-02,wiki_nyc,2712.0
2016-02-03,wiki_nyc,3113.0
2016-02-04,wiki_nyc,4462.0
2016-02-05,wiki_nyc,3957.0
2016-02-06,wiki_nyc,2524.0
2016-02-07,wiki_nyc,2393.0
2016-02-08,wiki_nyc,3553.0
2016-02-09,wiki_nyc,4191.0
2016-02-10,wiki_nyc,4400.0
2016-02-11,wiki_nyc,5475.0
2016-02-12,wiki_nyc,46069.0
2016-02-13,wiki_nyc,22246.0
2016-02-14,wiki_nyc,11756.0
2016-02-15,wiki_nyc,8582.0
2016-02-16,wiki_nyc,8791.0
2016-02-17,wiki_nyc,9767.0
2016-02-18,wiki_nyc,8741.0
2016-02-19,wiki_nyc,7673.0
2016-02-20,wiki_nyc,12099.0
2016-02-21,wiki_nyc,15896.0
2016-02-22,wiki_nyc,11905.0
2016-02-23,wiki_nyc,12291.0
2016-02-24,wiki_nyc,10487.0
2016-02-25,wiki_nyc,7081.0
2016-02-26,wiki_nyc,4815.0
2016-02-27,wiki_nyc,3593.0
2016-02-28,wiki_nyc,3703.0
2016-02-29,wiki_nyc,4324.0
2016-03-01,wiki_nyc,3961.0
2016-03-02,wiki_nyc,4078.0
2016-03-03,wiki_nyc,4950.0
2016-03-04,wiki_nyc,3729.0
2016-03-05,wiki_nyc,2543.0
2016-03-06,wiki_nyc,2555.0
2016-03-07,wiki_nyc,3232.0
2016-03-08,wiki_nyc,3457.0
2016-03-09,wiki_nyc,3357.0
2016-03-10,wiki_nyc,3227.0
2016-03-11,wiki_nyc,2909.0
2016-03-12,wiki_nyc,2022.0
2016-03-13,wiki_nyc,2476.0
2016-03-14,wiki_nyc,3049.0
2016-03-15,wiki_nyc,2911.0
2016-03-16,wiki_nyc,2711.0
2016-03-17,wiki_nyc,2816.0
2016-03-18,wiki_nyc,2314.0
2016-03-19,wiki_nyc,1768.0
2016-03-20,wiki_nyc,2236.0
2016-03-21,wiki_nyc,2684.0
2016-03-22,wiki_nyc,2794.0
2016-03-23,wiki_nyc,3050.0
2016-03-24,wiki_nyc,4609.0
2016-03-25,wiki_nyc,2992.0
2016-03-26,wiki_nyc,2822.0
2016-03-27,wiki_nyc,2645.0
2016-03-28,wiki_nyc,3328.0
2016-03-29,wiki_nyc,3205.0
2016-03-30,wiki_nyc,2853.0
2016-03-31,wiki_nyc,3294.0
2016-04-01,wiki_nyc,2740.0
2016-04-02,wiki_nyc,1903.0
2016-04-03,wiki_nyc,2484.0
2016-04-04,wiki_nyc,2922.0
2016-04-05,wiki_nyc,3373.0
2016-04-06,wiki_nyc,3401.0
2016-04-07,wiki_nyc,3177.0
2016-04-08,wiki_nyc,3172.0
2016-04-09,wiki_nyc,2992.0
2016-04-10,wiki_nyc,3300.0
2016-04-11,wiki_nyc,3589.0
2016-04-12,wiki_nyc,3633.0
2016-04-13,wiki_nyc,3735.0
2016-04-14,wiki_nyc,4452.0
2016-04-15,wiki_nyc,4049.0
2016-04-16,wiki_nyc,2479.0
2016-04-17,wiki_nyc,2550.0
2016-04-18,wiki_nyc,3144.0
2016-04-19,wiki_nyc,9211.0
2016-04-20,wiki_nyc,8811.0
2016-04-21,wiki_nyc,4554.0
2016-04-22,wiki_nyc,2959.0
2016-04-23,wiki_nyc,2107.0
2016-04-24,wiki_nyc,3053.0
2016-04-25,wiki_nyc,4348.0
2016-04-26,wiki_nyc,4383.0
2016-04-27,wiki_nyc,3643.0
2016-04-28,wiki_nyc,3483.0
2016-04-29,wiki_nyc,2993.0
2016-04-30,wiki_nyc,2387.0
2016-05-01,wiki_nyc,2567.0
2016-05-02,wiki_nyc,3271.0
2016-05-03,wiki_nyc,2871.0
2016-05-04,wiki_nyc,2693.0
2016-05-05,wiki_nyc,2783.0
2016-05-06,wiki_nyc,2210.0
2016-05-07,wiki_nyc,1732.0
2016-05-08,wiki_nyc,2200.0
2016-05-09,wiki_nyc,2661.0
2016-05-10,wiki_nyc,6365.0
2016-05-11,wiki_nyc,4246.0
2016-05-12,wiki_nyc,3976.0
2016-05-13,wiki_nyc,3286.0
2016-05-14,wiki_nyc,2139.0
2016-05-15,wiki_nyc,2829.0
2016-05-16,wiki_nyc,3021.0
2016-05-17,wiki_nyc,2689.0
2016-05-18,wiki_nyc,3131.0
2016-05-19,wiki_nyc,2678.0
2016-05-20,wiki_nyc,2260.0
2016-05-21,wiki_nyc,1707.0
2016-05-22,wiki_nyc,2135.0
2016-05-23,wiki_nyc,3009.0
2016-05-24,wiki_nyc,3455.0
2016-05-25,wiki_nyc,2865.0
2016-05-26,wiki_nyc,2387.0
2016-05-27,wiki_nyc,2235.0
2016-05-28,wiki_nyc,1745.0
2016-05-29,wiki_nyc,2015.0
2016-05-30,wiki_nyc,2515.0
2016-05-31,wiki_nyc,3461.0
2016-06-01,wiki_nyc,4237.0
2016-06-02,wiki_nyc,3633.0
2016-06-03,wiki_nyc,2438.0
2016-06-04,wiki_nyc,1862.0
2016-06-05,wiki_nyc,2156.0
2016-06-06,wiki_nyc,2626.0
2016-06-07,wiki_nyc,2262.0
2016-06-08,wiki_nyc,1992.0
2016-06-09,wiki_nyc,1944.0
2016-06-10,wiki_nyc,1885.0
2016-06-11,wiki_nyc,1435.0
2016-06-12,wiki_nyc,1572.0
2016-06-13,wiki_nyc,1611.0
2016-06-14,wiki_nyc,2204.0
2016-06-15,wiki_nyc,2125.0
2016-06-16,wiki_nyc,2434.0
2016-06-17,wiki_nyc,1859.0
2016-06-18,wiki_nyc,1885.0
2016-06-19,wiki_nyc,2777.0
2016-06-20,wiki_nyc,3606.0
2016-06-21,wiki_nyc,3290.0
2016-06-22,wiki_nyc,3212.0
2016-06-23,wiki_nyc,4713.0
2016-06-24,wiki_nyc,4505.0
2016-06-25,wiki_nyc,3875.0
2016-06-26,wiki_nyc,3558.0
2016-06-27,wiki_nyc,5665.0
2016-06-28,wiki_nyc,5027.0
2016-06-29,wiki_nyc,3953.0
2016-06-30,wiki_nyc,3180.0
2016-07-01,wiki_nyc,3102.0
2016-07-02,wiki_nyc,2918.0
2016-07-03,wiki_nyc,2260.0
2016-07-04,wiki_nyc,2304.0
2016-07-05,wiki_nyc,2696.0
2016-07-06,wiki_nyc,11672.0
2016-07-07,wiki_nyc,34130.0
2016-07-08,wiki_nyc,37333.0
2016-07-09,wiki_nyc,22715.0
2016-07-10,wiki_nyc,15013.0
2016-07-11,wiki_nyc,14041.0
2016-07-12,wiki_nyc,11205.0
2016-07-13,wiki_nyc,19255.0
2016-07-14,wiki_nyc,23309.0
2016-07-15,wiki_nyc,11794.0
2016-07-16,wiki_nyc,7789.0
2016-07-17,wiki_nyc,11164.0
2016-07-18,wiki_nyc,11230.0
2016-07-19,wiki_nyc,7086.0
2016-07-20,wiki_nyc,5290.0
2016-07-21,wiki_nyc,6174.0
2016-07-22,wiki_nyc,5516.0
2016-07-23,wiki_nyc,4214.0
2016-07-24,wiki_nyc,4871.0
2016-07-25,wiki_nyc,4286.0
2016-07-26,wiki_nyc,4874.0
2016-07-27,wiki_nyc,5719.0
2016-07-28,wiki_nyc,4408.0
2016-07-29,wiki_nyc,3207.0
2016-07-30,wiki_nyc,2538.0
2016-07-31,wiki_nyc,2654.0
2016-08-01,wiki_nyc,2498.0
2016-08-02,wiki_nyc,5656.0
2016-08-03,wiki_nyc,3187.0
2016-08-04,wiki_nyc,2641.0
2016-08-05,wiki_nyc,2824.0
2016-08-06,wiki_nyc,2085.0
2016-08-07,wiki_nyc,2109.0
2016-08-08,wiki_nyc,2035.0
2016-08-09,wiki_nyc,1995.0
2016-08-10,wiki_nyc,2124.0
2016-08-11,wiki_nyc,2025.0
2016-08-12,wiki_nyc,1755.0
2016-08-13,wiki_nyc,1708.0
2016-08-14,wiki_nyc,1935.0
2016-08-15,wiki_nyc,2854.0
2016-08-16,wiki_nyc,3246.0
2016-08-17,wiki_nyc,2591.0
2016-08-18,wiki_nyc,2140.0
2016-08-19,wiki_nyc,1930.0
2016-08-20,wiki_nyc,1854.0
2016-08-21,wiki_nyc,2574.0
2016-08-22,wiki_nyc,2217.0
2016-08-23,wiki_nyc,1921.0
2016-08-24,wiki_nyc,2777.0
2016-08-25,wiki_nyc,2143.0
2016-08-26,wiki_nyc,2513.0
2016-08-27,wiki_nyc,1678.0
2016-08-28,wiki_nyc,2026.0
2016-08-29,wiki_nyc,4849.0
2016-08-30,wiki_nyc,3681.0
2016-08-31,wiki_nyc,3604.0
2016-09-01,wiki_nyc,4996.0
2016-09-02,wiki_nyc,5422.0
2016-09-03,wiki_nyc,2380.0
2016-09-04,wiki_nyc,2421.0
2016-09-05,wiki_nyc,2371.0
2016-09-06,wiki_nyc,2596.0
2016-09-07,wiki_nyc,2936.0
2016-09-08,wiki_nyc,3548.0
2016-09-09,wiki_nyc,2437.0
2016-09-10,wiki_nyc,2534.0
2016-09-11,wiki_nyc,2621.0
2016-09-12,wiki_nyc,4470.0
2016-09-13,wiki_nyc,4675.0
2016-09-14,wiki_nyc,3439.0
2016-09-15,wiki_nyc,4516.0
2016-09-16,wiki_nyc,3792.0
2016-09-17,wiki_nyc,2716.0
2016-09-18,wiki_nyc,2721.0
2016-09-19,wiki_nyc,3385.0
2016-09-20,wiki_nyc,4835.0
2016-09-21,wiki_nyc,6277.0
2016-09-22,wiki_nyc,7938.0
2016-09-23,wiki_nyc,8862.0
2016-09-24,wiki_nyc,6063.0
2016-09-25,wiki_nyc,5372.0
2016-09-26,wiki_nyc,4667.0
2016-09-27,wiki_nyc,3814.0
2016-09-28,wiki_nyc,4317.0
2016-09-29,wiki_nyc,4236.0
2016-09-30,wiki_nyc,3559.0
2016-10-01,wiki_nyc,2843.0
2016-10-02,wiki_nyc,3225.0
2016-10-03,wiki_nyc,3640.0
2016-10-04,wiki_nyc,5742.0
2016-10-05,wiki_nyc,7305.0
2016-10-06,wiki_nyc,5219.0
2016-10-07,wiki_nyc,3724.0
2016-10-08,wiki_nyc,2903.0
2016-10-09,wiki_nyc,2755.0
2016-10-10,wiki_nyc,2944.0
2016-10-11,wiki_nyc,2839.0
2016-10-12,wiki_nyc,3083.0
2016-10-13,wiki_nyc,2993.0
2016-10-14,wiki_nyc,2342.0
2016-10-15,wiki_nyc,2099.0
2016-10-16,wiki_nyc,2274.0
2016-10-17,wiki_nyc,2654.0
2016-10-18,wiki_nyc,2815.0
2016-10-19,wiki_nyc,3113.0
2016-10-20,wiki_nyc,3079.0
2016-10-21,wiki_nyc,2364.0
2016-10-22,wiki_nyc,2110.0
2016-10-23,wiki_nyc,2327.0
2016-10-24,wiki_nyc,3762.0
2016-10-25,wiki_nyc,3681.0
2016-10-26,wiki_nyc,4443.0
2016-10-27,wiki_nyc,4550.0
2016-10-28,wiki_nyc,6083.0
2016-10-29,wiki_nyc,3008.0
2016-10-30,wiki_nyc,2926.0
2016-10-31,wiki_nyc,3043.0
2016-11-01,wiki_nyc,2766.0
2016-11-02,wiki_nyc,3010.0
2016-11-03,wiki_nyc,2737.0
2016-11-04,wiki_nyc,3201.0
2016-11-05,wiki_nyc,2908.0
2016-11-06,wiki_nyc,2417.0
2016-11-07,wiki_nyc,2914.0
2016-11-08,wiki_nyc,2578.0
2016-11-09,wiki_nyc,2799.0
2016-11-10,wiki_nyc,2967.0
2016-11-11,wiki_nyc,2450.0
2016-11-12,wiki_nyc,2198.0
2016-11-13,wiki_nyc,2325.0
2016-11-14,wiki_nyc,2940.0
2016-11-15,wiki_nyc,2896.0
2016-11-16,wiki_nyc,3007.0
2016-11-17,wiki_nyc,3092.0
2016-11-18,wiki_nyc,3081.0
2016-11-19,wiki_nyc,2077.0
2016-11-20,wiki_nyc,2646.0
2016-11-21,wiki_nyc,2847.0
2016-11-22,wiki_nyc,3455.0
2016-11-23,wiki_nyc,3269.0
2016-11-24,wiki_nyc,2038.0
2016-11-25,wiki_nyc,2710.0
2016-11-26,wiki_nyc,2355.0
2016-11-27,wiki_nyc,2286.0
2016-11-28,wiki_nyc,2850.0
2016-11-29,wiki_nyc,2798.0
2016-11-30,wiki_nyc,2899.0
2016-12-01,wiki_nyc,2808.0
2016-12-02,wiki_nyc,2495.0
2016-12-03,wiki_nyc,1936.0
2016-12-04,wiki_nyc,2425.0
2016-12-05,wiki_nyc,3120.0
2016-12-06,wiki_nyc,3257.0
2016-12-07,wiki_nyc,3104.0
2016-12-08,wiki_nyc,3079.0
2016-12-09,wiki_nyc,2466.0
2016-12-10,wiki_nyc,1760.0
2016-12-11,wiki_nyc,2211.0
2016-12-12,wiki_nyc,2544.0
2016-12-13,wiki_nyc,2412.0
2016-12-14,wiki_nyc,2376.0
2016-12-15,wiki_nyc,2170.0
2016-12-16,wiki_nyc,2063.0
2016-12-17,wiki_nyc,1446.0
2016-12-18,wiki_nyc,1637.0
2016-12-19,wiki_nyc,1912.0
2016-12-20,wiki_nyc,1757.0
2016-12-21,wiki_nyc,1611.0
2016-12-22,wiki_nyc,1548.0
2016-12-23,wiki_nyc,1266.0
2016-12-24,wiki_nyc,1140.0
2016-12-25,wiki_nyc,1094.0
2016-12-26,wiki_nyc,1178.0
2016-12-27,wiki_nyc,1288.0
2016-12-28,wiki_nyc,1534.0
2016-12-29,wiki_nyc,1497.0
2016-12-30,wiki_nyc,1320.0
2016-12-31,wiki_nyc,1190.0
2017-01-01,wiki_nyc,1156.0
2017-01-02,wiki_nyc,1563.0
2017-01-03,wiki_nyc,1795.0
2017-01-04,wiki_nyc,1755.0
2017-01-05,wiki_nyc,2590.0
2017-01-06,wiki_nyc,2727.0
2017-01-07,wiki_nyc,1789.0
2017-01-08,wiki_nyc,1855.0
2017-01-09,wiki_nyc,1936.0
2017-01-10,wiki_nyc,1878.0
2017-01-11,wiki_nyc,2041.0
2017-01-12,wiki_nyc,2000.0
2017-01-13,wiki_nyc,2061.0
2017-01-14,wiki_nyc,2505.0
2017-01-15,wiki_nyc,1905.0
2017-01-16,wiki_nyc,1798.0
2017-01-17,wiki_nyc,2001.0
2017-01-18,wiki_nyc,2087.0
2017-01-19,wiki_nyc,2206.0
2017-01-20,wiki_nyc,2221.0
2017-01-21,wiki_nyc,3290.0
2017-01-22,wiki_nyc,2274.0
2017-01-23,wiki_nyc,2352.0
2017-01-24,wiki_nyc,2650.0
2017-01-25,wiki_nyc,2209.0
2017-01-26,wiki_nyc,2145.0
2017-01-27,wiki_nyc,1906.0
2017-01-28,wiki_nyc,2769.0
2017-01-29,wiki_nyc,1909.0
2017-01-30,wiki_nyc,2133.0
2017-01-31,wiki_nyc,2539.0
2017-02-01,wiki_nyc,3215.0
2017-02-02,wiki_nyc,3002.0
2017-02-03,wiki_nyc,4085.0
2017-02-04,wiki_nyc,2586.0
2017-02-05,wiki_nyc,3165.0
2017-02-06,wiki_nyc,2802.0
2017-02-07,wiki_nyc,3295.0
2017-02-08,wiki_nyc,2465.0
2017-02-09,wiki_nyc,2279.0
2017-02-10,wiki_nyc,2225.0
2017-02-11,wiki_nyc,1782.0
2017-02-12,wiki_nyc,2261.0
2017-02-13,wiki_nyc,3252.0
2017-02-14,wiki_nyc,2565.0
2017-02-15,wiki_nyc,2372.0
2017-02-16,wiki_nyc,2226.0
2017-02-17,wiki_nyc,2131.0
2017-02-18,wiki_nyc,2206.0
2017-02-19,wiki_nyc,2019.0
2017-02-20,wiki_nyc,2163.0
2017-02-21,wiki_nyc,2284.0
2017-02-22,wiki_nyc,2295.0
2017-02-23,wiki_nyc,2149.0
2017-02-24,wiki_nyc,2066.0
2017-02-25,wiki_nyc,1939.0
2017-02-26,wiki_nyc,2435.0
2017-02-27,wiki_nyc,2897.0
2017-02-28,wiki_nyc,2516.0
2017-03-01,wiki_nyc,2644.0
2017-03-02,wiki_nyc,3153.0
2017-03-03,wiki_nyc,2336.0
2017-03-04,wiki_nyc,1949.0
2017-03-05,wiki_nyc,1830.0
2017-03-06,wiki_nyc,2294.0
2017-03-07,wiki_nyc,2165.0
2017-03-08,wiki_nyc,2189.0
2017-03-09,wiki_nyc,2123.0
2017-03-10,wiki_nyc,2196.0
2017-03-11,wiki_nyc,1556.0
2017-03-12,wiki_nyc,1956.0
2017-03-13,wiki_nyc,2280.0
2017-03-14,wiki_nyc,2400.0
2017-03-15,wiki_nyc,2321.0
2017-03-16,wiki_nyc,2480.0
2017-03-17,wiki_nyc,1957.0
2017-03-18,wiki_nyc,1640.0
2017-03-19,wiki_nyc,1680.0
2017-03-20,wiki_nyc,2034.0
2017-03-21,wiki_nyc,2124.0
2017-03-22,wiki_nyc,2328.0
2017-03-23,wiki_nyc,2215.0
2017-03-24,wiki_nyc,2068.0
2017-03-25,wiki_nyc,1609.0
2017-03-26,wiki_nyc,2197.0
2017-03-27,wiki_nyc,4227.0
2017-03-28,wiki_nyc,2682.0
2017-03-29,wiki_nyc,2321.0
2017-03-30,wiki_nyc,2113.0
2017-03-31,wiki_nyc,1789.0
2017-04-01,wiki_nyc,1505.0
2017-04-02,wiki_nyc,1642.0
2017-04-03,wiki_nyc,2078.0
2017-04-04,wiki_nyc,2301.0
2017-04-05,wiki_nyc,2359.0
2017-04-06,wiki_nyc,2214.0
2017-04-07,wiki_nyc,1800.0
2017-04-08,wiki_nyc,1399.0
2017-04-09,wiki_nyc,1675.0
2017-04-10,wiki_nyc,2084.0
2017-04-11,wiki_nyc,2198.0
2017-04-12,wiki_nyc,2276.0
2017-04-13,wiki_nyc,2091.0
2017-04-14,wiki_nyc,1668.0
2017-04-15,wiki_nyc,1435.0
2017-04-16,wiki_nyc,1492.0
2017-04-17,wiki_nyc,1895.0
2017-04-18,wiki_nyc,1959.0
2017-04-19,wiki_nyc,2261.0
2017-04-20,wiki_nyc,2167.0
2017-04-21,wiki_nyc,1833.0
2017-04-22,wiki_nyc,1647.0
2017-04-23,wiki_nyc,1831.0
2017-04-24,wiki_nyc,2405.0
2017-04-25,wiki_nyc,2522.0
2017-04-26,wiki_nyc,2302.0
2017-04-27,wiki_nyc,2203.0
2017-04-28,wiki_nyc,1938.0
2017-04-29,wiki_nyc,1522.0
2017-04-30,wiki_nyc,1758.0
2017-05-01,wiki_nyc,2336.0
2017-05-02,wiki_nyc,2520.0
2017-05-03,wiki_nyc,2594.0
2017-05-04,wiki_nyc,2573.0
2017-05-05,wiki_nyc,2085.0
2017-05-06,wiki_nyc,1780.0
2017-05-07,wiki_nyc,1988.0
2017-05-08,wiki_nyc,2580.0
2017-05-09,wiki_nyc,2434.0
2017-05-10,wiki_nyc,2345.0
2017-05-11,wiki_nyc,2082.0
2017-05-12,wiki_nyc,1911.0
2017-05-13,wiki_nyc,1340.0
2017-05-14,wiki_nyc,1436.0
2017-05-15,wiki_nyc,2493.0
2017-05-16,wiki_nyc,1848.0
2017-05-17,wiki_nyc,2003.0
2017-05-18,wiki_nyc,3746.0
2017-05-19,wiki_nyc,2741.0
2017-05-20,wiki_nyc,1748.0
2017-05-21,wiki_nyc,2043.0
2017-05-22,wiki_nyc,2317.0
2017-05-23,wiki_nyc,3797.0
2017-05-24,wiki_nyc,2115.0
2017-05-25,wiki_nyc,2419.0
2017-05-26,wiki_nyc,2223.0
2017-05-27,wiki_nyc,1562.0
2017-05-28,wiki_nyc,1423.0
2017-05-29,wiki_nyc,1653.0
2017-05-30,wiki_nyc,2130.0
2017-05-31,wiki_nyc,2269.0
2017-06-01,wiki_nyc,2282.0
2017-06-02,wiki_nyc,1712.0
2017-06-03,wiki_nyc,1220.0
2017-06-04,wiki_nyc,1577.0
2017-06-05,wiki_nyc,1769.0
2017-06-06,wiki_nyc,1838.0
2017-06-07,wiki_nyc,1646.0
2017-06-08,wiki_nyc,1770.0
2017-06-09,wiki_nyc,1557.0
2017-06-10,wiki_nyc,1368.0
2017-06-11,wiki_nyc,1398.0
2017-06-12,wiki_nyc,1721.0
2017-06-13,wiki_nyc,1493.0
2017-06-14,wiki_nyc,1751.0
2017-06-15,wiki_nyc,1573.0
2017-06-16,wiki_nyc,1916.0
2017-06-17,wiki_nyc,3579.0
2017-06-18,wiki_nyc,3755.0
2017-06-19,wiki_nyc,3848.0
2017-06-20,wiki_nyc,5422.0
2017-06-21,wiki_nyc,5304.0
2017-06-22,wiki_nyc,3743.0
2017-06-23,wiki_nyc,3006.0
2017-06-24,wiki_nyc,2314.0
2017-06-25,wiki_nyc,2274.0
2017-06-26,wiki_nyc,2403.0
2017-06-27,wiki_nyc,2097.0
2017-06-28,wiki_nyc,2384.0
2017-06-29,wiki_nyc,2271.0
2017-06-30,wiki_nyc,2107.0
2017-07-01,wiki_nyc,1929.0
2017-07-02,wiki_nyc,1641.0
2017-07-03,wiki_nyc,1928.0
2017-07-04,wiki_nyc,1853.0
2017-07-05,wiki_nyc,2050.0
2017-07-06,wiki_nyc,1892.0
2017-07-07,wiki_nyc,1719.0
2017-07-08,wiki_nyc,1593.0
2017-07-09,wiki_nyc,1500.0
2017-07-10,wiki_nyc,1593.0
2017-07-11,wiki_nyc,1729.0
2017-07-12,wiki_nyc,1747.0
2017-07-13,wiki_nyc,1740.0
2017-07-14,wiki_nyc,1653.0
2017-07-15,wiki_nyc,1488.0
2017-07-16,wiki_nyc,1493.0
2017-07-17,wiki_nyc,4401.0
2017-07-18,wiki_nyc,5363.0
2017-07-19,wiki_nyc,3068.0
2017-07-20,wiki_nyc,2319.0
2017-07-21,wiki_nyc,2032.0
2017-07-22,wiki_nyc,1748.0
2017-07-23,wiki_nyc,1727.0
2017-07-24,wiki_nyc,2260.0
2017-07-25,wiki_nyc,1849.0
2017-07-26,wiki_nyc,2142.0
2017-07-27,wiki_nyc,1695.0
2017-07-28,wiki_nyc,1490.0
2017-07-29,wiki_nyc,1408.0
2017-07-30,wiki_nyc,1511.0
2017-07-31,wiki_nyc,1818.0
2017-08-01,wiki_nyc,1344.0
2017-08-02,wiki_nyc,1399.0
2017-08-03,wiki_nyc,1504.0
2017-08-04,wiki_nyc,1539.0
2017-08-05,wiki_nyc,1378.0
2017-08-06,wiki_nyc,2043.0
2017-08-07,wiki_nyc,2045.0
2017-08-08,wiki_nyc,1406.0
2017-08-09,wiki_nyc,1867.0
2017-08-10,wiki_nyc,1588.0
2017-08-11,wiki_nyc,1460.0
2017-08-12,wiki_nyc,1394.0
2017-08-13,wiki_nyc,1860.0
2017-08-14,wiki_nyc,1968.0
2017-08-15,wiki_nyc,1823.0
2017-08-16,wiki_nyc,1809.0
2017-08-17,wiki_nyc,1721.0
2017-08-18,wiki_nyc,1514.0
2017-08-19,wiki_nyc,1512.0
2017-08-20,wiki_nyc,2043.0
2017-08-21,wiki_nyc,1597.0
2017-08-22,wiki_nyc,1572.0
2017-08-23,wiki_nyc,1378.0
2017-08-24,wiki_nyc,1478.0
2017-08-25,wiki_nyc,1942.0
2017-08-26,wiki_nyc,1215.0
2017-08-27,wiki_nyc,1207.0
2017-08-28,wiki_nyc,1376.0
2017-08-29,wiki_nyc,1361.0
2017-08-30,wiki_nyc,1387.0
2017-08-31,wiki_nyc,1542.0
2017-09-01,wiki_nyc,1531.0
2017-09-02,wiki_nyc,1356.0
2017-09-03,wiki_nyc,1240.0
2017-09-04,wiki_nyc,1369.0
2017-09-05,wiki_nyc,1492.0
2017-09-06,wiki_nyc,1765.0
2017-09-07,wiki_nyc,1702.0
2017-09-08,wiki_nyc,1534.0
2017-09-09,wiki_nyc,1304.0
2017-09-10,wiki_nyc,1306.0
2017-09-11,wiki_nyc,1738.0
2017-09-12,wiki_nyc,1626.0
2017-09-13,wiki_nyc,1626.0
2017-09-14,wiki_nyc,1665.0
2017-09-15,wiki_nyc,2032.0
2017-09-16,wiki_nyc,2275.0
2017-09-17,wiki_nyc,2027.0
2017-09-18,wiki_nyc,2295.0
2017-09-19,wiki_nyc,2219.0
2017-09-20,wiki_nyc,2691.0
2017-09-21,wiki_nyc,1961.0
2017-09-22,wiki_nyc,1766.0
2017-09-23,wiki_nyc,1631.0
2017-09-24,wiki_nyc,2802.0
2017-09-25,wiki_nyc,5210.0
2017-09-26,wiki_nyc,6357.0
2017-09-27,wiki_nyc,5417.0
2017-09-28,wiki_nyc,3935.0
2017-09-29,wiki_nyc,3167.0
2017-09-30,wiki_nyc,2325.0
2017-10-01,wiki_nyc,2693.0
2017-10-02,wiki_nyc,2840.0
2017-10-03,wiki_nyc,2843.0
2017-10-04,wiki_nyc,2465.0
2017-10-05,wiki_nyc,2560.0
2017-10-06,wiki_nyc,2016.0
2017-10-07,wiki_nyc,2053.0
2017-10-08,wiki_nyc,2016.0
2017-10-09,wiki_nyc,2382.0
2017-10-10,wiki_nyc,2398.0
2017-10-11,wiki_nyc,2727.0
2017-10-12,wiki_nyc,2662.0
2017-10-13,wiki_nyc,2300.0
2017-10-14,wiki_nyc,1674.0
2017-10-15,wiki_nyc,1989.0
2017-10-16,wiki_nyc,2441.0
2017-10-17,wiki_nyc,2629.0
2017-10-18,wiki_nyc,2493.0
2017-10-19,wiki_nyc,2927.0
2017-10-20,wiki_nyc,2077.0
2017-10-21,wiki_nyc,1829.0
2017-10-22,wiki_nyc,1704.0
2017-10-23,wiki_nyc,4477.0
2017-10-24,wiki_nyc,4309.0
2017-10-25,wiki_nyc,2957.0
2017-10-26,wiki_nyc,2388.0
2017-10-27,wiki_nyc,2340.0
2017-10-28,wiki_nyc,1631.0
2017-10-29,wiki_nyc,2613.0
2017-10-30,wiki_nyc,3455.0
2017-10-31,wiki_nyc,3477.0
2017-11-01,wiki_nyc,2744.0
2017-11-02,wiki_nyc,2384.0
2017-11-03,wiki_nyc,1969.0
2017-11-04,wiki_nyc,1527.0
2017-11-05,wiki_nyc,1802.0
2017-11-06,wiki_nyc,2143.0
2017-11-07,wiki_nyc,2292.0
2017-11-08,wiki_nyc,2209.0
2017-11-09,wiki_nyc,2257.0
2017-11-10,wiki_nyc,1652.0
2017-11-11,wiki_nyc,1478.0
2017-11-12,wiki_nyc,1718.0
2017-11-13,wiki_nyc,2244.0
2017-11-14,wiki_nyc,2298.0
2017-11-15,wiki_nyc,2533.0
2017-11-16,wiki_nyc,2370.0
2017-11-17,wiki_nyc,1913.0
2017-11-18,wiki_nyc,1381.0
2017-11-19,wiki_nyc,1879.0
2017-11-20,wiki_nyc,2191.0
2017-11-21,wiki_nyc,2116.0
2017-11-22,wiki_nyc,1941.0
2017-11-23,wiki_nyc,1755.0
2017-11-24,wiki_nyc,1511.0
2017-11-25,wiki_nyc,2104.0
2017-11-26,wiki_nyc,2675.0
2017-11-27,wiki_nyc,2600.0
2017-11-28,wiki_nyc,2562.0
2017-11-29,wiki_nyc,2552.0
2017-11-30,wiki_nyc,2375.0
2017-12-01,wiki_nyc,2366.0
2017-12-02,wiki_nyc,1650.0
2017-12-03,wiki_nyc,1914.0
2017-12-04,wiki_nyc,2564.0
2017-12-05,wiki_nyc,2679.0
2017-12-06,wiki_nyc,2755.0
2017-12-07,wiki_nyc,2882.0
2017-12-08,wiki_nyc,2612.0
2017-12-09,wiki_nyc,2118.0
2017-12-10,wiki_nyc,2096.0
2017-12-11,wiki_nyc,2550.0
2017-12-12,wiki_nyc,2344.0
2017-12-13,wiki_nyc,2314.0
2017-12-14,wiki_nyc,2169.0
2017-12-15,wiki_nyc,1776.0
2017-12-16,wiki_nyc,1399.0
2017-12-17,wiki_nyc,1410.0
2017-12-18,wiki_nyc,1795.0
2017-12-19,wiki_nyc,1770.0
2017-12-20,wiki_nyc,1664.0
2017-12-21,wiki_nyc,1570.0
2017-12-22,wiki_nyc,1387.0
2017-12-23,wiki_nyc,1241.0
2017-12-24,wiki_nyc,1254.0
2017-12-25,wiki_nyc,7551.0
2017-12-26,wiki_nyc,7526.0
2017-12-27,wiki_nyc,2419.0
2017-12-28,wiki_nyc,15445.0
2017-12-29,wiki_nyc,11571.0
2017-12-30,wiki_nyc,43166.0
2017-12-31,wiki_nyc,38202.0
2018-01-01,wiki_nyc,10085.0
2018-01-02,wiki_nyc,8296.0
2018-01-03,wiki_nyc,5846.0
2018-01-04,wiki_nyc,3449.0
2018-01-05,wiki_nyc,2583.0
2018-01-06,wiki_nyc,2190.0
2018-01-07,wiki_nyc,2304.0
2018-01-08,wiki_nyc,2383.0
2018-01-09,wiki_nyc,3532.0
2018-01-10,wiki_nyc,2980.0
2018-01-11,wiki_nyc,2495.0
2018-01-12,wiki_nyc,2282.0
2018-01-13,wiki_nyc,1761.0
2018-01-14,wiki_nyc,1938.0
2018-01-15,wiki_nyc,2166.0
2018-01-16,wiki_nyc,2682.0
2018-01-17,wiki_nyc,2111.0
2018-01-18,wiki_nyc,2191.0
2018-01-19,wiki_nyc,2130.0
2018-01-20,wiki_nyc,1715.0
2018-01-21,wiki_nyc,1905.0
2018-01-22,wiki_nyc,2321.0
2018-01-23,wiki_nyc,4390.0
2018-01-24,wiki_nyc,3336.0
2018-01-25,wiki_nyc,2272.0
2018-01-26,wiki_nyc,2196.0
2018-01-27,wiki_nyc,1904.0
2018-01-28,wiki_nyc,2392.0
2018-01-29,wiki_nyc,2913.0
2018-01-30,wiki_nyc,3004.0
2018-01-31,wiki_nyc,2418.0
2018-02-01,wiki_nyc,2234.0
2018-02-02,wiki_nyc,2262.0
2018-02-03,wiki_nyc,1929.0
2018-02-04,wiki_nyc,2875.0
2018-02-05,wiki_nyc,3126.0
2018-02-06,wiki_nyc,6435.0
2018-02-07,wiki_nyc,3037.0
2018-02-08,wiki_nyc,2611.0
2018-02-09,wiki_nyc,2208.0
2018-02-10,wiki_nyc,1599.0
2018-02-11,wiki_nyc,1913.0
2018-02-12,wiki_nyc,2525.0
2018-02-13,wiki_nyc,2530.0
2018-02-14,wiki_nyc,2469.0
2018-02-15,wiki_nyc,3530.0
2018-02-16,wiki_nyc,6107.0
2018-02-17,wiki_nyc,3944.0
2018-02-18,wiki_nyc,3303.0
2018-02-19,wiki_nyc,3466.0
2018-02-20,wiki_nyc,3118.0
2018-02-21,wiki_nyc,2698.0
2018-02-22,wiki_nyc,3011.0
2018-02-23,wiki_nyc,2950.0
2018-02-24,wiki_nyc,2253.0
2018-02-25,wiki_nyc,2600.0
2018-02-26,wiki_nyc,2810.0
2018-02-27,wiki_nyc,2860.0
2018-02-28,wiki_nyc,2609.0
2018-03-01,wiki_nyc,2434.0
2018-03-02,wiki_nyc,2260.0
2018-03-03,wiki_nyc,1892.0
2018-03-04,wiki_nyc,1989.0
2018-03-05,wiki_nyc,2241.0
2018-03-06,wiki_nyc,2429.0
2018-03-07,wiki_nyc,2249.0
2018-03-08,wiki_nyc,2332.0
2018-03-09,wiki_nyc,2147.0
2018-03-10,wiki_nyc,1858.0
2018-03-11,wiki_nyc,2240.0
2018-03-12,wiki_nyc,2403.0
2018-03-13,wiki_nyc,2095.0
2018-03-14,wiki_nyc,2113.0
2018-03-15,wiki_nyc,2311.0
2018-03-16,wiki_nyc,2132.0
2018-03-17,wiki_nyc,2755.0
2018-03-18,wiki_nyc,1928.0
2018-03-19,wiki_nyc,2181.0
2018-03-20,wiki_nyc,2422.0
2018-03-21,wiki_nyc,2593.0
2018-03-22,wiki_nyc,2934.0
2018-03-23,wiki_nyc,3966.0
2018-03-24,wiki_nyc,2158.0
2018-03-25,wiki_nyc,2471.0
2018-03-26,wiki_nyc,2628.0
2018-03-27,wiki_nyc,3255.0
2018-03-28,wiki_nyc,3561.0
2018-03-29,wiki_nyc,3231.0
2018-03-30,wiki_nyc,2810.0
2018-03-31,wiki_nyc,2976.0
2018-04-01,wiki_nyc,2471.0
2018-04-02,wiki_nyc,2711.0
2018-04-03,wiki_nyc,2818.0
2018-04-04,wiki_nyc,2842.0
2018-04-05,wiki_nyc,3546.0
2018-04-06,wiki_nyc,2966.0
2018-04-07,wiki_nyc,2124.0
2018-04-08,wiki_nyc,2135.0
2018-04-09,wiki_nyc,2634.0
2018-04-10,wiki_nyc,2323.0
2018-04-11,wiki_nyc,2308.0
2018-04-12,wiki_nyc,2200.0
2018-04-13,wiki_nyc,2019.0
2018-04-14,wiki_nyc,1677.0
2018-04-15,wiki_nyc,2500.0
2018-04-16,wiki_nyc,3278.0
2018-04-17,wiki_nyc,2517.0
2018-04-18,wiki_nyc,2383.0
2018-04-19,wiki_nyc,2700.0
2018-04-20,wiki_nyc,3302.0
2018-04-21,wiki_nyc,2674.0
2018-04-22,wiki_nyc,2066.0
2018-04-23,wiki_nyc,2842.0
2018-04-24,wiki_nyc,2847.0
2018-04-25,wiki_nyc,3089.0
2018-04-26,wiki_nyc,2992.0
2018-04-27,wiki_nyc,2584.0
2018-04-28,wiki_nyc,1916.0
2018-04-29,wiki_nyc,2096.0
2018-04-30,wiki_nyc,3636.0
2018-05-01,wiki_nyc,3117.0
2018-05-02,wiki_nyc,2391.0
2018-05-03,wiki_nyc,2348.0
2018-05-04,wiki_nyc,2017.0
2018-05-05,wiki_nyc,1612.0
2018-05-06,wiki_nyc,1713.0
2018-05-07,wiki_nyc,2538.0
2018-05-08,wiki_nyc,3629.0
2018-05-09,wiki_nyc,2202.0
2018-05-10,wiki_nyc,2258.0
2018-05-11,wiki_nyc,2398.0
2018-05-12,wiki_nyc,1667.0
2018-05-13,wiki_nyc,1699.0
2018-05-14,wiki_nyc,2129.0
2018-05-15,wiki_nyc,2260.0
2018-05-16,wiki_nyc,2392.0
2018-05-17,wiki_nyc,2309.0
2018-05-18,wiki_nyc,2031.0
2018-05-19,wiki_nyc,1587.0
2018-05-20,wiki_nyc,1690.0
2018-05-21,wiki_nyc,2150.0
2018-05-22,wiki_nyc,2048.0
2018-05-23,wiki_nyc,2428.0
2018-05-24,wiki_nyc,4472.0
2018-05-25,wiki_nyc,2572.0
2018-05-26,wiki_nyc,1981.0
2018-05-27,wiki_nyc,1687.0
2018-05-28,wiki_nyc,2062.0
2018-05-29,wiki_nyc,2059.0
2018-05-30,wiki_nyc,2033.0
2018-05-31,wiki_nyc,1922.0
2018-06-01,wiki_nyc,1868.0
2018-06-02,wiki_nyc,1423.0
2018-06-03,wiki_nyc,1651.0
2018-06-04,wiki_nyc,2370.0
2018-06-05,wiki_nyc,2822.0
2018-06-06,wiki_nyc,2753.0
2018-06-07,wiki_nyc,2312.0
2018-06-08,wiki_nyc,1884.0
2018-06-09,wiki_nyc,1510.0
2018-06-10,wiki_nyc,1465.0
2018-06-11,wiki_nyc,1755.0
2018-06-12,wiki_nyc,1669.0
2018-06-13,wiki_nyc,1734.0
2018-06-14,wiki_nyc,1515.0
2018-06-15,wiki_nyc,1368.0
2018-06-16,wiki_nyc,1296.0
2018-06-17,wiki_nyc,1497.0
2018-06-18,wiki_nyc,1609.0
2018-06-19,wiki_nyc,1812.0
2018-06-20,wiki_nyc,1618.0
2018-06-21,wiki_nyc,1674.0
2018-06-22,wiki_nyc,2760.0
2018-06-23,wiki_nyc,1527.0
2018-06-24,wiki_nyc,1644.0
2018-06-25,wiki_nyc,2005.0
2018-06-26,wiki_nyc,2407.0
2018-06-27,wiki_nyc,1935.0
2018-06-28,wiki_nyc,1718.0
2018-06-29,wiki_nyc,1578.0
2018-06-30,wiki_nyc,1372.0
2018-07-01,wiki_nyc,1440.0
2018-07-02,wiki_nyc,1607.0
2018-07-03,wiki_nyc,1421.0
2018-07-04,wiki_nyc,1442.0
2018-07-05,wiki_nyc,1702.0
2018-07-06,wiki_nyc,1487.0
2018-07-07,wiki_nyc,1371.0
2018-07-08,wiki_nyc,1704.0
2018-07-09,wiki_nyc,1874.0
2018-07-10,wiki_nyc,1529.0
2018-07-11,wiki_nyc,1651.0
2018-07-12,wiki_nyc,1560.0
2018-07-13,wiki_nyc,1701.0
2018-07-14,wiki_nyc,1328.0
2018-07-15,wiki_nyc,1476.0
2018-07-16,wiki_nyc,2318.0
2018-07-17,wiki_nyc,7143.0
2018-07-18,wiki_nyc,6497.0
2018-07-19,wiki_nyc,3793.0
2018-07-20,wiki_nyc,2983.0
2018-07-21,wiki_nyc,2644.0
2018-07-22,wiki_nyc,3250.0
2018-07-23,wiki_nyc,2370.0
2018-07-24,wiki_nyc,2165.0
2018-07-25,wiki_nyc,1949.0
2018-07-26,wiki_nyc,1966.0
2018-07-27,wiki_nyc,1758.0
2018-07-28,wiki_nyc,1737.0
2018-07-29,wiki_nyc,2053.0
2018-07-30,wiki_nyc,1895.0
2018-07-31,wiki_nyc,2091.0
2018-08-01,wiki_nyc,2043.0
2018-08-02,wiki_nyc,1879.0
2018-08-03,wiki_nyc,1533.0
2018-08-04,wiki_nyc,1456.0
2018-08-05,wiki_nyc,2853.0
2018-08-06,wiki_nyc,2696.0
2018-08-07,wiki_nyc,1996.0
2018-08-08,wiki_nyc,1838.0
2018-08-09,wiki_nyc,1961.0
2018-08-10,wiki_nyc,1890.0
2018-08-11,wiki_nyc,1725.0
2018-08-12,wiki_nyc,1972.0
2018-08-13,wiki_nyc,1850.0
2018-08-14,wiki_nyc,1568.0
2018-08-15,wiki_nyc,2337.0
2018-08-16,wiki_nyc,1983.0
2018-08-17,wiki_nyc,1801.0
2018-08-18,wiki_nyc,1578.0
2018-08-19,wiki_nyc,1837.0
2018-08-20,wiki_nyc,1822.0
2018-08-21,wiki_nyc,1688.0
2018-08-22,wiki_nyc,1764.0
2018-08-23,wiki_nyc,1888.0
2018-08-24,wiki_nyc,1712.0
2018-08-25,wiki_nyc,1360.0
2018-08-26,wiki_nyc,1594.0
2018-08-27,wiki_nyc,1639.0
2018-08-28,wiki_nyc,1822.0
2018-08-29,wiki_nyc,2002.0
2018-08-30,wiki_nyc,1998.0
2018-08-31,wiki_nyc,1739.0
2018-09-01,wiki_nyc,1346.0
2018-09-02,wiki_nyc,1642.0
2018-09-03,wiki_nyc,1570.0
2018-09-04,wiki_nyc,2124.0
2018-09-05,wiki_nyc,2642.0
2018-09-06,wiki_nyc,2519.0
2018-09-07,wiki_nyc,2464.0
2018-09-08,wiki_nyc,2384.0
2018-09-09,wiki_nyc,2471.0
2018-09-10,wiki_nyc,2738.0
2018-09-11,wiki_nyc,2809.0
2018-09-12,wiki_nyc,2568.0
2018-09-13,wiki_nyc,2335.0
2018-09-14,wiki_nyc,2304.0
2018-09-15,wiki_nyc,3015.0
2018-09-16,wiki_nyc,2251.0
2018-09-17,wiki_nyc,2340.0
2018-09-18,wiki_nyc,2284.0
2018-09-19,wiki_nyc,2030.0
2018-09-20,wiki_nyc,2580.0
2018-09-21,wiki_nyc,1827.0
2018-09-22,wiki_nyc,1460.0
2018-09-23,wiki_nyc,1711.0
2018-09-24,wiki_nyc,1994.0
2018-09-25,wiki_nyc,2237.0
2018-09-26,wiki_nyc,2083.0
2018-09-27,wiki_nyc,1996.0
2018-09-28,wiki_nyc,1848.0
2018-09-29,wiki_nyc,1486.0
2018-09-30,wiki_nyc,1556.0
2018-10-01,wiki_nyc,1958.0
2018-10-02,wiki_nyc,2105.0
2018-10-03,wiki_nyc,1879.0
2018-10-04,wiki_nyc,2168.0
2018-10-05,wiki_nyc,2889.0
2018-10-06,wiki_nyc,2320.0
2018-10-07,wiki_nyc,1856.0
2018-10-08,wiki_nyc,2086.0
2018-10-09,wiki_nyc,2117.0
2018-10-10,wiki_nyc,1978.0
2018-10-11,wiki_nyc,2150.0
2018-10-12,wiki_nyc,2087.0
2018-10-13,wiki_nyc,1567.0
2018-10-14,wiki_nyc,2183.0
2018-10-15,wiki_nyc,2677.0
2018-10-16,wiki_nyc,2570.0
2018-10-17,wiki_nyc,2653.0
2018-10-18,wiki_nyc,2137.0
2018-10-19,wiki_nyc,2365.0
2018-10-20,wiki_nyc,1922.0
2018-10-21,wiki_nyc,1944.0
2018-10-22,wiki_nyc,2756.0
2018-10-23,wiki_nyc,3158.0
2018-10-24,wiki_nyc,2439.0
2018-10-25,wiki_nyc,2407.0
2018-10-26,wiki_nyc,2068.0
2018-10-27,wiki_nyc,1676.0
2018-10-28,wiki_nyc,1829.0
2018-10-29,wiki_nyc,2459.0
2018-10-30,wiki_nyc,2214.0
2018-10-31,wiki_nyc,2163.0
2018-11-01,wiki_nyc,2229.0
2018-11-02,wiki_nyc,2176.0
2018-11-03,wiki_nyc,1568.0
2018-11-04,wiki_nyc,1685.0
2018-11-05,wiki_nyc,2248.0
2018-11-06,wiki_nyc,2456.0
2018-11-07,wiki_nyc,2341.0
2018-11-08,wiki_nyc,2344.0
2018-11-09,wiki_nyc,2074.0
2018-11-10,wiki_nyc,1548.0
2018-11-11,wiki_nyc,1656.0
2018-11-12,wiki_nyc,2190.0
2018-11-13,wiki_nyc,2523.0
2018-11-14,wiki_nyc,2363.0
2018-11-15,wiki_nyc,2708.0
2018-11-16,wiki_nyc,1952.0
2018-11-17,wiki_nyc,1585.0
2018-11-18,wiki_nyc,1720.0
2018-11-19,wiki_nyc,2085.0
2018-11-20,wiki_nyc,2111.0
2018-11-21,wiki_nyc,1712.0
2018-11-22,wiki_nyc,2085.0
2018-11-23,wiki_nyc,1607.0
2018-11-24,wiki_nyc,1860.0
2018-11-25,wiki_nyc,4915.0
2018-11-26,wiki_nyc,3640.0
2018-11-27,wiki_nyc,2752.0
2018-11-28,wiki_nyc,3260.0
2018-11-29,wiki_nyc,2658.0
2018-11-30,wiki_nyc,2178.0
2018-12-01,wiki_nyc,1603.0
2018-12-02,wiki_nyc,1765.0
2018-12-03,wiki_nyc,2549.0
2018-12-04,wiki_nyc,2806.0
2018-12-05,wiki_nyc,2733.0
2018-12-06,wiki_nyc,3133.0
2018-12-07,wiki_nyc,4310.0
2018-12-08,wiki_nyc,2355.0
2018-12-09,wiki_nyc,2534.0
2018-12-10,wiki_nyc,4619.0
2018-12-11,wiki_nyc,3035.0
2018-12-12,wiki_nyc,2760.0
2018-12-13,wiki_nyc,2503.0
2018-12-14,wiki_nyc,2129.0
2018-12-15,wiki_nyc,1522.0
2018-12-16,wiki_nyc,1693.0
2018-12-17,wiki_nyc,2002.0
2018-12-18,wiki_nyc,1978.0
2018-12-19,wiki_nyc,1745.0
2018-12-20,wiki_nyc,1913.0
2018-12-21,wiki_nyc,1468.0
2018-12-22,wiki_nyc,1309.0
2018-12-23,wiki_nyc,1328.0
2018-12-24,wiki_nyc,1309.0
2018-12-25,wiki_nyc,1269.0
2018-12-26,wiki_nyc,1256.0
2018-12-27,wiki_nyc,1390.0
2018-12-28,wiki_nyc,1364.0
2018-12-29,wiki_nyc,1340.0
2018-12-30,wiki_nyc,1484.0
2018-12-31,wiki_nyc,1806.0
2019-01-01,wiki_nyc,1976.0
2019-01-02,wiki_nyc,2284.0
2019-01-03,wiki_nyc,2119.0
2019-01-04,wiki_nyc,2616.0
2019-01-05,wiki_nyc,1617.0
2019-01-06,wiki_nyc,1640.0
2019-01-07,wiki_nyc,1910.0
2019-01-08,wiki_nyc,1893.0
2019-01-09,wiki_nyc,1885.0
2019-01-10,wiki_nyc,1995.0
2019-01-11,wiki_nyc,1993.0
2019-01-12,wiki_nyc,1689.0
2019-01-13,wiki_nyc,1692.0
2019-01-14,wiki_nyc,1871.0
2019-01-15,wiki_nyc,2066.0
2019-01-16,wiki_nyc,1994.0
2019-01-17,wiki_nyc,2006.0
2019-01-18,wiki_nyc,2113.0
2019-01-19,wiki_nyc,1940.0
2019-01-20,wiki_nyc,1639.0
2019-01-21,wiki_nyc,1898.0
2019-01-22,wiki_nyc,1968.0
2019-01-23,wiki_nyc,1946.0
2019-01-24,wiki_nyc,2644.0
2019-01-25,wiki_nyc,2064.0
2019-01-26,wiki_nyc,1592.0
2019-01-27,wiki_nyc,1690.0
2019-01-28,wiki_nyc,2024.0
2019-01-29,wiki_nyc,2381.0
2019-01-30,wiki_nyc,2117.0
2019-01-31,wiki_nyc,2217.0
2019-02-01,wiki_nyc,2173.0
2019-02-02,wiki_nyc,1909.0
2019-02-03,wiki_nyc,2591.0
2019-02-04,wiki_nyc,6546.0
2019-02-05,wiki_nyc,6945.0
2019-02-06,wiki_nyc,3844.0
2019-02-07,wiki_nyc,2875.0
2019-02-08,wiki_nyc,2521.0
2019-02-09,wiki_nyc,1870.0
2019-02-10,wiki_nyc,2907.0
2019-02-11,wiki_nyc,3045.0
2019-02-12,wiki_nyc,3190.0
2019-02-13,wiki_nyc,3480.0
2019-02-14,wiki_nyc,2985.0
2019-02-15,wiki_nyc,2544.0
2019-02-16,wiki_nyc,2209.0
2019-02-17,wiki_nyc,18134.0
2019-02-18,wiki_nyc,4723.0
2019-02-19,wiki_nyc,3405.0
2019-02-20,wiki_nyc,3778.0
2019-02-21,wiki_nyc,3221.0
2019-02-22,wiki_nyc,2542.0
2019-02-23,wiki_nyc,2173.0
2019-02-24,wiki_nyc,2263.0
2019-02-25,wiki_nyc,2939.0
2019-02-26,wiki_nyc,3184.0
2019-02-27,wiki_nyc,2648.0
2019-02-28,wiki_nyc,2406.0
2019-03-01,wiki_nyc,2151.0
2019-03-02,wiki_nyc,1787.0
2019-03-03,wiki_nyc,2398.0
2019-03-04,wiki_nyc,2478.0
2019-03-05,wiki_nyc,2503.0
2019-03-06,wiki_nyc,2384.0
2019-03-07,wiki_nyc,2367.0
2019-03-08,wiki_nyc,2608.0
2019-03-09,wiki_nyc,1900.0
2019-03-10,wiki_nyc,1831.0
2019-03-11,wiki_nyc,1966.0
2019-03-12,wiki_nyc,2031.0
2019-03-13,wiki_nyc,3343.0
2019-03-14,wiki_nyc,5736.0
2019-03-15,wiki_nyc,3174.0
2019-03-16,wiki_nyc,1824.0
2019-03-17,wiki_nyc,1951.0
2019-03-18,wiki_nyc,2192.0
2019-03-19,wiki_nyc,2245.0
2019-03-20,wiki_nyc,2064.0
2019-03-21,wiki_nyc,1952.0
2019-03-22,wiki_nyc,1813.0
2019-03-23,wiki_nyc,1623.0
2019-03-24,wiki_nyc,1735.0
2019-03-25,wiki_nyc,2256.0
2019-03-26,wiki_nyc,2232.0
2019-03-27,wiki_nyc,2416.0
2019-03-28,wiki_nyc,2299.0
2019-03-29,wiki_nyc,2028.0
2019-03-30,wiki_nyc,1882.0
2019-03-31,wiki_nyc,2469.0
2019-04-01,wiki_nyc,2302.0
2019-04-02,wiki_nyc,2357.0
2019-04-03,wiki_nyc,2349.0
2019-04-04,wiki_nyc,2416.0
2019-04-05,wiki_nyc,1989.0
2019-04-06,wiki_nyc,1487.0
2019-04-07,wiki_nyc,1441.0
2019-04-08,wiki_nyc,2137.0
2019-04-09,wiki_nyc,2340.0
2019-04-10,wiki_nyc,2287.0
2019-04-11,wiki_nyc,2049.0
2019-04-12,wiki_nyc,1630.0
2019-04-13,wiki_nyc,1410.0
2019-04-14,wiki_nyc,1525.0
2019-04-15,wiki_nyc,2026.0
2019-04-16,wiki_nyc,1970.0
2019-04-17,wiki_nyc,1878.0
2019-04-18,wiki_nyc,1968.0
2019-04-19,wiki_nyc,1847.0
2019-04-20,wiki_nyc,1602.0
2019-04-21,wiki_nyc,1698.0
2019-04-22,wiki_nyc,2170.0
2019-04-23,wiki_nyc,2013.0
2019-04-24,wiki_nyc,2837.0
2019-04-25,wiki_nyc,2513.0
2019-04-26,wiki_nyc,2051.0
2019-04-27,wiki_nyc,1542.0
2019-04-28,wiki_nyc,1558.0
2019-04-29,wiki_nyc,2061.0
2019-04-30,wiki_nyc,2254.0
2019-05-01,wiki_nyc,2519.0
2019-05-02,wiki_nyc,2213.0
2019-05-03,wiki_nyc,1936.0
2019-05-04,wiki_nyc,1662.0
2019-05-05,wiki_nyc,1674.0
2019-05-06,wiki_nyc,1972.0
2019-05-07,wiki_nyc,2130.0
2019-05-08,wiki_nyc,2075.0
2019-05-09,wiki_nyc,2132.0
2019-05-10,wiki_nyc,1975.0
2019-05-11,wiki_nyc,1469.0
2019-05-12,wiki_nyc,1942.0
2019-05-13,wiki_nyc,4546.0
2019-05-14,wiki_nyc,4322.0
2019-05-15,wiki_nyc,3782.0
2019-05-16,wiki_nyc,3066.0
2019-05-17,wiki_nyc,4128.0
2019-05-18,wiki_nyc,3778.0
2019-05-19,wiki_nyc,2345.0
2019-05-20,wiki_nyc,2480.0
2019-05-21,wiki_nyc,2685.0
2019-05-22,wiki_nyc,3033.0
2019-05-23,wiki_nyc,3465.0
2019-05-24,wiki_nyc,1875.0
2019-05-25,wiki_nyc,1959.0
2019-05-26,wiki_nyc,1709.0
2019-05-27,wiki_nyc,1858.0
2019-05-28,wiki_nyc,2023.0
2019-05-29,wiki_nyc,1927.0
2019-05-30,wiki_nyc,1809.0
2019-05-31,wiki_nyc,1610.0
2019-06-01,wiki_nyc,1489.0
2019-06-02,wiki_nyc,1623.0
2019-06-03,wiki_nyc,2088.0
2019-06-04,wiki_nyc,2309.0
2019-06-05,wiki_nyc,2750.0
2019-06-06,wiki_nyc,3034.0
2019-06-07,wiki_nyc,2589.0
2019-06-08,wiki_nyc,2139.0
2019-06-09,wiki_nyc,1916.0
2019-06-10,wiki_nyc,2309.0
2019-06-11,wiki_nyc,1894.0
2019-06-12,wiki_nyc,1967.0
2019-06-13,wiki_nyc,2228.0
2019-06-14,wiki_nyc,2082.0
2019-06-15,wiki_nyc,1849.0
2019-06-16,wiki_nyc,2495.0
2019-06-17,wiki_nyc,2721.0
2019-06-18,wiki_nyc,2097.0
2019-06-19,wiki_nyc,1733.0
2019-06-20,wiki_nyc,1760.0
2019-06-21,wiki_nyc,1680.0
2019-06-22,wiki_nyc,1663.0
2019-06-23,wiki_nyc,1806.0
2019-06-24,wiki_nyc,1950.0
2019-06-25,wiki_nyc,2006.0
2019-06-26,wiki_nyc,1855.0
2019-06-27,wiki_nyc,2191.0
2019-06-28,wiki_nyc,1742.0
2019-06-29,wiki_nyc,1503.0
2019-06-30,wiki_nyc,1526.0
2019-07-01,wiki_nyc,1862.0
2019-07-02,wiki_nyc,1764.0
2019-07-03,wiki_nyc,1764.0
2019-07-04,wiki_nyc,1648.0
2019-07-05,wiki_nyc,1670.0
2019-07-06,wiki_nyc,1820.0
2019-07-07,wiki_nyc,1988.0
2019-07-08,wiki_nyc,2033.0
2019-07-09,wiki_nyc,1824.0
2019-07-10,wiki_nyc,2162.0
2019-07-11,wiki_nyc,1749.0
2019-07-12,wiki_nyc,1756.0
2019-07-13,wiki_nyc,1499.0
2019-07-14,wiki_nyc,2013.0
2019-07-15,wiki_nyc,2292.0
2019-07-16,wiki_nyc,50275.0
2019-07-17,wiki_nyc,57925.0
2019-07-18,wiki_nyc,27735.0
2019-07-19,wiki_nyc,14541.0
2019-07-20,wiki_nyc,8431.0
2019-07-21,wiki_nyc,5890.0
2019-07-22,wiki_nyc,4878.0
2019-07-23,wiki_nyc,4423.0
2019-07-24,wiki_nyc,3756.0
2019-07-25,wiki_nyc,3671.0
2019-07-26,wiki_nyc,3814.0
2019-07-27,wiki_nyc,3484.0
2019-07-28,wiki_nyc,3216.0
2019-07-29,wiki_nyc,3563.0
2019-07-30,wiki_nyc,4088.0
2019-07-31,wiki_nyc,2973.0
2019-08-01,wiki_nyc,42544.0
2019-08-02,wiki_nyc,32714.0
2019-08-03,wiki_nyc,18510.0
2019-08-04,wiki_nyc,23464.0
2019-08-05,wiki_nyc,12353.0
2019-08-06,wiki_nyc,7394.0
2019-08-07,wiki_nyc,4887.0
2019-08-08,wiki_nyc,3933.0
2019-08-09,wiki_nyc,3741.0
2019-08-10,wiki_nyc,3132.0
2019-08-11,wiki_nyc,3028.0
2019-08-12,wiki_nyc,2650.0
2019-08-13,wiki_nyc,2543.0
2019-08-14,wiki_nyc,2866.0
2019-08-15,wiki_nyc,3745.0
2019-08-16,wiki_nyc,2827.0
2019-08-17,wiki_nyc,2507.0
2019-08-18,wiki_nyc,2475.0
2019-08-19,wiki_nyc,67549.0
2019-08-20,wiki_nyc,48348.0
2019-08-21,wiki_nyc,11966.0
2019-08-22,wiki_nyc,7456.0
2019-08-23,wiki_nyc,4755.0
2019-08-24,wiki_nyc,3260.0
2019-08-25,wiki_nyc,3367.0
2019-08-26,wiki_nyc,3672.0
2019-08-27,wiki_nyc,3050.0
2019-08-28,wiki_nyc,3539.0
2019-08-29,wiki_nyc,3150.0
2019-08-30,wiki_nyc,2668.0
2019-08-31,wiki_nyc,2554.0
2019-09-01,wiki_nyc,2396.0
2019-09-02,wiki_nyc,2477.0
2019-09-03,wiki_nyc,2589.0
2019-09-04,wiki_nyc,2484.0
2019-09-05,wiki_nyc,2655.0
2019-09-06,wiki_nyc,2390.0
2019-09-07,wiki_nyc,2000.0
2019-09-08,wiki_nyc,2141.0
2019-09-09,wiki_nyc,2579.0
2019-09-10,wiki_nyc,2545.0
2019-09-11,wiki_nyc,2987.0
2019-09-12,wiki_nyc,2730.0
2019-09-13,wiki_nyc,2596.0
2019-09-14,wiki_nyc,2197.0
2019-09-15,wiki_nyc,2412.0
2019-09-16,wiki_nyc,2658.0
2019-09-17,wiki_nyc,5639.0
2019-09-18,wiki_nyc,4671.0
2019-09-19,wiki_nyc,3892.0
2019-09-20,wiki_nyc,3058.0
2019-09-21,wiki_nyc,2613.0
2019-09-22,wiki_nyc,2624.0
2019-09-23,wiki_nyc,3105.0
2019-09-24,wiki_nyc,3016.0
2019-09-25,wiki_nyc,2808.0
2019-09-26,wiki_nyc,3513.0
2019-09-27,wiki_nyc,2933.0
2019-09-28,wiki_nyc,2100.0
2019-09-29,wiki_nyc,2445.0
2019-09-30,wiki_nyc,2757.0
2019-10-01,wiki_nyc,3677.0
2019-10-02,wiki_nyc,3606.0
2019-10-03,wiki_nyc,3768.0
2019-10-04,wiki_nyc,2950.0
2019-10-05,wiki_nyc,2144.0
2019-10-06,wiki_nyc,2311.0
2019-10-07,wiki_nyc,2662.0
2019-10-08,wiki_nyc,2520.0
2019-10-09,wiki_nyc,2598.0
2019-10-10,wiki_nyc,2651.0
2019-10-11,wiki_nyc,2281.0
2019-10-12,wiki_nyc,1894.0
2019-10-13,wiki_nyc,2104.0
2019-10-14,wiki_nyc,2498.0
2019-10-15,wiki_nyc,2987.0
2019-10-16,wiki_nyc,3680.0
2019-10-17,wiki_nyc,3982.0
2019-10-18,wiki_nyc,2929.0
2019-10-19,wiki_nyc,2017.0
2019-10-20,wiki_nyc,2188.0
2019-10-21,wiki_nyc,3102.0
2019-10-22,wiki_nyc,2696.0
2019-10-23,wiki_nyc,2495.0
2019-10-24,wiki_nyc,3643.0
2019-10-25,wiki_nyc,2755.0
2019-10-26,wiki_nyc,2010.0
2019-10-27,wiki_nyc,2052.0
2019-10-28,wiki_nyc,2457.0
2019-10-29,wiki_nyc,2425.0
2019-10-30,wiki_nyc,2793.0
2019-10-31,wiki_nyc,4033.0
2019-11-01,wiki_nyc,2444.0
2019-11-02,wiki_nyc,2301.0
2019-11-03,wiki_nyc,2284.0
2019-11-04,wiki_nyc,2867.0
2019-11-05,wiki_nyc,2802.0
2019-11-06,wiki_nyc,2755.0
2019-11-07,wiki_nyc,2780.0
2019-11-08,wiki_nyc,2492.0
2019-11-09,wiki_nyc,1771.0
2019-11-10,wiki_nyc,2164.0
2019-11-11,wiki_nyc,2864.0
2019-11-12,wiki_nyc,2675.0
2019-11-13,wiki_nyc,3069.0
2019-11-14,wiki_nyc,3876.0
2019-11-15,wiki_nyc,2638.0
2019-11-16,wiki_nyc,1884.0
2019-11-17,wiki_nyc,2127.0
2019-11-18,wiki_nyc,2795.0
2019-11-19,wiki_nyc,2744.0
2019-11-20,wiki_nyc,2668.0
2019-11-21,wiki_nyc,2615.0
2019-11-22,wiki_nyc,2288.0
2019-11-23,wiki_nyc,1944.0
2019-11-24,wiki_nyc,2219.0
2019-11-25,wiki_nyc,2989.0
2019-11-26,wiki_nyc,4366.0
2019-11-27,wiki_nyc,3819.0
2019-11-28,wiki_nyc,8916.0
2019-11-29,wiki_nyc,3601.0
2019-11-30,wiki_nyc,2502.0
2019-12-01,wiki_nyc,2685.0
2019-12-02,wiki_nyc,2831.0
2019-12-03,wiki_nyc,3203.0
2019-12-04,wiki_nyc,2996.0
2019-12-05,wiki_nyc,3005.0
2019-12-06,wiki_nyc,2695.0
2019-12-07,wiki_nyc,1981.0
2019-12-08,wiki_nyc,2031.0
2019-12-09,wiki_nyc,2637.0
2019-12-10,wiki_nyc,2524.0
2019-12-11,wiki_nyc,2640.0
2019-12-12,wiki_nyc,2867.0
2019-12-13,wiki_nyc,2396.0
2019-12-14,wiki_nyc,2569.0
2019-12-15,wiki_nyc,1983.0
2019-12-16,wiki_nyc,2341.0
2019-12-17,wiki_nyc,2193.0
2019-12-18,wiki_nyc,2065.0
2019-12-19,wiki_nyc,1931.0
2019-12-20,wiki_nyc,1790.0
2019-12-21,wiki_nyc,1635.0
2019-12-22,wiki_nyc,1459.0
2019-12-23,wiki_nyc,1413.0
2019-12-24,wiki_nyc,1297.0
2019-12-25,wiki_nyc,1587.0
2019-12-26,wiki_nyc,2232.0
2019-12-27,wiki_nyc,2713.0
2019-12-28,wiki_nyc,2118.0
2019-12-29,wiki_nyc,1911.0
2019-12-30,wiki_nyc,2737.0
2019-12-31,wiki_nyc,2361.0
2020-01-01,wiki_nyc,1956.0
2020-01-02,wiki_nyc,2109.0
2020-01-03,wiki_nyc,2261.0
2020-01-04,wiki_nyc,2115.0
2020-01-05,wiki_nyc,1904.0
2020-01-06,wiki_nyc,2192.0
2020-01-07,wiki_nyc,1879.0
2020-01-08,wiki_nyc,1778.0
2020-01-09,wiki_nyc,2077.0
2020-01-10,wiki_nyc,1867.0
2020-01-11,wiki_nyc,1519.0
2020-01-12,wiki_nyc,1634.0
2020-01-13,wiki_nyc,2022.0
2020-01-14,wiki_nyc,2110.0
2020-01-15,wiki_nyc,2126.0
2020-01-16,wiki_nyc,2661.0
2020-01-17,wiki_nyc,3897.0
2020-01-18,wiki_nyc,1606.0
2020-01-19,wiki_nyc,1695.0
2020-01-20,wiki_nyc,2036.0
2020-01-21,wiki_nyc,2435.0
2020-01-22,wiki_nyc,2049.0
2020-01-23,wiki_nyc,2016.0
2020-01-24,wiki_nyc,2618.0
2020-01-25,wiki_nyc,1554.0
2020-01-26,wiki_nyc,1767.0
2020-01-27,wiki_nyc,2889.0
2020-01-28,wiki_nyc,2465.0
2020-01-29,wiki_nyc,2470.0
2020-01-30,wiki_nyc,2338.0
2020-01-31,wiki_nyc,2160.0
2020-02-01,wiki_nyc,1680.0
2020-02-02,wiki_nyc,1877.0
2020-02-03,wiki_nyc,2665.0
2020-02-04,wiki_nyc,6049.0
2020-02-05,wiki_nyc,4621.0
2020-02-06,wiki_nyc,3052.0
2020-02-07,wiki_nyc,2820.0
2020-02-08,wiki_nyc,2321.0
2020-02-09,wiki_nyc,3082.0
2020-02-10,wiki_nyc,3185.0
2020-02-11,wiki_nyc,4068.0
2020-02-12,wiki_nyc,3877.0
2020-02-13,wiki_nyc,2902.0
2020-02-14,wiki_nyc,2335.0
2020-02-15,wiki_nyc,2349.0
2020-02-16,wiki_nyc,2556.0
2020-02-17,wiki_nyc,2903.0
2020-02-18,wiki_nyc,2491.0
2020-02-19,wiki_nyc,2602.0
2020-02-20,wiki_nyc,2967.0
2020-02-21,wiki_nyc,2442.0
2020-02-22,wiki_nyc,2050.0
2020-02-23,wiki_nyc,2071.0
2020-02-24,wiki_nyc,2584.0
2020-02-25,wiki_nyc,2578.0
2020-02-26,wiki_nyc,2730.0
2020-02-27,wiki_nyc,2550.0
2020-02-28,wiki_nyc,2342.0
2020-02-29,wiki_nyc,1855.0
2020-03-01,wiki_nyc,1983.0
2020-03-02,wiki_nyc,2660.0
2020-03-03,wiki_nyc,2395.0
2020-03-04,wiki_nyc,2211.0
2020-03-05,wiki_nyc,2878.0
2020-03-06,wiki_nyc,2776.0
2020-03-07,wiki_nyc,1989.0
2020-03-08,wiki_nyc,1977.0
2020-03-09,wiki_nyc,2472.0
2020-03-10,wiki_nyc,2133.0
2020-03-11,wiki_nyc,2025.0
2020-03-12,wiki_nyc,1887.0
2020-03-13,wiki_nyc,1487.0
2020-03-14,wiki_nyc,1621.0
2020-03-15,wiki_nyc,1550.0
2020-03-16,wiki_nyc,1622.0
2020-03-17,wiki_nyc,1545.0
2020-03-18,wiki_nyc,1535.0
2020-03-19,wiki_nyc,1603.0
2020-03-20,wiki_nyc,1445.0
2020-03-21,wiki_nyc,1567.0
2020-03-22,wiki_nyc,1591.0
2020-03-23,wiki_nyc,1667.0
2020-03-24,wiki_nyc,1728.0
2020-03-25,wiki_nyc,1629.0
2020-03-26,wiki_nyc,1937.0
2020-03-27,wiki_nyc,1810.0
2020-03-28,wiki_nyc,1931.0
2020-03-29,wiki_nyc,2286.0
2020-03-30,wiki_nyc,2304.0
2020-03-31,wiki_nyc,2012.0
2020-04-01,wiki_nyc,1787.0
2020-04-02,wiki_nyc,1782.0
2020-04-03,wiki_nyc,1944.0
2020-04-04,wiki_nyc,1898.0
2020-04-05,wiki_nyc,1894.0
2020-04-06,wiki_nyc,1861.0
2020-04-07,wiki_nyc,1963.0
2020-04-08,wiki_nyc,8603.0
2020-04-09,wiki_nyc,5519.0
2020-04-10,wiki_nyc,2309.0
2020-04-11,wiki_nyc,1966.0
2020-04-12,wiki_nyc,2105.0
2020-04-13,wiki_nyc,2149.0
2020-04-14,wiki_nyc,2257.0
2020-04-15,wiki_nyc,1970.0
2020-04-16,wiki_nyc,1935.0
2020-04-17,wiki_nyc,1863.0
2020-04-18,wiki_nyc,2484.0
2020-04-19,wiki_nyc,2270.0
2020-04-20,wiki_nyc,2396.0
2020-04-21,wiki_nyc,2280.0
2020-04-22,wiki_nyc,2283.0
2020-04-23,wiki_nyc,2283.0
2020-04-24,wiki_nyc,2135.0
2020-04-25,wiki_nyc,1980.0
2020-04-26,wiki_nyc,2198.0
2020-04-27,wiki_nyc,2113.0
2020-04-28,wiki_nyc,2167.0
2020-04-29,wiki_nyc,2287.0
2020-04-30,wiki_nyc,2115.0
2020-05-01,wiki_nyc,2706.0
2020-05-02,wiki_nyc,2244.0
2020-05-03,wiki_nyc,2304.0
2020-05-04,wiki_nyc,2840.0
2020-05-05,wiki_nyc,2560.0
2020-05-06,wiki_nyc,3792.0
2020-05-07,wiki_nyc,18644.0
2020-05-08,wiki_nyc,17787.0
2020-05-09,wiki_nyc,10088.0
2020-05-10,wiki_nyc,5611.0
2020-05-11,wiki_nyc,8584.0
2020-05-12,wiki_nyc,14872.0
2020-05-13,wiki_nyc,17775.0
2020-05-14,wiki_nyc,17030.0
2020-05-15,wiki_nyc,14954.0
2020-05-16,wiki_nyc,17528.0
2020-05-17,wiki_nyc,19441.0
2020-05-18,wiki_nyc,12627.0
2020-05-19,wiki_nyc,10492.0
2020-05-20,wiki_nyc,9114.0
2020-05-21,wiki_nyc,8370.0
2020-05-22,wiki_nyc,7737.0
2020-05-23,wiki_nyc,7355.0
2020-05-24,wiki_nyc,6971.0
2020-05-25,wiki_nyc,6052.0
2020-05-26,wiki_nyc,28332.0
2020-05-27,wiki_nyc,116199.0
2020-05-28,wiki_nyc,164079.0
2020-05-29,wiki_nyc,191542.0
2020-05-30,wiki_nyc,209923.0
2020-05-31,wiki_nyc,207345.0
2020-06-01,wiki_nyc,215155.0
2020-06-02,wiki_nyc,179373.0
2020-06-03,wiki_nyc,154492.0
2020-06-04,wiki_nyc,135793.0
2020-06-05,wiki_nyc,94896.0
2020-06-06,wiki_nyc,77006.0
2020-06-07,wiki_nyc,64837.0
2020-06-08,wiki_nyc,54269.0
2020-06-09,wiki_nyc,63976.0
2020-06-10,wiki_nyc,51583.0
2020-06-11,wiki_nyc,36959.0
2020-06-12,wiki_nyc,36157.0
2020-06-13,wiki_nyc,29098.0
2020-06-14,wiki_nyc,26626.0
2020-06-15,wiki_nyc,25000.0
2020-06-16,wiki_nyc,24446.0
2020-06-17,wiki_nyc,23000.0
2020-06-18,wiki_nyc,22273.0
2020-06-19,wiki_nyc,20042.0
2020-06-20,wiki_nyc,20281.0
2020-06-21,wiki_nyc,16036.0
2020-06-22,wiki_nyc,13773.0
2020-06-23,wiki_nyc,10979.0
2020-06-24,wiki_nyc,9850.0
2020-06-25,wiki_nyc,10258.0
2020-06-26,wiki_nyc,10876.0
2020-06-27,wiki_nyc,9723.0
2020-06-28,wiki_nyc,8622.0
2020-06-29,wiki_nyc,9126.0
2020-06-30,wiki_nyc,7987.0
2020-07-01,wiki_nyc,7411.0
2020-07-02,wiki_nyc,6510.0
2020-07-03,wiki_nyc,6156.0
2020-07-04,wiki_nyc,6161.0
2020-07-05,wiki_nyc,6030.0
2020-07-06,wiki_nyc,6656.0
2020-07-07,wiki_nyc,6840.0
2020-07-08,wiki_nyc,6905.0
2020-07-09,wiki_nyc,5548.0
2020-07-10,wiki_nyc,4955.0
2020-07-11,wiki_nyc,4636.0
2020-07-12,wiki_nyc,5019.0
2020-07-13,wiki_nyc,7428.0
2020-07-14,wiki_nyc,5007.0
2020-07-15,wiki_nyc,6194.0
2020-07-16,wiki_nyc,5317.0
2020-07-17,wiki_nyc,7013.0
2020-07-18,wiki_nyc,5825.0
2020-07-19,wiki_nyc,5364.0
2020-07-20,wiki_nyc,4543.0
2020-07-21,wiki_nyc,4404.0
2020-07-22,wiki_nyc,4171.0
2020-07-23,wiki_nyc,4534.0
2020-07-24,wiki_nyc,3968.0
2020-07-25,wiki_nyc,3749.0
2020-07-26,wiki_nyc,3964.0
2020-07-27,wiki_nyc,3878.0
2020-07-28,wiki_nyc,4251.0
2020-07-29,wiki_nyc,4095.0
2020-07-30,wiki_nyc,3999.0
2020-07-31,wiki_nyc,4407.0
2020-08-01,wiki_nyc,3652.0
2020-08-02,wiki_nyc,3590.0
2020-08-03,wiki_nyc,3595.0
2020-08-04,wiki_nyc,3866.0
2020-08-05,wiki_nyc,3409.0
2020-08-06,wiki_nyc,3394.0
2020-08-07,wiki_nyc,2898.0
2020-08-08,wiki_nyc,2643.0
2020-08-09,wiki_nyc,3181.0
2020-08-10,wiki_nyc,3340.0
2020-08-11,wiki_nyc,3225.0
2020-08-12,wiki_nyc,3068.0
2020-08-13,wiki_nyc,3046.0
2020-08-14,wiki_nyc,3358.0
2020-08-15,wiki_nyc,3545.0
2020-08-16,wiki_nyc,3268.0
2020-08-17,wiki_nyc,3084.0
2020-08-18,wiki_nyc,7743.0
2020-08-19,wiki_nyc,3391.0
2020-08-20,wiki_nyc,18818.0
2020-08-21,wiki_nyc,11484.0
2020-08-22,wiki_nyc,6610.0
2020-08-23,wiki_nyc,4782.0
2020-08-24,wiki_nyc,5975.0
2020-08-25,wiki_nyc,6783.0
2020-08-26,wiki_nyc,6836.0
2020-08-27,wiki_nyc,10133.0
2020-08-28,wiki_nyc,9763.0
2020-08-29,wiki_nyc,7400.0
2020-08-30,wiki_nyc,6508.0
2020-08-31,wiki_nyc,5795.0
2020-09-01,wiki_nyc,5192.0
2020-09-02,wiki_nyc,4879.0
2020-09-03,wiki_nyc,5135.0
2020-09-04,wiki_nyc,4115.0
2020-09-05,wiki_nyc,3299.0
2020-09-06,wiki_nyc,3418.0
2020-09-07,wiki_nyc,3561.0
2020-09-08,wiki_nyc,3768.0
2020-09-09,wiki_nyc,4122.0
2020-09-10,wiki_nyc,3653.0
2020-09-11,wiki_nyc,4010.0
2020-09-12,wiki_nyc,3190.0
2020-09-13,wiki_nyc,4272.0
2020-09-14,wiki_nyc,4850.0
2020-09-15,wiki_nyc,5123.0
2020-09-16,wiki_nyc,4883.0
2020-09-17,wiki_nyc,4101.0
2020-09-18,wiki_nyc,3146.0
2020-09-19,wiki_nyc,2493.0
2020-09-20,wiki_nyc,2636.0
2020-09-21,wiki_nyc,2932.0
2020-09-22,wiki_nyc,3236.0
2020-09-23,wiki_nyc,3893.0
2020-09-24,wiki_nyc,5917.0
2020-09-25,wiki_nyc,4752.0
2020-09-26,wiki_nyc,3730.0
2020-09-27,wiki_nyc,3319.0
2020-09-28,wiki_nyc,3321.0
2020-09-29,wiki_nyc,3913.0
2020-09-30,wiki_nyc,3217.0
2020-10-01,wiki_nyc,3044.0
2020-10-02,wiki_nyc,2570.0
2020-10-03,wiki_nyc,2357.0
2020-10-04,wiki_nyc,2510.0
2020-10-05,wiki_nyc,3933.0
2020-10-06,wiki_nyc,3832.0
2020-10-07,wiki_nyc,2940.0
2020-10-08,wiki_nyc,3040.0
2020-10-09,wiki_nyc,3066.0
2020-10-10,wiki_nyc,2361.0
2020-10-11,wiki_nyc,2982.0
2020-10-12,wiki_nyc,2742.0
2020-10-13,wiki_nyc,2821.0
2020-10-14,wiki_nyc,3066.0
2020-10-15,wiki_nyc,2762.0
2020-10-16,wiki_nyc,2846.0
2020-10-17,wiki_nyc,2415.0
2020-10-18,wiki_nyc,2844.0
2020-10-19,wiki_nyc,3200.0
2020-10-20,wiki_nyc,2790.0
2020-10-21,wiki_nyc,2826.0
2020-10-22,wiki_nyc,2794.0
2020-10-23,wiki_nyc,2641.0
2020-10-24,wiki_nyc,2201.0
2020-10-25,wiki_nyc,2563.0
2020-10-26,wiki_nyc,2726.0
2020-10-27,wiki_nyc,3285.0
2020-10-28,wiki_nyc,3243.0
2020-10-29,wiki_nyc,2857.0
2020-10-30,wiki_nyc,2646.0
2020-10-31,wiki_nyc,2167.0
2020-11-01,wiki_nyc,2482.0
2020-11-02,wiki_nyc,2692.0
2020-11-03,wiki_nyc,2754.0
2020-11-04,wiki_nyc,2426.0
2020-11-05,wiki_nyc,2782.0
2020-11-06,wiki_nyc,2452.0
2020-11-07,wiki_nyc,2288.0
2020-11-08,wiki_nyc,2574.0
2020-11-09,wiki_nyc,2525.0
2020-11-10,wiki_nyc,2493.0
2020-11-11,wiki_nyc,2352.0
2020-11-12,wiki_nyc,2556.0
2020-11-13,wiki_nyc,2367.0
2020-11-14,wiki_nyc,2089.0
2020-11-15,wiki_nyc,2233.0
2020-11-16,wiki_nyc,2719.0
2020-11-17,wiki_nyc,2486.0
2020-11-18,wiki_nyc,3575.0
2020-11-19,wiki_nyc,3413.0
2020-11-20,wiki_nyc,2692.0
2020-11-21,wiki_nyc,4416.0
2020-11-22,wiki_nyc,2355.0
2020-11-23,wiki_nyc,2413.0
2020-11-24,wiki_nyc,2357.0
2020-11-25,wiki_nyc,4008.0
2020-11-26,wiki_nyc,3482.0
2020-11-27,wiki_nyc,2418.0
2020-11-28,wiki_nyc,2420.0
2020-11-29,wiki_nyc,2241.0
2020-11-30,wiki_nyc,2618.0
2020-12-01,wiki_nyc,2391.0
2020-12-02,wiki_nyc,2411.0
2020-12-03,wiki_nyc,2582.0
2020-12-04,wiki_nyc,2480.0
2020-12-05,wiki_nyc,2059.0
2020-12-06,wiki_nyc,2185.0
2020-12-07,wiki_nyc,2811.0
2020-12-08,wiki_nyc,2628.0
2020-12-09,wiki_nyc,2573.0
2020-12-10,wiki_nyc,2465.0
2020-12-11,wiki_nyc,2213.0
2020-12-12,wiki_nyc,1925.0
2020-12-13,wiki_nyc,2071.0
2020-12-14,wiki_nyc,2383.0
2020-12-15,wiki_nyc,2118.0
2020-12-16,wiki_nyc,2075.0
2020-12-17,wiki_nyc,2093.0
2020-12-18,wiki_nyc,1920.0
2020-12-19,wiki_nyc,1880.0
2020-12-20,wiki_nyc,1885.0
2020-12-21,wiki_nyc,1843.0
2020-12-22,wiki_nyc,2121.0
2020-12-23,wiki_nyc,1666.0
2020-12-24,wiki_nyc,1529.0
2020-12-25,wiki_nyc,1345.0
2020-12-26,wiki_nyc,1531.0
2020-12-27,wiki_nyc,1729.0
2020-12-28,wiki_nyc,1737.0
2020-12-29,wiki_nyc,1906.0
2020-12-30,wiki_nyc,2419.0
2020-12-31,wiki_nyc,2032.0
2021-01-01,wiki_nyc,1825.0
2021-01-02,wiki_nyc,2005.0
2021-01-03,wiki_nyc,2082.0
2021-01-04,wiki_nyc,2357.0
2021-01-05,wiki_nyc,2544.0
2021-01-06,wiki_nyc,2726.0
2021-01-07,wiki_nyc,4246.0
2021-01-08,wiki_nyc,4551.0
2021-01-09,wiki_nyc,3274.0
2021-01-10,wiki_nyc,2532.0
2021-01-11,wiki_nyc,2648.0
2021-01-12,wiki_nyc,2734.0
2021-01-13,wiki_nyc,2377.0
2021-01-14,wiki_nyc,2471.0
2021-01-15,wiki_nyc,2294.0
2021-01-16,wiki_nyc,2168.0
2021-01-17,wiki_nyc,2190.0
2021-01-18,wiki_nyc,2990.0
2021-01-19,wiki_nyc,2455.0
2021-01-20,wiki_nyc,2234.0
2021-01-21,wiki_nyc,2265.0
2021-01-22,wiki_nyc,2202.0
2021-01-23,wiki_nyc,2016.0
2021-01-24,wiki_nyc,2008.0
2021-01-25,wiki_nyc,2382.0
2021-01-26,wiki_nyc,2818.0
2021-01-27,wiki_nyc,2234.0
2021-01-28,wiki_nyc,2179.0
2021-01-29,wiki_nyc,2015.0
2021-01-30,wiki_nyc,2024.0
2021-01-31,wiki_nyc,2036.0
2021-02-01,wiki_nyc,2359.0
2021-02-02,wiki_nyc,2567.0
2021-02-03,wiki_nyc,2660.0
2021-02-04,wiki_nyc,4792.0
2021-02-05,wiki_nyc,3432.0
2021-02-06,wiki_nyc,2581.0
2021-02-07,wiki_nyc,2861.0
2021-02-08,wiki_nyc,2994.0
2021-02-09,wiki_nyc,2815.0
2021-02-10,wiki_nyc,3002.0
2021-02-11,wiki_nyc,3071.0
2021-02-12,wiki_nyc,2721.0
2021-02-13,wiki_nyc,2621.0
2021-02-14,wiki_nyc,2301.0
2021-02-15,wiki_nyc,2618.0
2021-02-16,wiki_nyc,2626.0
2021-02-17,wiki_nyc,2781.0
2021-02-18,wiki_nyc,4254.0
2021-02-19,wiki_nyc,3997.0
2021-02-20,wiki_nyc,2432.0
2021-02-21,wiki_nyc,2609.0
2021-02-22,wiki_nyc,4085.0
2021-02-23,wiki_nyc,4492.0
2021-02-24,wiki_nyc,3701.0
2021-02-25,wiki_nyc,3351.0
2021-02-26,wiki_nyc,2839.0
2021-02-27,wiki_nyc,2530.0
2021-02-28,wiki_nyc,2443.0
2021-03-01,wiki_nyc,2848.0
2021-03-02,wiki_nyc,2611.0
2021-03-03,wiki_nyc,2758.0
2021-03-04,wiki_nyc,2924.0
2021-03-05,wiki_nyc,2824.0
2021-03-06,wiki_nyc,2291.0
2021-03-07,wiki_nyc,2566.0
2021-03-08,wiki_nyc,2922.0
2021-03-09,wiki_nyc,2831.0
2021-03-10,wiki_nyc,2723.0
2021-03-11,wiki_nyc,2956.0
2021-03-12,wiki_nyc,3012.0
2021-03-13,wiki_nyc,2937.0
2021-03-14,wiki_nyc,2872.0
2021-03-15,wiki_nyc,3117.0
2021-03-16,wiki_nyc,3003.0
2021-03-17,wiki_nyc,3488.0
2021-03-18,wiki_nyc,3707.0
2021-03-19,wiki_nyc,2845.0
2021-03-20,wiki_nyc,2416.0
2021-03-21,wiki_nyc,2454.0
2021-03-22,wiki_nyc,2574.0
2021-03-23,wiki_nyc,2874.0
2021-03-24,wiki_nyc,2693.0
2021-03-25,wiki_nyc,2910.0
2021-03-26,wiki_nyc,3007.0
2021-03-27,wiki_nyc,2478.0
2021-03-28,wiki_nyc,2443.0
2021-03-29,wiki_nyc,5134.0
2021-03-30,wiki_nyc,4504.0
2021-03-31,wiki_nyc,4728.0
2021-04-01,wiki_nyc,5821.0
2021-04-02,wiki_nyc,4141.0
2021-04-03,wiki_nyc,3099.0
2021-04-04,wiki_nyc,3175.0
2021-04-05,wiki_nyc,3416.0
2021-04-06,wiki_nyc,4087.0
2021-04-07,wiki_nyc,3551.0
2021-04-08,wiki_nyc,3792.0
2021-04-09,wiki_nyc,4388.0
2021-04-10,wiki_nyc,3751.0
2021-04-11,wiki_nyc,3699.0
2021-04-12,wiki_nyc,5603.0
2021-04-13,wiki_nyc,9865.0
2021-04-14,wiki_nyc,9152.0
2021-04-15,wiki_nyc,9593.0
2021-04-16,wiki_nyc,5999.0
2021-04-17,wiki_nyc,5376.0
2021-04-18,wiki_nyc,5105.0
2021-04-19,wiki_nyc,7040.0
2021-04-20,wiki_nyc,19062.0
2021-04-21,wiki_nyc,32287.0
2021-04-22,wiki_nyc,12467.0
2021-04-23,wiki_nyc,7305.0
2021-04-24,wiki_nyc,5644.0
2021-04-25,wiki_nyc,5632.0
2021-04-26,wiki_nyc,6303.0
2021-04-27,wiki_nyc,5596.0
2021-04-28,wiki_nyc,4533.0
2021-04-29,wiki_nyc,4285.0
2021-04-30,wiki_nyc,3822.0
2021-05-01,wiki_nyc,3191.0
2021-05-02,wiki_nyc,2923.0
2021-05-03,wiki_nyc,3630.0
2021-05-04,wiki_nyc,3947.0
2021-05-05,wiki_nyc,3531.0
2021-05-06,wiki_nyc,2910.0
2021-05-07,wiki_nyc,2988.0
2021-05-08,wiki_nyc,2262.0
2021-05-09,wiki_nyc,2244.0
2021-05-10,wiki_nyc,2503.0
2021-05-11,wiki_nyc,2431.0
2021-05-12,wiki_nyc,2339.0
2021-05-13,wiki_nyc,2711.0
2021-05-14,wiki_nyc,2183.0
2021-05-15,wiki_nyc,1839.0
2021-05-16,wiki_nyc,1925.0
2021-05-17,wiki_nyc,2186.0
2021-05-18,wiki_nyc,3190.0
2021-05-19,wiki_nyc,3826.0
2021-05-20,wiki_nyc,2457.0
2021-05-21,wiki_nyc,2329.0
2021-05-22,wiki_nyc,1887.0
2021-05-23,wiki_nyc,2014.0
2021-05-24,wiki_nyc,2266.0
2021-05-25,wiki_nyc,3585.0
2021-05-26,wiki_nyc,3923.0
2021-05-27,wiki_nyc,2420.0
2021-05-28,wiki_nyc,2296.0
2021-05-29,wiki_nyc,2499.0
2021-05-30,wiki_nyc,2456.0
2021-05-31,wiki_nyc,5815.0
2021-06-01,wiki_nyc,4011.0
2021-06-02,wiki_nyc,3541.0
2021-06-03,wiki_nyc,3933.0
2021-06-04,wiki_nyc,2760.0
2021-06-05,wiki_nyc,2114.0
2021-06-06,wiki_nyc,2528.0
2021-06-07,wiki_nyc,2447.0
2021-06-08,wiki_nyc,2375.0
2021-06-09,wiki_nyc,2195.0
2021-06-10,wiki_nyc,2238.0
2021-06-11,wiki_nyc,1989.0
2021-06-12,wiki_nyc,1824.0
2021-06-13,wiki_nyc,1756.0
2021-06-14,wiki_nyc,2030.0
2021-06-15,wiki_nyc,1971.0
2021-06-16,wiki_nyc,1722.0
2021-06-17,wiki_nyc,1818.0
2021-06-18,wiki_nyc,1894.0
2021-06-19,wiki_nyc,1886.0
2021-06-20,wiki_nyc,1983.0
2021-06-21,wiki_nyc,2080.0
2021-06-22,wiki_nyc,1794.0
2021-06-23,wiki_nyc,2121.0
2021-06-24,wiki_nyc,1676.0
2021-06-25,wiki_nyc,2806.0
2021-06-26,wiki_nyc,2774.0
2021-06-27,wiki_nyc,2274.0
2021-06-28,wiki_nyc,1885.0
2021-06-29,wiki_nyc,1788.0
2021-06-30,wiki_nyc,1878.0
2021-07-01,wiki_nyc,1571.0
2021-07-02,wiki_nyc,1676.0
2021-07-03,wiki_nyc,2338.0
2021-07-04,wiki_nyc,1618.0
2021-07-05,wiki_nyc,1549.0
2021-07-06,wiki_nyc,1712.0
2021-07-07,wiki_nyc,1803.0
2021-07-08,wiki_nyc,1636.0
2021-07-09,wiki_nyc,1453.0
2021-07-10,wiki_nyc,1468.0
2021-07-11,wiki_nyc,1705.0
2021-07-12,wiki_nyc,1599.0
2021-07-13,wiki_nyc,1635.0
2021-07-14,wiki_nyc,1611.0
2021-07-15,wiki_nyc,1625.0
2021-07-16,wiki_nyc,1442.0
2021-07-17,wiki_nyc,2177.0
2021-07-18,wiki_nyc,2127.0
2021-07-19,wiki_nyc,2578.0
2021-07-20,wiki_nyc,1644.0
2021-07-21,wiki_nyc,1508.0
2021-07-22,wiki_nyc,1696.0
2021-07-23,wiki_nyc,1793.0
2021-07-24,wiki_nyc,1639.0
2021-07-25,wiki_nyc,1733.0
2021-07-26,wiki_nyc,1643.0
2021-07-27,wiki_nyc,1624.0
2021-07-28,wiki_nyc,1670.0
2021-07-29,wiki_nyc,1690.0
2021-07-30,wiki_nyc,1667.0
2021-07-31,wiki_nyc,2392.0
2021-08-01,wiki_nyc,1669.0
2021-08-02,wiki_nyc,1560.0
2021-08-03,wiki_nyc,1465.0
2021-08-04,wiki_nyc,1417.0
2021-08-05,wiki_nyc,1514.0
2021-08-06,wiki_nyc,1575.0
2021-08-07,wiki_nyc,1379.0
2021-08-08,wiki_nyc,1516.0
2021-08-09,wiki_nyc,1605.0
2021-08-10,wiki_nyc,1534.0
2021-08-11,wiki_nyc,1418.0
2021-08-12,wiki_nyc,1494.0
2021-08-13,wiki_nyc,1437.0
2021-08-14,wiki_nyc,1369.0
2021-08-15,wiki_nyc,1376.0
2021-08-16,wiki_nyc,1347.0
2021-08-17,wiki_nyc,1351.0
2021-08-18,wiki_nyc,1285.0
2021-08-19,wiki_nyc,1372.0
2021-08-20,wiki_nyc,1340.0
2021-08-21,wiki_nyc,1225.0
2021-08-22,wiki_nyc,1258.0
2021-08-23,wiki_nyc,2011.0
2021-08-24,wiki_nyc,1945.0
2021-08-25,wiki_nyc,1602.0
2021-08-26,wiki_nyc,1563.0
2021-08-27,wiki_nyc,1530.0
2021-08-28,wiki_nyc,1349.0
2021-08-29,wiki_nyc,1490.0
2021-08-30,wiki_nyc,1766.0
2021-08-31,wiki_nyc,1673.0
2021-09-01,wiki_nyc,1773.0
2021-09-02,wiki_nyc,1704.0
2021-09-03,wiki_nyc,1467.0
2021-09-04,wiki_nyc,1627.0
2021-09-05,wiki_nyc,1513.0
2021-09-06,wiki_nyc,1821.0
2021-09-07,wiki_nyc,1765.0
2021-09-08,wiki_nyc,1739.0
2021-09-09,wiki_nyc,2063.0
2021-09-10,wiki_nyc,1611.0
2021-09-11,wiki_nyc,1837.0
2021-09-12,wiki_nyc,1814.0
2021-09-13,wiki_nyc,1792.0
2021-09-14,wiki_nyc,1640.0
2021-09-15,wiki_nyc,1984.0
2021-09-16,wiki_nyc,1924.0
2021-09-17,wiki_nyc,1468.0
2021-09-18,wiki_nyc,1653.0
2021-09-19,wiki_nyc,1596.0
2021-09-20,wiki_nyc,1745.0
2021-09-21,wiki_nyc,1705.0
2021-09-22,wiki_nyc,1745.0
2021-09-23,wiki_nyc,1825.0
2021-09-24,wiki_nyc,1690.0
2021-09-25,wiki_nyc,1465.0
2021-09-26,wiki_nyc,1746.0
2021-09-27,wiki_nyc,1612.0
2021-09-28,wiki_nyc,1855.0
2021-09-29,wiki_nyc,1902.0
2021-09-30,wiki_nyc,1785.0
2021-10-01,wiki_nyc,1579.0
2021-10-02,wiki_nyc,1360.0
2021-10-03,wiki_nyc,1360.0
2021-10-04,wiki_nyc,2300.0
2021-10-05,wiki_nyc,1945.0
2021-10-06,wiki_nyc,1744.0
2021-10-07,wiki_nyc,1721.0
2021-10-08,wiki_nyc,1643.0
2021-10-09,wiki_nyc,1297.0
2021-10-10,wiki_nyc,1329.0
2021-10-11,wiki_nyc,1886.0
2021-10-12,wiki_nyc,1812.0
2021-10-13,wiki_nyc,1538.0
2021-10-14,wiki_nyc,1688.0
2021-10-15,wiki_nyc,1526.0
2021-10-16,wiki_nyc,1374.0
2021-10-17,wiki_nyc,1503.0
2021-10-18,wiki_nyc,1648.0
2021-10-19,wiki_nyc,1755.0
2021-10-20,wiki_nyc,1780.0
2021-10-21,wiki_nyc,1756.0
2021-10-22,wiki_nyc,1615.0
2021-10-23,wiki_nyc,1497.0
2021-10-24,wiki_nyc,1706.0
2021-10-25,wiki_nyc,2248.0
2021-10-26,wiki_nyc,2259.0
2021-10-27,wiki_nyc,2349.0
2021-10-28,wiki_nyc,2479.0
2021-10-29,wiki_nyc,1984.0
2021-10-30,wiki_nyc,1518.0
2021-10-31,wiki_nyc,1590.0
2021-11-01,wiki_nyc,1820.0
2021-11-02,wiki_nyc,1836.0
2021-11-03,wiki_nyc,1953.0
2021-11-04,wiki_nyc,1983.0
2021-11-05,wiki_nyc,1774.0
2021-11-06,wiki_nyc,1296.0
2021-11-07,wiki_nyc,1482.0
2021-11-08,wiki_nyc,1885.0
2021-11-09,wiki_nyc,1751.0
2021-11-10,wiki_nyc,1929.0
2021-11-11,wiki_nyc,2180.0
2021-11-12,wiki_nyc,2120.0
2021-11-13,wiki_nyc,1784.0
2021-11-14,wiki_nyc,2120.0
2021-11-15,wiki_nyc,2209.0
2021-11-16,wiki_nyc,2178.0
2021-11-17,wiki_nyc,2188.0
2021-11-18,wiki_nyc,2356.0
2021-11-19,wiki_nyc,2860.0
2021-11-20,wiki_nyc,3371.0
2021-11-21,wiki_nyc,2815.0
2021-11-22,wiki_nyc,2598.0
2021-11-23,wiki_nyc,2329.0
2021-11-24,wiki_nyc,2467.0
2021-11-25,wiki_nyc,4531.0
2021-11-26,wiki_nyc,6179.0
2021-11-27,wiki_nyc,3408.0
2021-11-28,wiki_nyc,2601.0
2021-11-29,wiki_nyc,2456.0
2021-11-30,wiki_nyc,2255.0
2021-12-01,wiki_nyc,2530.0
2021-12-02,wiki_nyc,2340.0
2021-12-03,wiki_nyc,2055.0
2021-12-04,wiki_nyc,1773.0
2021-12-05,wiki_nyc,1805.0
2021-12-06,wiki_nyc,2115.0
2021-12-07,wiki_nyc,2660.0
2021-12-08,wiki_nyc,3577.0
2021-12-09,wiki_nyc,2696.0
2021-12-10,wiki_nyc,2453.0
2021-12-11,wiki_nyc,1769.0
2021-12-12,wiki_nyc,1817.0
2021-12-13,wiki_nyc,2083.0
2021-12-14,wiki_nyc,1898.0
2021-12-15,wiki_nyc,1872.0
2021-12-16,wiki_nyc,1898.0
2021-12-17,wiki_nyc,2632.0
2021-12-18,wiki_nyc,4167.0
2021-12-19,wiki_nyc,2000.0
2021-12-20,wiki_nyc,1988.0
2021-12-21,wiki_nyc,1755.0
2021-12-22,wiki_nyc,1696.0
2021-12-23,wiki_nyc,1703.0
2021-12-24,wiki_nyc,1788.0
2021-12-25,wiki_nyc,1735.0
2021-12-26,wiki_nyc,1337.0
2021-12-27,wiki_nyc,1473.0
2021-12-28,wiki_nyc,1388.0
2021-12-29,wiki_nyc,1484.0
2021-12-30,wiki_nyc,2740.0
2021-12-31,wiki_nyc,1783.0
2022-01-01,wiki_nyc,1504.0
2022-01-02,wiki_nyc,1851.0
2022-01-03,wiki_nyc,1621.0
2022-01-04,wiki_nyc,1666.0
2022-01-05,wiki_nyc,1695.0
2022-01-06,wiki_nyc,1736.0
2022-01-07,wiki_nyc,1607.0
2022-01-08,wiki_nyc,1678.0
2022-01-09,wiki_nyc,1802.0
2022-01-10,wiki_nyc,1845.0
2022-01-11,wiki_nyc,1774.0
2022-01-12,wiki_nyc,1810.0
2022-01-13,wiki_nyc,1923.0
2022-01-14,wiki_nyc,1654.0
2022-01-15,wiki_nyc,1471.0
2022-01-16,wiki_nyc,1561.0
2022-01-17,wiki_nyc,1681.0
2022-01-18,wiki_nyc,1865.0
2022-01-19,wiki_nyc,1908.0
2022-01-20,wiki_nyc,1682.0
2022-01-21,wiki_nyc,1807.0
2022-01-22,wiki_nyc,1885.0
2022-01-23,wiki_nyc,1866.0
2022-01-24,wiki_nyc,1924.0
2022-01-25,wiki_nyc,2265.0
2022-01-26,wiki_nyc,1996.0
2022-01-27,wiki_nyc,2182.0
2022-01-28,wiki_nyc,2237.0
2022-01-29,wiki_nyc,1989.0
2022-01-30,wiki_nyc,1839.0
2022-01-31,wiki_nyc,1970.0
2022-02-01,wiki_nyc,2171.0
2022-02-02,wiki_nyc,2461.0
2022-02-03,wiki_nyc,2695.0
2022-02-04,wiki_nyc,4593.0
2022-02-05,wiki_nyc,3195.0
2022-02-06,wiki_nyc,2401.0
2022-02-07,wiki_nyc,2721.0
2022-02-08,wiki_nyc,2502.0
2022-02-09,wiki_nyc,2330.0
2022-02-10,wiki_nyc,2404.0
2022-02-11,wiki_nyc,2065.0
2022-02-12,wiki_nyc,1707.0
2022-02-13,wiki_nyc,1957.0
2022-02-14,wiki_nyc,2045.0
2022-02-15,wiki_nyc,2362.0
2022-02-16,wiki_nyc,2271.0
2022-02-17,wiki_nyc,2581.0
2022-02-18,wiki_nyc,2396.0
2022-02-19,wiki_nyc,2018.0
2022-02-20,wiki_nyc,1962.0
2022-02-21,wiki_nyc,2064.0
2022-02-22,wiki_nyc,2114.0
2022-02-23,wiki_nyc,2635.0
2022-02-24,wiki_nyc,2310.0
2022-02-25,wiki_nyc,2595.0
2022-02-26,wiki_nyc,1832.0
2022-02-27,wiki_nyc,4894.0
2022-02-28,wiki_nyc,2902.0
2022-03-01,wiki_nyc,2500.0
2022-03-02,wiki_nyc,1919.0
2022-03-03,wiki_nyc,1957.0
2022-03-04,wiki_nyc,1959.0
2022-03-05,wiki_nyc,1447.0
2022-03-06,wiki_nyc,1644.0
2022-03-07,wiki_nyc,1952.0
2022-03-08,wiki_nyc,2082.0
2022-03-09,wiki_nyc,1968.0
2022-03-10,wiki_nyc,2011.0
2022-03-11,wiki_nyc,1920.0
2022-03-12,wiki_nyc,1580.0
2022-03-13,wiki_nyc,1661.0
2022-03-14,wiki_nyc,1921.0
2022-03-15,wiki_nyc,2026.0
2022-03-16,wiki_nyc,1894.0
2022-03-17,wiki_nyc,1836.0
2022-03-18,wiki_nyc,1693.0
2022-03-19,wiki_nyc,1396.0
2022-03-20,wiki_nyc,1773.0
2022-03-21,wiki_nyc,1831.0
2022-03-22,wiki_nyc,1725.0
2022-03-23,wiki_nyc,1747.0
2022-03-24,wiki_nyc,1974.0
2022-03-25,wiki_nyc,1503.0
2022-03-26,wiki_nyc,1896.0
2022-03-27,wiki_nyc,1644.0
2022-03-28,wiki_nyc,1874.0
2022-03-29,wiki_nyc,1857.0
2022-03-30,wiki_nyc,1836.0
2022-03-31,wiki_nyc,2131.0
2022-04-01,wiki_nyc,3506.0
2022-04-02,wiki_nyc,2128.0
2022-04-03,wiki_nyc,1887.0
2022-04-04,wiki_nyc,1963.0
2022-04-05,wiki_nyc,1927.0
2022-04-06,wiki_nyc,1919.0
2022-04-07,wiki_nyc,1927.0
2022-04-08,wiki_nyc,1589.0
2022-04-09,wiki_nyc,1470.0
2022-04-10,wiki_nyc,1595.0
2022-04-11,wiki_nyc,1829.0
2022-04-12,wiki_nyc,1812.0
2022-04-13,wiki_nyc,1877.0
2022-04-14,wiki_nyc,1915.0
2022-04-15,wiki_nyc,1574.0
2022-04-16,wiki_nyc,1592.0
2022-04-17,wiki_nyc,1576.0
2022-04-18,wiki_nyc,1766.0
2022-04-19,wiki_nyc,1908.0
2022-04-20,wiki_nyc,1841.0
2022-04-21,wiki_nyc,2043.0
2022-04-22,wiki_nyc,1651.0
2022-04-23,wiki_nyc,1314.0
2022-04-24,wiki_nyc,1570.0
2022-04-25,wiki_nyc,2446.0
2022-04-26,wiki_nyc,2007.0
2022-04-27,wiki_nyc,1950.0
2022-04-28,wiki_nyc,1931.0
2022-04-29,wiki_nyc,1816.0
2022-04-30,wiki_nyc,1300.0
2022-05-01,wiki_nyc,1599.0
2022-05-02,wiki_nyc,2000.0
2022-05-03,wiki_nyc,1836.0
2022-05-04,wiki_nyc,1789.0
2022-05-05,wiki_nyc,1888.0
2022-05-06,wiki_nyc,1500.0
2022-05-07,wiki_nyc,1293.0
2022-05-08,wiki_nyc,1461.0
2022-05-09,wiki_nyc,1768.0
2022-05-10,wiki_nyc,1756.0
2022-05-11,wiki_nyc,1970.0
2022-05-12,wiki_nyc,1845.0
2022-05-13,wiki_nyc,1516.0
2022-05-14,wiki_nyc,1344.0
2022-05-15,wiki_nyc,1871.0
2022-05-16,wiki_nyc,2243.0
2022-05-17,wiki_nyc,2401.0
2022-05-18,wiki_nyc,2488.0
2022-05-19,wiki_nyc,3011.0
2022-05-20,wiki_nyc,2077.0
2022-05-21,wiki_nyc,1738.0
2022-05-22,wiki_nyc,1743.0
2022-05-23,wiki_nyc,2120.0
2022-05-24,wiki_nyc,2069.0
2022-05-25,wiki_nyc,2180.0
2022-05-26,wiki_nyc,2988.0
2022-05-27,wiki_nyc,2201.0
2022-05-28,wiki_nyc,1703.0
2022-05-29,wiki_nyc,2031.0
2022-05-30,wiki_nyc,2099.0
2022-05-31,wiki_nyc,1960.0
2022-06-01,wiki_nyc,1978.0
2022-06-02,wiki_nyc,1864.0
2022-06-03,wiki_nyc,1645.0
2022-06-04,wiki_nyc,1746.0
2022-06-05,wiki_nyc,1790.0
2022-06-06,wiki_nyc,36976.0
2022-06-07,wiki_nyc,7702.0
2022-06-08,wiki_nyc,2061.0
2022-06-09,wiki_nyc,1870.0
2022-06-10,wiki_nyc,1679.0
2022-06-11,wiki_nyc,1519.0
2022-06-12,wiki_nyc,1829.0
2022-06-13,wiki_nyc,1723.0
2022-06-14,wiki_nyc,1608.0
2022-06-15,wiki_nyc,2171.0
2022-06-16,wiki_nyc,1795.0
2022-06-17,wiki_nyc,1657.0
2022-06-18,wiki_nyc,1614.0
2022-06-19,wiki_nyc,1699.0
2022-06-20,wiki_nyc,1983.0
2022-06-21,wiki_nyc,2008.0
2022-06-22,wiki_nyc,2041.0
2022-06-23,wiki_nyc,1888.0
2022-06-24,wiki_nyc,1704.0
2022-06-25,wiki_nyc,1666.0
2022-06-26,wiki_nyc,1686.0
2022-06-27,wiki_nyc,1880.0
2022-06-28,wiki_nyc,1729.0
2022-06-29,wiki_nyc,2021.0
2022-06-30,wiki_nyc,1769.0
2022-07-01,wiki_nyc,1934.0
2022-07-02,wiki_nyc,2140.0
2022-07-03,wiki_nyc,2742.0
2022-07-04,wiki_nyc,4095.0
2022-07-05,wiki_nyc,2429.0
2022-07-06,wiki_nyc,2372.0
2022-07-07,wiki_nyc,2174.0
2022-07-08,wiki_nyc,1951.0
2022-07-09,wiki_nyc,1666.0
2022-07-10,wiki_nyc,1670.0
2022-07-11,wiki_nyc,1913.0
2022-07-12,wiki_nyc,1679.0
2022-07-13,wiki_nyc,1541.0
2022-07-14,wiki_nyc,1512.0
2022-07-15,wiki_nyc,1536.0
2022-07-16,wiki_nyc,1877.0
2022-07-17,wiki_nyc,4154.0
2022-07-18,wiki_nyc,3759.0
2022-07-19,wiki_nyc,2507.0
2022-07-20,wiki_nyc,1625.0
2022-07-21,wiki_nyc,1673.0
2022-07-22,wiki_nyc,1501.0
2022-07-23,wiki_nyc,1423.0
2022-07-24,wiki_nyc,1522.0
2022-07-25,wiki_nyc,1454.0
2022-07-26,wiki_nyc,1488.0
2022-07-27,wiki_nyc,1536.0
2022-07-28,wiki_nyc,1476.0
2022-07-29,wiki_nyc,1457.0
2022-07-30,wiki_nyc,1484.0
2022-07-31,wiki_nyc,1501.0
2022-08-01,wiki_nyc,1437.0
2022-08-02,wiki_nyc,1469.0
2022-08-03,wiki_nyc,1365.0
2022-08-04,wiki_nyc,1463.0
2022-08-05,wiki_nyc,1764.0
2022-08-06,wiki_nyc,1442.0
2022-08-07,wiki_nyc,1628.0
2022-08-08,wiki_nyc,1719.0
2022-08-09,wiki_nyc,1441.0
2022-08-10,wiki_nyc,1457.0
2022-08-11,wiki_nyc,1316.0
2022-08-12,wiki_nyc,1456.0
2022-08-13,wiki_nyc,1343.0
2022-08-14,wiki_nyc,1633.0
2022-08-15,wiki_nyc,1517.0
2022-08-16,wiki_nyc,1437.0
2022-08-17,wiki_nyc,1510.0
2022-08-18,wiki_nyc,1552.0
2022-08-19,wiki_nyc,1493.0
2022-08-20,wiki_nyc,1294.0
2022-08-21,wiki_nyc,1374.0
2022-08-22,wiki_nyc,1737.0
2022-08-23,wiki_nyc,1498.0
2022-08-24,wiki_nyc,1490.0
2022-08-25,wiki_nyc,1437.0
2022-08-26,wiki_nyc,1320.0
2022-08-27,wiki_nyc,1260.0
2022-08-28,wiki_nyc,1457.0
2022-08-29,wiki_nyc,1554.0
2022-08-30,wiki_nyc,1533.0
2022-08-31,wiki_nyc,1543.0
2022-09-01,wiki_nyc,1635.0
2022-09-02,wiki_nyc,1448.0
2022-09-03,wiki_nyc,1240.0
2022-09-04,wiki_nyc,1336.0
2022-09-05,wiki_nyc,1411.0
2022-09-06,wiki_nyc,1561.0
2022-09-07,wiki_nyc,1441.0
2022-09-08,wiki_nyc,1327.0
2022-09-09,wiki_nyc,1406.0
2022-09-10,wiki_nyc,1370.0
2022-09-11,wiki_nyc,1424.0
2022-09-12,wiki_nyc,1822.0
2022-09-13,wiki_nyc,2248.0
2022-09-14,wiki_nyc,1613.0
2022-09-15,wiki_nyc,1689.0
2022-09-16,wiki_nyc,1572.0
2022-09-17,wiki_nyc,1277.0
2022-09-18,wiki_nyc,1329.0
2022-09-19,wiki_nyc,1640.0
2022-09-20,wiki_nyc,1466.0
2022-09-21,wiki_nyc,1527.0
2022-09-22,wiki_nyc,1508.0
2022-09-23,wiki_nyc,1363.0
2022-09-24,wiki_nyc,1249.0
2022-09-25,wiki_nyc,1439.0
2022-09-26,wiki_nyc,1538.0
2022-09-27,wiki_nyc,1468.0
2022-09-28,wiki_nyc,1629.0
2022-09-29,wiki_nyc,1504.0
2022-09-30,wiki_nyc,1896.0
2022-10-01,wiki_nyc,1278.0
2022-10-02,wiki_nyc,1201.0
2022-10-03,wiki_nyc,1552.0
2022-10-04,wiki_nyc,1677.0
2022-10-05,wiki_nyc,1671.0
2022-10-06,wiki_nyc,1662.0
2022-10-07,wiki_nyc,1394.0
2022-10-08,wiki_nyc,1232.0
2022-10-09,wiki_nyc,1397.0
2022-10-10,wiki_nyc,1562.0
2022-10-11,wiki_nyc,1609.0
2022-10-12,wiki_nyc,1533.0
2022-10-13,wiki_nyc,1682.0
2022-10-14,wiki_nyc,1609.0
2022-10-15,wiki_nyc,1345.0
2022-10-16,wiki_nyc,1556.0
2022-10-17,wiki_nyc,2507.0
2022-10-18,wiki_nyc,2060.0
2022-10-19,wiki_nyc,1923.0
2022-10-20,wiki_nyc,1788.0
2022-10-21,wiki_nyc,1543.0
2022-10-22,wiki_nyc,1226.0
2022-10-23,wiki_nyc,1491.0
2022-10-24,wiki_nyc,1662.0
2022-10-25,wiki_nyc,1661.0
2022-10-26,wiki_nyc,1631.0
2022-10-27,wiki_nyc,1698.0
2022-10-28,wiki_nyc,1457.0
2022-10-29,wiki_nyc,1238.0
2022-10-30,wiki_nyc,1345.0
2022-10-31,wiki_nyc,1690.0
2022-11-01,wiki_nyc,1651.0
2022-11-02,wiki_nyc,1572.0
2022-11-03,wiki_nyc,1604.0
2022-11-04,wiki_nyc,1532.0
2022-11-05,wiki_nyc,1306.0
2022-11-06,wiki_nyc,1365.0
2022-11-07,wiki_nyc,1744.0
2022-11-08,wiki_nyc,1555.0
2022-11-09,wiki_nyc,1489.0
2022-11-10,wiki_nyc,1588.0
2022-11-11,wiki_nyc,1391.0
2022-11-12,wiki_nyc,1290.0
2022-11-13,wiki_nyc,1488.0
2022-11-14,wiki_nyc,1891.0
2022-11-15,wiki_nyc,2028.0
2022-11-16,wiki_nyc,1847.0
2022-11-17,wiki_nyc,1889.0
2022-11-18,wiki_nyc,1752.0
2022-11-19,wiki_nyc,1535.0
2022-11-20,wiki_nyc,1450.0
2022-11-21,wiki_nyc,1770.0
2022-11-22,wiki_nyc,1646.0
2022-11-23,wiki_nyc,1457.0
2022-11-24,wiki_nyc,1319.0
2022-11-25,wiki_nyc,2460.0
2022-11-26,wiki_nyc,7595.0
2022-11-27,wiki_nyc,3842.0
2022-11-28,wiki_nyc,2707.0
2022-11-29,wiki_nyc,2172.0
2022-11-30,wiki_nyc,2071.0
2022-12-01,wiki_nyc,1779.0
2022-12-02,wiki_nyc,1591.0
2022-12-03,wiki_nyc,1623.0
2022-12-04,wiki_nyc,1708.0
2022-12-05,wiki_nyc,2022.0
2022-12-06,wiki_nyc,1955.0
2022-12-07,wiki_nyc,1879.0
2022-12-08,wiki_nyc,1638.0
2022-12-09,wiki_nyc,1571.0
2022-12-10,wiki_nyc,1411.0
2022-12-11,wiki_nyc,1383.0
2022-12-12,wiki_nyc,1699.0
2022-12-13,wiki_nyc,1622.0
2022-12-14,wiki_nyc,1607.0
2022-12-15,wiki_nyc,1462.0
2022-12-16,wiki_nyc,1451.0
2022-12-17,wiki_nyc,1207.0
2022-12-18,wiki_nyc,1268.0
2022-12-19,wiki_nyc,1300.0
2022-12-20,wiki_nyc,1382.0
2022-12-21,wiki_nyc,1350.0
2022-12-22,wiki_nyc,1428.0
2022-12-23,wiki_nyc,1293.0
2022-12-24,wiki_nyc,1165.0
2022-12-25,wiki_nyc,1125.0
2022-12-26,wiki_nyc,1098.0
2022-12-27,wiki_nyc,1368.0
2022-12-28,wiki_nyc,1414.0
2022-12-29,wiki_nyc,1536.0
2022-12-30,wiki_nyc,1381.0
2022-12-31,wiki_nyc,1388.0
2023-01-01,wiki_nyc,1227.0
2023-01-02,wiki_nyc,1520.0
2023-01-03,wiki_nyc,1744.0
2023-01-04,wiki_nyc,1634.0
2023-01-05,wiki_nyc,1707.0
2023-01-06,wiki_nyc,1664.0
2023-01-07,wiki_nyc,1942.0
2023-01-08,wiki_nyc,1672.0
2023-01-09,wiki_nyc,4496.0
2023-01-10,wiki_nyc,2093.0
2023-01-11,wiki_nyc,1786.0
2023-01-12,wiki_nyc,1903.0
2023-01-13,wiki_nyc,1966.0
2023-01-14,wiki_nyc,1753.0
2023-01-15,wiki_nyc,2319.0
2023-01-16,wiki_nyc,2047.0
2023-01-17,wiki_nyc,1933.0
2023-01-18,wiki_nyc,1925.0
2023-01-19,wiki_nyc,1944.0
2023-01-20,wiki_nyc,1721.0
2023-01-21,wiki_nyc,1915.0
2023-01-22,wiki_nyc,2550.0
2023-01-23,wiki_nyc,2918.0
2023-01-24,wiki_nyc,2787.0
2023-01-25,wiki_nyc,2257.0
2023-01-26,wiki_nyc,2195.0
2023-01-27,wiki_nyc,2943.0
2023-01-28,wiki_nyc,6232.0
2023-01-29,wiki_nyc,5869.0
2023-01-30,wiki_nyc,5836.0
2023-01-31,wiki_nyc,3656.0
2023-02-01,wiki_nyc,3743.0
2023-02-02,wiki_nyc,3613.0
2023-02-03,wiki_nyc,2547.0
2023-02-04,wiki_nyc,3796.0
2023-02-05,wiki_nyc,2924.0
2023-02-06,wiki_nyc,2511.0
2023-02-07,wiki_nyc,2225.0
2023-02-08,wiki_nyc,2280.0
2023-02-09,wiki_nyc,2239.0
2023-02-10,wiki_nyc,1816.0
2023-02-11,wiki_nyc,1694.0
2023-02-12,wiki_nyc,1561.0
2023-02-13,wiki_nyc,1677.0
2023-02-14,wiki_nyc,1975.0
2023-02-15,wiki_nyc,2072.0
2023-02-16,wiki_nyc,1989.0
2023-02-17,wiki_nyc,1862.0
2023-02-18,wiki_nyc,1678.0
2023-02-19,wiki_nyc,1841.0
2023-02-20,wiki_nyc,1763.0
2023-02-21,wiki_nyc,1899.0
2023-02-22,wiki_nyc,1999.0
2023-02-23,wiki_nyc,1976.0
2023-02-24,wiki_nyc,1773.0
2023-02-25,wiki_nyc,1669.0
2023-02-26,wiki_nyc,1842.0
2023-02-27,wiki_nyc,2151.0
2023-02-28,wiki_nyc,2019.0
2023-03-01,wiki_nyc,1993.0
2023-03-02,wiki_nyc,1993.0
2023-03-03,wiki_nyc,2017.0
2023-03-04,wiki_nyc,1918.0
2023-03-05,wiki_nyc,1777.0
2023-03-06,wiki_nyc,2146.0
2023-03-07,wiki_nyc,2124.0
2023-03-08,wiki_nyc,2085.0
2023-03-09,wiki_nyc,2211.0
2023-03-10,wiki_nyc,1812.0
2023-03-11,wiki_nyc,1540.0
2023-03-12,wiki_nyc,1625.0
2023-03-13,wiki_nyc,1765.0
2023-03-14,wiki_nyc,1781.0
2023-03-15,wiki_nyc,1643.0
2023-03-16,wiki_nyc,1544.0
2023-03-17,wiki_nyc,1441.0
2023-03-18,wiki_nyc,1420.0
2023-03-19,wiki_nyc,1406.0
2023-03-20,wiki_nyc,1836.0
2023-03-21,wiki_nyc,1800.0
2023-03-22,wiki_nyc,1642.0
2023-03-23,wiki_nyc,1623.0
2023-03-24,wiki_nyc,1449.0
2023-03-25,wiki_nyc,1408.0
2023-03-26,wiki_nyc,1456.0
2023-03-27,wiki_nyc,1756.0
2023-03-28,wiki_nyc,1593.0
2023-03-29,wiki_nyc,1612.0
2023-03-30,wiki_nyc,1679.0
2023-03-31,wiki_nyc,1799.0
2023-04-01,wiki_nyc,1342.0
2023-04-02,wiki_nyc,1352.0
2023-04-03,wiki_nyc,1583.0
2023-04-04,wiki_nyc,1808.0
2023-04-05,wiki_nyc,1867.0
2023-04-06,wiki_nyc,1586.0
2023-04-07,wiki_nyc,1478.0
2023-04-08,wiki_nyc,1495.0
2023-04-09,wiki_nyc,1384.0
2023-04-10,wiki_nyc,1607.0
2023-04-11,wiki_nyc,1686.0
2023-04-12,wiki_nyc,1654.0
2023-04-13,wiki_nyc,1545.0
2023-04-14,wiki_nyc,1764.0
2023-04-15,wiki_nyc,1438.0
2023-04-16,wiki_nyc,1389.0
2023-04-17,wiki_nyc,1925.0
2023-04-18,wiki_nyc,2025.0
2023-04-19,wiki_nyc,1780.0
2023-04-20,wiki_nyc,1740.0
2023-04-21,wiki_nyc,1609.0
2023-04-22,wiki_nyc,1556.0
2023-04-23,wiki_nyc,1579.0
2023-04-24,wiki_nyc,1884.0
2023-04-25,wiki_nyc,1966.0
2023-04-26,wiki_nyc,1829.0
2023-04-27,wiki_nyc,2102.0
2023-04-28,wiki_nyc,1624.0
2023-04-29,wiki_nyc,1405.0
2023-04-30,wiki_nyc,1570.0
2023-05-01,wiki_nyc,1715.0
2023-05-02,wiki_nyc,1719.0
2023-05-03,wiki_nyc,2028.0
2023-05-04,wiki_nyc,3197.0
2023-05-05,wiki_nyc,3071.0
2023-05-06,wiki_nyc,2142.0
2023-05-07,wiki_nyc,1884.0
2023-05-08,wiki_nyc,1857.0
2023-05-09,wiki_nyc,2016.0
2023-05-10,wiki_nyc,1797.0
2023-05-11,wiki_nyc,1659.0
2023-05-12,wiki_nyc,1994.0
2023-05-13,wiki_nyc,1542.0
2023-05-14,wiki_nyc,1470.0
2023-05-15,wiki_nyc,1588.0
2023-05-16,wiki_nyc,1705.0
2023-05-17,wiki_nyc,1517.0
2023-05-18,wiki_nyc,1855.0
2023-05-19,wiki_nyc,7171.0
2023-05-20,wiki_nyc,3535.0
2023-05-21,wiki_nyc,2341.0
2023-05-22,wiki_nyc,2323.0
2023-05-23,wiki_nyc,1848.0
2023-05-24,wiki_nyc,1830.0
2023-05-25,wiki_nyc,1660.0
2023-05-26,wiki_nyc,1634.0
2023-05-27,wiki_nyc,1391.0
2023-05-28,wiki_nyc,1344.0
2023-05-29,wiki_nyc,1434.0
2023-05-30,wiki_nyc,1402.0
2023-05-31,wiki_nyc,1450.0
2023-06-01,wiki_nyc,1390.0
2023-06-02,wiki_nyc,1246.0
2023-06-03,wiki_nyc,1221.0
2023-06-04,wiki_nyc,1318.0
2023-06-05,wiki_nyc,1455.0
2023-06-06,wiki_nyc,1356.0
2023-06-07,wiki_nyc,1442.0
2023-06-08,wiki_nyc,1521.0
2023-06-09,wiki_nyc,1624.0
2023-06-10,wiki_nyc,1741.0
2023-06-11,wiki_nyc,3111.0
2023-06-12,wiki_nyc,2072.0
2023-06-13,wiki_nyc,2018.0
2023-06-14,wiki_nyc,2252.0
2023-06-15,wiki_nyc,1898.0
2023-06-16,wiki_nyc,1582.0
2023-06-17,wiki_nyc,1417.0
2023-06-18,wiki_nyc,1463.0
2023-06-19,wiki_nyc,1714.0
2023-06-20,wiki_nyc,1856.0
2023-06-21,wiki_nyc,1564.0
2023-06-22,wiki_nyc,1318.0
2023-06-23,wiki_nyc,1346.0
2023-06-24,wiki_nyc,1246.0
2023-06-25,wiki_nyc,1328.0
2023-06-26,wiki_nyc,1422.0
2023-06-27,wiki_nyc,1333.0
2023-06-28,wiki_nyc,1385.0
2023-06-29,wiki_nyc,1423.0
2023-06-30,wiki_nyc,1330.0
2023-07-01,wiki_nyc,1287.0
2023-07-02,wiki_nyc,1373.0
2023-07-03,wiki_nyc,1388.0
2023-07-04,wiki_nyc,1359.0
2023-07-05,wiki_nyc,1311.0
2023-07-06,wiki_nyc,1388.0
2023-07-07,wiki_nyc,1241.0
2023-07-08,wiki_nyc,1240.0
2023-07-09,wiki_nyc,1351.0
2023-07-10,wiki_nyc,1514.0
2023-07-11,wiki_nyc,1439.0
2023-07-12,wiki_nyc,1312.0
2023-07-13,wiki_nyc,1305.0
2023-07-14,wiki_nyc,1242.0
2023-07-15,wiki_nyc,1223.0
2023-07-16,wiki_nyc,1376.0
2023-07-17,wiki_nyc,1588.0
2023-07-18,wiki_nyc,1550.0
2023-07-19,wiki_nyc,1475.0
2023-07-20,wiki_nyc,1315.0
2023-07-21,wiki_nyc,1420.0
2023-07-22,wiki_nyc,1369.0
2023-07-23,wiki_nyc,1366.0
2023-07-24,wiki_nyc,1435.0
2023-07-25,wiki_nyc,1379.0
2023-07-26,wiki_nyc,1300.0
2023-07-27,wiki_nyc,1261.0
2023-07-28,wiki_nyc,1189.0
2023-07-29,wiki_nyc,1120.0
2023-07-30,wiki_nyc,1185.0
2023-07-31,wiki_nyc,1260.0
2023-08-01,wiki_nyc,1272.0
2023-08-02,wiki_nyc,1332.0
2023-08-03,wiki_nyc,1299.0
2023-08-04,wiki_nyc,1152.0
2023-08-05,wiki_nyc,1148.0
2023-08-06,wiki_nyc,1384.0
2023-08-07,wiki_nyc,1449.0
2023-08-08,wiki_nyc,1425.0
2023-08-09,wiki_nyc,1433.0
2023-08-10,wiki_nyc,1269.0
2023-08-11,wiki_nyc,1376.0
2023-08-12,wiki_nyc,1293.0
2023-08-13,wiki_nyc,1403.0
2023-08-14,wiki_nyc,1461.0
2023-08-15,wiki_nyc,1290.0
2023-08-16,wiki_nyc,1447.0
2023-08-17,wiki_nyc,1461.0
2023-08-18,wiki_nyc,1308.0
2023-08-19,wiki_nyc,1330.0
2023-08-20,wiki_nyc,2671.0
2023-08-21,wiki_nyc,1525.0
2023-08-22,wiki_nyc,1439.0
2023-08-23,wiki_nyc,1440.0
2023-08-24,wiki_nyc,1453.0
2023-08-25,wiki_nyc,1393.0
2023-08-26,wiki_nyc,1241.0
2023-08-27,wiki_nyc,1325.0
2023-08-28,wiki_nyc,2678.0
2023-08-29,wiki_nyc,1438.0
2023-08-30,wiki_nyc,1356.0
2023-08-31,wiki_nyc,1339.0
2023-09-01,wiki_nyc,1323.0
2023-09-02,wiki_nyc,1351.0
2023-09-03,wiki_nyc,1464.0
2023-09-04,wiki_nyc,1458.0
2023-09-05,wiki_nyc,1630.0
2023-09-06,wiki_nyc,1413.0
2023-09-07,wiki_nyc,1469.0
2023-09-08,wiki_nyc,1625.0
2023-09-09,wiki_nyc,1530.0
2023-09-10,wiki_nyc,1510.0
2023-09-11,wiki_nyc,1834.0
2023-09-12,wiki_nyc,1638.0
2023-09-13,wiki_nyc,1862.0
2023-09-14,wiki_nyc,1566.0
2023-09-15,wiki_nyc,1375.0
2023-09-16,wiki_nyc,1354.0
2023-09-17,wiki_nyc,1299.0
2023-09-18,wiki_nyc,1589.0
2023-09-19,wiki_nyc,1425.0
2023-09-20,wiki_nyc,1345.0
2023-09-21,wiki_nyc,1326.0
2023-09-22,wiki_nyc,1429.0
2023-09-23,wiki_nyc,1329.0
2023-09-24,wiki_nyc,1281.0
2023-09-25,wiki_nyc,1490.0
2023-09-26,wiki_nyc,1535.0
2023-09-27,wiki_nyc,1435.0
2023-09-28,wiki_nyc,1492.0
2023-09-29,wiki_nyc,1361.0
2023-09-30,wiki_nyc,1181.0
2023-10-01,wiki_nyc,1286.0
2023-10-02,wiki_nyc,1514.0
2023-10-03,wiki_nyc,1466.0
2023-10-04,wiki_nyc,1584.0
2023-10-05,wiki_nyc,1452.0
2023-10-06,wiki_nyc,1392.0
2023-10-07,wiki_nyc,1200.0
2023-10-08,wiki_nyc,1182.0
2023-10-09,wiki_nyc,1315.0
2023-10-10,wiki_nyc,1438.0
2023-10-11,wiki_nyc,1307.0
2023-10-12,wiki_nyc,1299.0
2023-10-13,wiki_nyc,1285.0
2023-10-14,wiki_nyc,1163.0
2023-10-15,wiki_nyc,1184.0
2023-10-16,wiki_nyc,1374.0
2023-10-17,wiki_nyc,1283.0
2023-10-18,wiki_nyc,1432.0
2023-10-19,wiki_nyc,1341.0
2023-10-20,wiki_nyc,1295.0
2023-10-21,wiki_nyc,1136.0
2023-10-22,wiki_nyc,1252.0
2023-10-23,wiki_nyc,1492.0
2023-10-24,wiki_nyc,1469.0
2023-10-25,wiki_nyc,1474.0
2023-10-26,wiki_nyc,1519.0
2023-10-27,wiki_nyc,1448.0
2023-10-28,wiki_nyc,1265.0
2023-10-29,wiki_nyc,1230.0
2023-10-30,wiki_nyc,1564.0
2023-10-31,wiki_nyc,1421.0
2023-11-01,wiki_nyc,1660.0
2023-11-02,wiki_nyc,1550.0
2023-11-03,wiki_nyc,1367.0
2023-11-04,wiki_nyc,1218.0
2023-11-05,wiki_nyc,1327.0
2023-11-06,wiki_nyc,1568.0
2023-11-07,wiki_nyc,5948.0
2023-11-08,wiki_nyc,1678.0
2023-11-09,wiki_nyc,1558.0
2023-11-10,wiki_nyc,1371.0
2023-11-11,wiki_nyc,1564.0
2023-11-12,wiki_nyc,1402.0
2023-11-13,wiki_nyc,1542.0
2023-11-14,wiki_nyc,1517.0
2023-11-15,wiki_nyc,1699.0
2023-11-16,wiki_nyc,1562.0
2023-11-17,wiki_nyc,1433.0
2023-11-18,wiki_nyc,1209.0
2023-11-19,wiki_nyc,1256.0
2023-11-20,wiki_nyc,1576.0
2023-11-21,wiki_nyc,1461.0
2023-11-22,wiki_nyc,1459.0
2023-11-23,wiki_nyc,1214.0
2023-11-24,wiki_nyc,1097.0
2023-11-25,wiki_nyc,2623.0
2023-11-26,wiki_nyc,2277.0
2023-11-27,wiki_nyc,1923.0
2023-11-28,wiki_nyc,1677.0
2023-11-29,wiki_nyc,1455.0
2023-11-30,wiki_nyc,1652.0
2023-12-01,wiki_nyc,1472.0
2023-12-02,wiki_nyc,1911.0
2023-12-03,wiki_nyc,1386.0
2023-12-04,wiki_nyc,2674.0
2023-12-05,wiki_nyc,1798.0
2023-12-06,wiki_nyc,1699.0
2023-12-07,wiki_nyc,1790.0
2023-12-08,wiki_nyc,1525.0
2023-12-09,wiki_nyc,1227.0
2023-12-10,wiki_nyc,1207.0
2023-12-11,wiki_nyc,1558.0
2023-12-12,wiki_nyc,1373.0
2023-12-13,wiki_nyc,1513.0
2023-12-14,wiki_nyc,1446.0
2023-12-15,wiki_nyc,1352.0
2023-12-16,wiki_nyc,1272.0
2023-12-17,wiki_nyc,1152.0
2023-12-18,wiki_nyc,1299.0
2023-12-19,wiki_nyc,1227.0
2023-12-20,wiki_nyc,1215.0
2023-12-21,wiki_nyc,1298.0
2023-12-22,wiki_nyc,1272.0
2023-12-23,wiki_nyc,1256.0
2023-12-24,wiki_nyc,1926.0
2023-12-25,wiki_nyc,1089.0
2023-12-26,wiki_nyc,1409.0
2023-12-27,wiki_nyc,1256.0
2023-12-28,wiki_nyc,1293.0
2023-12-29,wiki_nyc,1386.0
2023-12-30,wiki_nyc,1444.0
2023-12-31,wiki_nyc,1550.0
2024-01-01,wiki_nyc,1225.0
2024-01-02,wiki_nyc,1395.0
2024-01-03,wiki_nyc,1332.0
2024-01-04,wiki_nyc,1412.0
2024-01-05,wiki_nyc,1506.0
2024-01-06,wiki_nyc,1295.0
2024-01-07,wiki_nyc,1356.0
2024-01-08,wiki_nyc,1414.0
2024-01-09,wiki_nyc,1315.0
2024-01-10,wiki_nyc,1459.0
2024-01-11,wiki_nyc,1556.0
2024-01-12,wiki_nyc,1382.0
2024-01-13,wiki_nyc,1337.0
2024-01-14,wiki_nyc,1369.0
2024-01-15,wiki_nyc,1478.0
2024-01-16,wiki_nyc,1472.0
2024-01-17,wiki_nyc,1537.0
2024-01-18,wiki_nyc,1540.0
2024-01-19,wiki_nyc,1555.0
2024-01-20,wiki_nyc,1226.0
2024-01-21,wiki_nyc,1411.0
2024-01-22,wiki_nyc,1587.0
2024-01-23,wiki_nyc,1525.0
2024-01-24,wiki_nyc,1628.0
2024-01-25,wiki_nyc,1795.0
2024-01-26,wiki_nyc,1590.0
2024-01-27,wiki_nyc,1252.0
2024-01-28,wiki_nyc,1463.0
2024-01-29,wiki_nyc,1652.0
2024-01-30,wiki_nyc,1755.0
2024-01-31,wiki_nyc,1494.0
2024-02-01,wiki_nyc,1779.0
2024-02-02,wiki_nyc,2024.0
2024-02-03,wiki_nyc,2630.0
2024-02-04,wiki_nyc,19244.0
2024-02-05,wiki_nyc,3768.0
2024-02-06,wiki_nyc,2104.0
2024-02-07,wiki_nyc,1856.0
2024-02-08,wiki_nyc,1873.0
2024-02-09,wiki_nyc,1640.0
2024-02-10,wiki_nyc,1294.0
2024-02-11,wiki_nyc,1883.0
2024-02-12,wiki_nyc,1666.0
2024-02-13,wiki_nyc,1697.0
2024-02-14,wiki_nyc,1948.0
2024-02-15,wiki_nyc,1972.0
2024-02-16,wiki_nyc,1676.0
2024-02-17,wiki_nyc,1631.0
2024-02-18,wiki_nyc,1755.0
2024-02-19,wiki_nyc,1685.0
2024-02-20,wiki_nyc,1739.0
2024-02-21,wiki_nyc,1822.0
2024-02-22,wiki_nyc,1679.0
2024-02-23,wiki_nyc,1474.0
2024-02-24,wiki_nyc,1343.0
2024-02-25,wiki_nyc,1489.0
2024-02-26,wiki_nyc,1803.0
2024-02-27,wiki_nyc,1826.0
2024-02-28,wiki_nyc,1863.0
2024-02-29,wiki_nyc,1621.0
2024-03-01,wiki_nyc,1444.0
2024-03-02,wiki_nyc,1234.0
2024-03-03,wiki_nyc,1266.0
2024-03-04,wiki_nyc,1681.0
2024-03-05,wiki_nyc,1667.0
2024-03-06,wiki_nyc,1579.0
2024-03-07,wiki_nyc,1697.0
2024-03-08,wiki_nyc,1385.0
2024-03-09,wiki_nyc,1281.0
2024-03-10,wiki_nyc,1407.0
2024-03-11,wiki_nyc,1433.0
2024-03-12,wiki_nyc,1586.0
2024-03-13,wiki_nyc,1543.0
2024-03-14,wiki_nyc,1560.0
2024-03-15,wiki_nyc,1464.0
2024-03-16,wiki_nyc,1289.0
2024-03-17,wiki_nyc,1545.0
2024-03-18,wiki_nyc,1806.0
2024-03-19,wiki_nyc,1617.0
2024-03-20,wiki_nyc,1641.0
2024-03-21,wiki_nyc,1749.0
2024-03-22,wiki_nyc,1669.0
2024-03-23,wiki_nyc,1483.0
2024-03-24,wiki_nyc,1511.0
2024-03-25,wiki_nyc,1671.0
2024-03-26,wiki_nyc,1759.0
2024-03-27,wiki_nyc,1680.0
2024-03-28,wiki_nyc,1596.0
2024-03-29,wiki_nyc,1474.0
2024-03-30,wiki_nyc,1537.0
2024-03-31,wiki_nyc,1452.0
2024-04-01,wiki_nyc,1642.0
2024-04-02,wiki_nyc,1705.0
2024-04-03,wiki_nyc,1614.0
2024-04-04,wiki_nyc,1773.0
2024-04-05,wiki_nyc,1539.0
2024-04-06,wiki_nyc,1344.0
2024-04-07,wiki_nyc,1400.0
2024-04-08,wiki_nyc,1815.0
2024-04-09,wiki_nyc,1634.0
2024-04-10,wiki_nyc,1666.0
2024-04-11,wiki_nyc,1929.0
2024-04-12,wiki_nyc,1803.0
2024-04-13,wiki_nyc,1438.0
2024-04-14,wiki_nyc,1393.0
2024-04-15,wiki_nyc,1776.0
2024-04-16,wiki_nyc,1857.0
2024-04-17,wiki_nyc,2135.0
2024-04-18,wiki_nyc,2087.0
2024-04-19,wiki_nyc,1963.0
2024-04-20,wiki_nyc,1374.0
2024-04-21,wiki_nyc,1463.0
2024-04-22,wiki_nyc,1719.0
2024-04-23,wiki_nyc,1614.0
2024-04-24,wiki_nyc,1661.0
2024-04-25,wiki_nyc,1650.0
2024-04-26,wiki_nyc,1459.0
2024-04-27,wiki_nyc,1302.0
2024-04-28,wiki_nyc,1301.0
2024-04-29,wiki_nyc,1496.0
2024-04-30,wiki_nyc,1613.0
2024-05-01,wiki_nyc,1801.0
2024-05-02,wiki_nyc,1598.0
2024-05-03,wiki_nyc,1622.0
2024-05-04,wiki_nyc,1297.0
2024-05-05,wiki_nyc,1366.0
2024-05-06,wiki_nyc,1495.0
2024-05-07,wiki_nyc,1426.0
2024-05-08,wiki_nyc,1459.0
2024-05-09,wiki_nyc,1450.0
2024-05-10,wiki_nyc,1410.0
2024-05-11,wiki_nyc,1304.0
2024-05-12,wiki_nyc,1227.0
2024-05-13,wiki_nyc,1372.0
2024-05-14,wiki_nyc,1491.0
2024-05-15,wiki_nyc,1384.0
2024-05-16,wiki_nyc,1462.0
2024-05-17,wiki_nyc,1393.0
2024-05-18,wiki_nyc,1376.0
2024-05-19,wiki_nyc,1282.0
2024-05-20,wiki_nyc,1489.0
2024-05-21,wiki_nyc,1570.0
2024-05-22,wiki_nyc,1694.0
2024-05-23,wiki_nyc,1567.0
2024-05-24,wiki_nyc,1487.0
2024-05-25,wiki_nyc,1589.0
2024-05-26,wiki_nyc,1588.0
2024-05-27,wiki_nyc,1415.0
2024-05-28,wiki_nyc,1380.0
2024-05-29,wiki_nyc,1479.0
2024-05-30,wiki_nyc,1509.0
2024-05-31,wiki_nyc,1690.0
2024-06-01,wiki_nyc,1391.0
2024-06-02,wiki_nyc,1452.0
2024-06-03,wiki_nyc,1561.0
2024-06-04,wiki_nyc,1405.0
2024-06-05,wiki_nyc,1412.0
2024-06-06,wiki_nyc,1351.0
2024-06-07,wiki_nyc,1304.0
2024-06-08,wiki_nyc,1076.0
2024-06-09,wiki_nyc,1408.0
2024-06-10,wiki_nyc,1182.0
2024-06-11,wiki_nyc,1429.0
2024-06-12,wiki_nyc,1381.0
2024-06-13,wiki_nyc,1233.0
2024-06-14,wiki_nyc,1083.0
2024-06-15,wiki_nyc,1041.0
2024-06-16,wiki_nyc,1209.0
2024-06-17,wiki_nyc,1262.0
2024-06-18,wiki_nyc,1231.0
2024-06-19,wiki_nyc,1356.0
2024-06-20,wiki_nyc,1321.0
2024-06-21,wiki_nyc,1045.0
2024-06-22,wiki_nyc,1066.0
2024-06-23,wiki_nyc,1203.0
2024-06-24,wiki_nyc,1241.0
2024-06-25,wiki_nyc,1143.0
2024-06-26,wiki_nyc,1256.0
2024-06-27,wiki_nyc,1142.0
2024-06-28,wiki_nyc,1135.0
2024-06-29,wiki_nyc,1180.0
2024-06-30,wiki_nyc,1094.0
2024-07-01,wiki_nyc,1180.0
2024-07-02,wiki_nyc,1699.0
2024-07-03,wiki_nyc,1558.0
2024-07-04,wiki_nyc,1261.0
2024-07-05,wiki_nyc,1184.0
2024-07-06,wiki_nyc,1234.0
2024-07-07,wiki_nyc,1381.0
2024-07-08,wiki_nyc,1328.0
2024-07-09,wiki_nyc,2024.0
2024-07-10,wiki_nyc,1990.0
2024-07-11,wiki_nyc,1613.0
2024-07-12,wiki_nyc,1379.0
2024-07-13,wiki_nyc,1595.0
2024-07-14,wiki_nyc,1437.0
2024-07-15,wiki_nyc,1315.0
2024-07-16,wiki_nyc,1612.0
2024-07-17,wiki_nyc,4910.0
2024-07-18,wiki_nyc,3194.0
2024-07-19,wiki_nyc,1724.0
2024-07-20,wiki_nyc,1704.0
2024-07-21,wiki_nyc,1314.0
2024-07-22,wiki_nyc,1378.0
2024-07-23,wiki_nyc,1876.0
2024-07-24,wiki_nyc,4235.0
2024-07-25,wiki_nyc,3536.0
2024-07-26,wiki_nyc,2190.0
2024-07-27,wiki_nyc,1665.0
2024-07-28,wiki_nyc,1569.0
2024-07-29,wiki_nyc,1662.0
2024-07-30,wiki_nyc,1970.0
2024-07-31,wiki_nyc,1941.0
2024-08-01,wiki_nyc,1553.0
2024-08-02,wiki_nyc,1355.0
2024-08-03,wiki_nyc,1277.0
2024-08-04,wiki_nyc,1286.0
2024-08-05,wiki_nyc,1342.0
2024-08-06,wiki_nyc,1499.0
2024-08-07,wiki_nyc,1469.0
2024-08-08,wiki_nyc,1424.0
2024-08-09,wiki_nyc,1553.0
2024-08-10,wiki_nyc,1379.0
2024-08-11,wiki_nyc,1374.0
2024-08-12,wiki_nyc,1375.0
2024-08-13,wiki_nyc,1378.0
2024-08-14,wiki_nyc,1333.0
2024-08-15,wiki_nyc,1250.0
2024-08-16,wiki_nyc,1163.0
2024-08-17,wiki_nyc,1138.0
2024-08-18,wiki_nyc,1426.0
2024-08-19,wiki_nyc,1385.0
2024-08-20,wiki_nyc,1312.0
2024-08-21,wiki_nyc,1271.0
2024-08-22,wiki_nyc,1316.0
2024-08-23,wiki_nyc,1239.0
2024-08-24,wiki_nyc,1245.0
2024-08-25,wiki_nyc,1368.0
2024-08-26,wiki_nyc,1432.0
2024-08-27,wiki_nyc,1345.0
2024-08-28,wiki_nyc,1484.0
2024-08-29,wiki_nyc,1465.0
2024-08-30,wiki_nyc,1359.0
2024-08-31,wiki_nyc,1578.0
2024-09-01,wiki_nyc,1078.0
2024-09-02,wiki_nyc,1222.0
2024-09-03,wiki_nyc,1196.0
2024-09-04,wiki_nyc,1154.0
2024-09-05,wiki_nyc,1254.0
2024-09-06,wiki_nyc,2280.0
2024-09-07,wiki_nyc,1813.0
2024-09-08,wiki_nyc,1432.0
2024-09-09,wiki_nyc,1327.0
2024-09-10,wiki_nyc,1490.0
2024-09-11,wiki_nyc,1466.0
2024-09-12,wiki_nyc,1475.0
2024-09-13,wiki_nyc,1341.0
2024-09-14,wiki_nyc,1330.0
2024-09-15,wiki_nyc,1410.0
2024-09-16,wiki_nyc,1621.0
2024-09-17,wiki_nyc,2303.0
2024-09-18,wiki_nyc,3208.0
2024-09-19,wiki_nyc,1627.0
2024-09-20,wiki_nyc,1319.0
2024-09-21,wiki_nyc,1448.0
2024-09-22,wiki_nyc,1393.0
2024-09-23,wiki_nyc,1442.0
2024-09-24,wiki_nyc,1509.0
2024-09-25,wiki_nyc,1523.0
2024-09-26,wiki_nyc,1810.0
2024-09-27,wiki_nyc,1450.0
2024-09-28,wiki_nyc,1234.0
2024-09-29,wiki_nyc,1483.0
2024-09-30,wiki_nyc,1592.0
2024-10-01,wiki_nyc,1472.0
2024-10-02,wiki_nyc,1361.0
2024-10-03,wiki_nyc,1648.0
2024-10-04,wiki_nyc,1405.0
2024-10-05,wiki_nyc,1049.0
2024-10-06,wiki_nyc,1369.0
2024-10-07,wiki_nyc,1466.0
2024-10-08,wiki_nyc,1392.0
2024-10-09,wiki_nyc,1409.0
2024-10-10,wiki_nyc,1334.0
2024-10-11,wiki_nyc,1498.0
2024-10-12,wiki_nyc,1148.0
2024-10-13,wiki_nyc,1321.0
2024-10-14,wiki_nyc,1360.0
2024-10-15,wiki_nyc,1417.0
2024-10-16,wiki_nyc,1465.0
2024-10-17,wiki_nyc,1479.0
2024-10-18,wiki_nyc,1244.0
2024-10-19,wiki_nyc,1135.0
2024-10-20,wiki_nyc,1188.0
2024-10-21,wiki_nyc,1529.0
2024-10-22,wiki_nyc,1574.0
2024-10-23,wiki_nyc,1496.0
2024-10-24,wiki_nyc,1397.0
2024-10-25,wiki_nyc,1320.0
2024-10-26,wiki_nyc,1152.0
2024-10-27,wiki_nyc,1188.0
2024-10-28,wiki_nyc,1348.0
2024-10-29,wiki_nyc,1414.0
2024-10-30,wiki_nyc,1453.0
2024-10-31,wiki_nyc,1274.0
2024-11-01,wiki_nyc,1156.0
2024-11-02,wiki_nyc,1157.0
2024-11-03,wiki_nyc,1433.0
2024-11-04,wiki_nyc,1433.0
2024-11-05,wiki_nyc,1342.0
2024-11-06,wiki_nyc,1307.0
2024-11-07,wiki_nyc,1566.0
2024-11-08,wiki_nyc,1940.0
2024-11-09,wiki_nyc,1733.0
2024-11-10,wiki_nyc,1351.0
2024-11-11,wiki_nyc,1413.0
2024-11-12,wiki_nyc,1468.0
2024-11-13,wiki_nyc,1400.0
2024-11-14,wiki_nyc,1339.0
2024-11-15,wiki_nyc,1277.0
2024-11-16,wiki_nyc,1091.0
2024-11-17,wiki_nyc,1076.0
2024-11-18,wiki_nyc,1363.0
2024-11-19,wiki_nyc,1434.0
2024-11-20,wiki_nyc,1350.0
2024-11-21,wiki_nyc,1419.0
2024-11-22,wiki_nyc,1330.0
2024-11-23,wiki_nyc,1226.0
2024-11-24,wiki_nyc,1436.0
2024-11-25,wiki_nyc,2305.0
2024-11-26,wiki_nyc,2477.0
2024-11-27,wiki_nyc,2093.0
2024-11-28,wiki_nyc,6834.0
2024-11-29,wiki_nyc,2982.0
2024-11-30,wiki_nyc,2066.0
2024-12-01,wiki_nyc,1578.0
2024-12-02,wiki_nyc,1649.0
2024-12-03,wiki_nyc,1682.0
2024-12-04,wiki_nyc,1658.0
2024-12-05,wiki_nyc,1687.0
2024-12-06,wiki_nyc,1625.0
2024-12-07,wiki_nyc,1537.0
2024-12-08,wiki_nyc,2144.0
2024-12-09,wiki_nyc,4770.0
2024-12-10,wiki_nyc,2785.0
2024-12-11,wiki_nyc,2251.0
2024-12-12,wiki_nyc,1848.0
2024-12-13,wiki_nyc,1505.0
2024-12-14,wiki_nyc,1323.0
2024-12-15,wiki_nyc,1584.0
2024-12-16,wiki_nyc,1605.0
2024-12-17,wiki_nyc,1667.0
2024-12-18,wiki_nyc,1634.0
2024-12-19,wiki_nyc,1398.0
2024-12-20,wiki_nyc,1521.0
2024-12-21,wiki_nyc,1354.0
2024-12-22,wiki_nyc,1386.0
2024-12-23,wiki_nyc,1409.0
2024-12-24,wiki_nyc,1326.0
2024-12-25,wiki_nyc,1312.0
2024-12-26,wiki_nyc,1344.0
2024-12-27,wiki_nyc,1401.0
2024-12-28,wiki_nyc,1369.0
2024-12-29,wiki_nyc,1399.0
2024-12-30,wiki_nyc,2326.0
2024-12-31,wiki_nyc,1305.0
2015-07-01,wiki_nys,2095.0
2015-07-02,wiki_nys,2318.0
2015-07-03,wiki_nys,1931.0
2015-07-04,wiki_nys,1743.0
2015-07-05,wiki_nys,1846.0
2015-07-06,wiki_nys,2078.0
2015-07-07,wiki_nys,2154.0
2015-07-08,wiki_nys,2484.0
2015-07-09,wiki_nys,2228.0
2015-07-10,wiki_nys,2197.0
2015-07-11,wiki_nys,1789.0
2015-07-12,wiki_nys,2252.0
2015-07-13,wiki_nys,12095.0
2015-07-14,wiki_nys,19982.0
2015-07-15,wiki_nys,7272.0
2015-07-16,wiki_nys,3974.0
2015-07-17,wiki_nys,10140.0
2015-07-18,wiki_nys,7536.0
2015-07-19,wiki_nys,4427.0
2015-07-20,wiki_nys,3586.0
2015-07-21,wiki_nys,3165.0
2015-07-22,wiki_nys,5447.0
2015-07-23,wiki_nys,8122.0
2015-07-24,wiki_nys,7873.0
2015-07-25,wiki_nys,4441.0
2015-07-26,wiki_nys,4238.0
2015-07-27,wiki_nys,4551.0
2015-07-28,wiki_nys,3978.0
2015-07-29,wiki_nys,3841.0
2015-07-30,wiki_nys,4817.0
2015-07-31,wiki_nys,3552.0
2015-08-01,wiki_nys,2598.0
2015-08-02,wiki_nys,2488.0
2015-08-03,wiki_nys,2370.0
2015-08-04,wiki_nys,2629.0
2015-08-05,wiki_nys,2699.0
2015-08-06,wiki_nys,2701.0
2015-08-07,wiki_nys,3724.0
2015-08-08,wiki_nys,10202.0
2015-08-09,wiki_nys,23185.0
2015-08-10,wiki_nys,28128.0
2015-08-11,wiki_nys,18306.0
2015-08-12,wiki_nys,10958.0
2015-08-13,wiki_nys,7684.0
2015-08-14,wiki_nys,6532.0
2015-08-15,wiki_nys,3319.0
2015-08-16,wiki_nys,3147.0
2015-08-17,wiki_nys,3024.0
2015-08-18,wiki_nys,3079.0
2015-08-19,wiki_nys,2950.0
2015-08-20,wiki_nys,3966.0
2015-08-21,wiki_nys,2414.0
2015-08-22,wiki_nys,1968.0
2015-08-23,wiki_nys,2168.0
2015-08-24,wiki_nys,2470.0
2015-08-25,wiki_nys,2374.0
2015-08-26,wiki_nys,2657.0
2015-08-27,wiki_nys,2708.0
2015-08-28,wiki_nys,2402.0
2015-08-29,wiki_nys,2595.0
2015-08-30,wiki_nys,2408.0
2015-08-31,wiki_nys,2884.0
2015-09-01,wiki_nys,3057.0
2015-09-02,wiki_nys,3291.0
2015-09-03,wiki_nys,2931.0
2015-09-04,wiki_nys,2661.0
2015-09-05,wiki_nys,2374.0
2015-09-06,wiki_nys,2193.0
2015-09-07,wiki_nys,2301.0
2015-09-08,wiki_nys,2956.0
2015-09-09,wiki_nys,3235.0
2015-09-10,wiki_nys,4260.0
2015-09-11,wiki_nys,3222.0
2015-09-12,wiki_nys,3494.0
2015-09-13,wiki_nys,3135.0
2015-09-14,wiki_nys,3135.0
2015-09-15,wiki_nys,4061.0
2015-09-16,wiki_nys,3217.0
2015-09-17,wiki_nys,2994.0
2015-09-18,wiki_nys,2773.0
2015-09-19,wiki_nys,2654.0
2015-09-20,wiki_nys,3571.0
2015-09-21,wiki_nys,3466.0
2015-09-22,wiki_nys,2963.0
2015-09-23,wiki_nys,2862.0
2015-09-24,wiki_nys,2720.0
2015-09-25,wiki_nys,2441.0
2015-09-26,wiki_nys,1904.0
2015-09-27,wiki_nys,1942.0
2015-09-28,wiki_nys,2543.0
2015-09-29,wiki_nys,2696.0
2015-09-30,wiki_nys,2584.0
2015-10-01,wiki_nys,2285.0
2015-10-02,wiki_nys,2127.0
2015-10-03,wiki_nys,1946.0
2015-10-04,wiki_nys,2428.0
2015-10-05,wiki_nys,2416.0
2015-10-06,wiki_nys,2533.0
2015-10-07,wiki_nys,2379.0
2015-10-08,wiki_nys,2604.0
2015-10-09,wiki_nys,2263.0
2015-10-10,wiki_nys,1726.0
2015-10-11,wiki_nys,2220.0
2015-10-12,wiki_nys,2491.0
2015-10-13,wiki_nys,2339.0
2015-10-14,wiki_nys,2433.0
2015-10-15,wiki_nys,2644.0
2015-10-16,wiki_nys,2404.0
2015-10-17,wiki_nys,2013.0
2015-10-18,wiki_nys,1911.0
2015-10-19,wiki_nys,2466.0
2015-10-20,wiki_nys,2464.0
2015-10-21,wiki_nys,2712.0
2015-10-22,wiki_nys,2547.0
2015-10-23,wiki_nys,2382.0
2015-10-24,wiki_nys,2137.0
2015-10-25,wiki_nys,2316.0
2015-10-26,wiki_nys,2853.0
2015-10-27,wiki_nys,3171.0
2015-10-28,wiki_nys,3531.0
2015-10-29,wiki_nys,3267.0
2015-10-30,wiki_nys,2881.0
2015-10-31,wiki_nys,1970.0
2015-11-01,wiki_nys,2223.0
2015-11-02,wiki_nys,3093.0
2015-11-03,wiki_nys,3612.0
2015-11-04,wiki_nys,3485.0
2015-11-05,wiki_nys,3121.0
2015-11-06,wiki_nys,2775.0
2015-11-07,wiki_nys,2539.0
2015-11-08,wiki_nys,2347.0
2015-11-09,wiki_nys,2795.0
2015-11-10,wiki_nys,2661.0
2015-11-11,wiki_nys,2522.0
2015-11-12,wiki_nys,2711.0
2015-11-13,wiki_nys,2547.0
2015-11-14,wiki_nys,1759.0
2015-11-15,wiki_nys,2092.0
2015-11-16,wiki_nys,3104.0
2015-11-17,wiki_nys,3355.0
2015-11-18,wiki_nys,3236.0
2015-11-19,wiki_nys,3394.0
2015-11-20,wiki_nys,2792.0
2015-11-21,wiki_nys,5378.0
2015-11-22,wiki_nys,2324.0
2015-11-23,wiki_nys,3425.0
2015-11-24,wiki_nys,3187.0
2015-11-25,wiki_nys,5239.0
2015-11-26,wiki_nys,4113.0
2015-11-27,wiki_nys,3229.0
2015-11-28,wiki_nys,3626.0
2015-11-29,wiki_nys,3478.0
2015-11-30,wiki_nys,3728.0
2015-12-01,wiki_nys,4477.0
2015-12-02,wiki_nys,4713.0
2015-12-03,wiki_nys,4012.0
2015-12-04,wiki_nys,3809.0
2015-12-05,wiki_nys,2767.0
2015-12-06,wiki_nys,3195.0
2015-12-07,wiki_nys,3676.0
2015-12-08,wiki_nys,3438.0
2015-12-09,wiki_nys,3025.0
2015-12-10,wiki_nys,3036.0
2015-12-11,wiki_nys,2636.0
2015-12-12,wiki_nys,2235.0
2015-12-13,wiki_nys,1979.0
2015-12-14,wiki_nys,2868.0
2015-12-15,wiki_nys,2464.0
2015-12-16,wiki_nys,2646.0
2015-12-17,wiki_nys,5594.0
2015-12-18,wiki_nys,3155.0
2015-12-19,wiki_nys,1805.0
2015-12-20,wiki_nys,2056.0
2015-12-21,wiki_nys,2118.0
2015-12-22,wiki_nys,2033.0
2015-12-23,wiki_nys,1779.0
2015-12-24,wiki_nys,1493.0
2015-12-25,wiki_nys,1553.0
2015-12-26,wiki_nys,1476.0
2015-12-27,wiki_nys,1551.0
2015-12-28,wiki_nys,2776.0
2015-12-29,wiki_nys,4501.0
2015-12-30,wiki_nys,3673.0
2015-12-31,wiki_nys,2824.0
2016-01-01,wiki_nys,3428.0
2016-01-02,wiki_nys,5588.0
2016-01-03,wiki_nys,4955.0
2016-01-04,wiki_nys,4105.0
2016-01-05,wiki_nys,4845.0
2016-01-06,wiki_nys,4679.0
2016-01-07,wiki_nys,3416.0
2016-01-08,wiki_nys,3228.0
2016-01-09,wiki_nys,3227.0
2016-01-10,wiki_nys,2665.0
2016-01-11,wiki_nys,3269.0
2016-01-12,wiki_nys,2932.0
2016-01-13,wiki_nys,2728.0
2016-01-14,wiki_nys,2417.0
2016-01-15,wiki_nys,2483.0
2016-01-16,wiki_nys,2330.0
2016-01-17,wiki_nys,1989.0
2016-01-18,wiki_nys,2451.0
2016-01-19,wiki_nys,2841.0
2016-01-20,wiki_nys,2659.0
2016-01-21,wiki_nys,2676.0
2016-01-22,wiki_nys,2521.0
2016-01-23,wiki_nys,2021.0
2016-01-24,wiki_nys,2109.0
2016-01-25,wiki_nys,2728.0
2016-01-26,wiki_nys,3037.0
2016-01-27,wiki_nys,2926.0
2016-01-28,wiki_nys,2963.0
2016-01-29,wiki_nys,3538.0
2016-01-30,wiki_nys,2397.0
2016-01-31,wiki_nys,2213.0
2016-02-01,wiki_nys,2558.0
2016-02-02,wiki_nys,2758.0
2016-02-03,wiki_nys,3143.0
2016-02-04,wiki_nys,4496.0
2016-02-05,wiki_nys,3994.0
2016-02-06,wiki_nys,2545.0
2016-02-07,wiki_nys,2432.0
2016-02-08,wiki_nys,3588.0
2016-02-09,wiki_nys,4232.0
2016-02-10,wiki_nys,4440.0
2016-02-11,wiki_nys,5515.0
2016-02-12,wiki_nys,46249.0
2016-02-13,wiki_nys,22311.0
2016-02-14,wiki_nys,11794.0
2016-02-15,wiki_nys,8628.0
2016-02-16,wiki_nys,8823.0
2016-02-17,wiki_nys,9818.0
2016-02-18,wiki_nys,8784.0
2016-02-19,wiki_nys,7701.0
2016-02-20,wiki_nys,12133.0
2016-02-21,wiki_nys,15954.0
2016-02-22,wiki_nys,11968.0
2016-02-23,wiki_nys,12344.0
2016-02-24,wiki_nys,10537.0
2016-02-25,wiki_nys,7121.0
2016-02-26,wiki_nys,4847.0
2016-02-27,wiki_nys,3622.0
2016-02-28,wiki_nys,3730.0
2016-02-29,wiki_nys,4361.0
2016-03-01,wiki_nys,3991.0
2016-03-02,wiki_nys,4122.0
2016-03-03,wiki_nys,5006.0
2016-03-04,wiki_nys,3755.0
2016-03-05,wiki_nys,2564.0
2016-03-06,wiki_nys,2584.0
2016-03-07,wiki_nys,3270.0
2016-03-08,wiki_nys,3494.0
2016-03-09,wiki_nys,3456.0
2016-03-10,wiki_nys,3308.0
2016-03-11,wiki_nys,2941.0
2016-03-12,wiki_nys,2064.0
2016-03-13,wiki_nys,2505.0
2016-03-14,wiki_nys,3091.0
2016-03-15,wiki_nys,2933.0
2016-03-16,wiki_nys,2726.0
2016-03-17,wiki_nys,2846.0
2016-03-18,wiki_nys,2332.0
2016-03-19,wiki_nys,1793.0
2016-03-20,wiki_nys,2279.0
2016-03-21,wiki_nys,2717.0
2016-03-22,wiki_nys,2817.0
2016-03-23,wiki_nys,3075.0
2016-03-24,wiki_nys,4645.0
2016-03-25,wiki_nys,3014.0
2016-03-26,wiki_nys,2855.0
2016-03-27,wiki_nys,2676.0
2016-03-28,wiki_nys,3348.0
2016-03-29,wiki_nys,3239.0
2016-03-30,wiki_nys,2879.0
2016-03-31,wiki_nys,3337.0
2016-04-01,wiki_nys,2795.0
2016-04-02,wiki_nys,1921.0
2016-04-03,wiki_nys,2508.0
2016-04-04,wiki_nys,2972.0
2016-04-05,wiki_nys,3471.0
2016-04-06,wiki_nys,3466.0
2016-04-07,wiki_nys,3217.0
2016-04-08,wiki_nys,3203.0
2016-04-09,wiki_nys,3024.0
2016-04-10,wiki_nys,3327.0
2016-04-11,wiki_nys,3615.0
2016-04-12,wiki_nys,3683.0
2016-04-13,wiki_nys,3776.0
2016-04-14,wiki_nys,4474.0
2016-04-15,wiki_nys,4080.0
2016-04-16,wiki_nys,2534.0
2016-04-17,wiki_nys,2592.0
2016-04-18,wiki_nys,3181.0
2016-04-19,wiki_nys,9250.0
2016-04-20,wiki_nys,8874.0
2016-04-21,wiki_nys,4611.0
2016-04-22,wiki_nys,2989.0
2016-04-23,wiki_nys,2138.0
2016-04-24,wiki_nys,3080.0
2016-04-25,wiki_nys,4464.0
2016-04-26,wiki_nys,4421.0
2016-04-27,wiki_nys,3682.0
2016-04-28,wiki_nys,3515.0
2016-04-29,wiki_nys,3017.0
2016-04-30,wiki_nys,2402.0
2016-05-01,wiki_nys,2587.0
2016-05-02,wiki_nys,3295.0
2016-05-03,wiki_nys,2900.0
2016-05-04,wiki_nys,2719.0
2016-05-05,wiki_nys,2831.0
2016-05-06,wiki_nys,2249.0
2016-05-07,wiki_nys,1763.0
2016-05-08,wiki_nys,2227.0
2016-05-09,wiki_nys,2695.0
2016-05-10,wiki_nys,6389.0
2016-05-11,wiki_nys,4266.0
2016-05-12,wiki_nys,4004.0
2016-05-13,wiki_nys,3312.0
2016-05-14,wiki_nys,2158.0
2016-05-15,wiki_nys,2857.0
2016-05-16,wiki_nys,3042.0
2016-05-17,wiki_nys,2718.0
2016-05-18,wiki_nys,3160.0
2016-05-19,wiki_nys,2706.0
2016-05-20,wiki_nys,2278.0
2016-05-21,wiki_nys,1736.0
2016-05-22,wiki_nys,2154.0
2016-05-23,wiki_nys,3054.0
2016-05-24,wiki_nys,3491.0
2016-05-25,wiki_nys,2903.0
2016-05-26,wiki_nys,2442.0
2016-05-27,wiki_nys,2329.0
2016-05-28,wiki_nys,1809.0
2016-05-29,wiki_nys,2061.0
2016-05-30,wiki_nys,2552.0
2016-05-31,wiki_nys,3477.0
2016-06-01,wiki_nys,4255.0
2016-06-02,wiki_nys,3657.0
2016-06-03,wiki_nys,2457.0
2016-06-04,wiki_nys,1890.0
2016-06-05,wiki_nys,2177.0
2016-06-06,wiki_nys,2651.0
2016-06-07,wiki_nys,2279.0
2016-06-08,wiki_nys,2025.0
2016-06-09,wiki_nys,1965.0
2016-06-10,wiki_nys,1900.0
2016-06-11,wiki_nys,1460.0
2016-06-12,wiki_nys,1594.0
2016-06-13,wiki_nys,1626.0
2016-06-14,wiki_nys,2230.0
2016-06-15,wiki_nys,2157.0
2016-06-16,wiki_nys,2458.0
2016-06-17,wiki_nys,1873.0
2016-06-18,wiki_nys,1903.0
2016-06-19,wiki_nys,2797.0
2016-06-20,wiki_nys,3623.0
2016-06-21,wiki_nys,3316.0
2016-06-22,wiki_nys,3234.0
2016-06-23,wiki_nys,4735.0
2016-06-24,wiki_nys,4542.0
2016-06-25,wiki_nys,3894.0
2016-06-26,wiki_nys,3581.0
2016-06-27,wiki_nys,5716.0
2016-06-28,wiki_nys,5106.0
2016-06-29,wiki_nys,4059.0
2016-06-30,wiki_nys,3243.0
2016-07-01,wiki_nys,3136.0
2016-07-02,wiki_nys,2950.0
2016-07-03,wiki_nys,2287.0
2016-07-04,wiki_nys,2342.0
2016-07-05,wiki_nys,2734.0
2016-07-06,wiki_nys,12429.0
2016-07-07,wiki_nys,36141.0
2016-07-08,wiki_nys,38312.0
2016-07-09,wiki_nys,23229.0
2016-07-10,wiki_nys,15279.0
2016-07-11,wiki_nys,14291.0
2016-07-12,wiki_nys,11456.0
2016-07-13,wiki_nys,19466.0
2016-07-14,wiki_nys,23493.0
2016-07-15,wiki_nys,11943.0
2016-07-16,wiki_nys,7917.0
2016-07-17,wiki_nys,11261.0
2016-07-18,wiki_nys,11345.0
2016-07-19,wiki_nys,7160.0
2016-07-20,wiki_nys,5359.0
2016-07-21,wiki_nys,6290.0
2016-07-22,wiki_nys,5665.0
2016-07-23,wiki_nys,4295.0
2016-07-24,wiki_nys,4950.0
2016-07-25,wiki_nys,4352.0
2016-07-26,wiki_nys,4937.0
2016-07-27,wiki_nys,5835.0
2016-07-28,wiki_nys,4487.0
2016-07-29,wiki_nys,3260.0
2016-07-30,wiki_nys,2579.0
2016-07-31,wiki_nys,2711.0
2016-08-01,wiki_nys,2558.0
2016-08-02,wiki_nys,5714.0
2016-08-03,wiki_nys,3273.0
2016-08-04,wiki_nys,2689.0
2016-08-05,wiki_nys,2877.0
2016-08-06,wiki_nys,2125.0
2016-08-07,wiki_nys,2152.0
2016-08-08,wiki_nys,2068.0
2016-08-09,wiki_nys,2070.0
2016-08-10,wiki_nys,2225.0
2016-08-11,wiki_nys,2119.0
2016-08-12,wiki_nys,1814.0
2016-08-13,wiki_nys,1747.0
2016-08-14,wiki_nys,1978.0
2016-08-15,wiki_nys,2889.0
2016-08-16,wiki_nys,3280.0
2016-08-17,wiki_nys,2624.0
2016-08-18,wiki_nys,2172.0
2016-08-19,wiki_nys,1951.0
2016-08-20,wiki_nys,1879.0
2016-08-21,wiki_nys,2588.0
2016-08-22,wiki_nys,2246.0
2016-08-23,wiki_nys,1943.0
2016-08-24,wiki_nys,2802.0
2016-08-25,wiki_nys,2167.0
2016-08-26,wiki_nys,2547.0
2016-08-27,wiki_nys,1703.0
2016-08-28,wiki_nys,2075.0
2016-08-29,wiki_nys,5031.0
2016-08-30,wiki_nys,4036.0
2016-08-31,wiki_nys,3747.0
2016-09-01,wiki_nys,5071.0
2016-09-02,wiki_nys,5476.0
2016-09-03,wiki_nys,2409.0
2016-09-04,wiki_nys,2449.0
2016-09-05,wiki_nys,2402.0
2016-09-06,wiki_nys,2629.0
2016-09-07,wiki_nys,3000.0
2016-09-08,wiki_nys,3605.0
2016-09-09,wiki_nys,2487.0
2016-09-10,wiki_nys,2586.0
2016-09-11,wiki_nys,2668.0
2016-09-12,wiki_nys,4570.0
2016-09-13,wiki_nys,4811.0
2016-09-14,wiki_nys,3500.0
2016-09-15,wiki_nys,4570.0
2016-09-16,wiki_nys,3848.0
2016-09-17,wiki_nys,2749.0
2016-09-18,wiki_nys,2752.0
2016-09-19,wiki_nys,3413.0
2016-09-20,wiki_nys,4968.0
2016-09-21,wiki_nys,6460.0
2016-09-22,wiki_nys,8121.0
2016-09-23,wiki_nys,8967.0
2016-09-24,wiki_nys,6147.0
2016-09-25,wiki_nys,5453.0
2016-09-26,wiki_nys,4727.0
2016-09-27,wiki_nys,3864.0
2016-09-28,wiki_nys,4394.0
2016-09-29,wiki_nys,4285.0
2016-09-30,wiki_nys,3604.0
2016-10-01,wiki_nys,2883.0
2016-10-02,wiki_nys,3259.0
2016-10-03,wiki_nys,3686.0
2016-10-04,wiki_nys,5788.0
2016-10-05,wiki_nys,7340.0
2016-10-06,wiki_nys,5253.0
2016-10-07,wiki_nys,3776.0
2016-10-08,wiki_nys,2921.0
2016-10-09,wiki_nys,2785.0
2016-10-10,wiki_nys,2967.0
2016-10-11,wiki_nys,2863.0
2016-10-12,wiki_nys,3113.0
2016-10-13,wiki_nys,3032.0
2016-10-14,wiki_nys,2369.0
2016-10-15,wiki_nys,2116.0
2016-10-16,wiki_nys,2307.0
2016-10-17,wiki_nys,2675.0
2016-10-18,wiki_nys,2850.0
2016-10-19,wiki_nys,3145.0
2016-10-20,wiki_nys,3104.0
2016-10-21,wiki_nys,2396.0
2016-10-22,wiki_nys,2127.0
2016-10-23,wiki_nys,2344.0
2016-10-24,wiki_nys,3806.0
2016-10-25,wiki_nys,3710.0
2016-10-26,wiki_nys,4473.0
2016-10-27,wiki_nys,4600.0
2016-10-28,wiki_nys,6176.0
2016-10-29,wiki_nys,3083.0
2016-10-30,wiki_nys,2952.0
2016-10-31,wiki_nys,3125.0
2016-11-01,wiki_nys,2861.0
2016-11-02,wiki_nys,3069.0
2016-11-03,wiki_nys,2772.0
2016-11-04,wiki_nys,3234.0
2016-11-05,wiki_nys,2933.0
2016-11-06,wiki_nys,2458.0
2016-11-07,wiki_nys,3003.0
2016-11-08,wiki_nys,2636.0
2016-11-09,wiki_nys,2854.0
2016-11-10,wiki_nys,3019.0
2016-11-11,wiki_nys,2518.0
2016-11-12,wiki_nys,2240.0
2016-11-13,wiki_nys,2369.0
2016-11-14,wiki_nys,3009.0
2016-11-15,wiki_nys,2957.0
2016-11-16,wiki_nys,3085.0
2016-11-17,wiki_nys,3213.0
2016-11-18,wiki_nys,3219.0
2016-11-19,wiki_nys,2166.0
2016-11-20,wiki_nys,2701.0
2016-11-21,wiki_nys,2899.0
2016-11-22,wiki_nys,3500.0
2016-11-23,wiki_nys,3295.0
2016-11-24,wiki_nys,2055.0
2016-11-25,wiki_nys,2730.0
2016-11-26,wiki_nys,2382.0
2016-11-27,wiki_nys,2308.0
2016-11-28,wiki_nys,2880.0
2016-11-29,wiki_nys,2820.0
2016-11-30,wiki_nys,2949.0
2016-12-01,wiki_nys,2943.0
2016-12-02,wiki_nys,2605.0
2016-12-03,wiki_nys,2006.0
2016-12-04,wiki_nys,2463.0
2016-12-05,wiki_nys,3158.0
2016-12-06,wiki_nys,3309.0
2016-12-07,wiki_nys,3162.0
2016-12-08,wiki_nys,3118.0
2016-12-09,wiki_nys,2494.0
2016-12-10,wiki_nys,1780.0
2016-12-11,wiki_nys,2231.0
2016-12-12,wiki_nys,2564.0
2016-12-13,wiki_nys,2431.0
2016-12-14,wiki_nys,2394.0
2016-12-15,wiki_nys,2186.0
2016-12-16,wiki_nys,2082.0
2016-12-17,wiki_nys,1464.0
2016-12-18,wiki_nys,1648.0
2016-12-19,wiki_nys,1928.0
2016-12-20,wiki_nys,1763.0
2016-12-21,wiki_nys,1628.0
2016-12-22,wiki_nys,1576.0
2016-12-23,wiki_nys,1297.0
2016-12-24,wiki_nys,1164.0
2016-12-25,wiki_nys,1103.0
2016-12-26,wiki_nys,1190.0
2016-12-27,wiki_nys,1299.0
2016-12-28,wiki_nys,1553.0
2016-12-29,wiki_nys,1512.0
2016-12-30,wiki_nys,1333.0
2016-12-31,wiki_nys,1212.0
2017-01-01,wiki_nys,1167.0
2017-01-02,wiki_nys,1574.0
2017-01-03,wiki_nys,1813.0
2017-01-04,wiki_nys,1770.0
2017-01-05,wiki_nys,2612.0
2017-01-06,wiki_nys,2745.0
2017-01-07,wiki_nys,1811.0
2017-01-08,wiki_nys,1875.0
2017-01-09,wiki_nys,1952.0
2017-01-10,wiki_nys,1905.0
2017-01-11,wiki_nys,2058.0
2017-01-12,wiki_nys,2020.0
2017-01-13,wiki_nys,2077.0
2017-01-14,wiki_nys,2517.0
2017-01-15,wiki_nys,1929.0
2017-01-16,wiki_nys,1811.0
2017-01-17,wiki_nys,2040.0
2017-01-18,wiki_nys,2123.0
2017-01-19,wiki_nys,2223.0
2017-01-20,wiki_nys,2250.0
2017-01-21,wiki_nys,3300.0
2017-01-22,wiki_nys,2301.0
2017-01-23,wiki_nys,2374.0
2017-01-24,wiki_nys,2679.0
2017-01-25,wiki_nys,2223.0
2017-01-26,wiki_nys,2160.0
2017-01-27,wiki_nys,1920.0
2017-01-28,wiki_nys,2782.0
2017-01-29,wiki_nys,1931.0
2017-01-30,wiki_nys,2146.0
2017-01-31,wiki_nys,2557.0
2017-02-01,wiki_nys,3245.0
2017-02-02,wiki_nys,3021.0
2017-02-03,wiki_nys,4107.0
2017-02-04,wiki_nys,2605.0
2017-02-05,wiki_nys,3178.0
2017-02-06,wiki_nys,2816.0
2017-02-07,wiki_nys,3323.0
2017-02-08,wiki_nys,2479.0
2017-02-09,wiki_nys,2306.0
2017-02-10,wiki_nys,2240.0
2017-02-11,wiki_nys,1794.0
2017-02-12,wiki_nys,2275.0
2017-02-13,wiki_nys,3278.0
2017-02-14,wiki_nys,2587.0
2017-02-15,wiki_nys,2400.0
2017-02-16,wiki_nys,2255.0
2017-02-17,wiki_nys,2158.0
2017-02-18,wiki_nys,2222.0
2017-02-19,wiki_nys,2045.0
2017-02-20,wiki_nys,2181.0
2017-02-21,wiki_nys,2301.0
2017-02-22,wiki_nys,2316.0
2017-02-23,wiki_nys,2172.0
2017-02-24,wiki_nys,2081.0
2017-02-25,wiki_nys,1957.0
2017-02-26,wiki_nys,2457.0
2017-02-27,wiki_nys,2916.0
2017-02-28,wiki_nys,2538.0
2017-03-01,wiki_nys,2663.0
2017-03-02,wiki_nys,3170.0
2017-03-03,wiki_nys,2362.0
2017-03-04,wiki_nys,1975.0
2017-03-05,wiki_nys,1851.0
2017-03-06,wiki_nys,2301.0
2017-03-07,wiki_nys,2200.0
2017-03-08,wiki_nys,2213.0
2017-03-09,wiki_nys,2137.0
2017-03-10,wiki_nys,2208.0
2017-03-11,wiki_nys,1573.0
2017-03-12,wiki_nys,1976.0
2017-03-13,wiki_nys,2295.0
2017-03-14,wiki_nys,2432.0
2017-03-15,wiki_nys,2340.0
2017-03-16,wiki_nys,2502.0
2017-03-17,wiki_nys,1972.0
2017-03-18,wiki_nys,1652.0
2017-03-19,wiki_nys,1699.0
2017-03-20,wiki_nys,2059.0
2017-03-21,wiki_nys,2152.0
2017-03-22,wiki_nys,2344.0
2017-03-23,wiki_nys,2230.0
2017-03-24,wiki_nys,2080.0
2017-03-25,wiki_nys,1631.0
2017-03-26,wiki_nys,2222.0
2017-03-27,wiki_nys,4255.0
2017-03-28,wiki_nys,2721.0
2017-03-29,wiki_nys,2357.0
2017-03-30,wiki_nys,2129.0
2017-03-31,wiki_nys,1813.0
2017-04-01,wiki_nys,1524.0
2017-04-02,wiki_nys,1669.0
2017-04-03,wiki_nys,2096.0
2017-04-04,wiki_nys,2314.0
2017-04-05,wiki_nys,2381.0
2017-04-06,wiki_nys,2233.0
2017-04-07,wiki_nys,1819.0
2017-04-08,wiki_nys,1424.0
2017-04-09,wiki_nys,1683.0
2017-04-10,wiki_nys,2096.0
2017-04-11,wiki_nys,2207.0
2017-04-12,wiki_nys,2293.0
2017-04-13,wiki_nys,2110.0
2017-04-14,wiki_nys,1683.0
2017-04-15,wiki_nys,1451.0
2017-04-16,wiki_nys,1512.0
2017-04-17,wiki_nys,1923.0
2017-04-18,wiki_nys,1981.0
2017-04-19,wiki_nys,2284.0
2017-04-20,wiki_nys,2200.0
2017-04-21,wiki_nys,1854.0
2017-04-22,wiki_nys,1666.0
2017-04-23,wiki_nys,1853.0
2017-04-24,wiki_nys,2432.0
2017-04-25,wiki_nys,2545.0
2017-04-26,wiki_nys,2316.0
2017-04-27,wiki_nys,2213.0
2017-04-28,wiki_nys,1949.0
2017-04-29,wiki_nys,1532.0
2017-04-30,wiki_nys,1773.0
2017-05-01,wiki_nys,2356.0
2017-05-02,wiki_nys,2547.0
2017-05-03,wiki_nys,2621.0
2017-05-04,wiki_nys,2597.0
2017-05-05,wiki_nys,2106.0
2017-05-06,wiki_nys,1796.0
2017-05-07,wiki_nys,2006.0
2017-05-08,wiki_nys,2595.0
2017-05-09,wiki_nys,2457.0
2017-05-10,wiki_nys,2364.0
2017-05-11,wiki_nys,2098.0
2017-05-12,wiki_nys,1951.0
2017-05-13,wiki_nys,1355.0
2017-05-14,wiki_nys,1452.0
2017-05-15,wiki_nys,2509.0
2017-05-16,wiki_nys,1870.0
2017-05-17,wiki_nys,2022.0
2017-05-18,wiki_nys,3790.0
2017-05-19,wiki_nys,2763.0
2017-05-20,wiki_nys,1773.0
2017-05-21,wiki_nys,2050.0
2017-05-22,wiki_nys,2334.0
2017-05-23,wiki_nys,3813.0
2017-05-24,wiki_nys,2132.0
2017-05-25,wiki_nys,2432.0
2017-05-26,wiki_nys,2238.0
2017-05-27,wiki_nys,1579.0
2017-05-28,wiki_nys,1436.0
2017-05-29,wiki_nys,1714.0
2017-05-30,wiki_nys,2209.0
2017-05-31,wiki_nys,2305.0
2017-06-01,wiki_nys,2301.0
2017-06-02,wiki_nys,1726.0
2017-06-03,wiki_nys,1238.0
2017-06-04,wiki_nys,1599.0
2017-06-05,wiki_nys,1787.0
2017-06-06,wiki_nys,1858.0
2017-06-07,wiki_nys,1661.0
2017-06-08,wiki_nys,1789.0
2017-06-09,wiki_nys,1569.0
2017-06-10,wiki_nys,1379.0
2017-06-11,wiki_nys,1409.0
2017-06-12,wiki_nys,1738.0
2017-06-13,wiki_nys,1883.0
2017-06-14,wiki_nys,1775.0
2017-06-15,wiki_nys,1582.0
2017-06-16,wiki_nys,1936.0
2017-06-17,wiki_nys,3778.0
2017-06-18,wiki_nys,3944.0
2017-06-19,wiki_nys,3957.0
2017-06-20,wiki_nys,5510.0
2017-06-21,wiki_nys,5400.0
2017-06-22,wiki_nys,3800.0
2017-06-23,wiki_nys,3054.0
2017-06-24,wiki_nys,2336.0
2017-06-25,wiki_nys,2324.0
2017-06-26,wiki_nys,2441.0
2017-06-27,wiki_nys,2139.0
2017-06-28,wiki_nys,2410.0
2017-06-29,wiki_nys,2291.0
2017-06-30,wiki_nys,2119.0
2017-07-01,wiki_nys,1946.0
2017-07-02,wiki_nys,1655.0
2017-07-03,wiki_nys,1943.0
2017-07-04,wiki_nys,1874.0
2017-07-05,wiki_nys,2064.0
2017-07-06,wiki_nys,1907.0
2017-07-07,wiki_nys,1738.0
2017-07-08,wiki_nys,1618.0
2017-07-09,wiki_nys,1533.0
2017-07-10,wiki_nys,1634.0
2017-07-11,wiki_nys,1758.0
2017-07-12,wiki_nys,1772.0
2017-07-13,wiki_nys,1770.0
2017-07-14,wiki_nys,1681.0
2017-07-15,wiki_nys,1503.0
2017-07-16,wiki_nys,1506.0
2017-07-17,wiki_nys,4418.0
2017-07-18,wiki_nys,5393.0
2017-07-19,wiki_nys,3087.0
2017-07-20,wiki_nys,2335.0
2017-07-21,wiki_nys,2053.0
2017-07-22,wiki_nys,1768.0
2017-07-23,wiki_nys,1756.0
2017-07-24,wiki_nys,2288.0
2017-07-25,wiki_nys,1869.0
2017-07-26,wiki_nys,2156.0
2017-07-27,wiki_nys,1715.0
2017-07-28,wiki_nys,1505.0
2017-07-29,wiki_nys,1422.0
2017-07-30,wiki_nys,1524.0
2017-07-31,wiki_nys,1830.0
2017-08-01,wiki_nys,1355.0
2017-08-02,wiki_nys,1411.0
2017-08-03,wiki_nys,1517.0
2017-08-04,wiki_nys,1554.0
2017-08-05,wiki_nys,1395.0
2017-08-06,wiki_nys,2055.0
2017-08-07,wiki_nys,2057.0
2017-08-08,wiki_nys,1423.0
2017-08-09,wiki_nys,1900.0
2017-08-10,wiki_nys,1647.0
2017-08-11,wiki_nys,1509.0
2017-08-12,wiki_nys,1417.0
2017-08-13,wiki_nys,1879.0
2017-08-14,wiki_nys,2003.0
2017-08-15,wiki_nys,1853.0
2017-08-16,wiki_nys,1833.0
2017-08-17,wiki_nys,1749.0
2017-08-18,wiki_nys,1536.0
2017-08-19,wiki_nys,1523.0
2017-08-20,wiki_nys,2059.0
2017-08-21,wiki_nys,1613.0
2017-08-22,wiki_nys,1586.0
2017-08-23,wiki_nys,1406.0
2017-08-24,wiki_nys,1500.0
2017-08-25,wiki_nys,1957.0
2017-08-26,wiki_nys,1231.0
2017-08-27,wiki_nys,1235.0
2017-08-28,wiki_nys,1392.0
2017-08-29,wiki_nys,1376.0
2017-08-30,wiki_nys,1394.0
2017-08-31,wiki_nys,1594.0
2017-09-01,wiki_nys,1551.0
2017-09-02,wiki_nys,1370.0
2017-09-03,wiki_nys,1265.0
2017-09-04,wiki_nys,1401.0
2017-09-05,wiki_nys,1516.0
2017-09-06,wiki_nys,1789.0
2017-09-07,wiki_nys,1715.0
2017-09-08,wiki_nys,1566.0
2017-09-09,wiki_nys,1374.0
2017-09-10,wiki_nys,1330.0
2017-09-11,wiki_nys,1758.0
2017-09-12,wiki_nys,1649.0
2017-09-13,wiki_nys,1639.0
2017-09-14,wiki_nys,1679.0
2017-09-15,wiki_nys,2070.0
2017-09-16,wiki_nys,2301.0
2017-09-17,wiki_nys,2048.0
2017-09-18,wiki_nys,2316.0
2017-09-19,wiki_nys,2245.0
2017-09-20,wiki_nys,2704.0
2017-09-21,wiki_nys,1977.0
2017-09-22,wiki_nys,1773.0
2017-09-23,wiki_nys,1648.0
2017-09-24,wiki_nys,2873.0
2017-09-25,wiki_nys,6285.0
2017-09-26,wiki_nys,7475.0
2017-09-27,wiki_nys,6157.0
2017-09-28,wiki_nys,4585.0
2017-09-29,wiki_nys,3513.0
2017-09-30,wiki_nys,2555.0
2017-10-01,wiki_nys,2848.0
2017-10-02,wiki_nys,2996.0
2017-10-03,wiki_nys,2931.0
2017-10-04,wiki_nys,2556.0
2017-10-05,wiki_nys,2640.0
2017-10-06,wiki_nys,2070.0
2017-10-07,wiki_nys,2089.0
2017-10-08,wiki_nys,2095.0
2017-10-09,wiki_nys,2461.0
2017-10-10,wiki_nys,2493.0
2017-10-11,wiki_nys,2776.0
2017-10-12,wiki_nys,2709.0
2017-10-13,wiki_nys,2334.0
2017-10-14,wiki_nys,1706.0
2017-10-15,wiki_nys,2017.0
2017-10-16,wiki_nys,2469.0
2017-10-17,wiki_nys,2672.0
2017-10-18,wiki_nys,2540.0
2017-10-19,wiki_nys,2951.0
2017-10-20,wiki_nys,2109.0
2017-10-21,wiki_nys,1858.0
2017-10-22,wiki_nys,1738.0
2017-10-23,wiki_nys,4507.0
2017-10-24,wiki_nys,4339.0
2017-10-25,wiki_nys,2986.0
2017-10-26,wiki_nys,2417.0
2017-10-27,wiki_nys,2373.0
2017-10-28,wiki_nys,1645.0
2017-10-29,wiki_nys,2625.0
2017-10-30,wiki_nys,3478.0
2017-10-31,wiki_nys,3499.0
2017-11-01,wiki_nys,2763.0
2017-11-02,wiki_nys,2406.0
2017-11-03,wiki_nys,1996.0
2017-11-04,wiki_nys,1539.0
2017-11-05,wiki_nys,1818.0
2017-11-06,wiki_nys,2160.0
2017-11-07,wiki_nys,2309.0
2017-11-08,wiki_nys,2224.0
2017-11-09,wiki_nys,2272.0
2017-11-10,wiki_nys,1679.0
2017-11-11,wiki_nys,1514.0
2017-11-12,wiki_nys,1754.0
2017-11-13,wiki_nys,2271.0
2017-11-14,wiki_nys,2324.0
2017-11-15,wiki_nys,2559.0
2017-11-16,wiki_nys,2391.0
2017-11-17,wiki_nys,1931.0
2017-11-18,wiki_nys,1400.0
2017-11-19,wiki_nys,1921.0
2017-11-20,wiki_nys,2220.0
2017-11-21,wiki_nys,2135.0
2017-11-22,wiki_nys,1952.0
2017-11-23,wiki_nys,1766.0
2017-11-24,wiki_nys,1530.0
2017-11-25,wiki_nys,2118.0
2017-11-26,wiki_nys,2692.0
2017-11-27,wiki_nys,2619.0
2017-11-28,wiki_nys,2572.0
2017-11-29,wiki_nys,2571.0
2017-11-30,wiki_nys,2392.0
2017-12-01,wiki_nys,2388.0
2017-12-02,wiki_nys,1662.0
2017-12-03,wiki_nys,1923.0
2017-12-04,wiki_nys,2586.0
2017-12-05,wiki_nys,2703.0
2017-12-06,wiki_nys,2766.0
2017-12-07,wiki_nys,2912.0
2017-12-08,wiki_nys,2640.0
2017-12-09,wiki_nys,2146.0
2017-12-10,wiki_nys,2124.0
2017-12-11,wiki_nys,2561.0
2017-12-12,wiki_nys,2361.0
2017-12-13,wiki_nys,2332.0
2017-12-14,wiki_nys,2197.0
2017-12-15,wiki_nys,1797.0
2017-12-16,wiki_nys,1407.0
2017-12-17,wiki_nys,1419.0
2017-12-18,wiki_nys,1815.0
2017-12-19,wiki_nys,1789.0
2017-12-20,wiki_nys,1682.0
2017-12-21,wiki_nys,1586.0
2017-12-22,wiki_nys,1399.0
2017-12-23,wiki_nys,1259.0
2017-12-24,wiki_nys,1275.0
2017-12-25,wiki_nys,7557.0
2017-12-26,wiki_nys,7532.0
2017-12-27,wiki_nys,2460.0
2017-12-28,wiki_nys,15459.0
2017-12-29,wiki_nys,11596.0
2017-12-30,wiki_nys,43185.0
2017-12-31,wiki_nys,38221.0
2018-01-01,wiki_nys,10102.0
2018-01-02,wiki_nys,8312.0
2018-01-03,wiki_nys,5876.0
2018-01-04,wiki_nys,3508.0
2018-01-05,wiki_nys,2713.0
2018-01-06,wiki_nys,2338.0
2018-01-07,wiki_nys,2541.0
2018-01-08,wiki_nys,2554.0
2018-01-09,wiki_nys,3602.0
2018-01-10,wiki_nys,3035.0
2018-01-11,wiki_nys,2532.0
2018-01-12,wiki_nys,2303.0
2018-01-13,wiki_nys,1781.0
2018-01-14,wiki_nys,1963.0
2018-01-15,wiki_nys,2190.0
2018-01-16,wiki_nys,2698.0
2018-01-17,wiki_nys,2146.0
2018-01-18,wiki_nys,2210.0
2018-01-19,wiki_nys,2147.0
2018-01-20,wiki_nys,1733.0
2018-01-21,wiki_nys,1918.0
2018-01-22,wiki_nys,2340.0
2018-01-23,wiki_nys,4413.0
2018-01-24,wiki_nys,3355.0
2018-01-25,wiki_nys,2290.0
2018-01-26,wiki_nys,2215.0
2018-01-27,wiki_nys,1917.0
2018-01-28,wiki_nys,2415.0
2018-01-29,wiki_nys,2936.0
2018-01-30,wiki_nys,3030.0
2018-01-31,wiki_nys,2447.0
2018-02-01,wiki_nys,2252.0
2018-02-02,wiki_nys,2278.0
2018-02-03,wiki_nys,1949.0
2018-02-04,wiki_nys,2894.0
2018-02-05,wiki_nys,3146.0
2018-02-06,wiki_nys,6466.0
2018-02-07,wiki_nys,3070.0
2018-02-08,wiki_nys,2638.0
2018-02-09,wiki_nys,2222.0
2018-02-10,wiki_nys,1613.0
2018-02-11,wiki_nys,1929.0
2018-02-12,wiki_nys,2546.0
2018-02-13,wiki_nys,2577.0
2018-02-14,wiki_nys,2489.0
2018-02-15,wiki_nys,3556.0
2018-02-16,wiki_nys,6131.0
2018-02-17,wiki_nys,3960.0
2018-02-18,wiki_nys,3325.0
2018-02-19,wiki_nys,3516.0
2018-02-20,wiki_nys,3155.0
2018-02-21,wiki_nys,2724.0
2018-02-22,wiki_nys,3033.0
2018-02-23,wiki_nys,2988.0
2018-02-24,wiki_nys,2278.0
2018-02-25,wiki_nys,2628.0
2018-02-26,wiki_nys,2839.0
2018-02-27,wiki_nys,2899.0
2018-02-28,wiki_nys,2642.0
2018-03-01,wiki_nys,2462.0
2018-03-02,wiki_nys,2287.0
2018-03-03,wiki_nys,1918.0
2018-03-04,wiki_nys,2018.0
2018-03-05,wiki_nys,2266.0
2018-03-06,wiki_nys,2457.0
2018-03-07,wiki_nys,2272.0
2018-03-08,wiki_nys,2362.0
2018-03-09,wiki_nys,2183.0
2018-03-10,wiki_nys,1909.0
2018-03-11,wiki_nys,2282.0
2018-03-12,wiki_nys,2528.0
2018-03-13,wiki_nys,2123.0
2018-03-14,wiki_nys,2137.0
2018-03-15,wiki_nys,2338.0
2018-03-16,wiki_nys,2144.0
2018-03-17,wiki_nys,2780.0
2018-03-18,wiki_nys,1946.0
2018-03-19,wiki_nys,2220.0
2018-03-20,wiki_nys,2448.0
2018-03-21,wiki_nys,2661.0
2018-03-22,wiki_nys,3001.0
2018-03-23,wiki_nys,4012.0
2018-03-24,wiki_nys,2194.0
2018-03-25,wiki_nys,2505.0
2018-03-26,wiki_nys,2654.0
2018-03-27,wiki_nys,3373.0
2018-03-28,wiki_nys,3657.0
2018-03-29,wiki_nys,3284.0
2018-03-30,wiki_nys,2853.0
2018-03-31,wiki_nys,3013.0
2018-04-01,wiki_nys,2509.0
2018-04-02,wiki_nys,2750.0
2018-04-03,wiki_nys,2847.0
2018-04-04,wiki_nys,2883.0
2018-04-05,wiki_nys,3613.0
2018-04-06,wiki_nys,3005.0
2018-04-07,wiki_nys,2146.0
2018-04-08,wiki_nys,2150.0
2018-04-09,wiki_nys,2673.0
2018-04-10,wiki_nys,2349.0
2018-04-11,wiki_nys,2334.0
2018-04-12,wiki_nys,2228.0
2018-04-13,wiki_nys,2035.0
2018-04-14,wiki_nys,1688.0
2018-04-15,wiki_nys,2511.0
2018-04-16,wiki_nys,3300.0
2018-04-17,wiki_nys,2541.0
2018-04-18,wiki_nys,2399.0
2018-04-19,wiki_nys,2729.0
2018-04-20,wiki_nys,3322.0
2018-04-21,wiki_nys,2700.0
2018-04-22,wiki_nys,2078.0
2018-04-23,wiki_nys,2857.0
2018-04-24,wiki_nys,2877.0
2018-04-25,wiki_nys,3114.0
2018-04-26,wiki_nys,3003.0
2018-04-27,wiki_nys,2610.0
2018-04-28,wiki_nys,1932.0
2018-04-29,wiki_nys,2123.0
2018-04-30,wiki_nys,3676.0
2018-05-01,wiki_nys,3140.0
2018-05-02,wiki_nys,2412.0
2018-05-03,wiki_nys,2378.0
2018-05-04,wiki_nys,2043.0
2018-05-05,wiki_nys,1631.0
2018-05-06,wiki_nys,1728.0
2018-05-07,wiki_nys,2565.0
2018-05-08,wiki_nys,3658.0
2018-05-09,wiki_nys,2217.0
2018-05-10,wiki_nys,2307.0
2018-05-11,wiki_nys,2460.0
2018-05-12,wiki_nys,1687.0
2018-05-13,wiki_nys,1728.0
2018-05-14,wiki_nys,2153.0
2018-05-15,wiki_nys,2285.0
2018-05-16,wiki_nys,2425.0
2018-05-17,wiki_nys,2342.0
2018-05-18,wiki_nys,2053.0
2018-05-19,wiki_nys,1608.0
2018-05-20,wiki_nys,1707.0
2018-05-21,wiki_nys,2177.0
2018-05-22,wiki_nys,2070.0
2018-05-23,wiki_nys,2480.0
2018-05-24,wiki_nys,4508.0
2018-05-25,wiki_nys,2607.0
2018-05-26,wiki_nys,2006.0
2018-05-27,wiki_nys,1709.0
2018-05-28,wiki_nys,2108.0
2018-05-29,wiki_nys,2092.0
2018-05-30,wiki_nys,2056.0
2018-05-31,wiki_nys,1996.0
2018-06-01,wiki_nys,1909.0
2018-06-02,wiki_nys,1477.0
2018-06-03,wiki_nys,1691.0
2018-06-04,wiki_nys,2409.0
2018-06-05,wiki_nys,2844.0
2018-06-06,wiki_nys,2781.0
2018-06-07,wiki_nys,2346.0
2018-06-08,wiki_nys,1910.0
2018-06-09,wiki_nys,1524.0
2018-06-10,wiki_nys,1491.0
2018-06-11,wiki_nys,1776.0
2018-06-12,wiki_nys,1704.0
2018-06-13,wiki_nys,1767.0
2018-06-14,wiki_nys,1541.0
2018-06-15,wiki_nys,1386.0
2018-06-16,wiki_nys,1310.0
2018-06-17,wiki_nys,1509.0
2018-06-18,wiki_nys,1616.0
2018-06-19,wiki_nys,1830.0
2018-06-20,wiki_nys,1632.0
2018-06-21,wiki_nys,1685.0
2018-06-22,wiki_nys,2779.0
2018-06-23,wiki_nys,1545.0
2018-06-24,wiki_nys,1653.0
2018-06-25,wiki_nys,2027.0
2018-06-26,wiki_nys,2420.0
2018-06-27,wiki_nys,1947.0
2018-06-28,wiki_nys,1738.0
2018-06-29,wiki_nys,1596.0
2018-06-30,wiki_nys,1388.0
2018-07-01,wiki_nys,1452.0
2018-07-02,wiki_nys,1623.0
2018-07-03,wiki_nys,1476.0
2018-07-04,wiki_nys,1461.0
2018-07-05,wiki_nys,1718.0
2018-07-06,wiki_nys,1515.0
2018-07-07,wiki_nys,1466.0
2018-07-08,wiki_nys,1793.0
2018-07-09,wiki_nys,1932.0
2018-07-10,wiki_nys,1618.0
2018-07-11,wiki_nys,1724.0
2018-07-12,wiki_nys,1625.0
2018-07-13,wiki_nys,1757.0
2018-07-14,wiki_nys,1377.0
2018-07-15,wiki_nys,1495.0
2018-07-16,wiki_nys,2336.0
2018-07-17,wiki_nys,7165.0
2018-07-18,wiki_nys,6515.0
2018-07-19,wiki_nys,3821.0
2018-07-20,wiki_nys,3005.0
2018-07-21,wiki_nys,2663.0
2018-07-22,wiki_nys,3262.0
2018-07-23,wiki_nys,2396.0
2018-07-24,wiki_nys,2191.0
2018-07-25,wiki_nys,1969.0
2018-07-26,wiki_nys,1992.0
2018-07-27,wiki_nys,1784.0
2018-07-28,wiki_nys,1748.0
2018-07-29,wiki_nys,2077.0
2018-07-30,wiki_nys,1928.0
2018-07-31,wiki_nys,2116.0
2018-08-01,wiki_nys,2071.0
2018-08-02,wiki_nys,1900.0
2018-08-03,wiki_nys,1563.0
2018-08-04,wiki_nys,1481.0
2018-08-05,wiki_nys,2877.0
2018-08-06,wiki_nys,2718.0
2018-08-07,wiki_nys,2024.0
2018-08-08,wiki_nys,1872.0
2018-08-09,wiki_nys,2018.0
2018-08-10,wiki_nys,1941.0
2018-08-11,wiki_nys,1764.0
2018-08-12,wiki_nys,2023.0
2018-08-13,wiki_nys,1918.0
2018-08-14,wiki_nys,1628.0
2018-08-15,wiki_nys,2382.0
2018-08-16,wiki_nys,2020.0
2018-08-17,wiki_nys,1878.0
2018-08-18,wiki_nys,1601.0
2018-08-19,wiki_nys,1876.0
2018-08-20,wiki_nys,1866.0
2018-08-21,wiki_nys,1730.0
2018-08-22,wiki_nys,1793.0
2018-08-23,wiki_nys,1929.0
2018-08-24,wiki_nys,1743.0
2018-08-25,wiki_nys,1381.0
2018-08-26,wiki_nys,1611.0
2018-08-27,wiki_nys,1660.0
2018-08-28,wiki_nys,1851.0
2018-08-29,wiki_nys,2036.0
2018-08-30,wiki_nys,2026.0
2018-08-31,wiki_nys,1762.0
2018-09-01,wiki_nys,1366.0
2018-09-02,wiki_nys,1668.0
2018-09-03,wiki_nys,1584.0
2018-09-04,wiki_nys,2198.0
2018-09-05,wiki_nys,2780.0
2018-09-06,wiki_nys,2633.0
2018-09-07,wiki_nys,2582.0
2018-09-08,wiki_nys,2452.0
2018-09-09,wiki_nys,2529.0
2018-09-10,wiki_nys,2812.0
2018-09-11,wiki_nys,2924.0
2018-09-12,wiki_nys,2638.0
2018-09-13,wiki_nys,2373.0
2018-09-14,wiki_nys,2333.0
2018-09-15,wiki_nys,3045.0
2018-09-16,wiki_nys,2304.0
2018-09-17,wiki_nys,2402.0
2018-09-18,wiki_nys,2341.0
2018-09-19,wiki_nys,2061.0
2018-09-20,wiki_nys,2608.0
2018-09-21,wiki_nys,1845.0
2018-09-22,wiki_nys,1519.0
2018-09-23,wiki_nys,1736.0
2018-09-24,wiki_nys,2027.0
2018-09-25,wiki_nys,2262.0
2018-09-26,wiki_nys,2112.0
2018-09-27,wiki_nys,2039.0
2018-09-28,wiki_nys,1872.0
2018-09-29,wiki_nys,1514.0
2018-09-30,wiki_nys,1581.0
2018-10-01,wiki_nys,1982.0
2018-10-02,wiki_nys,2129.0
2018-10-03,wiki_nys,1902.0
2018-10-04,wiki_nys,2190.0
2018-10-05,wiki_nys,2911.0
2018-10-06,wiki_nys,2336.0
2018-10-07,wiki_nys,1878.0
2018-10-08,wiki_nys,2100.0
2018-10-09,wiki_nys,2134.0
2018-10-10,wiki_nys,1993.0
2018-10-11,wiki_nys,2165.0
2018-10-12,wiki_nys,2159.0
2018-10-13,wiki_nys,1601.0
2018-10-14,wiki_nys,2202.0
2018-10-15,wiki_nys,2703.0
2018-10-16,wiki_nys,2592.0
2018-10-17,wiki_nys,2684.0
2018-10-18,wiki_nys,2156.0
2018-10-19,wiki_nys,2392.0
2018-10-20,wiki_nys,1938.0
2018-10-21,wiki_nys,1965.0
2018-10-22,wiki_nys,2784.0
2018-10-23,wiki_nys,3176.0
2018-10-24,wiki_nys,2467.0
2018-10-25,wiki_nys,2435.0
2018-10-26,wiki_nys,2088.0
2018-10-27,wiki_nys,1694.0
2018-10-28,wiki_nys,1847.0
2018-10-29,wiki_nys,2484.0
2018-10-30,wiki_nys,2234.0
2018-10-31,wiki_nys,2180.0
2018-11-01,wiki_nys,2250.0
2018-11-02,wiki_nys,2193.0
2018-11-03,wiki_nys,1583.0
2018-11-04,wiki_nys,1705.0
2018-11-05,wiki_nys,2278.0
2018-11-06,wiki_nys,2469.0
2018-11-07,wiki_nys,2357.0
2018-11-08,wiki_nys,2383.0
2018-11-09,wiki_nys,2109.0
2018-11-10,wiki_nys,1559.0
2018-11-11,wiki_nys,1679.0
2018-11-12,wiki_nys,2221.0
2018-11-13,wiki_nys,2562.0
2018-11-14,wiki_nys,2428.0
2018-11-15,wiki_nys,2733.0
2018-11-16,wiki_nys,1986.0
2018-11-17,wiki_nys,1606.0
2018-11-18,wiki_nys,1737.0
2018-11-19,wiki_nys,2115.0
2018-11-20,wiki_nys,2142.0
2018-11-21,wiki_nys,1731.0
2018-11-22,wiki_nys,2107.0
2018-11-23,wiki_nys,1620.0
2018-11-24,wiki_nys,1877.0
2018-11-25,wiki_nys,5076.0
2018-11-26,wiki_nys,3794.0
2018-11-27,wiki_nys,2774.0
2018-11-28,wiki_nys,3289.0
2018-11-29,wiki_nys,2681.0
2018-11-30,wiki_nys,2206.0
2018-12-01,wiki_nys,1617.0
2018-12-02,wiki_nys,1790.0
2018-12-03,wiki_nys,2575.0
2018-12-04,wiki_nys,2836.0
2018-12-05,wiki_nys,2763.0
2018-12-06,wiki_nys,3166.0
2018-12-07,wiki_nys,4328.0
2018-12-08,wiki_nys,2379.0
2018-12-09,wiki_nys,2553.0
2018-12-10,wiki_nys,4662.0
2018-12-11,wiki_nys,3062.0
2018-12-12,wiki_nys,2783.0
2018-12-13,wiki_nys,2525.0
2018-12-14,wiki_nys,2149.0
2018-12-15,wiki_nys,1548.0
2018-12-16,wiki_nys,1724.0
2018-12-17,wiki_nys,2038.0
2018-12-18,wiki_nys,2002.0
2018-12-19,wiki_nys,1789.0
2018-12-20,wiki_nys,1944.0
2018-12-21,wiki_nys,1493.0
2018-12-22,wiki_nys,1349.0
2018-12-23,wiki_nys,1354.0
2018-12-24,wiki_nys,1330.0
2018-12-25,wiki_nys,1283.0
2018-12-26,wiki_nys,1287.0
2018-12-27,wiki_nys,1417.0
2018-12-28,wiki_nys,1395.0
2018-12-29,wiki_nys,1385.0
2018-12-30,wiki_nys,1519.0
2018-12-31,wiki_nys,1839.0
2019-01-01,wiki_nys,2010.0
2019-01-02,wiki_nys,2322.0
2019-01-03,wiki_nys,2145.0
2019-01-04,wiki_nys,2650.0
2019-01-05,wiki_nys,1646.0
2019-01-06,wiki_nys,1677.0
2019-01-07,wiki_nys,1939.0
2019-01-08,wiki_nys,1916.0
2019-01-09,wiki_nys,1909.0
2019-01-10,wiki_nys,2014.0
2019-01-11,wiki_nys,2017.0
2019-01-12,wiki_nys,1714.0
2019-01-13,wiki_nys,1732.0
2019-01-14,wiki_nys,1891.0
2019-01-15,wiki_nys,2102.0
2019-01-16,wiki_nys,2036.0
2019-01-17,wiki_nys,2030.0
2019-01-18,wiki_nys,2146.0
2019-01-19,wiki_nys,1958.0
2019-01-20,wiki_nys,1672.0
2019-01-21,wiki_nys,1925.0
2019-01-22,wiki_nys,1992.0
2019-01-23,wiki_nys,1974.0
2019-01-24,wiki_nys,2669.0
2019-01-25,wiki_nys,2096.0
2019-01-26,wiki_nys,1618.0
2019-01-27,wiki_nys,1717.0
2019-01-28,wiki_nys,2042.0
2019-01-29,wiki_nys,2408.0
2019-01-30,wiki_nys,2153.0
2019-01-31,wiki_nys,2241.0
2019-02-01,wiki_nys,2199.0
2019-02-02,wiki_nys,1932.0
2019-02-03,wiki_nys,2616.0
2019-02-04,wiki_nys,6573.0
2019-02-05,wiki_nys,6985.0
2019-02-06,wiki_nys,3905.0
2019-02-07,wiki_nys,2913.0
2019-02-08,wiki_nys,2557.0
2019-02-09,wiki_nys,1907.0
2019-02-10,wiki_nys,2929.0
2019-02-11,wiki_nys,3075.0
2019-02-12,wiki_nys,3227.0
2019-02-13,wiki_nys,3506.0
2019-02-14,wiki_nys,3019.0
2019-02-15,wiki_nys,2561.0
2019-02-16,wiki_nys,2234.0
2019-02-17,wiki_nys,18163.0
2019-02-18,wiki_nys,4741.0
2019-02-19,wiki_nys,3437.0
2019-02-20,wiki_nys,3813.0
2019-02-21,wiki_nys,3257.0
2019-02-22,wiki_nys,2563.0
2019-02-23,wiki_nys,2205.0
2019-02-24,wiki_nys,2287.0
2019-02-25,wiki_nys,2975.0
2019-02-26,wiki_nys,3219.0
2019-02-27,wiki_nys,2679.0
2019-02-28,wiki_nys,2438.0
2019-03-01,wiki_nys,2182.0
2019-03-02,wiki_nys,1811.0
2019-03-03,wiki_nys,2434.0
2019-03-04,wiki_nys,2513.0
2019-03-05,wiki_nys,2520.0
2019-03-06,wiki_nys,2408.0
2019-03-07,wiki_nys,2389.0
2019-03-08,wiki_nys,2619.0
2019-03-09,wiki_nys,1916.0
2019-03-10,wiki_nys,1862.0
2019-03-11,wiki_nys,1998.0
2019-03-12,wiki_nys,2059.0
2019-03-13,wiki_nys,3367.0
2019-03-14,wiki_nys,5776.0
2019-03-15,wiki_nys,3204.0
2019-03-16,wiki_nys,1848.0
2019-03-17,wiki_nys,1967.0
2019-03-18,wiki_nys,2210.0
2019-03-19,wiki_nys,2265.0
2019-03-20,wiki_nys,2096.0
2019-03-21,wiki_nys,1975.0
2019-03-22,wiki_nys,1826.0
2019-03-23,wiki_nys,1643.0
2019-03-24,wiki_nys,1763.0
2019-03-25,wiki_nys,2279.0
2019-03-26,wiki_nys,2254.0
2019-03-27,wiki_nys,2436.0
2019-03-28,wiki_nys,2310.0
2019-03-29,wiki_nys,2049.0
2019-03-30,wiki_nys,1904.0
2019-03-31,wiki_nys,2491.0
2019-04-01,wiki_nys,2324.0
2019-04-02,wiki_nys,2378.0
2019-04-03,wiki_nys,2369.0
2019-04-04,wiki_nys,2438.0
2019-04-05,wiki_nys,2018.0
2019-04-06,wiki_nys,1512.0
2019-04-07,wiki_nys,1453.0
2019-04-08,wiki_nys,2158.0
2019-04-09,wiki_nys,2357.0
2019-04-10,wiki_nys,2310.0
2019-04-11,wiki_nys,2065.0
2019-04-12,wiki_nys,1645.0
2019-04-13,wiki_nys,1422.0
2019-04-14,wiki_nys,1536.0
2019-04-15,wiki_nys,2049.0
2019-04-16,wiki_nys,1994.0
2019-04-17,wiki_nys,1897.0
2019-04-18,wiki_nys,1989.0
2019-04-19,wiki_nys,1874.0
2019-04-20,wiki_nys,1620.0
2019-04-21,wiki_nys,1712.0
2019-04-22,wiki_nys,2201.0
2019-04-23,wiki_nys,2042.0
2019-04-24,wiki_nys,2860.0
2019-04-25,wiki_nys,2531.0
2019-04-26,wiki_nys,2079.0
2019-04-27,wiki_nys,1564.0
2019-04-28,wiki_nys,1571.0
2019-04-29,wiki_nys,2076.0
2019-04-30,wiki_nys,2284.0
2019-05-01,wiki_nys,2542.0
2019-05-02,wiki_nys,2229.0
2019-05-03,wiki_nys,1962.0
2019-05-04,wiki_nys,1675.0
2019-05-05,wiki_nys,1690.0
2019-05-06,wiki_nys,2008.0
2019-05-07,wiki_nys,2155.0
2019-05-08,wiki_nys,2093.0
2019-05-09,wiki_nys,2150.0
2019-05-10,wiki_nys,1990.0
2019-05-11,wiki_nys,1489.0
2019-05-12,wiki_nys,1961.0
2019-05-13,wiki_nys,4560.0
2019-05-14,wiki_nys,4338.0
2019-05-15,wiki_nys,3799.0
2019-05-16,wiki_nys,3078.0
2019-05-17,wiki_nys,4153.0
2019-05-18,wiki_nys,3859.0
2019-05-19,wiki_nys,2380.0
2019-05-20,wiki_nys,2508.0
2019-05-21,wiki_nys,2708.0
2019-05-22,wiki_nys,3051.0
2019-05-23,wiki_nys,3491.0
2019-05-24,wiki_nys,1890.0
2019-05-25,wiki_nys,1976.0
2019-05-26,wiki_nys,1740.0
2019-05-27,wiki_nys,1880.0
2019-05-28,wiki_nys,2038.0
2019-05-29,wiki_nys,1953.0
2019-05-30,wiki_nys,1845.0
2019-05-31,wiki_nys,1625.0
2019-06-01,wiki_nys,1509.0
2019-06-02,wiki_nys,1638.0
2019-06-03,wiki_nys,2108.0
2019-06-04,wiki_nys,2324.0
2019-06-05,wiki_nys,2768.0
2019-06-06,wiki_nys,3051.0
2019-06-07,wiki_nys,2605.0
2019-06-08,wiki_nys,2162.0
2019-06-09,wiki_nys,1937.0
2019-06-10,wiki_nys,2325.0
2019-06-11,wiki_nys,1908.0
2019-06-12,wiki_nys,1985.0
2019-06-13,wiki_nys,2251.0
2019-06-14,wiki_nys,2103.0
2019-06-15,wiki_nys,1866.0
2019-06-16,wiki_nys,2512.0
2019-06-17,wiki_nys,2844.0
2019-06-18,wiki_nys,2330.0
2019-06-19,wiki_nys,1773.0
2019-06-20,wiki_nys,1780.0
2019-06-21,wiki_nys,1697.0
2019-06-22,wiki_nys,1698.0
2019-06-23,wiki_nys,1834.0
2019-06-24,wiki_nys,1968.0
2019-06-25,wiki_nys,2033.0
2019-06-26,wiki_nys,1880.0
2019-06-27,wiki_nys,2204.0
2019-06-28,wiki_nys,1755.0
2019-06-29,wiki_nys,1515.0
2019-06-30,wiki_nys,1548.0
2019-07-01,wiki_nys,1874.0
2019-07-02,wiki_nys,1777.0
2019-07-03,wiki_nys,1798.0
2019-07-04,wiki_nys,1667.0
2019-07-05,wiki_nys,1682.0
2019-07-06,wiki_nys,1840.0
2019-07-07,wiki_nys,1997.0
2019-07-08,wiki_nys,2058.0
2019-07-09,wiki_nys,1850.0
2019-07-10,wiki_nys,2182.0
2019-07-11,wiki_nys,1769.0
2019-07-12,wiki_nys,1770.0
2019-07-13,wiki_nys,1531.0
2019-07-14,wiki_nys,2035.0
2019-07-15,wiki_nys,2302.0
2019-07-16,wiki_nys,50313.0
2019-07-17,wiki_nys,57962.0
2019-07-18,wiki_nys,27759.0
2019-07-19,wiki_nys,14557.0
2019-07-20,wiki_nys,8446.0
2019-07-21,wiki_nys,5899.0
2019-07-22,wiki_nys,4902.0
2019-07-23,wiki_nys,4445.0
2019-07-24,wiki_nys,3765.0
2019-07-25,wiki_nys,3693.0
2019-07-26,wiki_nys,3833.0
2019-07-27,wiki_nys,3499.0
2019-07-28,wiki_nys,3231.0
2019-07-29,wiki_nys,3579.0
2019-07-30,wiki_nys,4099.0
2019-07-31,wiki_nys,2990.0
2019-08-01,wiki_nys,42567.0
2019-08-02,wiki_nys,32730.0
2019-08-03,wiki_nys,18528.0
2019-08-04,wiki_nys,23509.0
2019-08-05,wiki_nys,12377.0
2019-08-06,wiki_nys,7409.0
2019-08-07,wiki_nys,4906.0
2019-08-08,wiki_nys,3968.0
2019-08-09,wiki_nys,3798.0
2019-08-10,wiki_nys,3180.0
2019-08-11,wiki_nys,3077.0
2019-08-12,wiki_nys,2695.0
2019-08-13,wiki_nys,2590.0
2019-08-14,wiki_nys,2895.0
2019-08-15,wiki_nys,3779.0
2019-08-16,wiki_nys,2848.0
2019-08-17,wiki_nys,2527.0
2019-08-18,wiki_nys,2496.0
2019-08-19,wiki_nys,67573.0
2019-08-20,wiki_nys,48371.0
2019-08-21,wiki_nys,11983.0
2019-08-22,wiki_nys,7470.0
2019-08-23,wiki_nys,4777.0
2019-08-24,wiki_nys,3276.0
2019-08-25,wiki_nys,3381.0
2019-08-26,wiki_nys,3701.0
2019-08-27,wiki_nys,3077.0
2019-08-28,wiki_nys,3572.0
2019-08-29,wiki_nys,3254.0
2019-08-30,wiki_nys,2684.0
2019-08-31,wiki_nys,2592.0
2019-09-01,wiki_nys,2411.0
2019-09-02,wiki_nys,2491.0
2019-09-03,wiki_nys,2609.0
2019-09-04,wiki_nys,2497.0
2019-09-05,wiki_nys,2665.0
2019-09-06,wiki_nys,2409.0
2019-09-07,wiki_nys,2014.0
2019-09-08,wiki_nys,2150.0
2019-09-09,wiki_nys,2597.0
2019-09-10,wiki_nys,2567.0
2019-09-11,wiki_nys,3011.0
2019-09-12,wiki_nys,2747.0
2019-09-13,wiki_nys,2620.0
2019-09-14,wiki_nys,2224.0
2019-09-15,wiki_nys,2429.0
2019-09-16,wiki_nys,2682.0
2019-09-17,wiki_nys,5663.0
2019-09-18,wiki_nys,4711.0
2019-09-19,wiki_nys,3911.0
2019-09-20,wiki_nys,3078.0
2019-09-21,wiki_nys,2689.0
2019-09-22,wiki_nys,2650.0
2019-09-23,wiki_nys,3126.0
2019-09-24,wiki_nys,3047.0
2019-09-25,wiki_nys,2828.0
2019-09-26,wiki_nys,3854.0
2019-09-27,wiki_nys,3230.0
2019-09-28,wiki_nys,2214.0
2019-09-29,wiki_nys,2497.0
2019-09-30,wiki_nys,2817.0
2019-10-01,wiki_nys,3748.0
2019-10-02,wiki_nys,3675.0
2019-10-03,wiki_nys,3814.0
2019-10-04,wiki_nys,2990.0
2019-10-05,wiki_nys,2170.0
2019-10-06,wiki_nys,2349.0
2019-10-07,wiki_nys,2696.0
2019-10-08,wiki_nys,2583.0
2019-10-09,wiki_nys,2695.0
2019-10-10,wiki_nys,2738.0
2019-10-11,wiki_nys,2340.0
2019-10-12,wiki_nys,1919.0
2019-10-13,wiki_nys,2341.0
2019-10-14,wiki_nys,2674.0
2019-10-15,wiki_nys,3137.0
2019-10-16,wiki_nys,3766.0
2019-10-17,wiki_nys,4033.0
2019-10-18,wiki_nys,2973.0
2019-10-19,wiki_nys,2078.0
2019-10-20,wiki_nys,2232.0
2019-10-21,wiki_nys,3141.0
2019-10-22,wiki_nys,2727.0
2019-10-23,wiki_nys,2529.0
2019-10-24,wiki_nys,3687.0
2019-10-25,wiki_nys,2873.0
2019-10-26,wiki_nys,2062.0
2019-10-27,wiki_nys,2121.0
2019-10-28,wiki_nys,2587.0
2019-10-29,wiki_nys,2540.0
2019-10-30,wiki_nys,2830.0
2019-10-31,wiki_nys,4086.0
2019-11-01,wiki_nys,2478.0
2019-11-02,wiki_nys,2345.0
2019-11-03,wiki_nys,2333.0
2019-11-04,wiki_nys,2925.0
2019-11-05,wiki_nys,2830.0
2019-11-06,wiki_nys,2775.0
2019-11-07,wiki_nys,2827.0
2019-11-08,wiki_nys,2520.0
2019-11-09,wiki_nys,1788.0
2019-11-10,wiki_nys,2208.0
2019-11-11,wiki_nys,2916.0
2019-11-12,wiki_nys,2740.0
2019-11-13,wiki_nys,3095.0
2019-11-14,wiki_nys,3904.0
2019-11-15,wiki_nys,2663.0
2019-11-16,wiki_nys,1900.0
2019-11-17,wiki_nys,2161.0
2019-11-18,wiki_nys,2831.0
2019-11-19,wiki_nys,2786.0
2019-11-20,wiki_nys,2707.0
2019-11-21,wiki_nys,2659.0
2019-11-22,wiki_nys,2334.0
2019-11-23,wiki_nys,1964.0
2019-11-24,wiki_nys,2264.0
2019-11-25,wiki_nys,3017.0
2019-11-26,wiki_nys,4447.0
2019-11-27,wiki_nys,3875.0
2019-11-28,wiki_nys,8943.0
2019-11-29,wiki_nys,3627.0
2019-11-30,wiki_nys,2513.0
2019-12-01,wiki_nys,2708.0
2019-12-02,wiki_nys,2858.0
2019-12-03,wiki_nys,3229.0
2019-12-04,wiki_nys,3019.0
2019-12-05,wiki_nys,3020.0
2019-12-06,wiki_nys,2720.0
2019-12-07,wiki_nys,2010.0
2019-12-08,wiki_nys,2051.0
2019-12-09,wiki_nys,2682.0
2019-12-10,wiki_nys,2558.0
2019-12-11,wiki_nys,2670.0
2019-12-12,wiki_nys,2886.0
2019-12-13,wiki_nys,2427.0
2019-12-14,wiki_nys,2625.0
2019-12-15,wiki_nys,2009.0
2019-12-16,wiki_nys,2386.0
2019-12-17,wiki_nys,2215.0
2019-12-18,wiki_nys,2090.0
2019-12-19,wiki_nys,1950.0
2019-12-20,wiki_nys,1805.0
2019-12-21,wiki_nys,1670.0
2019-12-22,wiki_nys,1465.0
2019-12-23,wiki_nys,1433.0
2019-12-24,wiki_nys,1310.0
2019-12-25,wiki_nys,1599.0
2019-12-26,wiki_nys,2255.0
2019-12-27,wiki_nys,2736.0
2019-12-28,wiki_nys,2135.0
2019-12-29,wiki_nys,1935.0
2019-12-30,wiki_nys,2769.0
2019-12-31,wiki_nys,2386.0
2020-01-01,wiki_nys,1975.0
2020-01-02,wiki_nys,2135.0
2020-01-03,wiki_nys,2290.0
2020-01-04,wiki_nys,2136.0
2020-01-05,wiki_nys,1931.0
2020-01-06,wiki_nys,2206.0
2020-01-07,wiki_nys,1902.0
2020-01-08,wiki_nys,1793.0
2020-01-09,wiki_nys,2101.0
2020-01-10,wiki_nys,1889.0
2020-01-11,wiki_nys,1545.0
2020-01-12,wiki_nys,1656.0
2020-01-13,wiki_nys,2032.0
2020-01-14,wiki_nys,2125.0
2020-01-15,wiki_nys,2152.0
2020-01-16,wiki_nys,2686.0
2020-01-17,wiki_nys,3924.0
2020-01-18,wiki_nys,1624.0
2020-01-19,wiki_nys,1716.0
2020-01-20,wiki_nys,2057.0
2020-01-21,wiki_nys,2470.0
2020-01-22,wiki_nys,2072.0
2020-01-23,wiki_nys,2042.0
2020-01-24,wiki_nys,2643.0
2020-01-25,wiki_nys,1585.0
2020-01-26,wiki_nys,1791.0
2020-01-27,wiki_nys,2915.0
2020-01-28,wiki_nys,2486.0
2020-01-29,wiki_nys,2492.0
2020-01-30,wiki_nys,2359.0
2020-01-31,wiki_nys,2189.0
2020-02-01,wiki_nys,1707.0
2020-02-02,wiki_nys,1894.0
2020-02-03,wiki_nys,2680.0
2020-02-04,wiki_nys,6087.0
2020-02-05,wiki_nys,4660.0
2020-02-06,wiki_nys,3081.0
2020-02-07,wiki_nys,2851.0
2020-02-08,wiki_nys,2351.0
2020-02-09,wiki_nys,3113.0
2020-02-10,wiki_nys,3221.0
2020-02-11,wiki_nys,4108.0
2020-02-12,wiki_nys,3928.0
2020-02-13,wiki_nys,2928.0
2020-02-14,wiki_nys,2364.0
2020-02-15,wiki_nys,2371.0
2020-02-16,wiki_nys,2578.0
2020-02-17,wiki_nys,2920.0
2020-02-18,wiki_nys,2526.0
2020-02-19,wiki_nys,2639.0
2020-02-20,wiki_nys,3000.0
2020-02-21,wiki_nys,2474.0
2020-02-22,wiki_nys,2075.0
2020-02-23,wiki_nys,2100.0
2020-02-24,wiki_nys,2618.0
2020-02-25,wiki_nys,2603.0
2020-02-26,wiki_nys,2756.0
2020-02-27,wiki_nys,2613.0
2020-02-28,wiki_nys,2387.0
2020-02-29,wiki_nys,1912.0
2020-03-01,wiki_nys,2038.0
2020-03-02,wiki_nys,2718.0
2020-03-03,wiki_nys,2437.0
2020-03-04,wiki_nys,2240.0
2020-03-05,wiki_nys,2919.0
2020-03-06,wiki_nys,2806.0
2020-03-07,wiki_nys,2012.0
2020-03-08,wiki_nys,2013.0
2020-03-09,wiki_nys,2510.0
2020-03-10,wiki_nys,2157.0
2020-03-11,wiki_nys,2048.0
2020-03-12,wiki_nys,1921.0
2020-03-13,wiki_nys,1505.0
2020-03-14,wiki_nys,1629.0
2020-03-15,wiki_nys,1559.0
2020-03-16,wiki_nys,1632.0
2020-03-17,wiki_nys,1565.0
2020-03-18,wiki_nys,1548.0
2020-03-19,wiki_nys,1620.0
2020-03-20,wiki_nys,1460.0
2020-03-21,wiki_nys,1580.0
2020-03-22,wiki_nys,1601.0
2020-03-23,wiki_nys,1681.0
2020-03-24,wiki_nys,1747.0
2020-03-25,wiki_nys,1645.0
2020-03-26,wiki_nys,1957.0
2020-03-27,wiki_nys,1831.0
2020-03-28,wiki_nys,1954.0
2020-03-29,wiki_nys,2298.0
2020-03-30,wiki_nys,2318.0
2020-03-31,wiki_nys,2134.0
2020-04-01,wiki_nys,1818.0
2020-04-02,wiki_nys,1798.0
2020-04-03,wiki_nys,1958.0
2020-04-04,wiki_nys,1915.0
2020-04-05,wiki_nys,1906.0
2020-04-06,wiki_nys,1884.0
2020-04-07,wiki_nys,1998.0
2020-04-08,wiki_nys,8625.0
2020-04-09,wiki_nys,5536.0
2020-04-10,wiki_nys,2324.0
2020-04-11,wiki_nys,1977.0
2020-04-12,wiki_nys,2134.0
2020-04-13,wiki_nys,2167.0
2020-04-14,wiki_nys,2268.0
2020-04-15,wiki_nys,1985.0
2020-04-16,wiki_nys,1971.0
2020-04-17,wiki_nys,1884.0
2020-04-18,wiki_nys,2495.0
2020-04-19,wiki_nys,2290.0
2020-04-20,wiki_nys,2415.0
2020-04-21,wiki_nys,2300.0
2020-04-22,wiki_nys,2303.0
2020-04-23,wiki_nys,2303.0
2020-04-24,wiki_nys,2167.0
2020-04-25,wiki_nys,2007.0
2020-04-26,wiki_nys,2218.0
2020-04-27,wiki_nys,2135.0
2020-04-28,wiki_nys,2186.0
2020-04-29,wiki_nys,2314.0
2020-04-30,wiki_nys,2134.0
2020-05-01,wiki_nys,2728.0
2020-05-02,wiki_nys,2296.0
2020-05-03,wiki_nys,2327.0
2020-05-04,wiki_nys,2863.0
2020-05-05,wiki_nys,2582.0
2020-05-06,wiki_nys,3837.0
2020-05-07,wiki_nys,19522.0
2020-05-08,wiki_nys,18034.0
2020-05-09,wiki_nys,10149.0
2020-05-10,wiki_nys,5665.0
2020-05-11,wiki_nys,8624.0
2020-05-12,wiki_nys,14933.0
2020-05-13,wiki_nys,17843.0
2020-05-14,wiki_nys,17086.0
2020-05-15,wiki_nys,15002.0
2020-05-16,wiki_nys,17599.0
2020-05-17,wiki_nys,19487.0
2020-05-18,wiki_nys,12661.0
2020-05-19,wiki_nys,10535.0
2020-05-20,wiki_nys,9135.0
2020-05-21,wiki_nys,8399.0
2020-05-22,wiki_nys,7777.0
2020-05-23,wiki_nys,7403.0
2020-05-24,wiki_nys,7003.0
2020-05-25,wiki_nys,6085.0
2020-05-26,wiki_nys,28381.0
2020-05-27,wiki_nys,116353.0
2020-05-28,wiki_nys,164410.0
2020-05-29,wiki_nys,192184.0
2020-05-30,wiki_nys,212122.0
2020-05-31,wiki_nys,211702.0
2020-06-01,wiki_nys,222365.0
2020-06-02,wiki_nys,187493.0
2020-06-03,wiki_nys,161404.0
2020-06-04,wiki_nys,141298.0
2020-06-05,wiki_nys,97107.0
2020-06-06,wiki_nys,78528.0
2020-06-07,wiki_nys,66182.0
2020-06-08,wiki_nys,55325.0
2020-06-09,wiki_nys,64720.0
2020-06-10,wiki_nys,52297.0
2020-06-11,wiki_nys,37529.0
2020-06-12,wiki_nys,36691.0
2020-06-13,wiki_nys,29451.0
2020-06-14,wiki_nys,26998.0
2020-06-15,wiki_nys,25338.0
2020-06-16,wiki_nys,24916.0
2020-06-17,wiki_nys,23698.0
2020-06-18,wiki_nys,22625.0
2020-06-19,wiki_nys,20340.0
2020-06-20,wiki_nys,20505.0
2020-06-21,wiki_nys,16247.0
2020-06-22,wiki_nys,13965.0
2020-06-23,wiki_nys,11141.0
2020-06-24,wiki_nys,10016.0
2020-06-25,wiki_nys,10403.0
2020-06-26,wiki_nys,11006.0
2020-06-27,wiki_nys,9889.0
2020-06-28,wiki_nys,8760.0
2020-06-29,wiki_nys,9323.0
2020-06-30,wiki_nys,8432.0
2020-07-01,wiki_nys,8053.0
2020-07-02,wiki_nys,7080.0
2020-07-03,wiki_nys,6549.0
2020-07-04,wiki_nys,6568.0
2020-07-05,wiki_nys,6370.0
2020-07-06,wiki_nys,6989.0
2020-07-07,wiki_nys,7131.0
2020-07-08,wiki_nys,7203.0
2020-07-09,wiki_nys,5797.0
2020-07-10,wiki_nys,5099.0
2020-07-11,wiki_nys,4718.0
2020-07-12,wiki_nys,5124.0
2020-07-13,wiki_nys,7551.0
2020-07-14,wiki_nys,5111.0
2020-07-15,wiki_nys,6329.0
2020-07-16,wiki_nys,5422.0
2020-07-17,wiki_nys,7119.0
2020-07-18,wiki_nys,5949.0
2020-07-19,wiki_nys,5462.0
2020-07-20,wiki_nys,4646.0
2020-07-21,wiki_nys,4587.0
2020-07-22,wiki_nys,4312.0
2020-07-23,wiki_nys,4623.0
2020-07-24,wiki_nys,4056.0
2020-07-25,wiki_nys,3812.0
2020-07-26,wiki_nys,4046.0
2020-07-27,wiki_nys,3975.0
2020-07-28,wiki_nys,4354.0
2020-07-29,wiki_nys,4166.0
2020-07-30,wiki_nys,4082.0
2020-07-31,wiki_nys,4616.0
2020-08-01,wiki_nys,3777.0
2020-08-02,wiki_nys,3709.0
2020-08-03,wiki_nys,3697.0
2020-08-04,wiki_nys,4001.0
2020-08-05,wiki_nys,3530.0
2020-08-06,wiki_nys,3501.0
2020-08-07,wiki_nys,3015.0
2020-08-08,wiki_nys,2701.0
2020-08-09,wiki_nys,3239.0
2020-08-10,wiki_nys,3401.0
2020-08-11,wiki_nys,3290.0
2020-08-12,wiki_nys,3117.0
2020-08-13,wiki_nys,3091.0
2020-08-14,wiki_nys,3403.0
2020-08-15,wiki_nys,3605.0
2020-08-16,wiki_nys,3340.0
2020-08-17,wiki_nys,3154.0
2020-08-18,wiki_nys,7823.0
2020-08-19,wiki_nys,3494.0
2020-08-20,wiki_nys,18941.0
2020-08-21,wiki_nys,11566.0
2020-08-22,wiki_nys,6740.0
2020-08-23,wiki_nys,4946.0
2020-08-24,wiki_nys,6669.0
2020-08-25,wiki_nys,7371.0
2020-08-26,wiki_nys,7335.0
2020-08-27,wiki_nys,10635.0
2020-08-28,wiki_nys,10222.0
2020-08-29,wiki_nys,7820.0
2020-08-30,wiki_nys,6812.0
2020-08-31,wiki_nys,6050.0
2020-09-01,wiki_nys,5409.0
2020-09-02,wiki_nys,5009.0
2020-09-03,wiki_nys,14198.0
2020-09-04,wiki_nys,8744.0
2020-09-05,wiki_nys,6094.0
2020-09-06,wiki_nys,12306.0
2020-09-07,wiki_nys,15172.0
2020-09-08,wiki_nys,27853.0
2020-09-09,wiki_nys,49299.0
2020-09-10,wiki_nys,16211.0
2020-09-11,wiki_nys,9708.0
2020-09-12,wiki_nys,6791.0
2020-09-13,wiki_nys,7886.0
2020-09-14,wiki_nys,10235.0
2020-09-15,wiki_nys,11272.0
2020-09-16,wiki_nys,8610.0
2020-09-17,wiki_nys,6562.0
2020-09-18,wiki_nys,4389.0
2020-09-19,wiki_nys,5485.0
2020-09-20,wiki_nys,4895.0
2020-09-21,wiki_nys,4879.0
2020-09-22,wiki_nys,4237.0
2020-09-23,wiki_nys,5076.0
2020-09-24,wiki_nys,7093.0
2020-09-25,wiki_nys,5482.0
2020-09-26,wiki_nys,4818.0
2020-09-27,wiki_nys,4170.0
2020-09-28,wiki_nys,4161.0
2020-09-29,wiki_nys,4676.0
2020-09-30,wiki_nys,3765.0
2020-10-01,wiki_nys,3717.0
2020-10-02,wiki_nys,3288.0
2020-10-03,wiki_nys,3149.0
2020-10-04,wiki_nys,2986.0
2020-10-05,wiki_nys,4327.0
2020-10-06,wiki_nys,4243.0
2020-10-07,wiki_nys,3276.0
2020-10-08,wiki_nys,3329.0
2020-10-09,wiki_nys,3407.0
2020-10-10,wiki_nys,2569.0
2020-10-11,wiki_nys,3245.0
2020-10-12,wiki_nys,3015.0
2020-10-13,wiki_nys,3160.0
2020-10-14,wiki_nys,3402.0
2020-10-15,wiki_nys,3027.0
2020-10-16,wiki_nys,3109.0
2020-10-17,wiki_nys,2632.0
2020-10-18,wiki_nys,3112.0
2020-10-19,wiki_nys,3509.0
2020-10-20,wiki_nys,3047.0
2020-10-21,wiki_nys,3143.0
2020-10-22,wiki_nys,3090.0
2020-10-23,wiki_nys,2875.0
2020-10-24,wiki_nys,2410.0
2020-10-25,wiki_nys,2747.0
2020-10-26,wiki_nys,2954.0
2020-10-27,wiki_nys,3587.0
2020-10-28,wiki_nys,3648.0
2020-10-29,wiki_nys,3201.0
2020-10-30,wiki_nys,2922.0
2020-10-31,wiki_nys,2369.0
2020-11-01,wiki_nys,2706.0
2020-11-02,wiki_nys,2969.0
2020-11-03,wiki_nys,2962.0
2020-11-04,wiki_nys,2662.0
2020-11-05,wiki_nys,3065.0
2020-11-06,wiki_nys,2655.0
2020-11-07,wiki_nys,2471.0
2020-11-08,wiki_nys,2755.0
2020-11-09,wiki_nys,2725.0
2020-11-10,wiki_nys,2724.0
2020-11-11,wiki_nys,2594.0
2020-11-12,wiki_nys,2802.0
2020-11-13,wiki_nys,2559.0
2020-11-14,wiki_nys,2275.0
2020-11-15,wiki_nys,2415.0
2020-11-16,wiki_nys,2893.0
2020-11-17,wiki_nys,2680.0
2020-11-18,wiki_nys,3744.0
2020-11-19,wiki_nys,3621.0
2020-11-20,wiki_nys,2935.0
2020-11-21,wiki_nys,4593.0
2020-11-22,wiki_nys,2512.0
2020-11-23,wiki_nys,2585.0
2020-11-24,wiki_nys,2517.0
2020-11-25,wiki_nys,4143.0
2020-11-26,wiki_nys,3605.0
2020-11-27,wiki_nys,2537.0
2020-11-28,wiki_nys,2553.0
2020-11-29,wiki_nys,2421.0
2020-11-30,wiki_nys,2805.0
2020-12-01,wiki_nys,2542.0
2020-12-02,wiki_nys,2566.0
2020-12-03,wiki_nys,2722.0
2020-12-04,wiki_nys,2641.0
2020-12-05,wiki_nys,2249.0
2020-12-06,wiki_nys,2329.0
2020-12-07,wiki_nys,2959.0
2020-12-08,wiki_nys,2782.0
2020-12-09,wiki_nys,2770.0
2020-12-10,wiki_nys,2712.0
2020-12-11,wiki_nys,2503.0
2020-12-12,wiki_nys,2087.0
2020-12-13,wiki_nys,2220.0
2020-12-14,wiki_nys,2571.0
2020-12-15,wiki_nys,2307.0
2020-12-16,wiki_nys,2330.0
2020-12-17,wiki_nys,2594.0
2020-12-18,wiki_nys,2959.0
2020-12-19,wiki_nys,2666.0
2020-12-20,wiki_nys,2310.0
2020-12-21,wiki_nys,2082.0
2020-12-22,wiki_nys,2283.0
2020-12-23,wiki_nys,1858.0
2020-12-24,wiki_nys,1710.0
2020-12-25,wiki_nys,1478.0
2020-12-26,wiki_nys,1701.0
2020-12-27,wiki_nys,1934.0
2020-12-28,wiki_nys,1935.0
2020-12-29,wiki_nys,2098.0
2020-12-30,wiki_nys,2571.0
2020-12-31,wiki_nys,2519.0
2021-01-01,wiki_nys,2131.0
2021-01-02,wiki_nys,2184.0
2021-01-03,wiki_nys,2231.0
2021-01-04,wiki_nys,2539.0
2021-01-05,wiki_nys,2755.0
2021-01-06,wiki_nys,2972.0
2021-01-07,wiki_nys,4558.0
2021-01-08,wiki_nys,4841.0
2021-01-09,wiki_nys,3499.0
2021-01-10,wiki_nys,2738.0
2021-01-11,wiki_nys,2818.0
2021-01-12,wiki_nys,2899.0
2021-01-13,wiki_nys,2531.0
2021-01-14,wiki_nys,2633.0
2021-01-15,wiki_nys,2488.0
2021-01-16,wiki_nys,2327.0
2021-01-17,wiki_nys,2307.0
2021-01-18,wiki_nys,3163.0
2021-01-19,wiki_nys,2637.0
2021-01-20,wiki_nys,2440.0
2021-01-21,wiki_nys,2412.0
2021-01-22,wiki_nys,2314.0
2021-01-23,wiki_nys,2116.0
2021-01-24,wiki_nys,2102.0
2021-01-25,wiki_nys,2516.0
2021-01-26,wiki_nys,2939.0
2021-01-27,wiki_nys,2376.0
2021-01-28,wiki_nys,2325.0
2021-01-29,wiki_nys,2149.0
2021-01-30,wiki_nys,2112.0
2021-01-31,wiki_nys,2159.0
2021-02-01,wiki_nys,3710.0
2021-02-02,wiki_nys,4463.0
2021-02-03,wiki_nys,3321.0
2021-02-04,wiki_nys,5203.0
2021-02-05,wiki_nys,3799.0
2021-02-06,wiki_nys,2886.0
2021-02-07,wiki_nys,3133.0
2021-02-08,wiki_nys,3200.0
2021-02-09,wiki_nys,2994.0
2021-02-10,wiki_nys,3200.0
2021-02-11,wiki_nys,3224.0
2021-02-12,wiki_nys,3010.0
2021-02-13,wiki_nys,2825.0
2021-02-14,wiki_nys,2464.0
2021-02-15,wiki_nys,2749.0
2021-02-16,wiki_nys,2746.0
2021-02-17,wiki_nys,2939.0
2021-02-18,wiki_nys,4399.0
2021-02-19,wiki_nys,4115.0
2021-02-20,wiki_nys,2526.0
2021-02-21,wiki_nys,2717.0
2021-02-22,wiki_nys,4290.0
2021-02-23,wiki_nys,9611.0
2021-02-24,wiki_nys,19361.0
2021-02-25,wiki_nys,7679.0
2021-02-26,wiki_nys,4407.0
2021-02-27,wiki_nys,3220.0
2021-02-28,wiki_nys,3020.0
2021-03-01,wiki_nys,3466.0
2021-03-02,wiki_nys,3120.0
2021-03-03,wiki_nys,3153.0
2021-03-04,wiki_nys,3251.0
2021-03-05,wiki_nys,3079.0
2021-03-06,wiki_nys,2685.0
2021-03-07,wiki_nys,3036.0
2021-03-08,wiki_nys,3329.0
2021-03-09,wiki_nys,3234.0
2021-03-10,wiki_nys,3002.0
2021-03-11,wiki_nys,3150.0
2021-03-12,wiki_nys,3342.0
2021-03-13,wiki_nys,3390.0
2021-03-14,wiki_nys,3133.0
2021-03-15,wiki_nys,3311.0
2021-03-16,wiki_nys,3186.0
2021-03-17,wiki_nys,3648.0
2021-03-18,wiki_nys,3905.0
2021-03-19,wiki_nys,3022.0
2021-03-20,wiki_nys,2567.0
2021-03-21,wiki_nys,2628.0
2021-03-22,wiki_nys,2792.0
2021-03-23,wiki_nys,5816.0
2021-03-24,wiki_nys,4537.0
2021-03-25,wiki_nys,3596.0
2021-03-26,wiki_nys,3360.0
2021-03-27,wiki_nys,2731.0
2021-03-28,wiki_nys,2689.0
2021-03-29,wiki_nys,5453.0
2021-03-30,wiki_nys,4805.0
2021-03-31,wiki_nys,5018.0
2021-04-01,wiki_nys,6052.0
2021-04-02,wiki_nys,4410.0
2021-04-03,wiki_nys,3304.0
2021-04-04,wiki_nys,3404.0
2021-04-05,wiki_nys,3632.0
2021-04-06,wiki_nys,4388.0
2021-04-07,wiki_nys,3806.0
2021-04-08,wiki_nys,3992.0
2021-04-09,wiki_nys,4643.0
2021-04-10,wiki_nys,3971.0
2021-04-11,wiki_nys,3854.0
2021-04-12,wiki_nys,5894.0
2021-04-13,wiki_nys,10215.0
2021-04-14,wiki_nys,9576.0
2021-04-15,wiki_nys,9898.0
2021-04-16,wiki_nys,6582.0
2021-04-17,wiki_nys,6195.0
2021-04-18,wiki_nys,5769.0
2021-04-19,wiki_nys,7397.0
2021-04-20,wiki_nys,19738.0
2021-04-21,wiki_nys,33524.0
2021-04-22,wiki_nys,13021.0
2021-04-23,wiki_nys,7730.0
2021-04-24,wiki_nys,6164.0
2021-04-25,wiki_nys,6032.0
2021-04-26,wiki_nys,6633.0
2021-04-27,wiki_nys,5875.0
2021-04-28,wiki_nys,4733.0
2021-04-29,wiki_nys,4470.0
2021-04-30,wiki_nys,3980.0
2021-05-01,wiki_nys,3320.0
2021-05-02,wiki_nys,3044.0
2021-05-03,wiki_nys,3815.0
2021-05-04,wiki_nys,4100.0
2021-05-05,wiki_nys,3655.0
2021-05-06,wiki_nys,3060.0
2021-05-07,wiki_nys,3117.0
2021-05-08,wiki_nys,2376.0
2021-05-09,wiki_nys,2350.0
2021-05-10,wiki_nys,2622.0
2021-05-11,wiki_nys,2557.0
2021-05-12,wiki_nys,2440.0
2021-05-13,wiki_nys,2796.0
2021-05-14,wiki_nys,2303.0
2021-05-15,wiki_nys,1949.0
2021-05-16,wiki_nys,2026.0
2021-05-17,wiki_nys,2298.0
2021-05-18,wiki_nys,3314.0
2021-05-19,wiki_nys,3938.0
2021-05-20,wiki_nys,2797.0
2021-05-21,wiki_nys,2644.0
2021-05-22,wiki_nys,2206.0
2021-05-23,wiki_nys,2203.0
2021-05-24,wiki_nys,2443.0
2021-05-25,wiki_nys,3797.0
2021-05-26,wiki_nys,4097.0
2021-05-27,wiki_nys,2592.0
2021-05-28,wiki_nys,2480.0
2021-05-29,wiki_nys,2610.0
2021-05-30,wiki_nys,2592.0
2021-05-31,wiki_nys,5934.0
2021-06-01,wiki_nys,4139.0
2021-06-02,wiki_nys,3643.0
2021-06-03,wiki_nys,4033.0
2021-06-04,wiki_nys,2880.0
2021-06-05,wiki_nys,2187.0
2021-06-06,wiki_nys,2658.0
2021-06-07,wiki_nys,2551.0
2021-06-08,wiki_nys,2481.0
2021-06-09,wiki_nys,2291.0
2021-06-10,wiki_nys,2423.0
2021-06-11,wiki_nys,2172.0
2021-06-12,wiki_nys,1915.0
2021-06-13,wiki_nys,1845.0
2021-06-14,wiki_nys,2131.0
2021-06-15,wiki_nys,2112.0
2021-06-16,wiki_nys,1875.0
2021-06-17,wiki_nys,1920.0
2021-06-18,wiki_nys,1997.0
2021-06-19,wiki_nys,1964.0
2021-06-20,wiki_nys,2090.0
2021-06-21,wiki_nys,2175.0
2021-06-22,wiki_nys,1890.0
2021-06-23,wiki_nys,2382.0
2021-06-24,wiki_nys,1866.0
2021-06-25,wiki_nys,2946.0
2021-06-26,wiki_nys,2899.0
2021-06-27,wiki_nys,2388.0
2021-06-28,wiki_nys,2008.0
2021-06-29,wiki_nys,1932.0
2021-06-30,wiki_nys,1989.0
2021-07-01,wiki_nys,1713.0
2021-07-02,wiki_nys,1754.0
2021-07-03,wiki_nys,2407.0
2021-07-04,wiki_nys,1677.0
2021-07-05,wiki_nys,1632.0
2021-07-06,wiki_nys,1790.0
2021-07-07,wiki_nys,1881.0
2021-07-08,wiki_nys,1728.0
2021-07-09,wiki_nys,1538.0
2021-07-10,wiki_nys,1552.0
2021-07-11,wiki_nys,1766.0
2021-07-12,wiki_nys,1665.0
2021-07-13,wiki_nys,1696.0
2021-07-14,wiki_nys,1698.0
2021-07-15,wiki_nys,1698.0
2021-07-16,wiki_nys,1532.0
2021-07-17,wiki_nys,2305.0
2021-07-18,wiki_nys,2212.0
2021-07-19,wiki_nys,2665.0
2021-07-20,wiki_nys,1725.0
2021-07-21,wiki_nys,1581.0
2021-07-22,wiki_nys,1773.0
2021-07-23,wiki_nys,1857.0
2021-07-24,wiki_nys,1721.0
2021-07-25,wiki_nys,1807.0
2021-07-26,wiki_nys,1732.0
2021-07-27,wiki_nys,1700.0
2021-07-28,wiki_nys,1755.0
2021-07-29,wiki_nys,1802.0
2021-07-30,wiki_nys,1779.0
2021-07-31,wiki_nys,2454.0
2021-08-01,wiki_nys,1800.0
2021-08-02,wiki_nys,1654.0
2021-08-03,wiki_nys,1569.0
2021-08-04,wiki_nys,1517.0
2021-08-05,wiki_nys,1598.0
2021-08-06,wiki_nys,1644.0
2021-08-07,wiki_nys,1459.0
2021-08-08,wiki_nys,1595.0
2021-08-09,wiki_nys,2034.0
2021-08-10,wiki_nys,1909.0
2021-08-11,wiki_nys,1562.0
2021-08-12,wiki_nys,1581.0
2021-08-13,wiki_nys,1514.0
2021-08-14,wiki_nys,1446.0
2021-08-15,wiki_nys,1504.0
2021-08-16,wiki_nys,1586.0
2021-08-17,wiki_nys,1715.0
2021-08-18,wiki_nys,1533.0
2021-08-19,wiki_nys,1523.0
2021-08-20,wiki_nys,1468.0
2021-08-21,wiki_nys,1368.0
2021-08-22,wiki_nys,1380.0
2021-08-23,wiki_nys,2148.0
2021-08-24,wiki_nys,2078.0
2021-08-25,wiki_nys,1705.0
2021-08-26,wiki_nys,1676.0
2021-08-27,wiki_nys,1733.0
2021-08-28,wiki_nys,1552.0
2021-08-29,wiki_nys,1624.0
2021-08-30,wiki_nys,1951.0
2021-08-31,wiki_nys,1842.0
2021-09-01,wiki_nys,2589.0
2021-09-02,wiki_nys,2574.0
2021-09-03,wiki_nys,1839.0
2021-09-04,wiki_nys,1838.0
2021-09-05,wiki_nys,1662.0
2021-09-06,wiki_nys,1961.0
2021-09-07,wiki_nys,1921.0
2021-09-08,wiki_nys,1873.0
2021-09-09,wiki_nys,2233.0
2021-09-10,wiki_nys,4770.0
2021-09-11,wiki_nys,4549.0
2021-09-12,wiki_nys,2603.0
2021-09-13,wiki_nys,3005.0
2021-09-14,wiki_nys,7377.0
2021-09-15,wiki_nys,3877.0
2021-09-16,wiki_nys,2951.0
2021-09-17,wiki_nys,6647.0
2021-09-18,wiki_nys,7852.0
2021-09-19,wiki_nys,6116.0
2021-09-20,wiki_nys,4431.0
2021-09-21,wiki_nys,3468.0
2021-09-22,wiki_nys,3258.0
2021-09-23,wiki_nys,4431.0
2021-09-24,wiki_nys,3769.0
2021-09-25,wiki_nys,2993.0
2021-09-26,wiki_nys,3087.0
2021-09-27,wiki_nys,2458.0
2021-09-28,wiki_nys,2502.0
2021-09-29,wiki_nys,2455.0
2021-09-30,wiki_nys,2324.0
2021-10-01,wiki_nys,2116.0
2021-10-02,wiki_nys,1891.0
2021-10-03,wiki_nys,1966.0
2021-10-04,wiki_nys,2821.0
2021-10-05,wiki_nys,2388.0
2021-10-06,wiki_nys,2109.0
2021-10-07,wiki_nys,2003.0
2021-10-08,wiki_nys,1956.0
2021-10-09,wiki_nys,1824.0
2021-10-10,wiki_nys,2396.0
2021-10-11,wiki_nys,2906.0
2021-10-12,wiki_nys,2252.0
2021-10-13,wiki_nys,1826.0
2021-10-14,wiki_nys,1943.0
2021-10-15,wiki_nys,1766.0
2021-10-16,wiki_nys,1660.0
2021-10-17,wiki_nys,1858.0
2021-10-18,wiki_nys,1952.0
2021-10-19,wiki_nys,2002.0
2021-10-20,wiki_nys,1981.0
2021-10-21,wiki_nys,1977.0
2021-10-22,wiki_nys,1841.0
2021-10-23,wiki_nys,1768.0
2021-10-24,wiki_nys,1977.0
2021-10-25,wiki_nys,2515.0
2021-10-26,wiki_nys,2499.0
2021-10-27,wiki_nys,2551.0
2021-10-28,wiki_nys,2755.0
2021-10-29,wiki_nys,2184.0
2021-10-30,wiki_nys,1765.0
2021-10-31,wiki_nys,1875.0
2021-11-01,wiki_nys,2066.0
2021-11-02,wiki_nys,2048.0
2021-11-03,wiki_nys,2152.0
2021-11-04,wiki_nys,2200.0
2021-11-05,wiki_nys,2002.0
2021-11-06,wiki_nys,1496.0
2021-11-07,wiki_nys,1695.0
2021-11-08,wiki_nys,2083.0
2021-11-09,wiki_nys,1953.0
2021-11-10,wiki_nys,2143.0
2021-11-11,wiki_nys,2404.0
2021-11-12,wiki_nys,2324.0
2021-11-13,wiki_nys,2007.0
2021-11-14,wiki_nys,2331.0
2021-11-15,wiki_nys,2414.0
2021-11-16,wiki_nys,2355.0
2021-11-17,wiki_nys,2384.0
2021-11-18,wiki_nys,2957.0
2021-11-19,wiki_nys,4574.0
2021-11-20,wiki_nys,7141.0
2021-11-21,wiki_nys,6598.0
2021-11-22,wiki_nys,6192.0
2021-11-23,wiki_nys,5218.0
2021-11-24,wiki_nys,5309.0
2021-11-25,wiki_nys,6971.0
2021-11-26,wiki_nys,8843.0
2021-11-27,wiki_nys,6478.0
2021-11-28,wiki_nys,5811.0
2021-11-29,wiki_nys,4305.0
2021-11-30,wiki_nys,3453.0
2021-12-01,wiki_nys,3668.0
2021-12-02,wiki_nys,3271.0
2021-12-03,wiki_nys,2854.0
2021-12-04,wiki_nys,2878.0
2021-12-05,wiki_nys,3025.0
2021-12-06,wiki_nys,3051.0
2021-12-07,wiki_nys,3638.0
2021-12-08,wiki_nys,4244.0
2021-12-09,wiki_nys,3100.0
2021-12-10,wiki_nys,2868.0
2021-12-11,wiki_nys,2150.0
2021-12-12,wiki_nys,2293.0
2021-12-13,wiki_nys,2446.0
2021-12-14,wiki_nys,2255.0
2021-12-15,wiki_nys,2219.0
2021-12-16,wiki_nys,2209.0
2021-12-17,wiki_nys,2974.0
2021-12-18,wiki_nys,4636.0
2021-12-19,wiki_nys,2387.0
2021-12-20,wiki_nys,2301.0
2021-12-21,wiki_nys,2040.0
2021-12-22,wiki_nys,1969.0
2021-12-23,wiki_nys,2004.0
2021-12-24,wiki_nys,2083.0
2021-12-25,wiki_nys,2016.0
2021-12-26,wiki_nys,1686.0
2021-12-27,wiki_nys,1766.0
2021-12-28,wiki_nys,1521.0
2021-12-29,wiki_nys,1686.0
2021-12-30,wiki_nys,3050.0
2021-12-31,wiki_nys,2092.0
2022-01-01,wiki_nys,1862.0
2022-01-02,wiki_nys,2250.0
2022-01-03,wiki_nys,1951.0
2022-01-04,wiki_nys,1983.0
2022-01-05,wiki_nys,2217.0
2022-01-06,wiki_nys,2222.0
2022-01-07,wiki_nys,1961.0
2022-01-08,wiki_nys,2036.0
2022-01-09,wiki_nys,2162.0
2022-01-10,wiki_nys,2132.0
2022-01-11,wiki_nys,2125.0
2022-01-12,wiki_nys,2145.0
2022-01-13,wiki_nys,2921.0
2022-01-14,wiki_nys,2191.0
2022-01-15,wiki_nys,1943.0
2022-01-16,wiki_nys,2026.0
2022-01-17,wiki_nys,2007.0
2022-01-18,wiki_nys,2148.0
2022-01-19,wiki_nys,2297.0
2022-01-20,wiki_nys,1973.0
2022-01-21,wiki_nys,2127.0
2022-01-22,wiki_nys,2202.0
2022-01-23,wiki_nys,2199.0
2022-01-24,wiki_nys,2197.0
2022-01-25,wiki_nys,2509.0
2022-01-26,wiki_nys,2244.0
2022-01-27,wiki_nys,2525.0
2022-01-28,wiki_nys,2562.0
2022-01-29,wiki_nys,2355.0
2022-01-30,wiki_nys,2232.0
2022-01-31,wiki_nys,2336.0
2022-02-01,wiki_nys,2528.0
2022-02-02,wiki_nys,2753.0
2022-02-03,wiki_nys,3094.0
2022-02-04,wiki_nys,5228.0
2022-02-05,wiki_nys,3945.0
2022-02-06,wiki_nys,3072.0
2022-02-07,wiki_nys,3193.0
2022-02-08,wiki_nys,3396.0
2022-02-09,wiki_nys,3176.0
2022-02-10,wiki_nys,3268.0
2022-02-11,wiki_nys,2894.0
2022-02-12,wiki_nys,2239.0
2022-02-13,wiki_nys,2635.0
2022-02-14,wiki_nys,2476.0
2022-02-15,wiki_nys,2713.0
2022-02-16,wiki_nys,2654.0
2022-02-17,wiki_nys,2847.0
2022-02-18,wiki_nys,2712.0
2022-02-19,wiki_nys,2361.0
2022-02-20,wiki_nys,2309.0
2022-02-21,wiki_nys,2329.0
2022-02-22,wiki_nys,2327.0
2022-02-23,wiki_nys,2862.0
2022-02-24,wiki_nys,2527.0
2022-02-25,wiki_nys,2779.0
2022-02-26,wiki_nys,2073.0
2022-02-27,wiki_nys,5124.0
2022-02-28,wiki_nys,3187.0
2022-03-01,wiki_nys,2699.0
2022-03-02,wiki_nys,2116.0
2022-03-03,wiki_nys,2136.0
2022-03-04,wiki_nys,2092.0
2022-03-05,wiki_nys,1598.0
2022-03-06,wiki_nys,1847.0
2022-03-07,wiki_nys,2228.0
2022-03-08,wiki_nys,2240.0
2022-03-09,wiki_nys,2124.0
2022-03-10,wiki_nys,2147.0
2022-03-11,wiki_nys,2057.0
2022-03-12,wiki_nys,1773.0
2022-03-13,wiki_nys,1852.0
2022-03-14,wiki_nys,2070.0
2022-03-15,wiki_nys,2188.0
2022-03-16,wiki_nys,2059.0
2022-03-17,wiki_nys,1947.0
2022-03-18,wiki_nys,1823.0
2022-03-19,wiki_nys,1549.0
2022-03-20,wiki_nys,1963.0
2022-03-21,wiki_nys,2029.0
2022-03-22,wiki_nys,1907.0
2022-03-23,wiki_nys,1984.0
2022-03-24,wiki_nys,2151.0
2022-03-25,wiki_nys,1680.0
2022-03-26,wiki_nys,2059.0
2022-03-27,wiki_nys,1844.0
2022-03-28,wiki_nys,2029.0
2022-03-29,wiki_nys,1989.0
2022-03-30,wiki_nys,1994.0
2022-03-31,wiki_nys,2256.0
2022-04-01,wiki_nys,3648.0
2022-04-02,wiki_nys,2330.0
2022-04-03,wiki_nys,2123.0
2022-04-04,wiki_nys,2151.0
2022-04-05,wiki_nys,2070.0
2022-04-06,wiki_nys,2160.0
2022-04-07,wiki_nys,2124.0
2022-04-08,wiki_nys,1720.0
2022-04-09,wiki_nys,1629.0
2022-04-10,wiki_nys,1774.0
2022-04-11,wiki_nys,1998.0
2022-04-12,wiki_nys,1952.0
2022-04-13,wiki_nys,2038.0
2022-04-14,wiki_nys,2070.0
2022-04-15,wiki_nys,1720.0
2022-04-16,wiki_nys,1728.0
2022-04-17,wiki_nys,1740.0
2022-04-18,wiki_nys,1910.0
2022-04-19,wiki_nys,2037.0
2022-04-20,wiki_nys,2000.0
2022-04-21,wiki_nys,2160.0
2022-04-22,wiki_nys,1769.0
2022-04-23,wiki_nys,1461.0
2022-04-24,wiki_nys,1722.0
2022-04-25,wiki_nys,2590.0
2022-04-26,wiki_nys,2161.0
2022-04-27,wiki_nys,2066.0
2022-04-28,wiki_nys,2036.0
2022-04-29,wiki_nys,1941.0
2022-04-30,wiki_nys,1431.0
2022-05-01,wiki_nys,1795.0
2022-05-02,wiki_nys,2184.0
2022-05-03,wiki_nys,2002.0
2022-05-04,wiki_nys,2002.0
2022-05-05,wiki_nys,2034.0
2022-05-06,wiki_nys,1659.0
2022-05-07,wiki_nys,1409.0
2022-05-08,wiki_nys,1559.0
2022-05-09,wiki_nys,1876.0
2022-05-10,wiki_nys,1872.0
2022-05-11,wiki_nys,2078.0
2022-05-12,wiki_nys,2027.0
2022-05-13,wiki_nys,1652.0
2022-05-14,wiki_nys,1513.0
2022-05-15,wiki_nys,2040.0
2022-05-16,wiki_nys,2390.0
2022-05-17,wiki_nys,2523.0
2022-05-18,wiki_nys,2610.0
2022-05-19,wiki_nys,3165.0
2022-05-20,wiki_nys,2196.0
2022-05-21,wiki_nys,1859.0
2022-05-22,wiki_nys,1873.0
2022-05-23,wiki_nys,2250.0
2022-05-24,wiki_nys,2170.0
2022-05-25,wiki_nys,2314.0
2022-05-26,wiki_nys,3096.0
2022-05-27,wiki_nys,2324.0
2022-05-28,wiki_nys,1799.0
2022-05-29,wiki_nys,2162.0
2022-05-30,wiki_nys,2252.0
2022-05-31,wiki_nys,2100.0
2022-06-01,wiki_nys,2083.0
2022-06-02,wiki_nys,2024.0
2022-06-03,wiki_nys,1778.0
2022-06-04,wiki_nys,1870.0
2022-06-05,wiki_nys,1930.0
2022-06-06,wiki_nys,37127.0
2022-06-07,wiki_nys,7839.0
2022-06-08,wiki_nys,2199.0
2022-06-09,wiki_nys,1990.0
2022-06-10,wiki_nys,1792.0
2022-06-11,wiki_nys,1682.0
2022-06-12,wiki_nys,1972.0
2022-06-13,wiki_nys,1852.0
2022-06-14,wiki_nys,1740.0
2022-06-15,wiki_nys,2275.0
2022-06-16,wiki_nys,1930.0
2022-06-17,wiki_nys,1754.0
2022-06-18,wiki_nys,1727.0
2022-06-19,wiki_nys,1822.0
2022-06-20,wiki_nys,2115.0
2022-06-21,wiki_nys,2113.0
2022-06-22,wiki_nys,2143.0
2022-06-23,wiki_nys,1978.0
2022-06-24,wiki_nys,1786.0
2022-06-25,wiki_nys,1753.0
2022-06-26,wiki_nys,1790.0
2022-06-27,wiki_nys,1975.0
2022-06-28,wiki_nys,1803.0
2022-06-29,wiki_nys,2120.0
2022-06-30,wiki_nys,1907.0
2022-07-01,wiki_nys,2033.0
2022-07-02,wiki_nys,2273.0
2022-07-03,wiki_nys,2888.0
2022-07-04,wiki_nys,4229.0
2022-07-05,wiki_nys,2606.0
2022-07-06,wiki_nys,2483.0
2022-07-07,wiki_nys,2313.0
2022-07-08,wiki_nys,2071.0
2022-07-09,wiki_nys,1787.0
2022-07-10,wiki_nys,1779.0
2022-07-11,wiki_nys,2026.0
2022-07-12,wiki_nys,1812.0
2022-07-13,wiki_nys,1645.0
2022-07-14,wiki_nys,1661.0
2022-07-15,wiki_nys,1753.0
2022-07-16,wiki_nys,2118.0
2022-07-17,wiki_nys,4503.0
2022-07-18,wiki_nys,4506.0
2022-07-19,wiki_nys,2691.0
2022-07-20,wiki_nys,1851.0
2022-07-21,wiki_nys,1877.0
2022-07-22,wiki_nys,1728.0
2022-07-23,wiki_nys,1609.0
2022-07-24,wiki_nys,1684.0
2022-07-25,wiki_nys,1629.0
2022-07-26,wiki_nys,1632.0
2022-07-27,wiki_nys,1696.0
2022-07-28,wiki_nys,1618.0
2022-07-29,wiki_nys,1609.0
2022-07-30,wiki_nys,1658.0
2022-07-31,wiki_nys,1684.0
2022-08-01,wiki_nys,1640.0
2022-08-02,wiki_nys,1646.0
2022-08-03,wiki_nys,1542.0
2022-08-04,wiki_nys,1658.0
2022-08-05,wiki_nys,1939.0
2022-08-06,wiki_nys,1594.0
2022-08-07,wiki_nys,1805.0
2022-08-08,wiki_nys,1884.0
2022-08-09,wiki_nys,1581.0
2022-08-10,wiki_nys,1607.0
2022-08-11,wiki_nys,1494.0
2022-08-12,wiki_nys,1651.0
2022-08-13,wiki_nys,1531.0
2022-08-14,wiki_nys,1812.0
2022-08-15,wiki_nys,1677.0
2022-08-16,wiki_nys,1607.0
2022-08-17,wiki_nys,1644.0
2022-08-18,wiki_nys,1674.0
2022-08-19,wiki_nys,1712.0
2022-08-20,wiki_nys,1512.0
2022-08-21,wiki_nys,1604.0
2022-08-22,wiki_nys,1882.0
2022-08-23,wiki_nys,1686.0
2022-08-24,wiki_nys,1765.0
2022-08-25,wiki_nys,1721.0
2022-08-26,wiki_nys,1528.0
2022-08-27,wiki_nys,1446.0
2022-08-28,wiki_nys,1657.0
2022-08-29,wiki_nys,1731.0
2022-08-30,wiki_nys,1701.0
2022-08-31,wiki_nys,1678.0
2022-09-01,wiki_nys,1794.0
2022-09-02,wiki_nys,1620.0
2022-09-03,wiki_nys,1410.0
2022-09-04,wiki_nys,1503.0
2022-09-05,wiki_nys,1579.0
2022-09-06,wiki_nys,1726.0
2022-09-07,wiki_nys,1580.0
2022-09-08,wiki_nys,1473.0
2022-09-09,wiki_nys,1524.0
2022-09-10,wiki_nys,1498.0
2022-09-11,wiki_nys,1582.0
2022-09-12,wiki_nys,1954.0
2022-09-13,wiki_nys,2417.0
2022-09-14,wiki_nys,1737.0
2022-09-15,wiki_nys,1816.0
2022-09-16,wiki_nys,1775.0
2022-09-17,wiki_nys,1507.0
2022-09-18,wiki_nys,1494.0
2022-09-19,wiki_nys,1859.0
2022-09-20,wiki_nys,1792.0
2022-09-21,wiki_nys,1756.0
2022-09-22,wiki_nys,1666.0
2022-09-23,wiki_nys,1579.0
2022-09-24,wiki_nys,1727.0
2022-09-25,wiki_nys,1707.0
2022-09-26,wiki_nys,1699.0
2022-09-27,wiki_nys,1613.0
2022-09-28,wiki_nys,1767.0
2022-09-29,wiki_nys,1646.0
2022-09-30,wiki_nys,2128.0
2022-10-01,wiki_nys,1659.0
2022-10-02,wiki_nys,1350.0
2022-10-03,wiki_nys,1674.0
2022-10-04,wiki_nys,1835.0
2022-10-05,wiki_nys,1780.0
2022-10-06,wiki_nys,3040.0
2022-10-07,wiki_nys,2157.0
2022-10-08,wiki_nys,1413.0
2022-10-09,wiki_nys,1591.0
2022-10-10,wiki_nys,1721.0
2022-10-11,wiki_nys,1812.0
2022-10-12,wiki_nys,1731.0
2022-10-13,wiki_nys,1823.0
2022-10-14,wiki_nys,1768.0
2022-10-15,wiki_nys,1525.0
2022-10-16,wiki_nys,1695.0
2022-10-17,wiki_nys,2658.0
2022-10-18,wiki_nys,2217.0
2022-10-19,wiki_nys,2074.0
2022-10-20,wiki_nys,1913.0
2022-10-21,wiki_nys,1682.0
2022-10-22,wiki_nys,1377.0
2022-10-23,wiki_nys,1668.0
2022-10-24,wiki_nys,1813.0
2022-10-25,wiki_nys,1810.0
2022-10-26,wiki_nys,1782.0
2022-10-27,wiki_nys,1843.0
2022-10-28,wiki_nys,1606.0
2022-10-29,wiki_nys,1546.0
2022-10-30,wiki_nys,1743.0
2022-10-31,wiki_nys,1988.0
2022-11-01,wiki_nys,1886.0
2022-11-02,wiki_nys,1760.0
2022-11-03,wiki_nys,1827.0
2022-11-04,wiki_nys,1785.0
2022-11-05,wiki_nys,1528.0
2022-11-06,wiki_nys,1585.0
2022-11-07,wiki_nys,1903.0
2022-11-08,wiki_nys,1707.0
2022-11-09,wiki_nys,1758.0
2022-11-10,wiki_nys,1730.0
2022-11-11,wiki_nys,1560.0
2022-11-12,wiki_nys,1480.0
2022-11-13,wiki_nys,1607.0
2022-11-14,wiki_nys,2017.0
2022-11-15,wiki_nys,2134.0
2022-11-16,wiki_nys,1974.0
2022-11-17,wiki_nys,2013.0
2022-11-18,wiki_nys,1924.0
2022-11-19,wiki_nys,1694.0
2022-11-20,wiki_nys,1700.0
2022-11-21,wiki_nys,1901.0
2022-11-22,wiki_nys,1741.0
2022-11-23,wiki_nys,1582.0
2022-11-24,wiki_nys,1416.0
2022-11-25,wiki_nys,2563.0
2022-11-26,wiki_nys,7714.0
2022-11-27,wiki_nys,3991.0
2022-11-28,wiki_nys,2850.0
2022-11-29,wiki_nys,2321.0
2022-11-30,wiki_nys,2211.0
2022-12-01,wiki_nys,1921.0
2022-12-02,wiki_nys,1727.0
2022-12-03,wiki_nys,1744.0
2022-12-04,wiki_nys,1826.0
2022-12-05,wiki_nys,2138.0
2022-12-06,wiki_nys,2070.0
2022-12-07,wiki_nys,2005.0
2022-12-08,wiki_nys,1737.0
2022-12-09,wiki_nys,1678.0
2022-12-10,wiki_nys,1518.0
2022-12-11,wiki_nys,1499.0
2022-12-12,wiki_nys,1824.0
2022-12-13,wiki_nys,1748.0
2022-12-14,wiki_nys,1730.0
2022-12-15,wiki_nys,1571.0
2022-12-16,wiki_nys,1554.0
2022-12-17,wiki_nys,1301.0
2022-12-18,wiki_nys,1368.0
2022-12-19,wiki_nys,1401.0
2022-12-20,wiki_nys,1454.0
2022-12-21,wiki_nys,1436.0
2022-12-22,wiki_nys,1509.0
2022-12-23,wiki_nys,1367.0
2022-12-24,wiki_nys,1235.0
2022-12-25,wiki_nys,1214.0
2022-12-26,wiki_nys,1195.0
2022-12-27,wiki_nys,1482.0
2022-12-28,wiki_nys,1526.0
2022-12-29,wiki_nys,1638.0
2022-12-30,wiki_nys,1467.0
2022-12-31,wiki_nys,1497.0
2023-01-01,wiki_nys,1326.0
2023-01-02,wiki_nys,1619.0
2023-01-03,wiki_nys,1844.0
2023-01-04,wiki_nys,1745.0
2023-01-05,wiki_nys,1811.0
2023-01-06,wiki_nys,1789.0
2023-01-07,wiki_nys,2056.0
2023-01-08,wiki_nys,1787.0
2023-01-09,wiki_nys,4600.0
2023-01-10,wiki_nys,2189.0
2023-01-11,wiki_nys,1901.0
2023-01-12,wiki_nys,2019.0
2023-01-13,wiki_nys,2091.0
2023-01-14,wiki_nys,1857.0
2023-01-15,wiki_nys,2468.0
2023-01-16,wiki_nys,2162.0
2023-01-17,wiki_nys,2070.0
2023-01-18,wiki_nys,2067.0
2023-01-19,wiki_nys,2098.0
2023-01-20,wiki_nys,1850.0
2023-01-21,wiki_nys,2102.0
2023-01-22,wiki_nys,2695.0
2023-01-23,wiki_nys,3050.0
2023-01-24,wiki_nys,2936.0
2023-01-25,wiki_nys,2407.0
2023-01-26,wiki_nys,2354.0
2023-01-27,wiki_nys,3143.0
2023-01-28,wiki_nys,6648.0
2023-01-29,wiki_nys,6104.0
2023-01-30,wiki_nys,6037.0
2023-01-31,wiki_nys,3896.0
2023-02-01,wiki_nys,4135.0
2023-02-02,wiki_nys,3823.0
2023-02-03,wiki_nys,2697.0
2023-02-04,wiki_nys,3955.0
2023-02-05,wiki_nys,3067.0
2023-02-06,wiki_nys,2658.0
2023-02-07,wiki_nys,2361.0
2023-02-08,wiki_nys,2452.0
2023-02-09,wiki_nys,2367.0
2023-02-10,wiki_nys,1943.0
2023-02-11,wiki_nys,1816.0
2023-02-12,wiki_nys,1681.0
2023-02-13,wiki_nys,1788.0
2023-02-14,wiki_nys,2129.0
2023-02-15,wiki_nys,2163.0
2023-02-16,wiki_nys,2155.0
2023-02-17,wiki_nys,1991.0
2023-02-18,wiki_nys,1822.0
2023-02-19,wiki_nys,1968.0
2023-02-20,wiki_nys,1883.0
2023-02-21,wiki_nys,2047.0
2023-02-22,wiki_nys,2112.0
2023-02-23,wiki_nys,2099.0
2023-02-24,wiki_nys,1862.0
2023-02-25,wiki_nys,1775.0
2023-02-26,wiki_nys,1945.0
2023-02-27,wiki_nys,2302.0
2023-02-28,wiki_nys,2136.0
2023-03-01,wiki_nys,2092.0
2023-03-02,wiki_nys,2110.0
2023-03-03,wiki_nys,2120.0
2023-03-04,wiki_nys,2041.0
2023-03-05,wiki_nys,1904.0
2023-03-06,wiki_nys,2262.0
2023-03-07,wiki_nys,2233.0
2023-03-08,wiki_nys,2198.0
2023-03-09,wiki_nys,2325.0
2023-03-10,wiki_nys,1904.0
2023-03-11,wiki_nys,1635.0
2023-03-12,wiki_nys,1698.0
2023-03-13,wiki_nys,1845.0
2023-03-14,wiki_nys,1871.0
2023-03-15,wiki_nys,1728.0
2023-03-16,wiki_nys,1641.0
2023-03-17,wiki_nys,1532.0
2023-03-18,wiki_nys,1498.0
2023-03-19,wiki_nys,1515.0
2023-03-20,wiki_nys,1938.0
2023-03-21,wiki_nys,1918.0
2023-03-22,wiki_nys,1771.0
2023-03-23,wiki_nys,1726.0
2023-03-24,wiki_nys,1535.0
2023-03-25,wiki_nys,1468.0
2023-03-26,wiki_nys,1534.0
2023-03-27,wiki_nys,1854.0
2023-03-28,wiki_nys,1707.0
2023-03-29,wiki_nys,1703.0
2023-03-30,wiki_nys,1755.0
2023-03-31,wiki_nys,1849.0
2023-04-01,wiki_nys,1412.0
2023-04-02,wiki_nys,1426.0
2023-04-03,wiki_nys,1664.0
2023-04-04,wiki_nys,1888.0
2023-04-05,wiki_nys,1928.0
2023-04-06,wiki_nys,1657.0
2023-04-07,wiki_nys,1540.0
2023-04-08,wiki_nys,1553.0
2023-04-09,wiki_nys,1431.0
2023-04-10,wiki_nys,1705.0
2023-04-11,wiki_nys,1773.0
2023-04-12,wiki_nys,1763.0
2023-04-13,wiki_nys,1636.0
2023-04-14,wiki_nys,1859.0
2023-04-15,wiki_nys,1524.0
2023-04-16,wiki_nys,1480.0
2023-04-17,wiki_nys,1998.0
2023-04-18,wiki_nys,2112.0
2023-04-19,wiki_nys,1876.0
2023-04-20,wiki_nys,1828.0
2023-04-21,wiki_nys,1688.0
2023-04-22,wiki_nys,1650.0
2023-04-23,wiki_nys,1668.0
2023-04-24,wiki_nys,1976.0
2023-04-25,wiki_nys,2058.0
2023-04-26,wiki_nys,1917.0
2023-04-27,wiki_nys,2200.0
2023-04-28,wiki_nys,1762.0
2023-04-29,wiki_nys,1497.0
2023-04-30,wiki_nys,1659.0
2023-05-01,wiki_nys,1813.0
2023-05-02,wiki_nys,1805.0
2023-05-03,wiki_nys,2114.0
2023-05-04,wiki_nys,3292.0
2023-05-05,wiki_nys,3211.0
2023-05-06,wiki_nys,2235.0
2023-05-07,wiki_nys,1964.0
2023-05-08,wiki_nys,1948.0
2023-05-09,wiki_nys,2124.0
2023-05-10,wiki_nys,1907.0
2023-05-11,wiki_nys,1756.0
2023-05-12,wiki_nys,2101.0
2023-05-13,wiki_nys,1602.0
2023-05-14,wiki_nys,1547.0
2023-05-15,wiki_nys,1685.0
2023-05-16,wiki_nys,1782.0
2023-05-17,wiki_nys,1599.0
2023-05-18,wiki_nys,1928.0
2023-05-19,wiki_nys,7256.0
2023-05-20,wiki_nys,3620.0
2023-05-21,wiki_nys,2438.0
2023-05-22,wiki_nys,2399.0
2023-05-23,wiki_nys,1936.0
2023-05-24,wiki_nys,1927.0
2023-05-25,wiki_nys,1766.0
2023-05-26,wiki_nys,1726.0
2023-05-27,wiki_nys,1455.0
2023-05-28,wiki_nys,1417.0
2023-05-29,wiki_nys,1504.0
2023-05-30,wiki_nys,1501.0
2023-05-31,wiki_nys,1550.0
2023-06-01,wiki_nys,1489.0
2023-06-02,wiki_nys,1361.0
2023-06-03,wiki_nys,1320.0
2023-06-04,wiki_nys,1415.0
2023-06-05,wiki_nys,1546.0
2023-06-06,wiki_nys,1485.0
2023-06-07,wiki_nys,1534.0
2023-06-08,wiki_nys,1613.0
2023-06-09,wiki_nys,1697.0
2023-06-10,wiki_nys,1829.0
2023-06-11,wiki_nys,3183.0
2023-06-12,wiki_nys,2154.0
2023-06-13,wiki_nys,2101.0
2023-06-14,wiki_nys,2337.0
2023-06-15,wiki_nys,1973.0
2023-06-16,wiki_nys,1672.0
2023-06-17,wiki_nys,1521.0
2023-06-18,wiki_nys,1558.0
2023-06-19,wiki_nys,1823.0
2023-06-20,wiki_nys,1945.0
2023-06-21,wiki_nys,1647.0
2023-06-22,wiki_nys,1399.0
2023-06-23,wiki_nys,1433.0
2023-06-24,wiki_nys,1338.0
2023-06-25,wiki_nys,1423.0
2023-06-26,wiki_nys,1545.0
2023-06-27,wiki_nys,1487.0
2023-06-28,wiki_nys,1503.0
2023-06-29,wiki_nys,1571.0
2023-06-30,wiki_nys,1557.0
2023-07-01,wiki_nys,1528.0
2023-07-02,wiki_nys,1907.0
2023-07-03,wiki_nys,1859.0
2023-07-04,wiki_nys,1791.0
2023-07-05,wiki_nys,1814.0
2023-07-06,wiki_nys,2007.0
2023-07-07,wiki_nys,1993.0
2023-07-08,wiki_nys,2546.0
2023-07-09,wiki_nys,2596.0
2023-07-10,wiki_nys,2374.0
2023-07-11,wiki_nys,2359.0
2023-07-12,wiki_nys,2143.0
2023-07-13,wiki_nys,2055.0
2023-07-14,wiki_nys,2132.0
2023-07-15,wiki_nys,2176.0
2023-07-16,wiki_nys,2468.0
2023-07-17,wiki_nys,2168.0
2023-07-18,wiki_nys,1962.0
2023-07-19,wiki_nys,1819.0
2023-07-20,wiki_nys,1586.0
2023-07-21,wiki_nys,1749.0
2023-07-22,wiki_nys,1825.0
2023-07-23,wiki_nys,1810.0
2023-07-24,wiki_nys,1717.0
2023-07-25,wiki_nys,1602.0
2023-07-26,wiki_nys,1561.0
2023-07-27,wiki_nys,1515.0
2023-07-28,wiki_nys,1471.0
2023-07-29,wiki_nys,1541.0
2023-07-30,wiki_nys,1593.0
2023-07-31,wiki_nys,1495.0
2023-08-01,wiki_nys,1498.0
2023-08-02,wiki_nys,1526.0
2023-08-03,wiki_nys,1468.0
2023-08-04,wiki_nys,1402.0
2023-08-05,wiki_nys,1376.0
2023-08-06,wiki_nys,1613.0
2023-08-07,wiki_nys,1622.0
2023-08-08,wiki_nys,1759.0
2023-08-09,wiki_nys,1672.0
2023-08-10,wiki_nys,1401.0
2023-08-11,wiki_nys,1488.0
2023-08-12,wiki_nys,1452.0
2023-08-13,wiki_nys,1583.0
2023-08-14,wiki_nys,1591.0
2023-08-15,wiki_nys,1434.0
2023-08-16,wiki_nys,1583.0
2023-08-17,wiki_nys,1550.0
2023-08-18,wiki_nys,1409.0
2023-08-19,wiki_nys,1492.0
2023-08-20,wiki_nys,2817.0
2023-08-21,wiki_nys,1646.0
2023-08-22,wiki_nys,1556.0
2023-08-23,wiki_nys,1563.0
2023-08-24,wiki_nys,1579.0
2023-08-25,wiki_nys,1518.0
2023-08-26,wiki_nys,1378.0
2023-08-27,wiki_nys,1504.0
2023-08-28,wiki_nys,3089.0
2023-08-29,wiki_nys,1741.0
2023-08-30,wiki_nys,1569.0
2023-08-31,wiki_nys,1499.0
2023-09-01,wiki_nys,1484.0
2023-09-02,wiki_nys,1628.0
2023-09-03,wiki_nys,1762.0
2023-09-04,wiki_nys,1702.0
2023-09-05,wiki_nys,1945.0
2023-09-06,wiki_nys,1605.0
2023-09-07,wiki_nys,1649.0
2023-09-08,wiki_nys,1838.0
2023-09-09,wiki_nys,1745.0
2023-09-10,wiki_nys,1698.0
2023-09-11,wiki_nys,2000.0
2023-09-12,wiki_nys,1837.0
2023-09-13,wiki_nys,2057.0
2023-09-14,wiki_nys,1802.0
2023-09-15,wiki_nys,1598.0
2023-09-16,wiki_nys,1571.0
2023-09-17,wiki_nys,1492.0
2023-09-18,wiki_nys,1803.0
2023-09-19,wiki_nys,1655.0
2023-09-20,wiki_nys,1630.0
2023-09-21,wiki_nys,1662.0
2023-09-22,wiki_nys,1690.0
2023-09-23,wiki_nys,1672.0
2023-09-24,wiki_nys,1588.0
2023-09-25,wiki_nys,1719.0
2023-09-26,wiki_nys,1797.0
2023-09-27,wiki_nys,2386.0
2023-09-28,wiki_nys,3340.0
2023-09-29,wiki_nys,1821.0
2023-09-30,wiki_nys,1537.0
2023-10-01,wiki_nys,1695.0
2023-10-02,wiki_nys,1803.0
2023-10-03,wiki_nys,1704.0
2023-10-04,wiki_nys,1806.0
2023-10-05,wiki_nys,1665.0
2023-10-06,wiki_nys,1687.0
2023-10-07,wiki_nys,1450.0
2023-10-08,wiki_nys,1479.0
2023-10-09,wiki_nys,1518.0
2023-10-10,wiki_nys,1647.0
2023-10-11,wiki_nys,1486.0
2023-10-12,wiki_nys,1471.0
2023-10-13,wiki_nys,1721.0
2023-10-14,wiki_nys,1488.0
2023-10-15,wiki_nys,1663.0
2023-10-16,wiki_nys,1538.0
2023-10-17,wiki_nys,1413.0
2023-10-18,wiki_nys,1617.0
2023-10-19,wiki_nys,1486.0
2023-10-20,wiki_nys,1446.0
2023-10-21,wiki_nys,1286.0
2023-10-22,wiki_nys,1479.0
2023-10-23,wiki_nys,1656.0
2023-10-24,wiki_nys,1595.0
2023-10-25,wiki_nys,1640.0
2023-10-26,wiki_nys,1658.0
2023-10-27,wiki_nys,1632.0
2023-10-28,wiki_nys,1416.0
2023-10-29,wiki_nys,1360.0
2023-10-30,wiki_nys,1669.0
2023-10-31,wiki_nys,1524.0
2023-11-01,wiki_nys,1792.0
2023-11-02,wiki_nys,1698.0
2023-11-03,wiki_nys,1544.0
2023-11-04,wiki_nys,1348.0
2023-11-05,wiki_nys,1463.0
2023-11-06,wiki_nys,1736.0
2023-11-07,wiki_nys,6261.0
2023-11-08,wiki_nys,1853.0
2023-11-09,wiki_nys,1692.0
2023-11-10,wiki_nys,1501.0
2023-11-11,wiki_nys,1663.0
2023-11-12,wiki_nys,1504.0
2023-11-13,wiki_nys,1669.0
2023-11-14,wiki_nys,1667.0
2023-11-15,wiki_nys,1828.0
2023-11-16,wiki_nys,1679.0
2023-11-17,wiki_nys,1580.0
2023-11-18,wiki_nys,1362.0
2023-11-19,wiki_nys,1372.0
2023-11-20,wiki_nys,1697.0
2023-11-21,wiki_nys,1568.0
2023-11-22,wiki_nys,1573.0
2023-11-23,wiki_nys,1309.0
2023-11-24,wiki_nys,1187.0
2023-11-25,wiki_nys,2764.0
2023-11-26,wiki_nys,2413.0
2023-11-27,wiki_nys,2016.0
2023-11-28,wiki_nys,1799.0
2023-11-29,wiki_nys,1602.0
2023-11-30,wiki_nys,1826.0
2023-12-01,wiki_nys,1592.0
2023-12-02,wiki_nys,2063.0
2023-12-03,wiki_nys,1503.0
2023-12-04,wiki_nys,2792.0
2023-12-05,wiki_nys,1930.0
2023-12-06,wiki_nys,1840.0
2023-12-07,wiki_nys,1913.0
2023-12-08,wiki_nys,1639.0
2023-12-09,wiki_nys,1314.0
2023-12-10,wiki_nys,1322.0
2023-12-11,wiki_nys,1669.0
2023-12-12,wiki_nys,1470.0
2023-12-13,wiki_nys,1599.0
2023-12-14,wiki_nys,1543.0
2023-12-15,wiki_nys,1444.0
2023-12-16,wiki_nys,1398.0
2023-12-17,wiki_nys,1270.0
2023-12-18,wiki_nys,1401.0
2023-12-19,wiki_nys,1321.0
2023-12-20,wiki_nys,1298.0
2023-12-21,wiki_nys,1378.0
2023-12-22,wiki_nys,1426.0
2023-12-23,wiki_nys,1826.0
2023-12-24,wiki_nys,2144.0
2023-12-25,wiki_nys,1224.0
2023-12-26,wiki_nys,1565.0
2023-12-27,wiki_nys,1419.0
2023-12-28,wiki_nys,1432.0
2023-12-29,wiki_nys,1501.0
2023-12-30,wiki_nys,1560.0
2023-12-31,wiki_nys,1680.0
2024-01-01,wiki_nys,1335.0
2024-01-02,wiki_nys,1543.0
2024-01-03,wiki_nys,1470.0
2024-01-04,wiki_nys,1499.0
2024-01-05,wiki_nys,1638.0
2024-01-06,wiki_nys,1466.0
2024-01-07,wiki_nys,1471.0
2024-01-08,wiki_nys,1527.0
2024-01-09,wiki_nys,1454.0
2024-01-10,wiki_nys,1673.0
2024-01-11,wiki_nys,1726.0
2024-01-12,wiki_nys,1558.0
2024-01-13,wiki_nys,1446.0
2024-01-14,wiki_nys,1468.0
2024-01-15,wiki_nys,1584.0
2024-01-16,wiki_nys,1592.0
2024-01-17,wiki_nys,1684.0
2024-01-18,wiki_nys,1700.0
2024-01-19,wiki_nys,1665.0
2024-01-20,wiki_nys,1385.0
2024-01-21,wiki_nys,1544.0
2024-01-22,wiki_nys,1717.0
2024-01-23,wiki_nys,1639.0
2024-01-24,wiki_nys,1765.0
2024-01-25,wiki_nys,1920.0
2024-01-26,wiki_nys,1675.0
2024-01-27,wiki_nys,1353.0
2024-01-28,wiki_nys,1700.0
2024-01-29,wiki_nys,1791.0
2024-01-30,wiki_nys,1899.0
2024-01-31,wiki_nys,1624.0
2024-02-01,wiki_nys,1871.0
2024-02-02,wiki_nys,2328.0
2024-02-03,wiki_nys,2890.0
2024-02-04,wiki_nys,19621.0
2024-02-05,wiki_nys,3950.0
2024-02-06,wiki_nys,2252.0
2024-02-07,wiki_nys,2001.0
2024-02-08,wiki_nys,2015.0
2024-02-09,wiki_nys,1720.0
2024-02-10,wiki_nys,1423.0
2024-02-11,wiki_nys,1980.0
2024-02-12,wiki_nys,1788.0
2024-02-13,wiki_nys,1798.0
2024-02-14,wiki_nys,2051.0
2024-02-15,wiki_nys,2072.0
2024-02-16,wiki_nys,1828.0
2024-02-17,wiki_nys,1737.0
2024-02-18,wiki_nys,1921.0
2024-02-19,wiki_nys,1795.0
2024-02-20,wiki_nys,1856.0
2024-02-21,wiki_nys,1936.0
2024-02-22,wiki_nys,1824.0
2024-02-23,wiki_nys,1602.0
2024-02-24,wiki_nys,1453.0
2024-02-25,wiki_nys,1585.0
2024-02-26,wiki_nys,1898.0
2024-02-27,wiki_nys,1921.0
2024-02-28,wiki_nys,1984.0
2024-02-29,wiki_nys,1711.0
2024-03-01,wiki_nys,1575.0
2024-03-02,wiki_nys,1468.0
2024-03-03,wiki_nys,1360.0
2024-03-04,wiki_nys,1790.0
2024-03-05,wiki_nys,1758.0
2024-03-06,wiki_nys,1700.0
2024-03-07,wiki_nys,1921.0
2024-03-08,wiki_nys,1607.0
2024-03-09,wiki_nys,1382.0
2024-03-10,wiki_nys,1523.0
2024-03-11,wiki_nys,1526.0
2024-03-12,wiki_nys,1669.0
2024-03-13,wiki_nys,1638.0
2024-03-14,wiki_nys,1691.0
2024-03-15,wiki_nys,1572.0
2024-03-16,wiki_nys,1423.0
2024-03-17,wiki_nys,1649.0
2024-03-18,wiki_nys,1900.0
2024-03-19,wiki_nys,1776.0
2024-03-20,wiki_nys,1786.0
2024-03-21,wiki_nys,1913.0
2024-03-22,wiki_nys,1835.0
2024-03-23,wiki_nys,1685.0
2024-03-24,wiki_nys,1711.0
2024-03-25,wiki_nys,1807.0
2024-03-26,wiki_nys,1882.0
2024-03-27,wiki_nys,1865.0
2024-03-28,wiki_nys,1724.0
2024-03-29,wiki_nys,1669.0
2024-03-30,wiki_nys,1650.0
2024-03-31,wiki_nys,1574.0
2024-04-01,wiki_nys,1747.0
2024-04-02,wiki_nys,1804.0
2024-04-03,wiki_nys,1728.0
2024-04-04,wiki_nys,1854.0
2024-04-05,wiki_nys,1619.0
2024-04-06,wiki_nys,1449.0
2024-04-07,wiki_nys,1515.0
2024-04-08,wiki_nys,1926.0
2024-04-09,wiki_nys,1737.0
2024-04-10,wiki_nys,1777.0
2024-04-11,wiki_nys,2030.0
2024-04-12,wiki_nys,1932.0
2024-04-13,wiki_nys,1577.0
2024-04-14,wiki_nys,1526.0
2024-04-15,wiki_nys,1894.0
2024-04-16,wiki_nys,1979.0
2024-04-17,wiki_nys,2240.0
2024-04-18,wiki_nys,2186.0
2024-04-19,wiki_nys,2077.0
2024-04-20,wiki_nys,1485.0
2024-04-21,wiki_nys,1566.0
2024-04-22,wiki_nys,1831.0
2024-04-23,wiki_nys,1716.0
2024-04-24,wiki_nys,1789.0
2024-04-25,wiki_nys,1780.0
2024-04-26,wiki_nys,1598.0
2024-04-27,wiki_nys,1553.0
2024-04-28,wiki_nys,1499.0
2024-04-29,wiki_nys,1678.0
2024-04-30,wiki_nys,1817.0
2024-05-01,wiki_nys,1945.0
2024-05-02,wiki_nys,1740.0
2024-05-03,wiki_nys,1734.0
2024-05-04,wiki_nys,1444.0
2024-05-05,wiki_nys,1455.0
2024-05-06,wiki_nys,1602.0
2024-05-07,wiki_nys,1498.0
2024-05-08,wiki_nys,1559.0
2024-05-09,wiki_nys,1560.0
2024-05-10,wiki_nys,1534.0
2024-05-11,wiki_nys,1403.0
2024-05-12,wiki_nys,1305.0
2024-05-13,wiki_nys,1479.0
2024-05-14,wiki_nys,1583.0
2024-05-15,wiki_nys,1450.0
2024-05-16,wiki_nys,1537.0
2024-05-17,wiki_nys,1505.0
2024-05-18,wiki_nys,1479.0
2024-05-19,wiki_nys,1349.0
2024-05-20,wiki_nys,1579.0
2024-05-21,wiki_nys,1650.0
2024-05-22,wiki_nys,1781.0
2024-05-23,wiki_nys,1733.0
2024-05-24,wiki_nys,1593.0
2024-05-25,wiki_nys,1671.0
2024-05-26,wiki_nys,1676.0
2024-05-27,wiki_nys,1474.0
2024-05-28,wiki_nys,1467.0
2024-05-29,wiki_nys,1577.0
2024-05-30,wiki_nys,1598.0
2024-05-31,wiki_nys,1766.0
2024-06-01,wiki_nys,1492.0
2024-06-02,wiki_nys,1542.0
2024-06-03,wiki_nys,1640.0
2024-06-04,wiki_nys,1513.0
2024-06-05,wiki_nys,1498.0
2024-06-06,wiki_nys,1440.0
2024-06-07,wiki_nys,1369.0
2024-06-08,wiki_nys,1149.0
2024-06-09,wiki_nys,1467.0
2024-06-10,wiki_nys,1257.0
2024-06-11,wiki_nys,1532.0
2024-06-12,wiki_nys,1485.0
2024-06-13,wiki_nys,1304.0
2024-06-14,wiki_nys,1165.0
2024-06-15,wiki_nys,1129.0
2024-06-16,wiki_nys,1330.0
2024-06-17,wiki_nys,1351.0
2024-06-18,wiki_nys,1321.0
2024-06-19,wiki_nys,1453.0
2024-06-20,wiki_nys,1390.0
2024-06-21,wiki_nys,1119.0
2024-06-22,wiki_nys,1137.0
2024-06-23,wiki_nys,1301.0
2024-06-24,wiki_nys,1314.0
2024-06-25,wiki_nys,1244.0
2024-06-26,wiki_nys,1327.0
2024-06-27,wiki_nys,1210.0
2024-06-28,wiki_nys,1212.0
2024-06-29,wiki_nys,1290.0
2024-06-30,wiki_nys,1158.0
2024-07-01,wiki_nys,1290.0
2024-07-02,wiki_nys,1817.0
2024-07-03,wiki_nys,1636.0
2024-07-04,wiki_nys,1350.0
2024-07-05,wiki_nys,1274.0
2024-07-06,wiki_nys,1340.0
2024-07-07,wiki_nys,1481.0
2024-07-08,wiki_nys,1410.0
2024-07-09,wiki_nys,2097.0
2024-07-10,wiki_nys,2063.0
2024-07-11,wiki_nys,1688.0
2024-07-12,wiki_nys,1473.0
2024-07-13,wiki_nys,1699.0
2024-07-14,wiki_nys,1507.0
2024-07-15,wiki_nys,1396.0
2024-07-16,wiki_nys,1688.0
2024-07-17,wiki_nys,4992.0
2024-07-18,wiki_nys,3269.0
2024-07-19,wiki_nys,1790.0
2024-07-20,wiki_nys,1792.0
2024-07-21,wiki_nys,1504.0
2024-07-22,wiki_nys,1498.0
2024-07-23,wiki_nys,2053.0
2024-07-24,wiki_nys,4902.0
2024-07-25,wiki_nys,4055.0
2024-07-26,wiki_nys,2481.0
2024-07-27,wiki_nys,1810.0
2024-07-28,wiki_nys,1736.0
2024-07-29,wiki_nys,1821.0
2024-07-30,wiki_nys,2086.0
2024-07-31,wiki_nys,2036.0
2024-08-01,wiki_nys,1654.0
2024-08-02,wiki_nys,1468.0
2024-08-03,wiki_nys,1397.0
2024-08-04,wiki_nys,1351.0
2024-08-05,wiki_nys,1446.0
2024-08-06,wiki_nys,1592.0
2024-08-07,wiki_nys,1555.0
2024-08-08,wiki_nys,1495.0
2024-08-09,wiki_nys,1669.0
2024-08-10,wiki_nys,1467.0
2024-08-11,wiki_nys,1477.0
2024-08-12,wiki_nys,1485.0
2024-08-13,wiki_nys,1478.0
2024-08-14,wiki_nys,1419.0
2024-08-15,wiki_nys,1328.0
2024-08-16,wiki_nys,1309.0
2024-08-17,wiki_nys,1285.0
2024-08-18,wiki_nys,1588.0
2024-08-19,wiki_nys,1542.0
2024-08-20,wiki_nys,1449.0
2024-08-21,wiki_nys,1361.0
2024-08-22,wiki_nys,1412.0
2024-08-23,wiki_nys,1328.0
2024-08-24,wiki_nys,1378.0
2024-08-25,wiki_nys,1462.0
2024-08-26,wiki_nys,1546.0
2024-08-27,wiki_nys,1470.0
2024-08-28,wiki_nys,1565.0
2024-08-29,wiki_nys,1587.0
2024-08-30,wiki_nys,1457.0
2024-08-31,wiki_nys,1655.0
2024-09-01,wiki_nys,1167.0
2024-09-02,wiki_nys,1362.0
2024-09-03,wiki_nys,1300.0
2024-09-04,wiki_nys,1284.0
2024-09-05,wiki_nys,1343.0
2024-09-06,wiki_nys,2371.0
2024-09-07,wiki_nys,1885.0
2024-09-08,wiki_nys,1526.0
2024-09-09,wiki_nys,1418.0
2024-09-10,wiki_nys,1594.0
2024-09-11,wiki_nys,1554.0
2024-09-12,wiki_nys,1565.0
2024-09-13,wiki_nys,1445.0
2024-09-14,wiki_nys,1489.0
2024-09-15,wiki_nys,1566.0
2024-09-16,wiki_nys,1751.0
2024-09-17,wiki_nys,2459.0
2024-09-18,wiki_nys,3372.0
2024-09-19,wiki_nys,1756.0
2024-09-20,wiki_nys,1454.0
2024-09-21,wiki_nys,1614.0
2024-09-22,wiki_nys,1548.0
2024-09-23,wiki_nys,1670.0
2024-09-24,wiki_nys,1668.0
2024-09-25,wiki_nys,1703.0
2024-09-26,wiki_nys,2012.0
2024-09-27,wiki_nys,1641.0
2024-09-28,wiki_nys,1400.0
2024-09-29,wiki_nys,1656.0
2024-09-30,wiki_nys,1733.0
2024-10-01,wiki_nys,1900.0
2024-10-02,wiki_nys,2318.0
2024-10-03,wiki_nys,1861.0
2024-10-04,wiki_nys,1554.0
2024-10-05,wiki_nys,1184.0
2024-10-06,wiki_nys,1476.0
2024-10-07,wiki_nys,1614.0
2024-10-08,wiki_nys,23916.0
2024-10-09,wiki_nys,1799.0
2024-10-10,wiki_nys,1556.0
2024-10-11,wiki_nys,1688.0
2024-10-12,wiki_nys,1267.0
2024-10-13,wiki_nys,1482.0
2024-10-14,wiki_nys,1478.0
2024-10-15,wiki_nys,1569.0
2024-10-16,wiki_nys,1613.0
2024-10-17,wiki_nys,1608.0
2024-10-18,wiki_nys,1425.0
2024-10-19,wiki_nys,1234.0
2024-10-20,wiki_nys,1356.0
2024-10-21,wiki_nys,1658.0
2024-10-22,wiki_nys,1713.0
2024-10-23,wiki_nys,1611.0
2024-10-24,wiki_nys,1525.0
2024-10-25,wiki_nys,1421.0
2024-10-26,wiki_nys,1266.0
2024-10-27,wiki_nys,1294.0
2024-10-28,wiki_nys,1505.0
2024-10-29,wiki_nys,1545.0
2024-10-30,wiki_nys,1604.0
2024-10-31,wiki_nys,1399.0
2024-11-01,wiki_nys,1272.0
2024-11-02,wiki_nys,1257.0
2024-11-03,wiki_nys,1523.0
2024-11-04,wiki_nys,1526.0
2024-11-05,wiki_nys,1446.0
2024-11-06,wiki_nys,1394.0
2024-11-07,wiki_nys,1677.0
2024-11-08,wiki_nys,2054.0
2024-11-09,wiki_nys,1845.0
2024-11-10,wiki_nys,1456.0
2024-11-11,wiki_nys,1509.0
2024-11-12,wiki_nys,1576.0
2024-11-13,wiki_nys,1499.0
2024-11-14,wiki_nys,1467.0
2024-11-15,wiki_nys,1396.0
2024-11-16,wiki_nys,1196.0
2024-11-17,wiki_nys,1161.0
2024-11-18,wiki_nys,1483.0
2024-11-19,wiki_nys,1560.0
2024-11-20,wiki_nys,1481.0
2024-11-21,wiki_nys,1519.0
2024-11-22,wiki_nys,1420.0
2024-11-23,wiki_nys,1290.0
2024-11-24,wiki_nys,1522.0
2024-11-25,wiki_nys,2398.0
2024-11-26,wiki_nys,2565.0
2024-11-27,wiki_nys,2167.0
2024-11-28,wiki_nys,6916.0
2024-11-29,wiki_nys,3136.0
2024-11-30,wiki_nys,2146.0
2024-12-01,wiki_nys,1712.0
2024-12-02,wiki_nys,1757.0
2024-12-03,wiki_nys,2111.0
2024-12-04,wiki_nys,1810.0
2024-12-05,wiki_nys,1829.0
2024-12-06,wiki_nys,2392.0
2024-12-07,wiki_nys,1704.0
2024-12-08,wiki_nys,2702.0
2024-12-09,wiki_nys,5233.0
2024-12-10,wiki_nys,3102.0
2024-12-11,wiki_nys,2448.0
2024-12-12,wiki_nys,2287.0
2024-12-13,wiki_nys,1699.0
2024-12-14,wiki_nys,1555.0
2024-12-15,wiki_nys,1724.0
2024-12-16,wiki_nys,1732.0
2024-12-17,wiki_nys,1830.0
2024-12-18,wiki_nys,1845.0
2024-12-19,wiki_nys,1588.0
2024-12-20,wiki_nys,1690.0
2024-12-21,wiki_nys,1504.0
2024-12-22,wiki_nys,1575.0
2024-12-23,wiki_nys,2185.0
2024-12-24,wiki_nys,1749.0
2024-12-25,wiki_nys,1456.0
2024-12-26,wiki_nys,1556.0
2024-12-27,wiki_nys,1745.0
2024-12-28,wiki_nys,2423.0
2024-12-29,wiki_nys,2249.0
2024-12-30,wiki_nys,2815.0
2024-12-31,wiki_nys,1555.0
