name,article,date,views
George Floyd,Killing_of_George_Floyd,2020-05-26,3
George Floyd,Killing_of_George_Floyd,2020-05-27,147
George Floyd,Killing_of_George_Floyd,2020-05-28,1195
George Floyd,Killing_of_George_Floyd,2020-05-29,1842
George Floyd,Killing_of_George_Floyd,2020-05-30,1978
George Floyd,Killing_of_George_Floyd,2020-05-31,1694
George Floyd,Killing_of_George_Floyd,2020-06-01,1803
George Floyd,Killing_of_George_Floyd,2020-06-02,334364
George Floyd,Killing_of_George_Floyd,2020-06-03,723816
George Floyd,Killing_of_George_Floyd,2020-06-04,760588
George Floyd,Killing_of_George_Floyd,2020-06-05,454585
George Floyd,Killing_of_George_Floyd,2020-06-06,304083
George Floyd,Killing_of_George_Floyd,2020-06-07,271422
George Floyd,Killing_of_George_Floyd,2020-06-08,233202
George Floyd,Killing_of_George_Floyd,2020-06-09,202050
George Floyd,Killing_of_George_Floyd,2020-06-10,130190
George Floyd,Killing_of_George_Floyd,2020-06-11,95143
George Floyd,Killing_of_George_Floyd,2020-06-12,77792
George Floyd,Killing_of_George_Floyd,2020-06-13,64984
George Floyd,Killing_of_George_Floyd,2020-06-14,62136
George Floyd,Killing_of_George_Floyd,2020-06-15,65759
George Floyd,Killing_of_George_Floyd,2020-06-16,61518
George Floyd,Killing_of_George_Floyd,2020-06-17,49296
George Floyd,Killing_of_George_Floyd,2020-06-18,51154
George Floyd,Killing_of_George_Floyd,2020-06-19,46165
George Floyd,Killing_of_George_Floyd,2020-06-20,39730
George Floyd,Killing_of_George_Floyd,2020-06-21,39836
George Floyd,Killing_of_George_Floyd,2020-06-22,42950
George Floyd,Killing_of_George_Floyd,2020-06-23,38069
George Floyd,Killing_of_George_Floyd,2020-06-24,30389
George Floyd,Killing_of_George_Floyd,2020-06-25,29537
George Floyd,Killing_of_George_Floyd,2020-06-26,32078
George Floyd,Killing_of_George_Floyd,2020-06-27,29676
George Floyd,Killing_of_George_Floyd,2020-06-28,25448
George Floyd,Killing_of_George_Floyd,2020-06-29,24138
George Floyd,Killing_of_George_Floyd,2020-06-30,20723
George Floyd,Killing_of_George_Floyd,2020-07-01,19652
George Floyd,Killing_of_George_Floyd,2020-07-02,18043
George Floyd,Killing_of_George_Floyd,2020-07-03,17405
George Floyd,Killing_of_George_Floyd,2020-07-04,16337
George Floyd,Killing_of_George_Floyd,2020-07-05,17413
George Floyd,Killing_of_George_Floyd,2020-07-06,16955
George Floyd,Killing_of_George_Floyd,2020-07-07,15255
George Floyd,Killing_of_George_Floyd,2020-07-08,14923
George Floyd,Killing_of_George_Floyd,2020-07-09,18265
George Floyd,Killing_of_George_Floyd,2020-07-10,15070
George Floyd,Killing_of_George_Floyd,2020-07-11,12358
George Floyd,Killing_of_George_Floyd,2020-07-12,12775
George Floyd,Killing_of_George_Floyd,2020-07-13,14557
George Floyd,Killing_of_George_Floyd,2020-07-14,13073
George Floyd,Killing_of_George_Floyd,2020-07-15,14189
George Floyd,Killing_of_George_Floyd,2020-07-16,13660
George Floyd,Killing_of_George_Floyd,2020-07-17,11287
George Floyd,Killing_of_George_Floyd,2020-07-18,10228
George Floyd,Killing_of_George_Floyd,2020-07-19,11361
George Floyd,Killing_of_George_Floyd,2020-07-20,10265
George Floyd,Killing_of_George_Floyd,2020-07-21,10243
George Floyd,Killing_of_George_Floyd,2020-07-22,9330
George Floyd,Killing_of_George_Floyd,2020-07-23,9889
George Floyd,Killing_of_George_Floyd,2020-07-24,8736
George Floyd,Killing_of_George_Floyd,2020-07-25,8296
George Floyd,Killing_of_George_Floyd,2020-07-26,8997
George Floyd,Killing_of_George_Floyd,2020-07-27,9212
George Floyd,Killing_of_George_Floyd,2020-07-28,8648
George Floyd,Killing_of_George_Floyd,2020-07-29,9899
George Floyd,Killing_of_George_Floyd,2020-07-30,8936
George Floyd,Killing_of_George_Floyd,2020-07-31,7649
George Floyd,Killing_of_George_Floyd,2020-08-01,6561
George Floyd,Killing_of_George_Floyd,2020-08-02,6744
George Floyd,Killing_of_George_Floyd,2020-08-03,8656
George Floyd,Killing_of_George_Floyd,2020-08-04,22320
George Floyd,Killing_of_George_Floyd,2020-08-05,16077
George Floyd,Killing_of_George_Floyd,2020-08-06,12274
George Floyd,Killing_of_George_Floyd,2020-08-07,9271
George Floyd,Killing_of_George_Floyd,2020-08-08,7565
George Floyd,Killing_of_George_Floyd,2020-08-09,7227
George Floyd,Killing_of_George_Floyd,2020-08-10,8900
George Floyd,Killing_of_George_Floyd,2020-08-11,13601
George Floyd,Killing_of_George_Floyd,2020-08-12,9887
George Floyd,Killing_of_George_Floyd,2020-08-13,10155
George Floyd,Killing_of_George_Floyd,2020-08-14,27840
George Floyd,Killing_of_George_Floyd,2020-08-15,28522
George Floyd,Killing_of_George_Floyd,2020-08-16,18545
George Floyd,Killing_of_George_Floyd,2020-08-17,14798
George Floyd,Killing_of_George_Floyd,2020-08-18,13659
George Floyd,Killing_of_George_Floyd,2020-08-19,11463
George Floyd,Killing_of_George_Floyd,2020-08-20,10464
George Floyd,Killing_of_George_Floyd,2020-08-21,9863
George Floyd,Killing_of_George_Floyd,2020-08-22,8728
George Floyd,Killing_of_George_Floyd,2020-08-23,9460
George Floyd,Killing_of_George_Floyd,2020-08-24,13825
George Floyd,Killing_of_George_Floyd,2020-08-25,18682
George Floyd,Killing_of_George_Floyd,2020-08-26,23928
George Floyd,Killing_of_George_Floyd,2020-08-27,29405
George Floyd,Killing_of_George_Floyd,2020-08-28,21085
George Floyd,Killing_of_George_Floyd,2020-08-29,15925
George Floyd,Killing_of_George_Floyd,2020-08-30,14146
George Floyd,Killing_of_George_Floyd,2020-08-31,14929
George Floyd,Killing_of_George_Floyd,2020-09-01,10881
George Floyd,Killing_of_George_Floyd,2020-09-02,11107
George Floyd,Killing_of_George_Floyd,2020-09-03,10745
George Floyd,Killing_of_George_Floyd,2020-09-04,9619
George Floyd,Killing_of_George_Floyd,2020-09-05,7541
George Floyd,Killing_of_George_Floyd,2020-09-06,8839
George Floyd,Killing_of_George_Floyd,2020-09-07,8868
George Floyd,Killing_of_George_Floyd,2020-09-08,9563
George Floyd,Killing_of_George_Floyd,2020-09-09,9809
George Floyd,Killing_of_George_Floyd,2020-09-10,10302
George Floyd,Killing_of_George_Floyd,2020-09-11,13034
George Floyd,Killing_of_George_Floyd,2020-09-12,10191
George Floyd,Killing_of_George_Floyd,2020-09-13,11577
George Floyd,Killing_of_George_Floyd,2020-09-14,12948
George Floyd,Killing_of_George_Floyd,2020-09-15,12591
George Floyd,Killing_of_George_Floyd,2020-09-16,10970
George Floyd,Killing_of_George_Floyd,2020-09-17,8967
George Floyd,Killing_of_George_Floyd,2020-09-18,7244
George Floyd,Killing_of_George_Floyd,2020-09-19,12365
George Floyd,Killing_of_George_Floyd,2020-09-20,9386
George Floyd,Killing_of_George_Floyd,2020-09-21,9216
George Floyd,Killing_of_George_Floyd,2020-09-22,9314
George Floyd,Killing_of_George_Floyd,2020-09-23,10197
George Floyd,Killing_of_George_Floyd,2020-09-24,13875
George Floyd,Killing_of_George_Floyd,2020-09-25,9663
George Floyd,Killing_of_George_Floyd,2020-09-26,6347
George Floyd,Killing_of_George_Floyd,2020-09-27,5883
George Floyd,Killing_of_George_Floyd,2020-09-28,6252
George Floyd,Killing_of_George_Floyd,2020-09-29,6046
George Floyd,Killing_of_George_Floyd,2020-09-30,6339
George Floyd,Killing_of_George_Floyd,2020-10-01,5477
George Floyd,Killing_of_George_Floyd,2020-10-02,4985
George Floyd,Killing_of_George_Floyd,2020-10-03,3842
George Floyd,Killing_of_George_Floyd,2020-10-04,3942
George Floyd,Killing_of_George_Floyd,2020-10-05,4594
George Floyd,Killing_of_George_Floyd,2020-10-06,5087
George Floyd,Killing_of_George_Floyd,2020-10-07,7481
George Floyd,Killing_of_George_Floyd,2020-10-08,10618
George Floyd,Killing_of_George_Floyd,2020-10-09,5231
George Floyd,Killing_of_George_Floyd,2020-10-10,4103
George Floyd,Killing_of_George_Floyd,2020-10-11,4277
George Floyd,Killing_of_George_Floyd,2020-10-12,4879
George Floyd,Killing_of_George_Floyd,2020-10-13,4922
George Floyd,Killing_of_George_Floyd,2020-10-14,5632
George Floyd,Killing_of_George_Floyd,2020-10-15,5321
George Floyd,Killing_of_George_Floyd,2020-10-16,4694
George Floyd,Killing_of_George_Floyd,2020-10-17,3888
George Floyd,Killing_of_George_Floyd,2020-10-18,4287
George Floyd,Killing_of_George_Floyd,2020-10-19,5190
George Floyd,Killing_of_George_Floyd,2020-10-20,4922
George Floyd,Killing_of_George_Floyd,2020-10-21,5174
George Floyd,Killing_of_George_Floyd,2020-10-22,6204
George Floyd,Killing_of_George_Floyd,2020-10-23,6183
George Floyd,Killing_of_George_Floyd,2020-10-24,3959
George Floyd,Killing_of_George_Floyd,2020-10-25,4411
George Floyd,Killing_of_George_Floyd,2020-10-26,5193
George Floyd,Killing_of_George_Floyd,2020-10-27,5335
George Floyd,Killing_of_George_Floyd,2020-10-28,5747
George Floyd,Killing_of_George_Floyd,2020-10-29,5430
George Floyd,Killing_of_George_Floyd,2020-10-30,5298
George Floyd,Killing_of_George_Floyd,2020-10-31,4205
George Floyd,Killing_of_George_Floyd,2020-11-01,4380
George Floyd,Killing_of_George_Floyd,2020-11-02,5283
George Floyd,Killing_of_George_Floyd,2020-11-03,6283
George Floyd,Killing_of_George_Floyd,2020-11-04,8562
George Floyd,Killing_of_George_Floyd,2020-11-05,7033
George Floyd,Killing_of_George_Floyd,2020-11-06,6903
George Floyd,Killing_of_George_Floyd,2020-11-07,5894
George Floyd,Killing_of_George_Floyd,2020-11-08,5998
George Floyd,Killing_of_George_Floyd,2020-11-09,5740
George Floyd,Killing_of_George_Floyd,2020-11-10,5475
George Floyd,Killing_of_George_Floyd,2020-11-11,4994
George Floyd,Killing_of_George_Floyd,2020-11-12,5158
George Floyd,Killing_of_George_Floyd,2020-11-13,4430
George Floyd,Killing_of_George_Floyd,2020-11-14,4037
George Floyd,Killing_of_George_Floyd,2020-11-15,4451
George Floyd,Killing_of_George_Floyd,2020-11-16,5490
George Floyd,Killing_of_George_Floyd,2020-11-17,4871
George Floyd,Killing_of_George_Floyd,2020-11-18,4813
George Floyd,Killing_of_George_Floyd,2020-11-19,4482
George Floyd,Killing_of_George_Floyd,2020-11-20,4496
George Floyd,Killing_of_George_Floyd,2020-11-21,4181
George Floyd,Killing_of_George_Floyd,2020-11-22,4394
George Floyd,Killing_of_George_Floyd,2020-11-23,4803
George Floyd,Killing_of_George_Floyd,2020-11-24,4502
George Floyd,Killing_of_George_Floyd,2020-11-25,4350
George Floyd,Killing_of_George_Floyd,2020-11-26,4348
George Floyd,Killing_of_George_Floyd,2020-11-27,3843
George Floyd,Killing_of_George_Floyd,2020-11-28,3510
George Floyd,Killing_of_George_Floyd,2020-11-29,4293
George Floyd,Killing_of_George_Floyd,2020-11-30,5014
George Floyd,Killing_of_George_Floyd,2020-12-01,6145
George Floyd,Killing_of_George_Floyd,2020-12-02,5092
George Floyd,Killing_of_George_Floyd,2020-12-03,5149
George Floyd,Killing_of_George_Floyd,2020-12-04,4404
George Floyd,Killing_of_George_Floyd,2020-12-05,3918
George Floyd,Killing_of_George_Floyd,2020-12-06,4011
George Floyd,Killing_of_George_Floyd,2020-12-07,4819
George Floyd,Killing_of_George_Floyd,2020-12-08,4698
George Floyd,Killing_of_George_Floyd,2020-12-09,4993
George Floyd,Killing_of_George_Floyd,2020-12-10,5147
George Floyd,Killing_of_George_Floyd,2020-12-11,5079
George Floyd,Killing_of_George_Floyd,2020-12-12,3665
George Floyd,Killing_of_George_Floyd,2020-12-13,3776
George Floyd,Killing_of_George_Floyd,2020-12-14,4908
George Floyd,Killing_of_George_Floyd,2020-12-15,4917
George Floyd,Killing_of_George_Floyd,2020-12-16,4407
George Floyd,Killing_of_George_Floyd,2020-12-17,4592
George Floyd,Killing_of_George_Floyd,2020-12-18,4409
George Floyd,Killing_of_George_Floyd,2020-12-19,3527
George Floyd,Killing_of_George_Floyd,2020-12-20,3801
George Floyd,Killing_of_George_Floyd,2020-12-21,4348
George Floyd,Killing_of_George_Floyd,2020-12-22,4055
George Floyd,Killing_of_George_Floyd,2020-12-23,3422
George Floyd,Killing_of_George_Floyd,2020-12-24,3170
George Floyd,Killing_of_George_Floyd,2020-12-25,2921
George Floyd,Killing_of_George_Floyd,2020-12-26,3494
George Floyd,Killing_of_George_Floyd,2020-12-27,4238
George Floyd,Killing_of_George_Floyd,2020-12-28,4740
George Floyd,Killing_of_George_Floyd,2020-12-29,4916
George Floyd,Killing_of_George_Floyd,2020-12-30,5514
George Floyd,Killing_of_George_Floyd,2020-12-31,6209
Breonna Taylor,Killing_of_Breonna_Taylor,2020-05-13,4
Breonna Taylor,Killing_of_Breonna_Taylor,2020-05-14,0
Breonna Taylor,Killing_of_Breonna_Taylor,2020-05-15,0
Breonna Taylor,Killing_of_Breonna_Taylor,2020-05-16,0
Breonna Taylor,Killing_of_Breonna_Taylor,2020-05-17,0
Breonna Taylor,Killing_of_Breonna_Taylor,2020-05-18,1
Breonna Taylor,Killing_of_Breonna_Taylor,2020-05-21,0
Breonna Taylor,Killing_of_Breonna_Taylor,2020-05-22,0
Breonna Taylor,Killing_of_Breonna_Taylor,2020-05-27,1
Breonna Taylor,Killing_of_Breonna_Taylor,2020-05-28,0
Breonna Taylor,Killing_of_Breonna_Taylor,2020-05-29,1
Breonna Taylor,Killing_of_Breonna_Taylor,2020-05-30,4
Breonna Taylor,Killing_of_Breonna_Taylor,2020-05-31,2
Breonna Taylor,Killing_of_Breonna_Taylor,2020-06-01,0
Breonna Taylor,Killing_of_Breonna_Taylor,2020-06-02,0
Breonna Taylor,Killing_of_Breonna_Taylor,2020-06-03,5
Breonna Taylor,Killing_of_Breonna_Taylor,2020-06-04,1
Breonna Taylor,Killing_of_Breonna_Taylor,2020-06-05,3
Breonna Taylor,Killing_of_Breonna_Taylor,2020-06-06,10
Breonna Taylor,Killing_of_Breonna_Taylor,2020-06-07,3
Breonna Taylor,Killing_of_Breonna_Taylor,2020-06-08,4
Breonna Taylor,Killing_of_Breonna_Taylor,2020-06-09,1
Breonna Taylor,Killing_of_Breonna_Taylor,2020-06-10,2
Breonna Taylor,Killing_of_Breonna_Taylor,2020-06-11,3
Breonna Taylor,Killing_of_Breonna_Taylor,2020-06-12,3
Breonna Taylor,Killing_of_Breonna_Taylor,2020-06-13,2
Breonna Taylor,Killing_of_Breonna_Taylor,2020-06-14,4
Breonna Taylor,Killing_of_Breonna_Taylor,2020-06-15,1
Breonna Taylor,Killing_of_Breonna_Taylor,2020-06-16,5
Breonna Taylor,Killing_of_Breonna_Taylor,2020-06-17,4
Breonna Taylor,Killing_of_Breonna_Taylor,2020-06-18,2
Breonna Taylor,Killing_of_Breonna_Taylor,2020-06-19,3
Breonna Taylor,Killing_of_Breonna_Taylor,2020-06-20,1
Breonna Taylor,Killing_of_Breonna_Taylor,2020-06-21,5
Breonna Taylor,Killing_of_Breonna_Taylor,2020-06-22,2
Breonna Taylor,Killing_of_Breonna_Taylor,2020-06-23,4
Breonna Taylor,Killing_of_Breonna_Taylor,2020-06-26,4
Breonna Taylor,Killing_of_Breonna_Taylor,2020-06-27,2
Breonna Taylor,Killing_of_Breonna_Taylor,2020-06-28,1
Breonna Taylor,Killing_of_Breonna_Taylor,2020-06-29,3
Breonna Taylor,Killing_of_Breonna_Taylor,2020-06-30,1
Breonna Taylor,Killing_of_Breonna_Taylor,2020-07-01,2
Breonna Taylor,Killing_of_Breonna_Taylor,2020-07-02,4
Breonna Taylor,Killing_of_Breonna_Taylor,2020-07-03,0
Breonna Taylor,Killing_of_Breonna_Taylor,2020-07-04,2
Breonna Taylor,Killing_of_Breonna_Taylor,2020-07-05,3
Breonna Taylor,Killing_of_Breonna_Taylor,2020-07-06,2
Breonna Taylor,Killing_of_Breonna_Taylor,2020-07-07,4
Breonna Taylor,Killing_of_Breonna_Taylor,2020-07-09,1
Breonna Taylor,Killing_of_Breonna_Taylor,2020-07-10,2
Breonna Taylor,Killing_of_Breonna_Taylor,2020-07-11,2
Breonna Taylor,Killing_of_Breonna_Taylor,2020-07-12,1
Breonna Taylor,Killing_of_Breonna_Taylor,2020-07-13,3
Breonna Taylor,Killing_of_Breonna_Taylor,2020-07-15,1
Breonna Taylor,Killing_of_Breonna_Taylor,2020-07-16,1
Breonna Taylor,Killing_of_Breonna_Taylor,2020-07-17,3
Breonna Taylor,Killing_of_Breonna_Taylor,2020-07-18,2
Breonna Taylor,Killing_of_Breonna_Taylor,2020-07-19,1
Breonna Taylor,Killing_of_Breonna_Taylor,2020-07-20,1
Breonna Taylor,Killing_of_Breonna_Taylor,2020-07-21,2
Breonna Taylor,Killing_of_Breonna_Taylor,2020-07-22,1
Breonna Taylor,Killing_of_Breonna_Taylor,2020-07-23,2
Breonna Taylor,Killing_of_Breonna_Taylor,2020-07-24,3
Breonna Taylor,Killing_of_Breonna_Taylor,2020-07-25,3
Breonna Taylor,Killing_of_Breonna_Taylor,2020-07-26,25
Breonna Taylor,Killing_of_Breonna_Taylor,2020-07-27,0
Breonna Taylor,Killing_of_Breonna_Taylor,2020-07-28,1
Breonna Taylor,Killing_of_Breonna_Taylor,2020-07-29,2
Breonna Taylor,Killing_of_Breonna_Taylor,2020-07-30,2
Breonna Taylor,Killing_of_Breonna_Taylor,2020-08-01,4
Breonna Taylor,Killing_of_Breonna_Taylor,2020-08-02,0
Breonna Taylor,Killing_of_Breonna_Taylor,2020-08-04,0
Breonna Taylor,Killing_of_Breonna_Taylor,2020-08-05,4
Breonna Taylor,Killing_of_Breonna_Taylor,2020-08-06,3
Breonna Taylor,Killing_of_Breonna_Taylor,2020-08-07,1
Breonna Taylor,Killing_of_Breonna_Taylor,2020-08-08,3
Breonna Taylor,Killing_of_Breonna_Taylor,2020-08-09,2
Breonna Taylor,Killing_of_Breonna_Taylor,2020-08-10,4
Breonna Taylor,Killing_of_Breonna_Taylor,2020-08-11,1
Breonna Taylor,Killing_of_Breonna_Taylor,2020-08-12,1
Breonna Taylor,Killing_of_Breonna_Taylor,2020-08-13,1
Breonna Taylor,Killing_of_Breonna_Taylor,2020-08-14,2
Breonna Taylor,Killing_of_Breonna_Taylor,2020-08-15,9
Breonna Taylor,Killing_of_Breonna_Taylor,2020-08-16,4
Breonna Taylor,Killing_of_Breonna_Taylor,2020-08-17,1
Breonna Taylor,Killing_of_Breonna_Taylor,2020-08-18,4
Breonna Taylor,Killing_of_Breonna_Taylor,2020-08-19,4
Breonna Taylor,Killing_of_Breonna_Taylor,2020-08-20,2
Breonna Taylor,Killing_of_Breonna_Taylor,2020-08-21,2
Breonna Taylor,Killing_of_Breonna_Taylor,2020-08-22,0
Breonna Taylor,Killing_of_Breonna_Taylor,2020-08-23,1
Breonna Taylor,Killing_of_Breonna_Taylor,2020-08-24,8
Breonna Taylor,Killing_of_Breonna_Taylor,2020-08-25,8
Breonna Taylor,Killing_of_Breonna_Taylor,2020-08-26,647
Breonna Taylor,Killing_of_Breonna_Taylor,2020-08-27,1269
Breonna Taylor,Killing_of_Breonna_Taylor,2020-08-28,8
Breonna Taylor,Killing_of_Breonna_Taylor,2020-08-29,5
Breonna Taylor,Killing_of_Breonna_Taylor,2020-08-30,7
Breonna Taylor,Killing_of_Breonna_Taylor,2020-08-31,6
Breonna Taylor,Killing_of_Breonna_Taylor,2020-09-01,7
Breonna Taylor,Killing_of_Breonna_Taylor,2020-09-02,2
Breonna Taylor,Killing_of_Breonna_Taylor,2020-09-03,9
Breonna Taylor,Killing_of_Breonna_Taylor,2020-09-04,4
Breonna Taylor,Killing_of_Breonna_Taylor,2020-09-05,6
Breonna Taylor,Killing_of_Breonna_Taylor,2020-09-06,2
Breonna Taylor,Killing_of_Breonna_Taylor,2020-09-07,1
Breonna Taylor,Killing_of_Breonna_Taylor,2020-09-08,2
Breonna Taylor,Killing_of_Breonna_Taylor,2020-09-09,6
Breonna Taylor,Killing_of_Breonna_Taylor,2020-09-10,8
Breonna Taylor,Killing_of_Breonna_Taylor,2020-09-11,11
Breonna Taylor,Killing_of_Breonna_Taylor,2020-09-12,7
Breonna Taylor,Killing_of_Breonna_Taylor,2020-09-13,17
Breonna Taylor,Killing_of_Breonna_Taylor,2020-09-14,6
Breonna Taylor,Killing_of_Breonna_Taylor,2020-09-15,11
Breonna Taylor,Killing_of_Breonna_Taylor,2020-09-16,9
Breonna Taylor,Killing_of_Breonna_Taylor,2020-09-17,5
Breonna Taylor,Killing_of_Breonna_Taylor,2020-09-18,2
Breonna Taylor,Killing_of_Breonna_Taylor,2020-09-19,3
Breonna Taylor,Killing_of_Breonna_Taylor,2020-09-20,4
Breonna Taylor,Killing_of_Breonna_Taylor,2020-09-21,1
Breonna Taylor,Killing_of_Breonna_Taylor,2020-09-22,6
Breonna Taylor,Killing_of_Breonna_Taylor,2020-09-23,17
Breonna Taylor,Killing_of_Breonna_Taylor,2020-09-24,40
Breonna Taylor,Killing_of_Breonna_Taylor,2020-09-25,15
Breonna Taylor,Killing_of_Breonna_Taylor,2020-09-26,7
Breonna Taylor,Killing_of_Breonna_Taylor,2020-09-27,7
Breonna Taylor,Killing_of_Breonna_Taylor,2020-09-28,4
Breonna Taylor,Killing_of_Breonna_Taylor,2020-09-29,4
Breonna Taylor,Killing_of_Breonna_Taylor,2020-09-30,7
Breonna Taylor,Killing_of_Breonna_Taylor,2020-10-01,1
Breonna Taylor,Killing_of_Breonna_Taylor,2020-10-03,4
Breonna Taylor,Killing_of_Breonna_Taylor,2020-10-04,1
Breonna Taylor,Killing_of_Breonna_Taylor,2020-10-06,1
Breonna Taylor,Killing_of_Breonna_Taylor,2020-10-08,0
Breonna Taylor,Killing_of_Breonna_Taylor,2020-10-09,1
Breonna Taylor,Killing_of_Breonna_Taylor,2020-10-10,2
Breonna Taylor,Killing_of_Breonna_Taylor,2020-10-11,2
Breonna Taylor,Killing_of_Breonna_Taylor,2020-10-12,1
Breonna Taylor,Killing_of_Breonna_Taylor,2020-10-13,1
Breonna Taylor,Killing_of_Breonna_Taylor,2020-10-14,1
Breonna Taylor,Killing_of_Breonna_Taylor,2020-10-15,4
Breonna Taylor,Killing_of_Breonna_Taylor,2020-10-16,1
Breonna Taylor,Killing_of_Breonna_Taylor,2020-10-18,2
Breonna Taylor,Killing_of_Breonna_Taylor,2020-10-19,1
Breonna Taylor,Killing_of_Breonna_Taylor,2020-10-21,5
Breonna Taylor,Killing_of_Breonna_Taylor,2020-10-22,3
Breonna Taylor,Killing_of_Breonna_Taylor,2020-10-23,0
Breonna Taylor,Killing_of_Breonna_Taylor,2020-10-24,3
Breonna Taylor,Killing_of_Breonna_Taylor,2020-10-25,3
Breonna Taylor,Killing_of_Breonna_Taylor,2020-10-27,1
Breonna Taylor,Killing_of_Breonna_Taylor,2020-10-28,0
Breonna Taylor,Killing_of_Breonna_Taylor,2020-10-29,8
Breonna Taylor,Killing_of_Breonna_Taylor,2020-10-30,12
Breonna Taylor,Killing_of_Breonna_Taylor,2020-10-31,6
Breonna Taylor,Killing_of_Breonna_Taylor,2020-11-01,11
Breonna Taylor,Killing_of_Breonna_Taylor,2020-11-02,11
Breonna Taylor,Killing_of_Breonna_Taylor,2020-11-03,8
Breonna Taylor,Killing_of_Breonna_Taylor,2020-11-04,5
Breonna Taylor,Killing_of_Breonna_Taylor,2020-11-05,11
Breonna Taylor,Killing_of_Breonna_Taylor,2020-11-06,10
Breonna Taylor,Killing_of_Breonna_Taylor,2020-11-07,1
Breonna Taylor,Killing_of_Breonna_Taylor,2020-11-08,9
Breonna Taylor,Killing_of_Breonna_Taylor,2020-11-09,9
Breonna Taylor,Killing_of_Breonna_Taylor,2020-11-10,13
Breonna Taylor,Killing_of_Breonna_Taylor,2020-11-11,13
Breonna Taylor,Killing_of_Breonna_Taylor,2020-11-12,5
Breonna Taylor,Killing_of_Breonna_Taylor,2020-11-13,4
Breonna Taylor,Killing_of_Breonna_Taylor,2020-11-14,4
Breonna Taylor,Killing_of_Breonna_Taylor,2020-11-17,4
Breonna Taylor,Killing_of_Breonna_Taylor,2020-11-18,0
Breonna Taylor,Killing_of_Breonna_Taylor,2020-11-20,1
Breonna Taylor,Killing_of_Breonna_Taylor,2020-11-21,0
Breonna Taylor,Killing_of_Breonna_Taylor,2020-11-23,4
Breonna Taylor,Killing_of_Breonna_Taylor,2020-11-24,0
Breonna Taylor,Killing_of_Breonna_Taylor,2020-11-25,1
Breonna Taylor,Killing_of_Breonna_Taylor,2020-11-26,2
Breonna Taylor,Killing_of_Breonna_Taylor,2020-11-27,3
Breonna Taylor,Killing_of_Breonna_Taylor,2020-11-28,2
Breonna Taylor,Killing_of_Breonna_Taylor,2020-11-29,3
Breonna Taylor,Killing_of_Breonna_Taylor,2020-11-30,3
Breonna Taylor,Killing_of_Breonna_Taylor,2020-12-01,1
Breonna Taylor,Killing_of_Breonna_Taylor,2020-12-02,1
Breonna Taylor,Killing_of_Breonna_Taylor,2020-12-03,1
Breonna Taylor,Killing_of_Breonna_Taylor,2020-12-04,0
Breonna Taylor,Killing_of_Breonna_Taylor,2020-12-05,4
Breonna Taylor,Killing_of_Breonna_Taylor,2020-12-06,0
Breonna Taylor,Killing_of_Breonna_Taylor,2020-12-07,1
Breonna Taylor,Killing_of_Breonna_Taylor,2020-12-08,1
Breonna Taylor,Killing_of_Breonna_Taylor,2020-12-09,0
Breonna Taylor,Killing_of_Breonna_Taylor,2020-12-10,2
Breonna Taylor,Killing_of_Breonna_Taylor,2020-12-11,3
Breonna Taylor,Killing_of_Breonna_Taylor,2020-12-12,2
Breonna Taylor,Killing_of_Breonna_Taylor,2020-12-13,1
Breonna Taylor,Killing_of_Breonna_Taylor,2020-12-14,1
Breonna Taylor,Killing_of_Breonna_Taylor,2020-12-15,3
Breonna Taylor,Killing_of_Breonna_Taylor,2020-12-16,0
Breonna Taylor,Killing_of_Breonna_Taylor,2020-12-17,2
Breonna Taylor,Killing_of_Breonna_Taylor,2020-12-18,3
Breonna Taylor,Killing_of_Breonna_Taylor,2020-12-19,0
Breonna Taylor,Killing_of_Breonna_Taylor,2020-12-21,4
Breonna Taylor,Killing_of_Breonna_Taylor,2020-12-22,1
Breonna Taylor,Killing_of_Breonna_Taylor,2020-12-23,2
Breonna Taylor,Killing_of_Breonna_Taylor,2020-12-24,2
Breonna Taylor,Killing_of_Breonna_Taylor,2020-12-25,1
Breonna Taylor,Killing_of_Breonna_Taylor,2020-12-26,3
Breonna Taylor,Killing_of_Breonna_Taylor,2020-12-27,1
Breonna Taylor,Killing_of_Breonna_Taylor,2020-12-28,5
Breonna Taylor,Killing_of_Breonna_Taylor,2020-12-29,8
Breonna Taylor,Killing_of_Breonna_Taylor,2020-12-30,10
Breonna Taylor,Killing_of_Breonna_Taylor,2020-12-31,6
Rayshard Brooks,Killing_of_Rayshard_Brooks,2020-06-13,5279
Rayshard Brooks,Killing_of_Rayshard_Brooks,2020-06-14,90279
Rayshard Brooks,Killing_of_Rayshard_Brooks,2020-06-15,128992
Rayshard Brooks,Killing_of_Rayshard_Brooks,2020-06-16,69314
Rayshard Brooks,Killing_of_Rayshard_Brooks,2020-06-17,42166
Rayshard Brooks,Killing_of_Rayshard_Brooks,2020-06-18,79993
Rayshard Brooks,Killing_of_Rayshard_Brooks,2020-06-19,31433
Rayshard Brooks,Killing_of_Rayshard_Brooks,2020-06-20,19636
Rayshard Brooks,Killing_of_Rayshard_Brooks,2020-06-21,16352
Rayshard Brooks,Killing_of_Rayshard_Brooks,2020-06-22,20009
Rayshard Brooks,Killing_of_Rayshard_Brooks,2020-06-23,35534
Rayshard Brooks,Killing_of_Rayshard_Brooks,2020-06-24,21565
Rayshard Brooks,Killing_of_Rayshard_Brooks,2020-06-25,8716
Rayshard Brooks,Killing_of_Rayshard_Brooks,2020-06-26,7242
Rayshard Brooks,Killing_of_Rayshard_Brooks,2020-06-27,5796
Rayshard Brooks,Killing_of_Rayshard_Brooks,2020-06-28,4627
Rayshard Brooks,Killing_of_Rayshard_Brooks,2020-06-29,5579
Rayshard Brooks,Killing_of_Rayshard_Brooks,2020-06-30,6588
Rayshard Brooks,Killing_of_Rayshard_Brooks,2020-07-01,5290
Rayshard Brooks,Killing_of_Rayshard_Brooks,2020-07-02,3948
Rayshard Brooks,Killing_of_Rayshard_Brooks,2020-07-03,3018
Rayshard Brooks,Killing_of_Rayshard_Brooks,2020-07-04,2984
Rayshard Brooks,Killing_of_Rayshard_Brooks,2020-07-05,3091
Rayshard Brooks,Killing_of_Rayshard_Brooks,2020-07-06,5795
Rayshard Brooks,Killing_of_Rayshard_Brooks,2020-07-07,5812
Rayshard Brooks,Killing_of_Rayshard_Brooks,2020-07-08,3566
Rayshard Brooks,Killing_of_Rayshard_Brooks,2020-07-09,3875
Rayshard Brooks,Killing_of_Rayshard_Brooks,2020-07-10,3139
Rayshard Brooks,Killing_of_Rayshard_Brooks,2020-07-11,2492
Rayshard Brooks,Killing_of_Rayshard_Brooks,2020-07-12,2584
Rayshard Brooks,Killing_of_Rayshard_Brooks,2020-07-13,2486
Rayshard Brooks,Killing_of_Rayshard_Brooks,2020-07-14,2105
Rayshard Brooks,Killing_of_Rayshard_Brooks,2020-07-15,2680
Rayshard Brooks,Killing_of_Rayshard_Brooks,2020-07-16,2396
Rayshard Brooks,Killing_of_Rayshard_Brooks,2020-07-17,2569
Rayshard Brooks,Killing_of_Rayshard_Brooks,2020-07-18,2316
Rayshard Brooks,Killing_of_Rayshard_Brooks,2020-07-19,2318
Rayshard Brooks,Killing_of_Rayshard_Brooks,2020-07-20,2174
Rayshard Brooks,Killing_of_Rayshard_Brooks,2020-07-21,2925
Rayshard Brooks,Killing_of_Rayshard_Brooks,2020-07-22,3446
Rayshard Brooks,Killing_of_Rayshard_Brooks,2020-07-23,2604
Rayshard Brooks,Killing_of_Rayshard_Brooks,2020-07-24,2133
Rayshard Brooks,Killing_of_Rayshard_Brooks,2020-07-25,2028
Rayshard Brooks,Killing_of_Rayshard_Brooks,2020-07-26,2507
Rayshard Brooks,Killing_of_Rayshard_Brooks,2020-07-27,2017
Rayshard Brooks,Killing_of_Rayshard_Brooks,2020-07-28,1824
Rayshard Brooks,Killing_of_Rayshard_Brooks,2020-07-29,1502
Rayshard Brooks,Killing_of_Rayshard_Brooks,2020-07-30,1902
Rayshard Brooks,Killing_of_Rayshard_Brooks,2020-07-31,1907
Rayshard Brooks,Killing_of_Rayshard_Brooks,2020-08-01,1552
Rayshard Brooks,Killing_of_Rayshard_Brooks,2020-08-02,1337
Rayshard Brooks,Killing_of_Rayshard_Brooks,2020-08-03,1439
Rayshard Brooks,Killing_of_Rayshard_Brooks,2020-08-04,1721
Rayshard Brooks,Killing_of_Rayshard_Brooks,2020-08-05,3176
Rayshard Brooks,Killing_of_Rayshard_Brooks,2020-08-06,2915
Rayshard Brooks,Killing_of_Rayshard_Brooks,2020-08-07,1613
Rayshard Brooks,Killing_of_Rayshard_Brooks,2020-08-08,1006
Rayshard Brooks,Killing_of_Rayshard_Brooks,2020-08-09,1023
Rayshard Brooks,Killing_of_Rayshard_Brooks,2020-08-10,1511
Rayshard Brooks,Killing_of_Rayshard_Brooks,2020-08-11,1134
Rayshard Brooks,Killing_of_Rayshard_Brooks,2020-08-12,1695
Rayshard Brooks,Killing_of_Rayshard_Brooks,2020-08-13,1934
Rayshard Brooks,Killing_of_Rayshard_Brooks,2020-08-14,1650
Rayshard Brooks,Killing_of_Rayshard_Brooks,2020-08-15,1253
Rayshard Brooks,Killing_of_Rayshard_Brooks,2020-08-16,1145
Rayshard Brooks,Killing_of_Rayshard_Brooks,2020-08-17,924
Rayshard Brooks,Killing_of_Rayshard_Brooks,2020-08-18,879
Rayshard Brooks,Killing_of_Rayshard_Brooks,2020-08-19,964
Rayshard Brooks,Killing_of_Rayshard_Brooks,2020-08-20,756
Rayshard Brooks,Killing_of_Rayshard_Brooks,2020-08-21,721
Rayshard Brooks,Killing_of_Rayshard_Brooks,2020-08-22,792
Rayshard Brooks,Killing_of_Rayshard_Brooks,2020-08-23,711
Rayshard Brooks,Killing_of_Rayshard_Brooks,2020-08-24,1404
Rayshard Brooks,Killing_of_Rayshard_Brooks,2020-08-25,6818
Rayshard Brooks,Killing_of_Rayshard_Brooks,2020-08-26,10263
Rayshard Brooks,Killing_of_Rayshard_Brooks,2020-08-27,8676
Rayshard Brooks,Killing_of_Rayshard_Brooks,2020-08-28,6888
Rayshard Brooks,Killing_of_Rayshard_Brooks,2020-08-29,3901
Rayshard Brooks,Killing_of_Rayshard_Brooks,2020-08-30,2131
Rayshard Brooks,Killing_of_Rayshard_Brooks,2020-08-31,2033
Rayshard Brooks,Killing_of_Rayshard_Brooks,2020-09-01,3692
Rayshard Brooks,Killing_of_Rayshard_Brooks,2020-09-02,2698
Rayshard Brooks,Killing_of_Rayshard_Brooks,2020-09-03,1684
Rayshard Brooks,Killing_of_Rayshard_Brooks,2020-09-04,1309
Rayshard Brooks,Killing_of_Rayshard_Brooks,2020-09-05,1070
Rayshard Brooks,Killing_of_Rayshard_Brooks,2020-09-06,1201
Rayshard Brooks,Killing_of_Rayshard_Brooks,2020-09-07,1235
Rayshard Brooks,Killing_of_Rayshard_Brooks,2020-09-08,1139
Rayshard Brooks,Killing_of_Rayshard_Brooks,2020-09-09,1155
Rayshard Brooks,Killing_of_Rayshard_Brooks,2020-09-10,999
Rayshard Brooks,Killing_of_Rayshard_Brooks,2020-09-11,918
Rayshard Brooks,Killing_of_Rayshard_Brooks,2020-09-12,866
Rayshard Brooks,Killing_of_Rayshard_Brooks,2020-09-13,925
Rayshard Brooks,Killing_of_Rayshard_Brooks,2020-09-14,1145
Rayshard Brooks,Killing_of_Rayshard_Brooks,2020-09-15,1222
Rayshard Brooks,Killing_of_Rayshard_Brooks,2020-09-16,1073
Rayshard Brooks,Killing_of_Rayshard_Brooks,2020-09-17,946
Rayshard Brooks,Killing_of_Rayshard_Brooks,2020-09-18,656
Rayshard Brooks,Killing_of_Rayshard_Brooks,2020-09-19,607
Rayshard Brooks,Killing_of_Rayshard_Brooks,2020-09-20,626
Rayshard Brooks,Killing_of_Rayshard_Brooks,2020-09-21,673
Rayshard Brooks,Killing_of_Rayshard_Brooks,2020-09-22,815
Rayshard Brooks,Killing_of_Rayshard_Brooks,2020-09-23,1283
Rayshard Brooks,Killing_of_Rayshard_Brooks,2020-09-24,1971
Rayshard Brooks,Killing_of_Rayshard_Brooks,2020-09-25,1464
Rayshard Brooks,Killing_of_Rayshard_Brooks,2020-09-26,998
Rayshard Brooks,Killing_of_Rayshard_Brooks,2020-09-27,993
Rayshard Brooks,Killing_of_Rayshard_Brooks,2020-09-28,922
Rayshard Brooks,Killing_of_Rayshard_Brooks,2020-09-29,937
Rayshard Brooks,Killing_of_Rayshard_Brooks,2020-09-30,762
Rayshard Brooks,Killing_of_Rayshard_Brooks,2020-10-01,671
Rayshard Brooks,Killing_of_Rayshard_Brooks,2020-10-02,663
Rayshard Brooks,Killing_of_Rayshard_Brooks,2020-10-03,534
Rayshard Brooks,Killing_of_Rayshard_Brooks,2020-10-04,777
Rayshard Brooks,Killing_of_Rayshard_Brooks,2020-10-05,841
Rayshard Brooks,Killing_of_Rayshard_Brooks,2020-10-06,779
Rayshard Brooks,Killing_of_Rayshard_Brooks,2020-10-07,652
Rayshard Brooks,Killing_of_Rayshard_Brooks,2020-10-08,680
Rayshard Brooks,Killing_of_Rayshard_Brooks,2020-10-09,747
Rayshard Brooks,Killing_of_Rayshard_Brooks,2020-10-10,532
Rayshard Brooks,Killing_of_Rayshard_Brooks,2020-10-11,714
Rayshard Brooks,Killing_of_Rayshard_Brooks,2020-10-12,738
Rayshard Brooks,Killing_of_Rayshard_Brooks,2020-10-13,582
Rayshard Brooks,Killing_of_Rayshard_Brooks,2020-10-14,604
Rayshard Brooks,Killing_of_Rayshard_Brooks,2020-10-15,628
Rayshard Brooks,Killing_of_Rayshard_Brooks,2020-10-16,533
Rayshard Brooks,Killing_of_Rayshard_Brooks,2020-10-17,419
Rayshard Brooks,Killing_of_Rayshard_Brooks,2020-10-18,623
Rayshard Brooks,Killing_of_Rayshard_Brooks,2020-10-19,580
Rayshard Brooks,Killing_of_Rayshard_Brooks,2020-10-20,557
Rayshard Brooks,Killing_of_Rayshard_Brooks,2020-10-21,610
Rayshard Brooks,Killing_of_Rayshard_Brooks,2020-10-22,611
Rayshard Brooks,Killing_of_Rayshard_Brooks,2020-10-23,542
Rayshard Brooks,Killing_of_Rayshard_Brooks,2020-10-24,435
Rayshard Brooks,Killing_of_Rayshard_Brooks,2020-10-25,526
Rayshard Brooks,Killing_of_Rayshard_Brooks,2020-10-26,649
Rayshard Brooks,Killing_of_Rayshard_Brooks,2020-10-27,613
Rayshard Brooks,Killing_of_Rayshard_Brooks,2020-10-28,728
Rayshard Brooks,Killing_of_Rayshard_Brooks,2020-10-29,1007
Rayshard Brooks,Killing_of_Rayshard_Brooks,2020-10-30,1034
Rayshard Brooks,Killing_of_Rayshard_Brooks,2020-10-31,640
Rayshard Brooks,Killing_of_Rayshard_Brooks,2020-11-01,734
Rayshard Brooks,Killing_of_Rayshard_Brooks,2020-11-02,768
Rayshard Brooks,Killing_of_Rayshard_Brooks,2020-11-03,687
Rayshard Brooks,Killing_of_Rayshard_Brooks,2020-11-04,559
Rayshard Brooks,Killing_of_Rayshard_Brooks,2020-11-05,677
Rayshard Brooks,Killing_of_Rayshard_Brooks,2020-11-06,711
Rayshard Brooks,Killing_of_Rayshard_Brooks,2020-11-07,546
Rayshard Brooks,Killing_of_Rayshard_Brooks,2020-11-08,555
Rayshard Brooks,Killing_of_Rayshard_Brooks,2020-11-09,524
Rayshard Brooks,Killing_of_Rayshard_Brooks,2020-11-10,551
Rayshard Brooks,Killing_of_Rayshard_Brooks,2020-11-11,516
Rayshard Brooks,Killing_of_Rayshard_Brooks,2020-11-12,568
Rayshard Brooks,Killing_of_Rayshard_Brooks,2020-11-13,459
Rayshard Brooks,Killing_of_Rayshard_Brooks,2020-11-14,380
Rayshard Brooks,Killing_of_Rayshard_Brooks,2020-11-15,1689
Rayshard Brooks,Killing_of_Rayshard_Brooks,2020-11-16,648
Rayshard Brooks,Killing_of_Rayshard_Brooks,2020-11-17,509
Rayshard Brooks,Killing_of_Rayshard_Brooks,2020-11-18,489
Rayshard Brooks,Killing_of_Rayshard_Brooks,2020-11-19,513
Rayshard Brooks,Killing_of_Rayshard_Brooks,2020-11-20,426
Rayshard Brooks,Killing_of_Rayshard_Brooks,2020-11-21,527
Rayshard Brooks,Killing_of_Rayshard_Brooks,2020-11-22,590
Rayshard Brooks,Killing_of_Rayshard_Brooks,2020-11-23,466
Rayshard Brooks,Killing_of_Rayshard_Brooks,2020-11-24,432
Rayshard Brooks,Killing_of_Rayshard_Brooks,2020-11-25,477
Rayshard Brooks,Killing_of_Rayshard_Brooks,2020-11-26,341
Rayshard Brooks,Killing_of_Rayshard_Brooks,2020-11-27,361
Rayshard Brooks,Killing_of_Rayshard_Brooks,2020-11-28,375
Rayshard Brooks,Killing_of_Rayshard_Brooks,2020-11-29,409
Rayshard Brooks,Killing_of_Rayshard_Brooks,2020-11-30,468
Rayshard Brooks,Killing_of_Rayshard_Brooks,2020-12-01,481
Rayshard Brooks,Killing_of_Rayshard_Brooks,2020-12-02,425
Rayshard Brooks,Killing_of_Rayshard_Brooks,2020-12-03,482
Rayshard Brooks,Killing_of_Rayshard_Brooks,2020-12-04,472
Rayshard Brooks,Killing_of_Rayshard_Brooks,2020-12-05,402
Rayshard Brooks,Killing_of_Rayshard_Brooks,2020-12-06,419
Rayshard Brooks,Killing_of_Rayshard_Brooks,2020-12-07,468
Rayshard Brooks,Killing_of_Rayshard_Brooks,2020-12-08,476
Rayshard Brooks,Killing_of_Rayshard_Brooks,2020-12-09,769
Rayshard Brooks,Killing_of_Rayshard_Brooks,2020-12-10,660
Rayshard Brooks,Killing_of_Rayshard_Brooks,2020-12-11,542
Rayshard Brooks,Killing_of_Rayshard_Brooks,2020-12-12,476
Rayshard Brooks,Killing_of_Rayshard_Brooks,2020-12-13,477
Rayshard Brooks,Killing_of_Rayshard_Brooks,2020-12-14,517
Rayshard Brooks,Killing_of_Rayshard_Brooks,2020-12-15,442
Rayshard Brooks,Killing_of_Rayshard_Brooks,2020-12-16,450
Rayshard Brooks,Killing_of_Rayshard_Brooks,2020-12-17,473
Rayshard Brooks,Killing_of_Rayshard_Brooks,2020-12-18,433
Rayshard Brooks,Killing_of_Rayshard_Brooks,2020-12-19,362
Rayshard Brooks,Killing_of_Rayshard_Brooks,2020-12-20,368
Rayshard Brooks,Killing_of_Rayshard_Brooks,2020-12-21,406
Rayshard Brooks,Killing_of_Rayshard_Brooks,2020-12-22,399
Rayshard Brooks,Killing_of_Rayshard_Brooks,2020-12-23,412
Rayshard Brooks,Killing_of_Rayshard_Brooks,2020-12-24,313
Rayshard Brooks,Killing_of_Rayshard_Brooks,2020-12-25,259
Rayshard Brooks,Killing_of_Rayshard_Brooks,2020-12-26,335
Rayshard Brooks,Killing_of_Rayshard_Brooks,2020-12-27,375
Rayshard Brooks,Killing_of_Rayshard_Brooks,2020-12-28,435
Rayshard Brooks,Killing_of_Rayshard_Brooks,2020-12-29,568
Rayshard Brooks,Killing_of_Rayshard_Brooks,2020-12-30,595
Rayshard Brooks,Killing_of_Rayshard_Brooks,2020-12-31,532
Stephon Clark,Shooting_of_Stephon_Clark,2018-03-21,156
Stephon Clark,Shooting_of_Stephon_Clark,2018-03-22,4
Stephon Clark,Shooting_of_Stephon_Clark,2018-03-23,1578
Stephon Clark,Shooting_of_Stephon_Clark,2018-03-24,3296
Stephon Clark,Shooting_of_Stephon_Clark,2018-03-25,3160
Stephon Clark,Shooting_of_Stephon_Clark,2018-03-26,9177
Stephon Clark,Shooting_of_Stephon_Clark,2018-03-27,10327
Stephon Clark,Shooting_of_Stephon_Clark,2018-03-28,17987
Stephon Clark,Shooting_of_Stephon_Clark,2018-03-29,23021
Stephon Clark,Shooting_of_Stephon_Clark,2018-03-30,36534
Stephon Clark,Shooting_of_Stephon_Clark,2018-03-31,28772
Stephon Clark,Shooting_of_Stephon_Clark,2018-04-01,31787
Stephon Clark,Shooting_of_Stephon_Clark,2018-04-02,19427
Stephon Clark,Shooting_of_Stephon_Clark,2018-04-03,13633
Stephon Clark,Shooting_of_Stephon_Clark,2018-04-04,10048
Stephon Clark,Shooting_of_Stephon_Clark,2018-04-05,6222
Stephon Clark,Shooting_of_Stephon_Clark,2018-04-06,4140
Stephon Clark,Shooting_of_Stephon_Clark,2018-04-07,3451
Stephon Clark,Shooting_of_Stephon_Clark,2018-04-08,2919
Stephon Clark,Shooting_of_Stephon_Clark,2018-04-09,2685
Stephon Clark,Shooting_of_Stephon_Clark,2018-04-10,2883
Stephon Clark,Shooting_of_Stephon_Clark,2018-04-11,2454
Stephon Clark,Shooting_of_Stephon_Clark,2018-04-12,1867
Stephon Clark,Shooting_of_Stephon_Clark,2018-04-13,1517
Stephon Clark,Shooting_of_Stephon_Clark,2018-04-14,1252
Stephon Clark,Shooting_of_Stephon_Clark,2018-04-15,1187
Stephon Clark,Shooting_of_Stephon_Clark,2018-04-16,1586
Stephon Clark,Shooting_of_Stephon_Clark,2018-04-17,3006
Stephon Clark,Shooting_of_Stephon_Clark,2018-04-18,2669
Stephon Clark,Shooting_of_Stephon_Clark,2018-04-19,2815
Stephon Clark,Shooting_of_Stephon_Clark,2018-04-20,2095
Stephon Clark,Shooting_of_Stephon_Clark,2018-04-21,1746
Stephon Clark,Shooting_of_Stephon_Clark,2018-04-22,1489
Stephon Clark,Shooting_of_Stephon_Clark,2018-04-23,1397
Stephon Clark,Shooting_of_Stephon_Clark,2018-04-24,1318
Stephon Clark,Shooting_of_Stephon_Clark,2018-04-25,1056
Stephon Clark,Shooting_of_Stephon_Clark,2018-04-26,1237
Stephon Clark,Shooting_of_Stephon_Clark,2018-04-27,899
Stephon Clark,Shooting_of_Stephon_Clark,2018-04-28,613
Stephon Clark,Shooting_of_Stephon_Clark,2018-04-29,633
Stephon Clark,Shooting_of_Stephon_Clark,2018-04-30,712
Stephon Clark,Shooting_of_Stephon_Clark,2018-05-01,660
Stephon Clark,Shooting_of_Stephon_Clark,2018-05-02,2334
Stephon Clark,Shooting_of_Stephon_Clark,2018-05-03,997
Stephon Clark,Shooting_of_Stephon_Clark,2018-05-04,781
Stephon Clark,Shooting_of_Stephon_Clark,2018-05-05,549
Stephon Clark,Shooting_of_Stephon_Clark,2018-05-06,695
Stephon Clark,Shooting_of_Stephon_Clark,2018-05-07,1267
Stephon Clark,Shooting_of_Stephon_Clark,2018-05-08,1251
Stephon Clark,Shooting_of_Stephon_Clark,2018-05-09,1108
Stephon Clark,Shooting_of_Stephon_Clark,2018-05-10,1009
Stephon Clark,Shooting_of_Stephon_Clark,2018-05-11,890
Stephon Clark,Shooting_of_Stephon_Clark,2018-05-12,844
Stephon Clark,Shooting_of_Stephon_Clark,2018-05-13,811
Stephon Clark,Shooting_of_Stephon_Clark,2018-05-14,1006
Stephon Clark,Shooting_of_Stephon_Clark,2018-05-15,948
Stephon Clark,Shooting_of_Stephon_Clark,2018-05-16,912
Stephon Clark,Shooting_of_Stephon_Clark,2018-05-17,1014
Stephon Clark,Shooting_of_Stephon_Clark,2018-05-18,821
Stephon Clark,Shooting_of_Stephon_Clark,2018-05-19,666
Stephon Clark,Shooting_of_Stephon_Clark,2018-05-20,574
Stephon Clark,Shooting_of_Stephon_Clark,2018-05-21,651
Stephon Clark,Shooting_of_Stephon_Clark,2018-05-22,647
Stephon Clark,Shooting_of_Stephon_Clark,2018-05-23,707
Stephon Clark,Shooting_of_Stephon_Clark,2018-05-24,933
Stephon Clark,Shooting_of_Stephon_Clark,2018-05-25,775
Stephon Clark,Shooting_of_Stephon_Clark,2018-05-26,505
Stephon Clark,Shooting_of_Stephon_Clark,2018-05-27,457
Stephon Clark,Shooting_of_Stephon_Clark,2018-05-28,524
Stephon Clark,Shooting_of_Stephon_Clark,2018-05-29,545
Stephon Clark,Shooting_of_Stephon_Clark,2018-05-30,447
Stephon Clark,Shooting_of_Stephon_Clark,2018-05-31,508
Stephon Clark,Shooting_of_Stephon_Clark,2018-06-01,449
Stephon Clark,Shooting_of_Stephon_Clark,2018-06-02,416
Stephon Clark,Shooting_of_Stephon_Clark,2018-06-03,437
Stephon Clark,Shooting_of_Stephon_Clark,2018-06-04,504
Stephon Clark,Shooting_of_Stephon_Clark,2018-06-05,583
Stephon Clark,Shooting_of_Stephon_Clark,2018-06-06,571
Stephon Clark,Shooting_of_Stephon_Clark,2018-06-07,3112
Stephon Clark,Shooting_of_Stephon_Clark,2018-06-08,2375
Stephon Clark,Shooting_of_Stephon_Clark,2018-06-09,715
Stephon Clark,Shooting_of_Stephon_Clark,2018-06-10,521
Stephon Clark,Shooting_of_Stephon_Clark,2018-06-11,2046
Stephon Clark,Shooting_of_Stephon_Clark,2018-06-12,1337
Stephon Clark,Shooting_of_Stephon_Clark,2018-06-13,386
Stephon Clark,Shooting_of_Stephon_Clark,2018-06-14,433
Stephon Clark,Shooting_of_Stephon_Clark,2018-06-15,299
Stephon Clark,Shooting_of_Stephon_Clark,2018-06-16,277
Stephon Clark,Shooting_of_Stephon_Clark,2018-06-17,404
Stephon Clark,Shooting_of_Stephon_Clark,2018-06-18,393
Stephon Clark,Shooting_of_Stephon_Clark,2018-06-19,484
Stephon Clark,Shooting_of_Stephon_Clark,2018-06-20,529
Stephon Clark,Shooting_of_Stephon_Clark,2018-06-21,461
Stephon Clark,Shooting_of_Stephon_Clark,2018-06-22,427
Stephon Clark,Shooting_of_Stephon_Clark,2018-06-23,373
Stephon Clark,Shooting_of_Stephon_Clark,2018-06-24,394
Stephon Clark,Shooting_of_Stephon_Clark,2018-06-25,374
Stephon Clark,Shooting_of_Stephon_Clark,2018-06-26,453
Stephon Clark,Shooting_of_Stephon_Clark,2018-06-27,389
Stephon Clark,Shooting_of_Stephon_Clark,2018-06-28,341
Stephon Clark,Shooting_of_Stephon_Clark,2018-06-29,310
Stephon Clark,Shooting_of_Stephon_Clark,2018-06-30,231
Stephon Clark,Shooting_of_Stephon_Clark,2018-07-01,278
Stephon Clark,Shooting_of_Stephon_Clark,2018-07-02,324
Stephon Clark,Shooting_of_Stephon_Clark,2018-07-03,302
Stephon Clark,Shooting_of_Stephon_Clark,2018-07-04,264
Stephon Clark,Shooting_of_Stephon_Clark,2018-07-05,302
Stephon Clark,Shooting_of_Stephon_Clark,2018-07-06,252
Stephon Clark,Shooting_of_Stephon_Clark,2018-07-07,241
Stephon Clark,Shooting_of_Stephon_Clark,2018-07-08,205
Stephon Clark,Shooting_of_Stephon_Clark,2018-07-09,257
Stephon Clark,Shooting_of_Stephon_Clark,2018-07-10,273
Stephon Clark,Shooting_of_Stephon_Clark,2018-07-11,286
Stephon Clark,Shooting_of_Stephon_Clark,2018-07-12,253
Stephon Clark,Shooting_of_Stephon_Clark,2018-07-13,250
Stephon Clark,Shooting_of_Stephon_Clark,2018-07-14,221
Stephon Clark,Shooting_of_Stephon_Clark,2018-07-15,244
Stephon Clark,Shooting_of_Stephon_Clark,2018-07-16,262
Stephon Clark,Shooting_of_Stephon_Clark,2018-07-17,242
Stephon Clark,Shooting_of_Stephon_Clark,2018-07-18,223
Stephon Clark,Shooting_of_Stephon_Clark,2018-07-19,211
Stephon Clark,Shooting_of_Stephon_Clark,2018-07-20,230
Stephon Clark,Shooting_of_Stephon_Clark,2018-07-21,248
Stephon Clark,Shooting_of_Stephon_Clark,2018-07-22,235
Stephon Clark,Shooting_of_Stephon_Clark,2018-07-23,253
Stephon Clark,Shooting_of_Stephon_Clark,2018-07-24,237
Stephon Clark,Shooting_of_Stephon_Clark,2018-07-25,247
Stephon Clark,Shooting_of_Stephon_Clark,2018-07-26,196
Stephon Clark,Shooting_of_Stephon_Clark,2018-07-27,190
Stephon Clark,Shooting_of_Stephon_Clark,2018-07-28,415
Stephon Clark,Shooting_of_Stephon_Clark,2018-07-29,321
Stephon Clark,Shooting_of_Stephon_Clark,2018-07-30,282
Stephon Clark,Shooting_of_Stephon_Clark,2018-07-31,320
Stephon Clark,Shooting_of_Stephon_Clark,2018-08-01,254
Stephon Clark,Shooting_of_Stephon_Clark,2018-08-02,221
Stephon Clark,Shooting_of_Stephon_Clark,2018-08-03,351
Stephon Clark,Shooting_of_Stephon_Clark,2018-08-04,214
Stephon Clark,Shooting_of_Stephon_Clark,2018-08-05,192
Stephon Clark,Shooting_of_Stephon_Clark,2018-08-06,321
Stephon Clark,Shooting_of_Stephon_Clark,2018-08-07,4136
Stephon Clark,Shooting_of_Stephon_Clark,2018-08-08,10550
Stephon Clark,Shooting_of_Stephon_Clark,2018-08-09,3543
Stephon Clark,Shooting_of_Stephon_Clark,2018-08-10,1755
Stephon Clark,Shooting_of_Stephon_Clark,2018-08-11,882
Stephon Clark,Shooting_of_Stephon_Clark,2018-08-12,588
Stephon Clark,Shooting_of_Stephon_Clark,2018-08-13,413
Stephon Clark,Shooting_of_Stephon_Clark,2018-08-14,424
Stephon Clark,Shooting_of_Stephon_Clark,2018-08-15,326
Stephon Clark,Shooting_of_Stephon_Clark,2018-08-16,259
Stephon Clark,Shooting_of_Stephon_Clark,2018-08-17,237
Stephon Clark,Shooting_of_Stephon_Clark,2018-08-18,209
Stephon Clark,Shooting_of_Stephon_Clark,2018-08-19,258
Stephon Clark,Shooting_of_Stephon_Clark,2018-08-20,257
Stephon Clark,Shooting_of_Stephon_Clark,2018-08-21,275
Stephon Clark,Shooting_of_Stephon_Clark,2018-08-22,243
Stephon Clark,Shooting_of_Stephon_Clark,2018-08-23,222
Stephon Clark,Shooting_of_Stephon_Clark,2018-08-24,220
Stephon Clark,Shooting_of_Stephon_Clark,2018-08-25,231
Stephon Clark,Shooting_of_Stephon_Clark,2018-08-26,265
Stephon Clark,Shooting_of_Stephon_Clark,2018-08-27,289
Stephon Clark,Shooting_of_Stephon_Clark,2018-08-28,307
Stephon Clark,Shooting_of_Stephon_Clark,2018-08-29,353
Stephon Clark,Shooting_of_Stephon_Clark,2018-08-30,263
Stephon Clark,Shooting_of_Stephon_Clark,2018-08-31,273
Stephon Clark,Shooting_of_Stephon_Clark,2018-09-01,179
Stephon Clark,Shooting_of_Stephon_Clark,2018-09-02,211
Stephon Clark,Shooting_of_Stephon_Clark,2018-09-03,216
Stephon Clark,Shooting_of_Stephon_Clark,2018-09-04,342
Stephon Clark,Shooting_of_Stephon_Clark,2018-09-05,395
Stephon Clark,Shooting_of_Stephon_Clark,2018-09-06,373
Stephon Clark,Shooting_of_Stephon_Clark,2018-09-07,863
Stephon Clark,Shooting_of_Stephon_Clark,2018-09-08,529
Stephon Clark,Shooting_of_Stephon_Clark,2018-09-09,402
Stephon Clark,Shooting_of_Stephon_Clark,2018-09-10,472
Stephon Clark,Shooting_of_Stephon_Clark,2018-09-11,709
Stephon Clark,Shooting_of_Stephon_Clark,2018-09-12,474
Stephon Clark,Shooting_of_Stephon_Clark,2018-09-13,413
Stephon Clark,Shooting_of_Stephon_Clark,2018-09-14,374
Stephon Clark,Shooting_of_Stephon_Clark,2018-09-15,434
Stephon Clark,Shooting_of_Stephon_Clark,2018-09-16,398
Stephon Clark,Shooting_of_Stephon_Clark,2018-09-17,336
Stephon Clark,Shooting_of_Stephon_Clark,2018-09-18,614
Stephon Clark,Shooting_of_Stephon_Clark,2018-09-19,748
Stephon Clark,Shooting_of_Stephon_Clark,2018-09-20,578
Stephon Clark,Shooting_of_Stephon_Clark,2018-09-21,308
Stephon Clark,Shooting_of_Stephon_Clark,2018-09-22,265
Stephon Clark,Shooting_of_Stephon_Clark,2018-09-23,235
Stephon Clark,Shooting_of_Stephon_Clark,2018-09-24,314
Stephon Clark,Shooting_of_Stephon_Clark,2018-09-25,296
Stephon Clark,Shooting_of_Stephon_Clark,2018-09-26,353
Stephon Clark,Shooting_of_Stephon_Clark,2018-09-27,360
Stephon Clark,Shooting_of_Stephon_Clark,2018-09-28,284
Stephon Clark,Shooting_of_Stephon_Clark,2018-09-29,177
Stephon Clark,Shooting_of_Stephon_Clark,2018-09-30,210
Stephon Clark,Shooting_of_Stephon_Clark,2018-10-01,264
Stephon Clark,Shooting_of_Stephon_Clark,2018-10-02,258
Stephon Clark,Shooting_of_Stephon_Clark,2018-10-03,267
Stephon Clark,Shooting_of_Stephon_Clark,2018-10-04,254
Stephon Clark,Shooting_of_Stephon_Clark,2018-10-05,309
Stephon Clark,Shooting_of_Stephon_Clark,2018-10-06,220
Stephon Clark,Shooting_of_Stephon_Clark,2018-10-07,251
Stephon Clark,Shooting_of_Stephon_Clark,2018-10-08,253
Stephon Clark,Shooting_of_Stephon_Clark,2018-10-09,247
Stephon Clark,Shooting_of_Stephon_Clark,2018-10-10,255
Stephon Clark,Shooting_of_Stephon_Clark,2018-10-11,288
Stephon Clark,Shooting_of_Stephon_Clark,2018-10-12,213
Stephon Clark,Shooting_of_Stephon_Clark,2018-10-13,190
Stephon Clark,Shooting_of_Stephon_Clark,2018-10-14,361
Stephon Clark,Shooting_of_Stephon_Clark,2018-10-15,341
Stephon Clark,Shooting_of_Stephon_Clark,2018-10-16,347
Stephon Clark,Shooting_of_Stephon_Clark,2018-10-17,323
Stephon Clark,Shooting_of_Stephon_Clark,2018-10-18,241
Stephon Clark,Shooting_of_Stephon_Clark,2018-10-19,198
Stephon Clark,Shooting_of_Stephon_Clark,2018-10-20,175
Stephon Clark,Shooting_of_Stephon_Clark,2018-10-21,183
Stephon Clark,Shooting_of_Stephon_Clark,2018-10-22,210
Stephon Clark,Shooting_of_Stephon_Clark,2018-10-23,232
Stephon Clark,Shooting_of_Stephon_Clark,2018-10-24,232
Stephon Clark,Shooting_of_Stephon_Clark,2018-10-25,218
Stephon Clark,Shooting_of_Stephon_Clark,2018-10-26,345
Stephon Clark,Shooting_of_Stephon_Clark,2018-10-27,204
Stephon Clark,Shooting_of_Stephon_Clark,2018-10-28,215
Stephon Clark,Shooting_of_Stephon_Clark,2018-10-29,236
Stephon Clark,Shooting_of_Stephon_Clark,2018-10-30,249
Stephon Clark,Shooting_of_Stephon_Clark,2018-10-31,228
Stephon Clark,Shooting_of_Stephon_Clark,2018-11-01,199
Stephon Clark,Shooting_of_Stephon_Clark,2018-11-02,190
Stephon Clark,Shooting_of_Stephon_Clark,2018-11-03,176
Stephon Clark,Shooting_of_Stephon_Clark,2018-11-04,201
Stephon Clark,Shooting_of_Stephon_Clark,2018-11-05,259
Stephon Clark,Shooting_of_Stephon_Clark,2018-11-06,221
Stephon Clark,Shooting_of_Stephon_Clark,2018-11-07,218
Stephon Clark,Shooting_of_Stephon_Clark,2018-11-08,251
Stephon Clark,Shooting_of_Stephon_Clark,2018-11-09,189
Stephon Clark,Shooting_of_Stephon_Clark,2018-11-10,155
Stephon Clark,Shooting_of_Stephon_Clark,2018-11-11,176
Stephon Clark,Shooting_of_Stephon_Clark,2018-11-12,227
Stephon Clark,Shooting_of_Stephon_Clark,2018-11-13,276
Stephon Clark,Shooting_of_Stephon_Clark,2018-11-14,326
Stephon Clark,Shooting_of_Stephon_Clark,2018-11-15,245
Stephon Clark,Shooting_of_Stephon_Clark,2018-11-16,215
Stephon Clark,Shooting_of_Stephon_Clark,2018-11-17,179
Stephon Clark,Shooting_of_Stephon_Clark,2018-11-18,182
Stephon Clark,Shooting_of_Stephon_Clark,2018-11-19,230
Stephon Clark,Shooting_of_Stephon_Clark,2018-11-20,219
Stephon Clark,Shooting_of_Stephon_Clark,2018-11-21,215
Stephon Clark,Shooting_of_Stephon_Clark,2018-11-22,195
Stephon Clark,Shooting_of_Stephon_Clark,2018-11-23,158
Stephon Clark,Shooting_of_Stephon_Clark,2018-11-24,188
Stephon Clark,Shooting_of_Stephon_Clark,2018-11-25,183
Stephon Clark,Shooting_of_Stephon_Clark,2018-11-26,236
Stephon Clark,Shooting_of_Stephon_Clark,2018-11-27,247
Stephon Clark,Shooting_of_Stephon_Clark,2018-11-28,292
Stephon Clark,Shooting_of_Stephon_Clark,2018-11-29,298
Stephon Clark,Shooting_of_Stephon_Clark,2018-11-30,245
Stephon Clark,Shooting_of_Stephon_Clark,2018-12-01,205
Stephon Clark,Shooting_of_Stephon_Clark,2018-12-02,264
Stephon Clark,Shooting_of_Stephon_Clark,2018-12-03,239
Stephon Clark,Shooting_of_Stephon_Clark,2018-12-04,244
Stephon Clark,Shooting_of_Stephon_Clark,2018-12-05,220
Stephon Clark,Shooting_of_Stephon_Clark,2018-12-06,195
Stephon Clark,Shooting_of_Stephon_Clark,2018-12-07,209
Stephon Clark,Shooting_of_Stephon_Clark,2018-12-08,180
Stephon Clark,Shooting_of_Stephon_Clark,2018-12-09,197
Stephon Clark,Shooting_of_Stephon_Clark,2018-12-10,225
Stephon Clark,Shooting_of_Stephon_Clark,2018-12-11,226
Stephon Clark,Shooting_of_Stephon_Clark,2018-12-12,218
Stephon Clark,Shooting_of_Stephon_Clark,2018-12-13,207
Stephon Clark,Shooting_of_Stephon_Clark,2018-12-14,183
Stephon Clark,Shooting_of_Stephon_Clark,2018-12-15,170
Stephon Clark,Shooting_of_Stephon_Clark,2018-12-16,204
Stephon Clark,Shooting_of_Stephon_Clark,2018-12-17,162
Stephon Clark,Shooting_of_Stephon_Clark,2018-12-18,179
Stephon Clark,Shooting_of_Stephon_Clark,2018-12-19,162
Stephon Clark,Shooting_of_Stephon_Clark,2018-12-20,160
Stephon Clark,Shooting_of_Stephon_Clark,2018-12-21,188
Stephon Clark,Shooting_of_Stephon_Clark,2018-12-22,116
Stephon Clark,Shooting_of_Stephon_Clark,2018-12-23,132
Stephon Clark,Shooting_of_Stephon_Clark,2018-12-24,113
Stephon Clark,Shooting_of_Stephon_Clark,2018-12-25,117
Stephon Clark,Shooting_of_Stephon_Clark,2018-12-26,129
Stephon Clark,Shooting_of_Stephon_Clark,2018-12-27,164
Stephon Clark,Shooting_of_Stephon_Clark,2018-12-28,130
Stephon Clark,Shooting_of_Stephon_Clark,2018-12-29,122
Stephon Clark,Shooting_of_Stephon_Clark,2018-12-30,179
Stephon Clark,Shooting_of_Stephon_Clark,2018-12-31,138
Stephon Clark,Shooting_of_Stephon_Clark,2019-01-01,152
Stephon Clark,Shooting_of_Stephon_Clark,2019-01-02,154
Stephon Clark,Shooting_of_Stephon_Clark,2019-01-03,235
Stephon Clark,Shooting_of_Stephon_Clark,2019-01-04,200
Stephon Clark,Shooting_of_Stephon_Clark,2019-01-05,209
Stephon Clark,Shooting_of_Stephon_Clark,2019-01-06,161
Stephon Clark,Shooting_of_Stephon_Clark,2019-01-07,174
Stephon Clark,Shooting_of_Stephon_Clark,2019-01-08,196
Stephon Clark,Shooting_of_Stephon_Clark,2019-01-09,203
Stephon Clark,Shooting_of_Stephon_Clark,2019-01-10,192
Stephon Clark,Shooting_of_Stephon_Clark,2019-01-11,184
Stephon Clark,Shooting_of_Stephon_Clark,2019-01-12,211
Stephon Clark,Shooting_of_Stephon_Clark,2019-01-13,162
Stephon Clark,Shooting_of_Stephon_Clark,2019-01-14,223
Stephon Clark,Shooting_of_Stephon_Clark,2019-01-15,201
Stephon Clark,Shooting_of_Stephon_Clark,2019-01-16,160
Stephon Clark,Shooting_of_Stephon_Clark,2019-01-17,214
Stephon Clark,Shooting_of_Stephon_Clark,2019-01-18,235
Stephon Clark,Shooting_of_Stephon_Clark,2019-01-19,530
Stephon Clark,Shooting_of_Stephon_Clark,2019-01-20,227
Stephon Clark,Shooting_of_Stephon_Clark,2019-01-21,246
Stephon Clark,Shooting_of_Stephon_Clark,2019-01-22,219
Stephon Clark,Shooting_of_Stephon_Clark,2019-01-23,234
Stephon Clark,Shooting_of_Stephon_Clark,2019-01-24,199
Stephon Clark,Shooting_of_Stephon_Clark,2019-01-25,257
Stephon Clark,Shooting_of_Stephon_Clark,2019-01-26,200
Stephon Clark,Shooting_of_Stephon_Clark,2019-01-27,229
Stephon Clark,Shooting_of_Stephon_Clark,2019-01-28,277
Stephon Clark,Shooting_of_Stephon_Clark,2019-01-29,1109
Stephon Clark,Shooting_of_Stephon_Clark,2019-01-30,716
Stephon Clark,Shooting_of_Stephon_Clark,2019-01-31,424
Stephon Clark,Shooting_of_Stephon_Clark,2019-02-01,274
Stephon Clark,Shooting_of_Stephon_Clark,2019-02-02,206
Stephon Clark,Shooting_of_Stephon_Clark,2019-02-03,203
Stephon Clark,Shooting_of_Stephon_Clark,2019-02-04,461
Stephon Clark,Shooting_of_Stephon_Clark,2019-02-05,323
Stephon Clark,Shooting_of_Stephon_Clark,2019-02-06,285
Stephon Clark,Shooting_of_Stephon_Clark,2019-02-07,285
Stephon Clark,Shooting_of_Stephon_Clark,2019-02-08,286
Stephon Clark,Shooting_of_Stephon_Clark,2019-02-09,210
Stephon Clark,Shooting_of_Stephon_Clark,2019-02-10,244
Stephon Clark,Shooting_of_Stephon_Clark,2019-02-11,333
Stephon Clark,Shooting_of_Stephon_Clark,2019-02-12,317
Stephon Clark,Shooting_of_Stephon_Clark,2019-02-13,337
Stephon Clark,Shooting_of_Stephon_Clark,2019-02-14,329
Stephon Clark,Shooting_of_Stephon_Clark,2019-02-15,232
Stephon Clark,Shooting_of_Stephon_Clark,2019-02-16,393
Stephon Clark,Shooting_of_Stephon_Clark,2019-02-17,261
Stephon Clark,Shooting_of_Stephon_Clark,2019-02-18,256
Stephon Clark,Shooting_of_Stephon_Clark,2019-02-19,290
Stephon Clark,Shooting_of_Stephon_Clark,2019-02-20,754
Stephon Clark,Shooting_of_Stephon_Clark,2019-02-21,336
Stephon Clark,Shooting_of_Stephon_Clark,2019-02-22,292
Stephon Clark,Shooting_of_Stephon_Clark,2019-02-23,317
Stephon Clark,Shooting_of_Stephon_Clark,2019-02-24,280
Stephon Clark,Shooting_of_Stephon_Clark,2019-02-25,361
Stephon Clark,Shooting_of_Stephon_Clark,2019-02-26,314
Stephon Clark,Shooting_of_Stephon_Clark,2019-02-27,506
Stephon Clark,Shooting_of_Stephon_Clark,2019-02-28,603
Stephon Clark,Shooting_of_Stephon_Clark,2019-03-01,795
Stephon Clark,Shooting_of_Stephon_Clark,2019-03-02,11775
Stephon Clark,Shooting_of_Stephon_Clark,2019-03-03,30092
Stephon Clark,Shooting_of_Stephon_Clark,2019-03-04,15589
Stephon Clark,Shooting_of_Stephon_Clark,2019-03-05,19454
Stephon Clark,Shooting_of_Stephon_Clark,2019-03-06,15970
Stephon Clark,Shooting_of_Stephon_Clark,2019-03-07,16193
Stephon Clark,Shooting_of_Stephon_Clark,2019-03-08,11739
Stephon Clark,Shooting_of_Stephon_Clark,2019-03-09,5499
Stephon Clark,Shooting_of_Stephon_Clark,2019-03-10,3542
Stephon Clark,Shooting_of_Stephon_Clark,2019-03-11,3208
Stephon Clark,Shooting_of_Stephon_Clark,2019-03-12,2738
Stephon Clark,Shooting_of_Stephon_Clark,2019-03-13,1824
Stephon Clark,Shooting_of_Stephon_Clark,2019-03-14,1367
Stephon Clark,Shooting_of_Stephon_Clark,2019-03-15,1210
Stephon Clark,Shooting_of_Stephon_Clark,2019-03-16,938
Stephon Clark,Shooting_of_Stephon_Clark,2019-03-17,1005
Stephon Clark,Shooting_of_Stephon_Clark,2019-03-18,1676
Stephon Clark,Shooting_of_Stephon_Clark,2019-03-19,1861
Stephon Clark,Shooting_of_Stephon_Clark,2019-03-20,830
Stephon Clark,Shooting_of_Stephon_Clark,2019-03-21,702
Stephon Clark,Shooting_of_Stephon_Clark,2019-03-22,528
Stephon Clark,Shooting_of_Stephon_Clark,2019-03-23,521
Stephon Clark,Shooting_of_Stephon_Clark,2019-03-24,443
Stephon Clark,Shooting_of_Stephon_Clark,2019-03-25,590
Stephon Clark,Shooting_of_Stephon_Clark,2019-03-26,478
Stephon Clark,Shooting_of_Stephon_Clark,2019-03-27,434
Stephon Clark,Shooting_of_Stephon_Clark,2019-03-28,407
Stephon Clark,Shooting_of_Stephon_Clark,2019-03-29,514
Stephon Clark,Shooting_of_Stephon_Clark,2019-03-30,2452
Stephon Clark,Shooting_of_Stephon_Clark,2019-03-31,818
Stephon Clark,Shooting_of_Stephon_Clark,2019-04-01,491
Stephon Clark,Shooting_of_Stephon_Clark,2019-04-02,526
Stephon Clark,Shooting_of_Stephon_Clark,2019-04-03,420
Stephon Clark,Shooting_of_Stephon_Clark,2019-04-04,397
Stephon Clark,Shooting_of_Stephon_Clark,2019-04-05,383
Stephon Clark,Shooting_of_Stephon_Clark,2019-04-06,261
Stephon Clark,Shooting_of_Stephon_Clark,2019-04-07,371
Stephon Clark,Shooting_of_Stephon_Clark,2019-04-08,416
Stephon Clark,Shooting_of_Stephon_Clark,2019-04-09,390
Stephon Clark,Shooting_of_Stephon_Clark,2019-04-10,429
Stephon Clark,Shooting_of_Stephon_Clark,2019-04-11,393
Stephon Clark,Shooting_of_Stephon_Clark,2019-04-12,319
Stephon Clark,Shooting_of_Stephon_Clark,2019-04-13,324
Stephon Clark,Shooting_of_Stephon_Clark,2019-04-14,293
Stephon Clark,Shooting_of_Stephon_Clark,2019-04-15,301
Stephon Clark,Shooting_of_Stephon_Clark,2019-04-16,293
Stephon Clark,Shooting_of_Stephon_Clark,2019-04-17,274
Stephon Clark,Shooting_of_Stephon_Clark,2019-04-18,318
Stephon Clark,Shooting_of_Stephon_Clark,2019-04-19,304
Stephon Clark,Shooting_of_Stephon_Clark,2019-04-20,210
Stephon Clark,Shooting_of_Stephon_Clark,2019-04-21,270
Stephon Clark,Shooting_of_Stephon_Clark,2019-04-22,336
Stephon Clark,Shooting_of_Stephon_Clark,2019-04-23,355
Stephon Clark,Shooting_of_Stephon_Clark,2019-04-24,367
Stephon Clark,Shooting_of_Stephon_Clark,2019-04-25,338
Stephon Clark,Shooting_of_Stephon_Clark,2019-04-26,303
Stephon Clark,Shooting_of_Stephon_Clark,2019-04-27,284
Stephon Clark,Shooting_of_Stephon_Clark,2019-04-28,301
Stephon Clark,Shooting_of_Stephon_Clark,2019-04-29,352
Stephon Clark,Shooting_of_Stephon_Clark,2019-04-30,435
Stephon Clark,Shooting_of_Stephon_Clark,2019-05-01,391
Stephon Clark,Shooting_of_Stephon_Clark,2019-05-02,358
Stephon Clark,Shooting_of_Stephon_Clark,2019-05-03,283
Stephon Clark,Shooting_of_Stephon_Clark,2019-05-04,270
Stephon Clark,Shooting_of_Stephon_Clark,2019-05-05,229
Stephon Clark,Shooting_of_Stephon_Clark,2019-05-06,288
Stephon Clark,Shooting_of_Stephon_Clark,2019-05-07,281
Stephon Clark,Shooting_of_Stephon_Clark,2019-05-08,313
Stephon Clark,Shooting_of_Stephon_Clark,2019-05-09,313
Stephon Clark,Shooting_of_Stephon_Clark,2019-05-10,279
Stephon Clark,Shooting_of_Stephon_Clark,2019-05-11,359
Stephon Clark,Shooting_of_Stephon_Clark,2019-05-12,253
Stephon Clark,Shooting_of_Stephon_Clark,2019-05-13,431
Stephon Clark,Shooting_of_Stephon_Clark,2019-05-14,385
Stephon Clark,Shooting_of_Stephon_Clark,2019-05-15,392
Stephon Clark,Shooting_of_Stephon_Clark,2019-05-16,348
Stephon Clark,Shooting_of_Stephon_Clark,2019-05-17,232
Stephon Clark,Shooting_of_Stephon_Clark,2019-05-18,197
Stephon Clark,Shooting_of_Stephon_Clark,2019-05-19,303
Stephon Clark,Shooting_of_Stephon_Clark,2019-05-20,329
Stephon Clark,Shooting_of_Stephon_Clark,2019-05-21,299
Stephon Clark,Shooting_of_Stephon_Clark,2019-05-22,405
Stephon Clark,Shooting_of_Stephon_Clark,2019-05-23,341
Stephon Clark,Shooting_of_Stephon_Clark,2019-05-24,336
Stephon Clark,Shooting_of_Stephon_Clark,2019-05-25,229
Stephon Clark,Shooting_of_Stephon_Clark,2019-05-26,204
Stephon Clark,Shooting_of_Stephon_Clark,2019-05-27,195
Stephon Clark,Shooting_of_Stephon_Clark,2019-05-28,232
Stephon Clark,Shooting_of_Stephon_Clark,2019-05-29,229
Stephon Clark,Shooting_of_Stephon_Clark,2019-05-30,240
Stephon Clark,Shooting_of_Stephon_Clark,2019-05-31,216
Stephon Clark,Shooting_of_Stephon_Clark,2019-06-01,148
Stephon Clark,Shooting_of_Stephon_Clark,2019-06-02,214
Stephon Clark,Shooting_of_Stephon_Clark,2019-06-03,240
Stephon Clark,Shooting_of_Stephon_Clark,2019-06-04,201
Stephon Clark,Shooting_of_Stephon_Clark,2019-06-05,257
Stephon Clark,Shooting_of_Stephon_Clark,2019-06-06,237
Stephon Clark,Shooting_of_Stephon_Clark,2019-06-07,256
Stephon Clark,Shooting_of_Stephon_Clark,2019-06-08,198
Stephon Clark,Shooting_of_Stephon_Clark,2019-06-09,224
Stephon Clark,Shooting_of_Stephon_Clark,2019-06-10,212
Stephon Clark,Shooting_of_Stephon_Clark,2019-06-11,282
Stephon Clark,Shooting_of_Stephon_Clark,2019-06-12,272
Stephon Clark,Shooting_of_Stephon_Clark,2019-06-13,240
Stephon Clark,Shooting_of_Stephon_Clark,2019-06-14,250
Stephon Clark,Shooting_of_Stephon_Clark,2019-06-15,199
Stephon Clark,Shooting_of_Stephon_Clark,2019-06-16,260
Stephon Clark,Shooting_of_Stephon_Clark,2019-06-17,272
Stephon Clark,Shooting_of_Stephon_Clark,2019-06-18,206
Stephon Clark,Shooting_of_Stephon_Clark,2019-06-19,353
Stephon Clark,Shooting_of_Stephon_Clark,2019-06-20,804
Stephon Clark,Shooting_of_Stephon_Clark,2019-06-21,465
Stephon Clark,Shooting_of_Stephon_Clark,2019-06-22,350
Stephon Clark,Shooting_of_Stephon_Clark,2019-06-23,406
Stephon Clark,Shooting_of_Stephon_Clark,2019-06-24,305
Stephon Clark,Shooting_of_Stephon_Clark,2019-06-25,255
Stephon Clark,Shooting_of_Stephon_Clark,2019-06-26,232
Stephon Clark,Shooting_of_Stephon_Clark,2019-06-27,508
Stephon Clark,Shooting_of_Stephon_Clark,2019-06-28,215
Stephon Clark,Shooting_of_Stephon_Clark,2019-06-29,256
Stephon Clark,Shooting_of_Stephon_Clark,2019-06-30,293
Stephon Clark,Shooting_of_Stephon_Clark,2019-07-01,327
Stephon Clark,Shooting_of_Stephon_Clark,2019-07-02,211
Stephon Clark,Shooting_of_Stephon_Clark,2019-07-03,186
Stephon Clark,Shooting_of_Stephon_Clark,2019-07-04,178
Stephon Clark,Shooting_of_Stephon_Clark,2019-07-05,165
Stephon Clark,Shooting_of_Stephon_Clark,2019-07-06,160
Stephon Clark,Shooting_of_Stephon_Clark,2019-07-07,157
Stephon Clark,Shooting_of_Stephon_Clark,2019-07-08,179
Stephon Clark,Shooting_of_Stephon_Clark,2019-07-09,231
Stephon Clark,Shooting_of_Stephon_Clark,2019-07-10,230
Stephon Clark,Shooting_of_Stephon_Clark,2019-07-11,196
Stephon Clark,Shooting_of_Stephon_Clark,2019-07-12,153
Stephon Clark,Shooting_of_Stephon_Clark,2019-07-13,145
Stephon Clark,Shooting_of_Stephon_Clark,2019-07-14,163
Stephon Clark,Shooting_of_Stephon_Clark,2019-07-15,159
Stephon Clark,Shooting_of_Stephon_Clark,2019-07-16,162
Stephon Clark,Shooting_of_Stephon_Clark,2019-07-17,472
Stephon Clark,Shooting_of_Stephon_Clark,2019-07-18,290
Stephon Clark,Shooting_of_Stephon_Clark,2019-07-19,216
Stephon Clark,Shooting_of_Stephon_Clark,2019-07-20,184
Stephon Clark,Shooting_of_Stephon_Clark,2019-07-21,146
Stephon Clark,Shooting_of_Stephon_Clark,2019-07-22,189
Stephon Clark,Shooting_of_Stephon_Clark,2019-07-23,168
Stephon Clark,Shooting_of_Stephon_Clark,2019-07-24,183
Stephon Clark,Shooting_of_Stephon_Clark,2019-07-25,181
Stephon Clark,Shooting_of_Stephon_Clark,2019-07-26,228
Stephon Clark,Shooting_of_Stephon_Clark,2019-07-27,188
Stephon Clark,Shooting_of_Stephon_Clark,2019-07-28,159
Stephon Clark,Shooting_of_Stephon_Clark,2019-07-29,134
Stephon Clark,Shooting_of_Stephon_Clark,2019-07-30,136
Stephon Clark,Shooting_of_Stephon_Clark,2019-07-31,125
Stephon Clark,Shooting_of_Stephon_Clark,2019-08-01,155
Stephon Clark,Shooting_of_Stephon_Clark,2019-08-02,147
Stephon Clark,Shooting_of_Stephon_Clark,2019-08-03,130
Stephon Clark,Shooting_of_Stephon_Clark,2019-08-04,234
Stephon Clark,Shooting_of_Stephon_Clark,2019-08-05,193
Stephon Clark,Shooting_of_Stephon_Clark,2019-08-06,158
Stephon Clark,Shooting_of_Stephon_Clark,2019-08-07,169
Stephon Clark,Shooting_of_Stephon_Clark,2019-08-08,135
Stephon Clark,Shooting_of_Stephon_Clark,2019-08-09,154
Stephon Clark,Shooting_of_Stephon_Clark,2019-08-10,869
Stephon Clark,Shooting_of_Stephon_Clark,2019-08-11,916
Stephon Clark,Shooting_of_Stephon_Clark,2019-08-12,279
Stephon Clark,Shooting_of_Stephon_Clark,2019-08-13,187
Stephon Clark,Shooting_of_Stephon_Clark,2019-08-14,202
Stephon Clark,Shooting_of_Stephon_Clark,2019-08-15,930
Stephon Clark,Shooting_of_Stephon_Clark,2019-08-16,416
Stephon Clark,Shooting_of_Stephon_Clark,2019-08-17,246
Stephon Clark,Shooting_of_Stephon_Clark,2019-08-18,237
Stephon Clark,Shooting_of_Stephon_Clark,2019-08-19,945
Stephon Clark,Shooting_of_Stephon_Clark,2019-08-20,2076
Stephon Clark,Shooting_of_Stephon_Clark,2019-08-21,610
Stephon Clark,Shooting_of_Stephon_Clark,2019-08-22,389
Stephon Clark,Shooting_of_Stephon_Clark,2019-08-23,281
Stephon Clark,Shooting_of_Stephon_Clark,2019-08-24,169
Stephon Clark,Shooting_of_Stephon_Clark,2019-08-25,162
Stephon Clark,Shooting_of_Stephon_Clark,2019-08-26,237
Stephon Clark,Shooting_of_Stephon_Clark,2019-08-27,199
Stephon Clark,Shooting_of_Stephon_Clark,2019-08-28,265
Stephon Clark,Shooting_of_Stephon_Clark,2019-08-29,254
Stephon Clark,Shooting_of_Stephon_Clark,2019-08-30,215
Stephon Clark,Shooting_of_Stephon_Clark,2019-08-31,165
Stephon Clark,Shooting_of_Stephon_Clark,2019-09-01,157
Stephon Clark,Shooting_of_Stephon_Clark,2019-09-02,180
Stephon Clark,Shooting_of_Stephon_Clark,2019-09-03,166
Stephon Clark,Shooting_of_Stephon_Clark,2019-09-04,195
Stephon Clark,Shooting_of_Stephon_Clark,2019-09-05,199
Stephon Clark,Shooting_of_Stephon_Clark,2019-09-06,1444
Stephon Clark,Shooting_of_Stephon_Clark,2019-09-07,752
Stephon Clark,Shooting_of_Stephon_Clark,2019-09-08,612
Stephon Clark,Shooting_of_Stephon_Clark,2019-09-09,597
Stephon Clark,Shooting_of_Stephon_Clark,2019-09-10,370
Stephon Clark,Shooting_of_Stephon_Clark,2019-09-11,223
Stephon Clark,Shooting_of_Stephon_Clark,2019-09-12,211
Stephon Clark,Shooting_of_Stephon_Clark,2019-09-13,164
Stephon Clark,Shooting_of_Stephon_Clark,2019-09-14,272
Stephon Clark,Shooting_of_Stephon_Clark,2019-09-15,180
Stephon Clark,Shooting_of_Stephon_Clark,2019-09-16,202
Stephon Clark,Shooting_of_Stephon_Clark,2019-09-17,201
Stephon Clark,Shooting_of_Stephon_Clark,2019-09-18,214
Stephon Clark,Shooting_of_Stephon_Clark,2019-09-19,163
Stephon Clark,Shooting_of_Stephon_Clark,2019-09-20,170
Stephon Clark,Shooting_of_Stephon_Clark,2019-09-21,165
Stephon Clark,Shooting_of_Stephon_Clark,2019-09-22,255
Stephon Clark,Shooting_of_Stephon_Clark,2019-09-23,214
Stephon Clark,Shooting_of_Stephon_Clark,2019-09-24,208
Stephon Clark,Shooting_of_Stephon_Clark,2019-09-25,204
Stephon Clark,Shooting_of_Stephon_Clark,2019-09-26,298
Stephon Clark,Shooting_of_Stephon_Clark,2019-09-27,2652
Stephon Clark,Shooting_of_Stephon_Clark,2019-09-28,1160
Stephon Clark,Shooting_of_Stephon_Clark,2019-09-29,574
Stephon Clark,Shooting_of_Stephon_Clark,2019-09-30,496
Stephon Clark,Shooting_of_Stephon_Clark,2019-10-01,407
Stephon Clark,Shooting_of_Stephon_Clark,2019-10-02,363
Stephon Clark,Shooting_of_Stephon_Clark,2019-10-03,354
Stephon Clark,Shooting_of_Stephon_Clark,2019-10-04,274
Stephon Clark,Shooting_of_Stephon_Clark,2019-10-05,179
Stephon Clark,Shooting_of_Stephon_Clark,2019-10-06,211
Stephon Clark,Shooting_of_Stephon_Clark,2019-10-07,261
Stephon Clark,Shooting_of_Stephon_Clark,2019-10-08,250
Stephon Clark,Shooting_of_Stephon_Clark,2019-10-09,259
Stephon Clark,Shooting_of_Stephon_Clark,2019-10-10,334
Stephon Clark,Shooting_of_Stephon_Clark,2019-10-11,271
Stephon Clark,Shooting_of_Stephon_Clark,2019-10-12,251
Stephon Clark,Shooting_of_Stephon_Clark,2019-10-13,379
Stephon Clark,Shooting_of_Stephon_Clark,2019-10-14,255
Stephon Clark,Shooting_of_Stephon_Clark,2019-10-15,341
Stephon Clark,Shooting_of_Stephon_Clark,2019-10-16,248
Stephon Clark,Shooting_of_Stephon_Clark,2019-10-17,244
Stephon Clark,Shooting_of_Stephon_Clark,2019-10-18,149
Stephon Clark,Shooting_of_Stephon_Clark,2019-10-19,148
Stephon Clark,Shooting_of_Stephon_Clark,2019-10-20,143
Stephon Clark,Shooting_of_Stephon_Clark,2019-10-21,175
Stephon Clark,Shooting_of_Stephon_Clark,2019-10-22,197
Stephon Clark,Shooting_of_Stephon_Clark,2019-10-23,199
Stephon Clark,Shooting_of_Stephon_Clark,2019-10-24,219
Stephon Clark,Shooting_of_Stephon_Clark,2019-10-25,181
Stephon Clark,Shooting_of_Stephon_Clark,2019-10-26,160
Stephon Clark,Shooting_of_Stephon_Clark,2019-10-27,162
Stephon Clark,Shooting_of_Stephon_Clark,2019-10-28,164
Stephon Clark,Shooting_of_Stephon_Clark,2019-10-29,156
Stephon Clark,Shooting_of_Stephon_Clark,2019-10-30,159
Stephon Clark,Shooting_of_Stephon_Clark,2019-10-31,201
Stephon Clark,Shooting_of_Stephon_Clark,2019-11-01,219
Stephon Clark,Shooting_of_Stephon_Clark,2019-11-02,154
Stephon Clark,Shooting_of_Stephon_Clark,2019-11-03,155
Stephon Clark,Shooting_of_Stephon_Clark,2019-11-04,196
Stephon Clark,Shooting_of_Stephon_Clark,2019-11-05,206
Stephon Clark,Shooting_of_Stephon_Clark,2019-11-06,207
Stephon Clark,Shooting_of_Stephon_Clark,2019-11-07,216
Stephon Clark,Shooting_of_Stephon_Clark,2019-11-08,200
Stephon Clark,Shooting_of_Stephon_Clark,2019-11-09,148
Stephon Clark,Shooting_of_Stephon_Clark,2019-11-10,187
Stephon Clark,Shooting_of_Stephon_Clark,2019-11-11,199
Stephon Clark,Shooting_of_Stephon_Clark,2019-11-12,211
Stephon Clark,Shooting_of_Stephon_Clark,2019-11-13,318
Stephon Clark,Shooting_of_Stephon_Clark,2019-11-14,217
Stephon Clark,Shooting_of_Stephon_Clark,2019-11-15,255
Stephon Clark,Shooting_of_Stephon_Clark,2019-11-16,156
Stephon Clark,Shooting_of_Stephon_Clark,2019-11-17,135
Stephon Clark,Shooting_of_Stephon_Clark,2019-11-18,229
Stephon Clark,Shooting_of_Stephon_Clark,2019-11-19,224
Stephon Clark,Shooting_of_Stephon_Clark,2019-11-20,205
Stephon Clark,Shooting_of_Stephon_Clark,2019-11-21,194
Stephon Clark,Shooting_of_Stephon_Clark,2019-11-22,212
Stephon Clark,Shooting_of_Stephon_Clark,2019-11-23,136
Stephon Clark,Shooting_of_Stephon_Clark,2019-11-24,164
Stephon Clark,Shooting_of_Stephon_Clark,2019-11-25,203
Stephon Clark,Shooting_of_Stephon_Clark,2019-11-26,148
Stephon Clark,Shooting_of_Stephon_Clark,2019-11-27,135
Stephon Clark,Shooting_of_Stephon_Clark,2019-11-28,176
Stephon Clark,Shooting_of_Stephon_Clark,2019-11-29,184
Stephon Clark,Shooting_of_Stephon_Clark,2019-11-30,160
Stephon Clark,Shooting_of_Stephon_Clark,2019-12-01,199
Stephon Clark,Shooting_of_Stephon_Clark,2019-12-02,175
Stephon Clark,Shooting_of_Stephon_Clark,2019-12-03,204
Stephon Clark,Shooting_of_Stephon_Clark,2019-12-04,215
Stephon Clark,Shooting_of_Stephon_Clark,2019-12-05,227
Stephon Clark,Shooting_of_Stephon_Clark,2019-12-06,188
Stephon Clark,Shooting_of_Stephon_Clark,2019-12-07,128
Stephon Clark,Shooting_of_Stephon_Clark,2019-12-08,211
Stephon Clark,Shooting_of_Stephon_Clark,2019-12-09,216
Stephon Clark,Shooting_of_Stephon_Clark,2019-12-10,246
Stephon Clark,Shooting_of_Stephon_Clark,2019-12-11,176
Stephon Clark,Shooting_of_Stephon_Clark,2019-12-12,184
Stephon Clark,Shooting_of_Stephon_Clark,2019-12-13,198
Stephon Clark,Shooting_of_Stephon_Clark,2019-12-14,184
Stephon Clark,Shooting_of_Stephon_Clark,2019-12-15,177
Stephon Clark,Shooting_of_Stephon_Clark,2019-12-16,206
Stephon Clark,Shooting_of_Stephon_Clark,2019-12-17,171
Stephon Clark,Shooting_of_Stephon_Clark,2019-12-18,150
Stephon Clark,Shooting_of_Stephon_Clark,2019-12-19,144
Stephon Clark,Shooting_of_Stephon_Clark,2019-12-20,126
Stephon Clark,Shooting_of_Stephon_Clark,2019-12-21,135
Stephon Clark,Shooting_of_Stephon_Clark,2019-12-22,129
Stephon Clark,Shooting_of_Stephon_Clark,2019-12-23,117
Stephon Clark,Shooting_of_Stephon_Clark,2019-12-24,96
Stephon Clark,Shooting_of_Stephon_Clark,2019-12-25,110
Stephon Clark,Shooting_of_Stephon_Clark,2019-12-26,143
Stephon Clark,Shooting_of_Stephon_Clark,2019-12-27,112
Stephon Clark,Shooting_of_Stephon_Clark,2019-12-28,120
Stephon Clark,Shooting_of_Stephon_Clark,2019-12-29,165
Stephon Clark,Shooting_of_Stephon_Clark,2019-12-30,177
Stephon Clark,Shooting_of_Stephon_Clark,2019-12-31,141
Stephon Clark,Shooting_of_Stephon_Clark,2020-01-01,152
Stephon Clark,Shooting_of_Stephon_Clark,2020-01-02,179
Stephon Clark,Shooting_of_Stephon_Clark,2020-01-03,151
Stephon Clark,Shooting_of_Stephon_Clark,2020-01-04,158
Stephon Clark,Shooting_of_Stephon_Clark,2020-01-05,147
Stephon Clark,Shooting_of_Stephon_Clark,2020-01-06,150
Stephon Clark,Shooting_of_Stephon_Clark,2020-01-07,164
Stephon Clark,Shooting_of_Stephon_Clark,2020-01-08,129
Stephon Clark,Shooting_of_Stephon_Clark,2020-01-09,203
Stephon Clark,Shooting_of_Stephon_Clark,2020-01-10,162
Stephon Clark,Shooting_of_Stephon_Clark,2020-01-11,153
Stephon Clark,Shooting_of_Stephon_Clark,2020-01-12,189
Stephon Clark,Shooting_of_Stephon_Clark,2020-01-13,160
Stephon Clark,Shooting_of_Stephon_Clark,2020-01-14,160
Stephon Clark,Shooting_of_Stephon_Clark,2020-01-15,230
Stephon Clark,Shooting_of_Stephon_Clark,2020-01-16,294
Stephon Clark,Shooting_of_Stephon_Clark,2020-01-17,303
Stephon Clark,Shooting_of_Stephon_Clark,2020-01-18,248
Stephon Clark,Shooting_of_Stephon_Clark,2020-01-19,276
Stephon Clark,Shooting_of_Stephon_Clark,2020-01-20,229
Stephon Clark,Shooting_of_Stephon_Clark,2020-01-21,237
Stephon Clark,Shooting_of_Stephon_Clark,2020-01-22,246
Stephon Clark,Shooting_of_Stephon_Clark,2020-01-23,235
Stephon Clark,Shooting_of_Stephon_Clark,2020-01-24,169
Stephon Clark,Shooting_of_Stephon_Clark,2020-01-25,122
Stephon Clark,Shooting_of_Stephon_Clark,2020-01-26,111
Stephon Clark,Shooting_of_Stephon_Clark,2020-01-27,164
Stephon Clark,Shooting_of_Stephon_Clark,2020-01-28,149
Stephon Clark,Shooting_of_Stephon_Clark,2020-01-29,184
Stephon Clark,Shooting_of_Stephon_Clark,2020-01-30,146
Stephon Clark,Shooting_of_Stephon_Clark,2020-01-31,175
Stephon Clark,Shooting_of_Stephon_Clark,2020-02-01,94
Stephon Clark,Shooting_of_Stephon_Clark,2020-02-02,110
Stephon Clark,Shooting_of_Stephon_Clark,2020-02-03,128
Stephon Clark,Shooting_of_Stephon_Clark,2020-02-04,144
Stephon Clark,Shooting_of_Stephon_Clark,2020-02-05,136
Stephon Clark,Shooting_of_Stephon_Clark,2020-02-06,174
Stephon Clark,Shooting_of_Stephon_Clark,2020-02-07,197
Stephon Clark,Shooting_of_Stephon_Clark,2020-02-08,121
Stephon Clark,Shooting_of_Stephon_Clark,2020-02-09,130
Stephon Clark,Shooting_of_Stephon_Clark,2020-02-10,143
Stephon Clark,Shooting_of_Stephon_Clark,2020-02-11,117
Stephon Clark,Shooting_of_Stephon_Clark,2020-02-12,110
Stephon Clark,Shooting_of_Stephon_Clark,2020-02-13,113
Stephon Clark,Shooting_of_Stephon_Clark,2020-02-14,140
Stephon Clark,Shooting_of_Stephon_Clark,2020-02-15,85
Stephon Clark,Shooting_of_Stephon_Clark,2020-02-16,119
Stephon Clark,Shooting_of_Stephon_Clark,2020-02-17,101
Stephon Clark,Shooting_of_Stephon_Clark,2020-02-18,133
Stephon Clark,Shooting_of_Stephon_Clark,2020-02-19,160
Stephon Clark,Shooting_of_Stephon_Clark,2020-02-20,190
Stephon Clark,Shooting_of_Stephon_Clark,2020-02-21,153
Stephon Clark,Shooting_of_Stephon_Clark,2020-02-22,112
Stephon Clark,Shooting_of_Stephon_Clark,2020-02-23,92
Stephon Clark,Shooting_of_Stephon_Clark,2020-02-24,135
Stephon Clark,Shooting_of_Stephon_Clark,2020-02-25,179
Stephon Clark,Shooting_of_Stephon_Clark,2020-02-26,139
Stephon Clark,Shooting_of_Stephon_Clark,2020-02-27,151
Stephon Clark,Shooting_of_Stephon_Clark,2020-02-28,118
Stephon Clark,Shooting_of_Stephon_Clark,2020-02-29,575
Stephon Clark,Shooting_of_Stephon_Clark,2020-03-01,427
Stephon Clark,Shooting_of_Stephon_Clark,2020-03-02,185
Stephon Clark,Shooting_of_Stephon_Clark,2020-03-03,144
Stephon Clark,Shooting_of_Stephon_Clark,2020-03-04,306
Stephon Clark,Shooting_of_Stephon_Clark,2020-03-05,259
Stephon Clark,Shooting_of_Stephon_Clark,2020-03-06,380
Stephon Clark,Shooting_of_Stephon_Clark,2020-03-07,290
Stephon Clark,Shooting_of_Stephon_Clark,2020-03-08,295
Stephon Clark,Shooting_of_Stephon_Clark,2020-03-09,210
Stephon Clark,Shooting_of_Stephon_Clark,2020-03-10,205
Stephon Clark,Shooting_of_Stephon_Clark,2020-03-11,243
Stephon Clark,Shooting_of_Stephon_Clark,2020-03-12,140
Stephon Clark,Shooting_of_Stephon_Clark,2020-03-13,158
Stephon Clark,Shooting_of_Stephon_Clark,2020-03-14,162
Stephon Clark,Shooting_of_Stephon_Clark,2020-03-15,195
Stephon Clark,Shooting_of_Stephon_Clark,2020-03-16,184
Stephon Clark,Shooting_of_Stephon_Clark,2020-03-17,177
Stephon Clark,Shooting_of_Stephon_Clark,2020-03-18,153
Stephon Clark,Shooting_of_Stephon_Clark,2020-03-19,144
Stephon Clark,Shooting_of_Stephon_Clark,2020-03-20,111
Stephon Clark,Shooting_of_Stephon_Clark,2020-03-21,117
Stephon Clark,Shooting_of_Stephon_Clark,2020-03-22,113
Stephon Clark,Shooting_of_Stephon_Clark,2020-03-23,118
Stephon Clark,Shooting_of_Stephon_Clark,2020-03-24,97
Stephon Clark,Shooting_of_Stephon_Clark,2020-03-25,121
Stephon Clark,Shooting_of_Stephon_Clark,2020-03-26,128
Stephon Clark,Shooting_of_Stephon_Clark,2020-03-27,116
Stephon Clark,Shooting_of_Stephon_Clark,2020-03-28,115
Stephon Clark,Shooting_of_Stephon_Clark,2020-03-29,132
Stephon Clark,Shooting_of_Stephon_Clark,2020-03-30,116
Stephon Clark,Shooting_of_Stephon_Clark,2020-03-31,111
Stephon Clark,Shooting_of_Stephon_Clark,2020-04-01,164
Stephon Clark,Shooting_of_Stephon_Clark,2020-04-02,153
Stephon Clark,Shooting_of_Stephon_Clark,2020-04-03,122
Stephon Clark,Shooting_of_Stephon_Clark,2020-04-04,101
Stephon Clark,Shooting_of_Stephon_Clark,2020-04-05,112
Stephon Clark,Shooting_of_Stephon_Clark,2020-04-06,88
Stephon Clark,Shooting_of_Stephon_Clark,2020-04-07,114
Stephon Clark,Shooting_of_Stephon_Clark,2020-04-08,89
Stephon Clark,Shooting_of_Stephon_Clark,2020-04-09,87
Stephon Clark,Shooting_of_Stephon_Clark,2020-04-10,109
Stephon Clark,Shooting_of_Stephon_Clark,2020-04-11,86
Stephon Clark,Shooting_of_Stephon_Clark,2020-04-12,115
Stephon Clark,Shooting_of_Stephon_Clark,2020-04-13,136
Stephon Clark,Shooting_of_Stephon_Clark,2020-04-14,103
Stephon Clark,Shooting_of_Stephon_Clark,2020-04-15,122
Stephon Clark,Shooting_of_Stephon_Clark,2020-04-16,118
Stephon Clark,Shooting_of_Stephon_Clark,2020-04-17,115
Stephon Clark,Shooting_of_Stephon_Clark,2020-04-18,110
Stephon Clark,Shooting_of_Stephon_Clark,2020-04-19,118
Stephon Clark,Shooting_of_Stephon_Clark,2020-04-20,117
Stephon Clark,Shooting_of_Stephon_Clark,2020-04-21,122
Stephon Clark,Shooting_of_Stephon_Clark,2020-04-22,137
Stephon Clark,Shooting_of_Stephon_Clark,2020-04-23,128
Stephon Clark,Shooting_of_Stephon_Clark,2020-04-24,164
Stephon Clark,Shooting_of_Stephon_Clark,2020-04-25,104
Stephon Clark,Shooting_of_Stephon_Clark,2020-04-26,121
Stephon Clark,Shooting_of_Stephon_Clark,2020-04-27,133
Stephon Clark,Shooting_of_Stephon_Clark,2020-04-28,204
Stephon Clark,Shooting_of_Stephon_Clark,2020-04-29,184
Stephon Clark,Shooting_of_Stephon_Clark,2020-04-30,137
Stephon Clark,Shooting_of_Stephon_Clark,2020-05-01,164
Stephon Clark,Shooting_of_Stephon_Clark,2020-05-02,168
Stephon Clark,Shooting_of_Stephon_Clark,2020-05-03,597
Stephon Clark,Shooting_of_Stephon_Clark,2020-05-04,331
Stephon Clark,Shooting_of_Stephon_Clark,2020-05-05,225
Stephon Clark,Shooting_of_Stephon_Clark,2020-05-06,318
Stephon Clark,Shooting_of_Stephon_Clark,2020-05-07,2846
Stephon Clark,Shooting_of_Stephon_Clark,2020-05-08,3526
Stephon Clark,Shooting_of_Stephon_Clark,2020-05-09,1816
Stephon Clark,Shooting_of_Stephon_Clark,2020-05-10,803
Stephon Clark,Shooting_of_Stephon_Clark,2020-05-11,560
Stephon Clark,Shooting_of_Stephon_Clark,2020-05-12,619
Stephon Clark,Shooting_of_Stephon_Clark,2020-05-13,472
Stephon Clark,Shooting_of_Stephon_Clark,2020-05-14,411
Stephon Clark,Shooting_of_Stephon_Clark,2020-05-15,267
Stephon Clark,Shooting_of_Stephon_Clark,2020-05-16,859
Stephon Clark,Shooting_of_Stephon_Clark,2020-05-17,724
Stephon Clark,Shooting_of_Stephon_Clark,2020-05-18,320
Stephon Clark,Shooting_of_Stephon_Clark,2020-05-19,379
Stephon Clark,Shooting_of_Stephon_Clark,2020-05-20,284
Stephon Clark,Shooting_of_Stephon_Clark,2020-05-21,226
Stephon Clark,Shooting_of_Stephon_Clark,2020-05-22,215
Stephon Clark,Shooting_of_Stephon_Clark,2020-05-23,163
Stephon Clark,Shooting_of_Stephon_Clark,2020-05-24,207
Stephon Clark,Shooting_of_Stephon_Clark,2020-05-25,190
Stephon Clark,Shooting_of_Stephon_Clark,2020-05-26,311
Stephon Clark,Shooting_of_Stephon_Clark,2020-05-27,2185
Stephon Clark,Shooting_of_Stephon_Clark,2020-05-28,4191
Stephon Clark,Shooting_of_Stephon_Clark,2020-05-29,8315
Stephon Clark,Shooting_of_Stephon_Clark,2020-05-30,8661
Stephon Clark,Shooting_of_Stephon_Clark,2020-05-31,8489
Stephon Clark,Shooting_of_Stephon_Clark,2020-06-01,8442
Stephon Clark,Shooting_of_Stephon_Clark,2020-06-02,7979
Stephon Clark,Shooting_of_Stephon_Clark,2020-06-03,6311
Stephon Clark,Shooting_of_Stephon_Clark,2020-06-04,6134
Stephon Clark,Shooting_of_Stephon_Clark,2020-06-05,4261
Stephon Clark,Shooting_of_Stephon_Clark,2020-06-06,3602
Stephon Clark,Shooting_of_Stephon_Clark,2020-06-07,2944
Stephon Clark,Shooting_of_Stephon_Clark,2020-06-08,2351
Stephon Clark,Shooting_of_Stephon_Clark,2020-06-09,2076
Stephon Clark,Shooting_of_Stephon_Clark,2020-06-10,1792
Stephon Clark,Shooting_of_Stephon_Clark,2020-06-11,1589
Stephon Clark,Shooting_of_Stephon_Clark,2020-06-12,1342
Stephon Clark,Shooting_of_Stephon_Clark,2020-06-13,993
Stephon Clark,Shooting_of_Stephon_Clark,2020-06-14,1124
Stephon Clark,Shooting_of_Stephon_Clark,2020-06-15,1226
Stephon Clark,Shooting_of_Stephon_Clark,2020-06-16,1364
Stephon Clark,Shooting_of_Stephon_Clark,2020-06-17,1263
Stephon Clark,Shooting_of_Stephon_Clark,2020-06-18,894
Stephon Clark,Shooting_of_Stephon_Clark,2020-06-19,869
Stephon Clark,Shooting_of_Stephon_Clark,2020-06-20,749
Stephon Clark,Shooting_of_Stephon_Clark,2020-06-21,807
Stephon Clark,Shooting_of_Stephon_Clark,2020-06-22,1072
Stephon Clark,Shooting_of_Stephon_Clark,2020-06-23,816
Stephon Clark,Shooting_of_Stephon_Clark,2020-06-24,496
Stephon Clark,Shooting_of_Stephon_Clark,2020-06-25,585
Stephon Clark,Shooting_of_Stephon_Clark,2020-06-26,478
Stephon Clark,Shooting_of_Stephon_Clark,2020-06-27,432
Stephon Clark,Shooting_of_Stephon_Clark,2020-06-28,470
Stephon Clark,Shooting_of_Stephon_Clark,2020-06-29,553
Stephon Clark,Shooting_of_Stephon_Clark,2020-06-30,632
Stephon Clark,Shooting_of_Stephon_Clark,2020-07-01,638
Stephon Clark,Shooting_of_Stephon_Clark,2020-07-02,431
Stephon Clark,Shooting_of_Stephon_Clark,2020-07-03,419
Stephon Clark,Shooting_of_Stephon_Clark,2020-07-04,410
Stephon Clark,Shooting_of_Stephon_Clark,2020-07-05,294
Stephon Clark,Shooting_of_Stephon_Clark,2020-07-06,439
Stephon Clark,Shooting_of_Stephon_Clark,2020-07-07,389
Stephon Clark,Shooting_of_Stephon_Clark,2020-07-08,388
Stephon Clark,Shooting_of_Stephon_Clark,2020-07-09,392
Stephon Clark,Shooting_of_Stephon_Clark,2020-07-10,641
Stephon Clark,Shooting_of_Stephon_Clark,2020-07-11,1850
Stephon Clark,Shooting_of_Stephon_Clark,2020-07-12,918
Stephon Clark,Shooting_of_Stephon_Clark,2020-07-13,576
Stephon Clark,Shooting_of_Stephon_Clark,2020-07-14,418
Stephon Clark,Shooting_of_Stephon_Clark,2020-07-15,368
Stephon Clark,Shooting_of_Stephon_Clark,2020-07-16,348
Stephon Clark,Shooting_of_Stephon_Clark,2020-07-17,295
Stephon Clark,Shooting_of_Stephon_Clark,2020-07-18,276
Stephon Clark,Shooting_of_Stephon_Clark,2020-07-19,312
Stephon Clark,Shooting_of_Stephon_Clark,2020-07-20,336
Stephon Clark,Shooting_of_Stephon_Clark,2020-07-21,304
Stephon Clark,Shooting_of_Stephon_Clark,2020-07-22,355
Stephon Clark,Shooting_of_Stephon_Clark,2020-07-23,379
Stephon Clark,Shooting_of_Stephon_Clark,2020-07-24,272
Stephon Clark,Shooting_of_Stephon_Clark,2020-07-25,275
Stephon Clark,Shooting_of_Stephon_Clark,2020-07-26,393
Stephon Clark,Shooting_of_Stephon_Clark,2020-07-27,308
Stephon Clark,Shooting_of_Stephon_Clark,2020-07-28,943
Stephon Clark,Shooting_of_Stephon_Clark,2020-07-29,1262
Stephon Clark,Shooting_of_Stephon_Clark,2020-07-30,994
Stephon Clark,Shooting_of_Stephon_Clark,2020-07-31,1050
Stephon Clark,Shooting_of_Stephon_Clark,2020-08-01,1044
Stephon Clark,Shooting_of_Stephon_Clark,2020-08-02,1015
Stephon Clark,Shooting_of_Stephon_Clark,2020-08-03,903
Stephon Clark,Shooting_of_Stephon_Clark,2020-08-04,676
Stephon Clark,Shooting_of_Stephon_Clark,2020-08-05,1301
Stephon Clark,Shooting_of_Stephon_Clark,2020-08-06,1395
Stephon Clark,Shooting_of_Stephon_Clark,2020-08-07,1097
Stephon Clark,Shooting_of_Stephon_Clark,2020-08-08,759
Stephon Clark,Shooting_of_Stephon_Clark,2020-08-09,894
Stephon Clark,Shooting_of_Stephon_Clark,2020-08-10,983
Stephon Clark,Shooting_of_Stephon_Clark,2020-08-11,769
Stephon Clark,Shooting_of_Stephon_Clark,2020-08-12,582
Stephon Clark,Shooting_of_Stephon_Clark,2020-08-13,473
Stephon Clark,Shooting_of_Stephon_Clark,2020-08-14,531
Stephon Clark,Shooting_of_Stephon_Clark,2020-08-15,464
Stephon Clark,Shooting_of_Stephon_Clark,2020-08-16,403
Stephon Clark,Shooting_of_Stephon_Clark,2020-08-17,447
Stephon Clark,Shooting_of_Stephon_Clark,2020-08-18,464
Stephon Clark,Shooting_of_Stephon_Clark,2020-08-19,381
Stephon Clark,Shooting_of_Stephon_Clark,2020-08-20,325
Stephon Clark,Shooting_of_Stephon_Clark,2020-08-21,342
Stephon Clark,Shooting_of_Stephon_Clark,2020-08-22,381
Stephon Clark,Shooting_of_Stephon_Clark,2020-08-23,308
Stephon Clark,Shooting_of_Stephon_Clark,2020-08-24,487
Stephon Clark,Shooting_of_Stephon_Clark,2020-08-25,613
Stephon Clark,Shooting_of_Stephon_Clark,2020-08-26,806
Stephon Clark,Shooting_of_Stephon_Clark,2020-08-27,1254
Stephon Clark,Shooting_of_Stephon_Clark,2020-08-28,1288
Stephon Clark,Shooting_of_Stephon_Clark,2020-08-29,875
Stephon Clark,Shooting_of_Stephon_Clark,2020-08-30,795
Stephon Clark,Shooting_of_Stephon_Clark,2020-08-31,716
Stephon Clark,Shooting_of_Stephon_Clark,2020-09-01,679
Stephon Clark,Shooting_of_Stephon_Clark,2020-09-02,599
Stephon Clark,Shooting_of_Stephon_Clark,2020-09-03,615
Stephon Clark,Shooting_of_Stephon_Clark,2020-09-04,451
Stephon Clark,Shooting_of_Stephon_Clark,2020-09-05,316
Stephon Clark,Shooting_of_Stephon_Clark,2020-09-06,365
Stephon Clark,Shooting_of_Stephon_Clark,2020-09-07,322
Stephon Clark,Shooting_of_Stephon_Clark,2020-09-08,335
Stephon Clark,Shooting_of_Stephon_Clark,2020-09-09,484
Stephon Clark,Shooting_of_Stephon_Clark,2020-09-10,337
Stephon Clark,Shooting_of_Stephon_Clark,2020-09-11,383
Stephon Clark,Shooting_of_Stephon_Clark,2020-09-12,363
Stephon Clark,Shooting_of_Stephon_Clark,2020-09-13,639
Stephon Clark,Shooting_of_Stephon_Clark,2020-09-14,574
Stephon Clark,Shooting_of_Stephon_Clark,2020-09-15,611
Stephon Clark,Shooting_of_Stephon_Clark,2020-09-16,651
Stephon Clark,Shooting_of_Stephon_Clark,2020-09-17,629
Stephon Clark,Shooting_of_Stephon_Clark,2020-09-18,595
Stephon Clark,Shooting_of_Stephon_Clark,2020-09-19,313
Stephon Clark,Shooting_of_Stephon_Clark,2020-09-20,306
Stephon Clark,Shooting_of_Stephon_Clark,2020-09-21,299
Stephon Clark,Shooting_of_Stephon_Clark,2020-09-22,255
Stephon Clark,Shooting_of_Stephon_Clark,2020-09-23,296
Stephon Clark,Shooting_of_Stephon_Clark,2020-09-24,455
Stephon Clark,Shooting_of_Stephon_Clark,2020-09-25,698
Stephon Clark,Shooting_of_Stephon_Clark,2020-09-26,557
Stephon Clark,Shooting_of_Stephon_Clark,2020-09-27,358
Stephon Clark,Shooting_of_Stephon_Clark,2020-09-28,280
Stephon Clark,Shooting_of_Stephon_Clark,2020-09-29,254
Stephon Clark,Shooting_of_Stephon_Clark,2020-09-30,235
Stephon Clark,Shooting_of_Stephon_Clark,2020-10-01,247
Stephon Clark,Shooting_of_Stephon_Clark,2020-10-02,223
Stephon Clark,Shooting_of_Stephon_Clark,2020-10-03,150
Stephon Clark,Shooting_of_Stephon_Clark,2020-10-04,150
Stephon Clark,Shooting_of_Stephon_Clark,2020-10-05,345
Stephon Clark,Shooting_of_Stephon_Clark,2020-10-06,354
Stephon Clark,Shooting_of_Stephon_Clark,2020-10-07,325
Stephon Clark,Shooting_of_Stephon_Clark,2020-10-08,252
Stephon Clark,Shooting_of_Stephon_Clark,2020-10-09,263
Stephon Clark,Shooting_of_Stephon_Clark,2020-10-10,190
Stephon Clark,Shooting_of_Stephon_Clark,2020-10-11,267
Stephon Clark,Shooting_of_Stephon_Clark,2020-10-12,245
Stephon Clark,Shooting_of_Stephon_Clark,2020-10-13,248
Stephon Clark,Shooting_of_Stephon_Clark,2020-10-14,233
Stephon Clark,Shooting_of_Stephon_Clark,2020-10-15,245
Stephon Clark,Shooting_of_Stephon_Clark,2020-10-16,369
Stephon Clark,Shooting_of_Stephon_Clark,2020-10-17,410
Stephon Clark,Shooting_of_Stephon_Clark,2020-10-18,225
Stephon Clark,Shooting_of_Stephon_Clark,2020-10-19,241
Stephon Clark,Shooting_of_Stephon_Clark,2020-10-20,196
Stephon Clark,Shooting_of_Stephon_Clark,2020-10-21,224
Stephon Clark,Shooting_of_Stephon_Clark,2020-10-22,228
Stephon Clark,Shooting_of_Stephon_Clark,2020-10-23,204
Stephon Clark,Shooting_of_Stephon_Clark,2020-10-24,132
Stephon Clark,Shooting_of_Stephon_Clark,2020-10-25,194
Stephon Clark,Shooting_of_Stephon_Clark,2020-10-26,147
Stephon Clark,Shooting_of_Stephon_Clark,2020-10-27,197
Stephon Clark,Shooting_of_Stephon_Clark,2020-10-28,231
Stephon Clark,Shooting_of_Stephon_Clark,2020-10-29,181
Stephon Clark,Shooting_of_Stephon_Clark,2020-10-30,214
Stephon Clark,Shooting_of_Stephon_Clark,2020-10-31,141
Stephon Clark,Shooting_of_Stephon_Clark,2020-11-01,141
Stephon Clark,Shooting_of_Stephon_Clark,2020-11-02,238
Stephon Clark,Shooting_of_Stephon_Clark,2020-11-03,270
Stephon Clark,Shooting_of_Stephon_Clark,2020-11-04,224
Stephon Clark,Shooting_of_Stephon_Clark,2020-11-05,140
Stephon Clark,Shooting_of_Stephon_Clark,2020-11-06,168
Stephon Clark,Shooting_of_Stephon_Clark,2020-11-07,107
Stephon Clark,Shooting_of_Stephon_Clark,2020-11-08,153
Stephon Clark,Shooting_of_Stephon_Clark,2020-11-09,214
Stephon Clark,Shooting_of_Stephon_Clark,2020-11-10,209
Stephon Clark,Shooting_of_Stephon_Clark,2020-11-11,176
Stephon Clark,Shooting_of_Stephon_Clark,2020-11-12,181
Stephon Clark,Shooting_of_Stephon_Clark,2020-11-13,184
Stephon Clark,Shooting_of_Stephon_Clark,2020-11-14,151
Stephon Clark,Shooting_of_Stephon_Clark,2020-11-15,158
Stephon Clark,Shooting_of_Stephon_Clark,2020-11-16,174
Stephon Clark,Shooting_of_Stephon_Clark,2020-11-17,159
Stephon Clark,Shooting_of_Stephon_Clark,2020-11-18,195
Stephon Clark,Shooting_of_Stephon_Clark,2020-11-19,172
Stephon Clark,Shooting_of_Stephon_Clark,2020-11-20,151
Stephon Clark,Shooting_of_Stephon_Clark,2020-11-21,94
Stephon Clark,Shooting_of_Stephon_Clark,2020-11-22,115
Stephon Clark,Shooting_of_Stephon_Clark,2020-11-23,149
Stephon Clark,Shooting_of_Stephon_Clark,2020-11-24,134
Stephon Clark,Shooting_of_Stephon_Clark,2020-11-25,128
Stephon Clark,Shooting_of_Stephon_Clark,2020-11-26,114
Stephon Clark,Shooting_of_Stephon_Clark,2020-11-27,122
Stephon Clark,Shooting_of_Stephon_Clark,2020-11-28,121
Stephon Clark,Shooting_of_Stephon_Clark,2020-11-29,135
Stephon Clark,Shooting_of_Stephon_Clark,2020-11-30,149
Stephon Clark,Shooting_of_Stephon_Clark,2020-12-01,177
Stephon Clark,Shooting_of_Stephon_Clark,2020-12-02,159
Stephon Clark,Shooting_of_Stephon_Clark,2020-12-03,153
Stephon Clark,Shooting_of_Stephon_Clark,2020-12-04,118
Stephon Clark,Shooting_of_Stephon_Clark,2020-12-05,128
Stephon Clark,Shooting_of_Stephon_Clark,2020-12-06,123
Stephon Clark,Shooting_of_Stephon_Clark,2020-12-07,157
Stephon Clark,Shooting_of_Stephon_Clark,2020-12-08,166
Stephon Clark,Shooting_of_Stephon_Clark,2020-12-09,204
Stephon Clark,Shooting_of_Stephon_Clark,2020-12-10,151
Stephon Clark,Shooting_of_Stephon_Clark,2020-12-11,136
Stephon Clark,Shooting_of_Stephon_Clark,2020-12-12,98
Stephon Clark,Shooting_of_Stephon_Clark,2020-12-13,103
Stephon Clark,Shooting_of_Stephon_Clark,2020-12-14,159
Stephon Clark,Shooting_of_Stephon_Clark,2020-12-15,135
Stephon Clark,Shooting_of_Stephon_Clark,2020-12-16,144
Stephon Clark,Shooting_of_Stephon_Clark,2020-12-17,140
Stephon Clark,Shooting_of_Stephon_Clark,2020-12-18,355
Stephon Clark,Shooting_of_Stephon_Clark,2020-12-19,425
Stephon Clark,Shooting_of_Stephon_Clark,2020-12-20,97
Stephon Clark,Shooting_of_Stephon_Clark,2020-12-21,127
Stephon Clark,Shooting_of_Stephon_Clark,2020-12-22,129
Stephon Clark,Shooting_of_Stephon_Clark,2020-12-23,105
Stephon Clark,Shooting_of_Stephon_Clark,2020-12-24,115
Stephon Clark,Shooting_of_Stephon_Clark,2020-12-25,85
Stephon Clark,Shooting_of_Stephon_Clark,2020-12-26,78
Stephon Clark,Shooting_of_Stephon_Clark,2020-12-27,94
Stephon Clark,Shooting_of_Stephon_Clark,2020-12-28,103
Stephon Clark,Shooting_of_Stephon_Clark,2020-12-29,116
Stephon Clark,Shooting_of_Stephon_Clark,2020-12-30,106
Stephon Clark,Shooting_of_Stephon_Clark,2020-12-31,140
Laquan McDonald,Murder_of_Laquan_McDonald,2018-10-09,1544
Laquan McDonald,Murder_of_Laquan_McDonald,2018-10-10,2957
Laquan McDonald,Murder_of_Laquan_McDonald,2018-10-11,2228
Laquan McDonald,Murder_of_Laquan_McDonald,2018-10-12,3012
Laquan McDonald,Murder_of_Laquan_McDonald,2018-10-13,2022
Laquan McDonald,Murder_of_Laquan_McDonald,2018-10-14,1349
Laquan McDonald,Murder_of_Laquan_McDonald,2018-10-15,1640
Laquan McDonald,Murder_of_Laquan_McDonald,2018-10-16,1607
Laquan McDonald,Murder_of_Laquan_McDonald,2018-10-17,1503
Laquan McDonald,Murder_of_Laquan_McDonald,2018-10-18,1132
Laquan McDonald,Murder_of_Laquan_McDonald,2018-10-19,1000
Laquan McDonald,Murder_of_Laquan_McDonald,2018-10-20,696
Laquan McDonald,Murder_of_Laquan_McDonald,2018-10-21,750
Laquan McDonald,Murder_of_Laquan_McDonald,2018-10-22,799
Laquan McDonald,Murder_of_Laquan_McDonald,2018-10-23,842
Laquan McDonald,Murder_of_Laquan_McDonald,2018-10-24,721
Laquan McDonald,Murder_of_Laquan_McDonald,2018-10-25,717
Laquan McDonald,Murder_of_Laquan_McDonald,2018-10-26,736
Laquan McDonald,Murder_of_Laquan_McDonald,2018-10-27,541
Laquan McDonald,Murder_of_Laquan_McDonald,2018-10-28,449
Laquan McDonald,Murder_of_Laquan_McDonald,2018-10-29,723
Laquan McDonald,Murder_of_Laquan_McDonald,2018-10-30,720
Laquan McDonald,Murder_of_Laquan_McDonald,2018-10-31,686
Laquan McDonald,Murder_of_Laquan_McDonald,2018-11-01,652
Laquan McDonald,Murder_of_Laquan_McDonald,2018-11-02,487
Laquan McDonald,Murder_of_Laquan_McDonald,2018-11-03,360
Laquan McDonald,Murder_of_Laquan_McDonald,2018-11-04,402
Laquan McDonald,Murder_of_Laquan_McDonald,2018-11-05,412
Laquan McDonald,Murder_of_Laquan_McDonald,2018-11-06,507
Laquan McDonald,Murder_of_Laquan_McDonald,2018-11-07,379
Laquan McDonald,Murder_of_Laquan_McDonald,2018-11-08,532
Laquan McDonald,Murder_of_Laquan_McDonald,2018-11-09,380
Laquan McDonald,Murder_of_Laquan_McDonald,2018-11-10,230
Laquan McDonald,Murder_of_Laquan_McDonald,2018-11-11,257
Laquan McDonald,Murder_of_Laquan_McDonald,2018-11-12,312
Laquan McDonald,Murder_of_Laquan_McDonald,2018-11-13,562
Laquan McDonald,Murder_of_Laquan_McDonald,2018-11-14,527
Laquan McDonald,Murder_of_Laquan_McDonald,2018-11-15,405
Laquan McDonald,Murder_of_Laquan_McDonald,2018-11-16,298
Laquan McDonald,Murder_of_Laquan_McDonald,2018-11-17,286
Laquan McDonald,Murder_of_Laquan_McDonald,2018-11-18,220
Laquan McDonald,Murder_of_Laquan_McDonald,2018-11-19,316
Laquan McDonald,Murder_of_Laquan_McDonald,2018-11-20,499
Laquan McDonald,Murder_of_Laquan_McDonald,2018-11-21,320
Laquan McDonald,Murder_of_Laquan_McDonald,2018-11-22,238
Laquan McDonald,Murder_of_Laquan_McDonald,2018-11-23,277
Laquan McDonald,Murder_of_Laquan_McDonald,2018-11-24,282
Laquan McDonald,Murder_of_Laquan_McDonald,2018-11-25,407
Laquan McDonald,Murder_of_Laquan_McDonald,2018-11-26,530
Laquan McDonald,Murder_of_Laquan_McDonald,2018-11-27,1215
Laquan McDonald,Murder_of_Laquan_McDonald,2018-11-28,1135
Laquan McDonald,Murder_of_Laquan_McDonald,2018-11-29,774
Laquan McDonald,Murder_of_Laquan_McDonald,2018-11-30,1027
Laquan McDonald,Murder_of_Laquan_McDonald,2018-12-01,897
Laquan McDonald,Murder_of_Laquan_McDonald,2018-12-02,446
Laquan McDonald,Murder_of_Laquan_McDonald,2018-12-03,631
Laquan McDonald,Murder_of_Laquan_McDonald,2018-12-04,684
Laquan McDonald,Murder_of_Laquan_McDonald,2018-12-05,640
Laquan McDonald,Murder_of_Laquan_McDonald,2018-12-06,487
Laquan McDonald,Murder_of_Laquan_McDonald,2018-12-07,571
Laquan McDonald,Murder_of_Laquan_McDonald,2018-12-08,299
Laquan McDonald,Murder_of_Laquan_McDonald,2018-12-09,291
Laquan McDonald,Murder_of_Laquan_McDonald,2018-12-10,362
Laquan McDonald,Murder_of_Laquan_McDonald,2018-12-11,426
Laquan McDonald,Murder_of_Laquan_McDonald,2018-12-12,423
Laquan McDonald,Murder_of_Laquan_McDonald,2018-12-13,363
Laquan McDonald,Murder_of_Laquan_McDonald,2018-12-14,643
Laquan McDonald,Murder_of_Laquan_McDonald,2018-12-15,434
Laquan McDonald,Murder_of_Laquan_McDonald,2018-12-16,270
Laquan McDonald,Murder_of_Laquan_McDonald,2018-12-17,341
Laquan McDonald,Murder_of_Laquan_McDonald,2018-12-18,285
Laquan McDonald,Murder_of_Laquan_McDonald,2018-12-19,313
Laquan McDonald,Murder_of_Laquan_McDonald,2018-12-20,317
Laquan McDonald,Murder_of_Laquan_McDonald,2018-12-21,256
Laquan McDonald,Murder_of_Laquan_McDonald,2018-12-22,191
Laquan McDonald,Murder_of_Laquan_McDonald,2018-12-23,167
Laquan McDonald,Murder_of_Laquan_McDonald,2018-12-24,175
Laquan McDonald,Murder_of_Laquan_McDonald,2018-12-25,150
Laquan McDonald,Murder_of_Laquan_McDonald,2018-12-26,167
Laquan McDonald,Murder_of_Laquan_McDonald,2018-12-27,196
Laquan McDonald,Murder_of_Laquan_McDonald,2018-12-28,219
Laquan McDonald,Murder_of_Laquan_McDonald,2018-12-29,187
Laquan McDonald,Murder_of_Laquan_McDonald,2018-12-30,134
Laquan McDonald,Murder_of_Laquan_McDonald,2018-12-31,168
Laquan McDonald,Murder_of_Laquan_McDonald,2019-01-01,191
Laquan McDonald,Murder_of_Laquan_McDonald,2019-01-02,272
Laquan McDonald,Murder_of_Laquan_McDonald,2019-01-03,296
Laquan McDonald,Murder_of_Laquan_McDonald,2019-01-04,498
Laquan McDonald,Murder_of_Laquan_McDonald,2019-01-05,250
Laquan McDonald,Murder_of_Laquan_McDonald,2019-01-06,201
Laquan McDonald,Murder_of_Laquan_McDonald,2019-01-07,232
Laquan McDonald,Murder_of_Laquan_McDonald,2019-01-08,296
Laquan McDonald,Murder_of_Laquan_McDonald,2019-01-09,249
Laquan McDonald,Murder_of_Laquan_McDonald,2019-01-10,286
Laquan McDonald,Murder_of_Laquan_McDonald,2019-01-11,345
Laquan McDonald,Murder_of_Laquan_McDonald,2019-01-12,257
Laquan McDonald,Murder_of_Laquan_McDonald,2019-01-13,411
Laquan McDonald,Murder_of_Laquan_McDonald,2019-01-14,466
Laquan McDonald,Murder_of_Laquan_McDonald,2019-01-15,1743
Laquan McDonald,Murder_of_Laquan_McDonald,2019-01-16,872
Laquan McDonald,Murder_of_Laquan_McDonald,2019-01-17,5944
Laquan McDonald,Murder_of_Laquan_McDonald,2019-01-18,20250
Laquan McDonald,Murder_of_Laquan_McDonald,2019-01-19,38523
Laquan McDonald,Murder_of_Laquan_McDonald,2019-01-20,5421
Laquan McDonald,Murder_of_Laquan_McDonald,2019-01-21,2124
Laquan McDonald,Murder_of_Laquan_McDonald,2019-01-22,1570
Laquan McDonald,Murder_of_Laquan_McDonald,2019-01-23,1238
Laquan McDonald,Murder_of_Laquan_McDonald,2019-01-24,908
Laquan McDonald,Murder_of_Laquan_McDonald,2019-01-25,924
Laquan McDonald,Murder_of_Laquan_McDonald,2019-01-26,492
Laquan McDonald,Murder_of_Laquan_McDonald,2019-01-27,440
Laquan McDonald,Murder_of_Laquan_McDonald,2019-01-28,491
Laquan McDonald,Murder_of_Laquan_McDonald,2019-01-29,500
Laquan McDonald,Murder_of_Laquan_McDonald,2019-01-30,513
Laquan McDonald,Murder_of_Laquan_McDonald,2019-01-31,508
Laquan McDonald,Murder_of_Laquan_McDonald,2019-02-01,535
Laquan McDonald,Murder_of_Laquan_McDonald,2019-02-02,363
Laquan McDonald,Murder_of_Laquan_McDonald,2019-02-03,306
Laquan McDonald,Murder_of_Laquan_McDonald,2019-02-04,392
Laquan McDonald,Murder_of_Laquan_McDonald,2019-02-05,415
Laquan McDonald,Murder_of_Laquan_McDonald,2019-02-06,424
Laquan McDonald,Murder_of_Laquan_McDonald,2019-02-07,376
Laquan McDonald,Murder_of_Laquan_McDonald,2019-02-08,448
Laquan McDonald,Murder_of_Laquan_McDonald,2019-02-09,291
Laquan McDonald,Murder_of_Laquan_McDonald,2019-02-10,274
Laquan McDonald,Murder_of_Laquan_McDonald,2019-02-11,1245
Laquan McDonald,Murder_of_Laquan_McDonald,2019-02-12,1711
Laquan McDonald,Murder_of_Laquan_McDonald,2019-02-13,449
Laquan McDonald,Murder_of_Laquan_McDonald,2019-02-14,18514
Laquan McDonald,Murder_of_Laquan_McDonald,2019-02-15,14728
Laquan McDonald,Murder_of_Laquan_McDonald,2019-02-16,4539
Laquan McDonald,Murder_of_Laquan_McDonald,2019-02-17,4673
Laquan McDonald,Murder_of_Laquan_McDonald,2019-02-18,4153
Laquan McDonald,Murder_of_Laquan_McDonald,2019-02-19,2884
Laquan McDonald,Murder_of_Laquan_McDonald,2019-02-20,2078
Laquan McDonald,Murder_of_Laquan_McDonald,2019-02-21,3518
Laquan McDonald,Murder_of_Laquan_McDonald,2019-02-22,2368
Laquan McDonald,Murder_of_Laquan_McDonald,2019-02-23,1021
Laquan McDonald,Murder_of_Laquan_McDonald,2019-02-24,873
Laquan McDonald,Murder_of_Laquan_McDonald,2019-02-25,826
Laquan McDonald,Murder_of_Laquan_McDonald,2019-02-26,883
Laquan McDonald,Murder_of_Laquan_McDonald,2019-02-27,1079
Laquan McDonald,Murder_of_Laquan_McDonald,2019-02-28,684
Laquan McDonald,Murder_of_Laquan_McDonald,2019-03-01,545
Laquan McDonald,Murder_of_Laquan_McDonald,2019-03-02,366
Laquan McDonald,Murder_of_Laquan_McDonald,2019-03-03,399
Laquan McDonald,Murder_of_Laquan_McDonald,2019-03-04,444
Laquan McDonald,Murder_of_Laquan_McDonald,2019-03-05,1702
Laquan McDonald,Murder_of_Laquan_McDonald,2019-03-06,1168
Laquan McDonald,Murder_of_Laquan_McDonald,2019-03-07,650
Laquan McDonald,Murder_of_Laquan_McDonald,2019-03-08,879
Laquan McDonald,Murder_of_Laquan_McDonald,2019-03-09,659
Laquan McDonald,Murder_of_Laquan_McDonald,2019-03-10,543
Laquan McDonald,Murder_of_Laquan_McDonald,2019-03-11,546
Laquan McDonald,Murder_of_Laquan_McDonald,2019-03-12,467
Laquan McDonald,Murder_of_Laquan_McDonald,2019-03-13,441
Laquan McDonald,Murder_of_Laquan_McDonald,2019-03-14,924
Laquan McDonald,Murder_of_Laquan_McDonald,2019-03-15,847
Laquan McDonald,Murder_of_Laquan_McDonald,2019-03-16,422
Laquan McDonald,Murder_of_Laquan_McDonald,2019-03-17,296
Laquan McDonald,Murder_of_Laquan_McDonald,2019-03-18,345
Laquan McDonald,Murder_of_Laquan_McDonald,2019-03-19,1098
Laquan McDonald,Murder_of_Laquan_McDonald,2019-03-20,792
Laquan McDonald,Murder_of_Laquan_McDonald,2019-03-21,452
Laquan McDonald,Murder_of_Laquan_McDonald,2019-03-22,407
Laquan McDonald,Murder_of_Laquan_McDonald,2019-03-23,332
Laquan McDonald,Murder_of_Laquan_McDonald,2019-03-24,335
Laquan McDonald,Murder_of_Laquan_McDonald,2019-03-25,378
Laquan McDonald,Murder_of_Laquan_McDonald,2019-03-26,1607
Laquan McDonald,Murder_of_Laquan_McDonald,2019-03-27,2501
Laquan McDonald,Murder_of_Laquan_McDonald,2019-03-28,1580
Laquan McDonald,Murder_of_Laquan_McDonald,2019-03-29,1066
Laquan McDonald,Murder_of_Laquan_McDonald,2019-03-30,899
Laquan McDonald,Murder_of_Laquan_McDonald,2019-03-31,592
Laquan McDonald,Murder_of_Laquan_McDonald,2019-04-01,894
Laquan McDonald,Murder_of_Laquan_McDonald,2019-04-02,2314
Laquan McDonald,Murder_of_Laquan_McDonald,2019-04-03,3099
Laquan McDonald,Murder_of_Laquan_McDonald,2019-04-04,944
Laquan McDonald,Murder_of_Laquan_McDonald,2019-04-05,770
Laquan McDonald,Murder_of_Laquan_McDonald,2019-04-06,454
Laquan McDonald,Murder_of_Laquan_McDonald,2019-04-07,503
Laquan McDonald,Murder_of_Laquan_McDonald,2019-04-08,504
Laquan McDonald,Murder_of_Laquan_McDonald,2019-04-09,431
Laquan McDonald,Murder_of_Laquan_McDonald,2019-04-10,582
Laquan McDonald,Murder_of_Laquan_McDonald,2019-04-11,500
Laquan McDonald,Murder_of_Laquan_McDonald,2019-04-12,412
Laquan McDonald,Murder_of_Laquan_McDonald,2019-04-13,394
Laquan McDonald,Murder_of_Laquan_McDonald,2019-04-14,535
Laquan McDonald,Murder_of_Laquan_McDonald,2019-04-15,591
Laquan McDonald,Murder_of_Laquan_McDonald,2019-04-16,454
Laquan McDonald,Murder_of_Laquan_McDonald,2019-04-17,373
Laquan McDonald,Murder_of_Laquan_McDonald,2019-04-18,355
Laquan McDonald,Murder_of_Laquan_McDonald,2019-04-19,352
Laquan McDonald,Murder_of_Laquan_McDonald,2019-04-20,275
Laquan McDonald,Murder_of_Laquan_McDonald,2019-04-21,294
Laquan McDonald,Murder_of_Laquan_McDonald,2019-04-22,363
Laquan McDonald,Murder_of_Laquan_McDonald,2019-04-23,316
Laquan McDonald,Murder_of_Laquan_McDonald,2019-04-24,361
Laquan McDonald,Murder_of_Laquan_McDonald,2019-04-25,431
Laquan McDonald,Murder_of_Laquan_McDonald,2019-04-26,414
Laquan McDonald,Murder_of_Laquan_McDonald,2019-04-27,216
Laquan McDonald,Murder_of_Laquan_McDonald,2019-04-28,240
Laquan McDonald,Murder_of_Laquan_McDonald,2019-04-29,327
Laquan McDonald,Murder_of_Laquan_McDonald,2019-04-30,405
Laquan McDonald,Murder_of_Laquan_McDonald,2019-05-01,561
Laquan McDonald,Murder_of_Laquan_McDonald,2019-05-02,326
Laquan McDonald,Murder_of_Laquan_McDonald,2019-05-03,287
Laquan McDonald,Murder_of_Laquan_McDonald,2019-05-04,294
Laquan McDonald,Murder_of_Laquan_McDonald,2019-05-05,246
Laquan McDonald,Murder_of_Laquan_McDonald,2019-05-06,333
Laquan McDonald,Murder_of_Laquan_McDonald,2019-05-07,371
Laquan McDonald,Murder_of_Laquan_McDonald,2019-05-08,409
Laquan McDonald,Murder_of_Laquan_McDonald,2019-05-09,297
Laquan McDonald,Murder_of_Laquan_McDonald,2019-05-10,351
Laquan McDonald,Murder_of_Laquan_McDonald,2019-05-11,246
Laquan McDonald,Murder_of_Laquan_McDonald,2019-05-12,293
Laquan McDonald,Murder_of_Laquan_McDonald,2019-05-13,440
Laquan McDonald,Murder_of_Laquan_McDonald,2019-05-14,541
Laquan McDonald,Murder_of_Laquan_McDonald,2019-05-15,425
Laquan McDonald,Murder_of_Laquan_McDonald,2019-05-16,398
Laquan McDonald,Murder_of_Laquan_McDonald,2019-05-17,294
Laquan McDonald,Murder_of_Laquan_McDonald,2019-05-18,464
Laquan McDonald,Murder_of_Laquan_McDonald,2019-05-19,332
Laquan McDonald,Murder_of_Laquan_McDonald,2019-05-20,409
Laquan McDonald,Murder_of_Laquan_McDonald,2019-05-21,608
Laquan McDonald,Murder_of_Laquan_McDonald,2019-05-22,658
Laquan McDonald,Murder_of_Laquan_McDonald,2019-05-23,401
Laquan McDonald,Murder_of_Laquan_McDonald,2019-05-24,329
Laquan McDonald,Murder_of_Laquan_McDonald,2019-05-25,758
Laquan McDonald,Murder_of_Laquan_McDonald,2019-05-26,375
Laquan McDonald,Murder_of_Laquan_McDonald,2019-05-27,478
Laquan McDonald,Murder_of_Laquan_McDonald,2019-05-28,454
Laquan McDonald,Murder_of_Laquan_McDonald,2019-05-29,459
Laquan McDonald,Murder_of_Laquan_McDonald,2019-05-30,372
Laquan McDonald,Murder_of_Laquan_McDonald,2019-05-31,281
Laquan McDonald,Murder_of_Laquan_McDonald,2019-06-01,301
Laquan McDonald,Murder_of_Laquan_McDonald,2019-06-02,504
Laquan McDonald,Murder_of_Laquan_McDonald,2019-06-03,587
Laquan McDonald,Murder_of_Laquan_McDonald,2019-06-04,625
Laquan McDonald,Murder_of_Laquan_McDonald,2019-06-05,509
Laquan McDonald,Murder_of_Laquan_McDonald,2019-06-06,680
Laquan McDonald,Murder_of_Laquan_McDonald,2019-06-07,611
Laquan McDonald,Murder_of_Laquan_McDonald,2019-06-08,485
Laquan McDonald,Murder_of_Laquan_McDonald,2019-06-09,436
Laquan McDonald,Murder_of_Laquan_McDonald,2019-06-10,658
Laquan McDonald,Murder_of_Laquan_McDonald,2019-06-11,688
Laquan McDonald,Murder_of_Laquan_McDonald,2019-06-12,564
Laquan McDonald,Murder_of_Laquan_McDonald,2019-06-13,536
Laquan McDonald,Murder_of_Laquan_McDonald,2019-06-14,883
Laquan McDonald,Murder_of_Laquan_McDonald,2019-06-15,4978
Laquan McDonald,Murder_of_Laquan_McDonald,2019-06-16,3347
Laquan McDonald,Murder_of_Laquan_McDonald,2019-06-17,1666
Laquan McDonald,Murder_of_Laquan_McDonald,2019-06-18,2831
Laquan McDonald,Murder_of_Laquan_McDonald,2019-06-19,2200
Laquan McDonald,Murder_of_Laquan_McDonald,2019-06-20,2132
Laquan McDonald,Murder_of_Laquan_McDonald,2019-06-21,1086
Laquan McDonald,Murder_of_Laquan_McDonald,2019-06-22,2161
Laquan McDonald,Murder_of_Laquan_McDonald,2019-06-23,2267
Laquan McDonald,Murder_of_Laquan_McDonald,2019-06-24,2266
Laquan McDonald,Murder_of_Laquan_McDonald,2019-06-25,839
Laquan McDonald,Murder_of_Laquan_McDonald,2019-06-26,1543
Laquan McDonald,Murder_of_Laquan_McDonald,2019-06-27,844
Laquan McDonald,Murder_of_Laquan_McDonald,2019-06-28,806
Laquan McDonald,Murder_of_Laquan_McDonald,2019-06-29,1971
Laquan McDonald,Murder_of_Laquan_McDonald,2019-06-30,1628
Laquan McDonald,Murder_of_Laquan_McDonald,2019-07-01,1224
Laquan McDonald,Murder_of_Laquan_McDonald,2019-07-02,623
Laquan McDonald,Murder_of_Laquan_McDonald,2019-07-03,599
Laquan McDonald,Murder_of_Laquan_McDonald,2019-07-04,571
Laquan McDonald,Murder_of_Laquan_McDonald,2019-07-05,484
Laquan McDonald,Murder_of_Laquan_McDonald,2019-07-06,523
Laquan McDonald,Murder_of_Laquan_McDonald,2019-07-07,517
Laquan McDonald,Murder_of_Laquan_McDonald,2019-07-08,423
Laquan McDonald,Murder_of_Laquan_McDonald,2019-07-09,941
Laquan McDonald,Murder_of_Laquan_McDonald,2019-07-10,372
Laquan McDonald,Murder_of_Laquan_McDonald,2019-07-11,377
Laquan McDonald,Murder_of_Laquan_McDonald,2019-07-12,371
Laquan McDonald,Murder_of_Laquan_McDonald,2019-07-13,381
Laquan McDonald,Murder_of_Laquan_McDonald,2019-07-14,560
Laquan McDonald,Murder_of_Laquan_McDonald,2019-07-15,468
Laquan McDonald,Murder_of_Laquan_McDonald,2019-07-16,535
Laquan McDonald,Murder_of_Laquan_McDonald,2019-07-17,747
Laquan McDonald,Murder_of_Laquan_McDonald,2019-07-18,417
Laquan McDonald,Murder_of_Laquan_McDonald,2019-07-19,5370
Laquan McDonald,Murder_of_Laquan_McDonald,2019-07-20,2317
Laquan McDonald,Murder_of_Laquan_McDonald,2019-07-21,927
Laquan McDonald,Murder_of_Laquan_McDonald,2019-07-22,616
Laquan McDonald,Murder_of_Laquan_McDonald,2019-07-23,431
Laquan McDonald,Murder_of_Laquan_McDonald,2019-07-24,436
Laquan McDonald,Murder_of_Laquan_McDonald,2019-07-25,1484
Laquan McDonald,Murder_of_Laquan_McDonald,2019-07-26,524
Laquan McDonald,Murder_of_Laquan_McDonald,2019-07-27,516
Laquan McDonald,Murder_of_Laquan_McDonald,2019-07-28,540
Laquan McDonald,Murder_of_Laquan_McDonald,2019-07-29,620
Laquan McDonald,Murder_of_Laquan_McDonald,2019-07-30,402
Laquan McDonald,Murder_of_Laquan_McDonald,2019-07-31,370
Laquan McDonald,Murder_of_Laquan_McDonald,2019-08-01,417
Laquan McDonald,Murder_of_Laquan_McDonald,2019-08-02,408
Laquan McDonald,Murder_of_Laquan_McDonald,2019-08-03,382
Laquan McDonald,Murder_of_Laquan_McDonald,2019-08-04,510
Laquan McDonald,Murder_of_Laquan_McDonald,2019-08-05,466
Laquan McDonald,Murder_of_Laquan_McDonald,2019-08-06,367
Laquan McDonald,Murder_of_Laquan_McDonald,2019-08-07,558
Laquan McDonald,Murder_of_Laquan_McDonald,2019-08-08,337
Laquan McDonald,Murder_of_Laquan_McDonald,2019-08-09,375
Laquan McDonald,Murder_of_Laquan_McDonald,2019-08-10,629
Laquan McDonald,Murder_of_Laquan_McDonald,2019-08-11,343
Laquan McDonald,Murder_of_Laquan_McDonald,2019-08-12,569
Laquan McDonald,Murder_of_Laquan_McDonald,2019-08-13,371
Laquan McDonald,Murder_of_Laquan_McDonald,2019-08-14,292
Laquan McDonald,Murder_of_Laquan_McDonald,2019-08-15,350
Laquan McDonald,Murder_of_Laquan_McDonald,2019-08-16,298
Laquan McDonald,Murder_of_Laquan_McDonald,2019-08-17,363
Laquan McDonald,Murder_of_Laquan_McDonald,2019-08-18,359
Laquan McDonald,Murder_of_Laquan_McDonald,2019-08-19,433
Laquan McDonald,Murder_of_Laquan_McDonald,2019-08-20,547
Laquan McDonald,Murder_of_Laquan_McDonald,2019-08-21,567
Laquan McDonald,Murder_of_Laquan_McDonald,2019-08-22,744
Laquan McDonald,Murder_of_Laquan_McDonald,2019-08-23,367
Laquan McDonald,Murder_of_Laquan_McDonald,2019-08-24,281
Laquan McDonald,Murder_of_Laquan_McDonald,2019-08-25,303
Laquan McDonald,Murder_of_Laquan_McDonald,2019-08-26,337
Laquan McDonald,Murder_of_Laquan_McDonald,2019-08-27,315
Laquan McDonald,Murder_of_Laquan_McDonald,2019-08-28,330
Laquan McDonald,Murder_of_Laquan_McDonald,2019-08-29,572
Laquan McDonald,Murder_of_Laquan_McDonald,2019-08-30,306
Laquan McDonald,Murder_of_Laquan_McDonald,2019-08-31,766
Laquan McDonald,Murder_of_Laquan_McDonald,2019-09-01,296
Laquan McDonald,Murder_of_Laquan_McDonald,2019-09-02,377
Laquan McDonald,Murder_of_Laquan_McDonald,2019-09-03,345
Laquan McDonald,Murder_of_Laquan_McDonald,2019-09-04,420
Laquan McDonald,Murder_of_Laquan_McDonald,2019-09-05,413
Laquan McDonald,Murder_of_Laquan_McDonald,2019-09-06,330
Laquan McDonald,Murder_of_Laquan_McDonald,2019-09-07,489
Laquan McDonald,Murder_of_Laquan_McDonald,2019-09-08,661
Laquan McDonald,Murder_of_Laquan_McDonald,2019-09-09,513
Laquan McDonald,Murder_of_Laquan_McDonald,2019-09-10,657
Laquan McDonald,Murder_of_Laquan_McDonald,2019-09-11,445
Laquan McDonald,Murder_of_Laquan_McDonald,2019-09-12,410
Laquan McDonald,Murder_of_Laquan_McDonald,2019-09-13,1226
Laquan McDonald,Murder_of_Laquan_McDonald,2019-09-14,430
Laquan McDonald,Murder_of_Laquan_McDonald,2019-09-15,332
Laquan McDonald,Murder_of_Laquan_McDonald,2019-09-16,382
Laquan McDonald,Murder_of_Laquan_McDonald,2019-09-17,401
Laquan McDonald,Murder_of_Laquan_McDonald,2019-09-18,504
Laquan McDonald,Murder_of_Laquan_McDonald,2019-09-19,436
Laquan McDonald,Murder_of_Laquan_McDonald,2019-09-20,434
Laquan McDonald,Murder_of_Laquan_McDonald,2019-09-21,408
Laquan McDonald,Murder_of_Laquan_McDonald,2019-09-22,383
Laquan McDonald,Murder_of_Laquan_McDonald,2019-09-23,384
Laquan McDonald,Murder_of_Laquan_McDonald,2019-09-24,510
Laquan McDonald,Murder_of_Laquan_McDonald,2019-09-25,439
Laquan McDonald,Murder_of_Laquan_McDonald,2019-09-26,386
Laquan McDonald,Murder_of_Laquan_McDonald,2019-09-27,335
Laquan McDonald,Murder_of_Laquan_McDonald,2019-09-28,320
Laquan McDonald,Murder_of_Laquan_McDonald,2019-09-29,304
Laquan McDonald,Murder_of_Laquan_McDonald,2019-09-30,364
Laquan McDonald,Murder_of_Laquan_McDonald,2019-10-01,930
Laquan McDonald,Murder_of_Laquan_McDonald,2019-10-02,1156
Laquan McDonald,Murder_of_Laquan_McDonald,2019-10-03,1103
Laquan McDonald,Murder_of_Laquan_McDonald,2019-10-04,655
Laquan McDonald,Murder_of_Laquan_McDonald,2019-10-05,470
Laquan McDonald,Murder_of_Laquan_McDonald,2019-10-06,425
Laquan McDonald,Murder_of_Laquan_McDonald,2019-10-07,412
Laquan McDonald,Murder_of_Laquan_McDonald,2019-10-08,385
Laquan McDonald,Murder_of_Laquan_McDonald,2019-10-09,736
Laquan McDonald,Murder_of_Laquan_McDonald,2019-10-10,2331
Laquan McDonald,Murder_of_Laquan_McDonald,2019-10-11,1901
Laquan McDonald,Murder_of_Laquan_McDonald,2019-10-12,808
Laquan McDonald,Murder_of_Laquan_McDonald,2019-10-13,657
Laquan McDonald,Murder_of_Laquan_McDonald,2019-10-14,673
Laquan McDonald,Murder_of_Laquan_McDonald,2019-10-15,642
Laquan McDonald,Murder_of_Laquan_McDonald,2019-10-16,656
Laquan McDonald,Murder_of_Laquan_McDonald,2019-10-17,701
Laquan McDonald,Murder_of_Laquan_McDonald,2019-10-18,1038
Laquan McDonald,Murder_of_Laquan_McDonald,2019-10-19,749
Laquan McDonald,Murder_of_Laquan_McDonald,2019-10-20,662
Laquan McDonald,Murder_of_Laquan_McDonald,2019-10-21,655
Laquan McDonald,Murder_of_Laquan_McDonald,2019-10-22,461
Laquan McDonald,Murder_of_Laquan_McDonald,2019-10-23,461
Laquan McDonald,Murder_of_Laquan_McDonald,2019-10-24,510
Laquan McDonald,Murder_of_Laquan_McDonald,2019-10-25,429
Laquan McDonald,Murder_of_Laquan_McDonald,2019-10-26,280
Laquan McDonald,Murder_of_Laquan_McDonald,2019-10-27,386
Laquan McDonald,Murder_of_Laquan_McDonald,2019-10-28,550
Laquan McDonald,Murder_of_Laquan_McDonald,2019-10-29,498
Laquan McDonald,Murder_of_Laquan_McDonald,2019-10-30,408
Laquan McDonald,Murder_of_Laquan_McDonald,2019-10-31,376
Laquan McDonald,Murder_of_Laquan_McDonald,2019-11-01,311
Laquan McDonald,Murder_of_Laquan_McDonald,2019-11-02,264
Laquan McDonald,Murder_of_Laquan_McDonald,2019-11-03,416
Laquan McDonald,Murder_of_Laquan_McDonald,2019-11-04,404
Laquan McDonald,Murder_of_Laquan_McDonald,2019-11-05,355
Laquan McDonald,Murder_of_Laquan_McDonald,2019-11-06,406
Laquan McDonald,Murder_of_Laquan_McDonald,2019-11-07,634
Laquan McDonald,Murder_of_Laquan_McDonald,2019-11-08,473
Laquan McDonald,Murder_of_Laquan_McDonald,2019-11-09,369
Laquan McDonald,Murder_of_Laquan_McDonald,2019-11-10,337
Laquan McDonald,Murder_of_Laquan_McDonald,2019-11-11,454
Laquan McDonald,Murder_of_Laquan_McDonald,2019-11-12,471
Laquan McDonald,Murder_of_Laquan_McDonald,2019-11-13,369
Laquan McDonald,Murder_of_Laquan_McDonald,2019-11-14,489
Laquan McDonald,Murder_of_Laquan_McDonald,2019-11-15,353
Laquan McDonald,Murder_of_Laquan_McDonald,2019-11-16,290
Laquan McDonald,Murder_of_Laquan_McDonald,2019-11-17,587
Laquan McDonald,Murder_of_Laquan_McDonald,2019-11-18,382
Laquan McDonald,Murder_of_Laquan_McDonald,2019-11-19,426
Laquan McDonald,Murder_of_Laquan_McDonald,2019-11-20,421
Laquan McDonald,Murder_of_Laquan_McDonald,2019-11-21,354
Laquan McDonald,Murder_of_Laquan_McDonald,2019-11-22,439
Laquan McDonald,Murder_of_Laquan_McDonald,2019-11-23,328
Laquan McDonald,Murder_of_Laquan_McDonald,2019-11-24,290
Laquan McDonald,Murder_of_Laquan_McDonald,2019-11-25,373
Laquan McDonald,Murder_of_Laquan_McDonald,2019-11-26,417
Laquan McDonald,Murder_of_Laquan_McDonald,2019-11-27,684
Laquan McDonald,Murder_of_Laquan_McDonald,2019-11-28,335
Laquan McDonald,Murder_of_Laquan_McDonald,2019-11-29,376
Laquan McDonald,Murder_of_Laquan_McDonald,2019-11-30,895
Laquan McDonald,Murder_of_Laquan_McDonald,2019-12-01,433
Laquan McDonald,Murder_of_Laquan_McDonald,2019-12-02,796
Laquan McDonald,Murder_of_Laquan_McDonald,2019-12-03,915
Laquan McDonald,Murder_of_Laquan_McDonald,2019-12-04,562
Laquan McDonald,Murder_of_Laquan_McDonald,2019-12-05,475
Laquan McDonald,Murder_of_Laquan_McDonald,2019-12-06,470
Laquan McDonald,Murder_of_Laquan_McDonald,2019-12-07,271
Laquan McDonald,Murder_of_Laquan_McDonald,2019-12-08,393
Laquan McDonald,Murder_of_Laquan_McDonald,2019-12-09,389
Laquan McDonald,Murder_of_Laquan_McDonald,2019-12-10,388
Laquan McDonald,Murder_of_Laquan_McDonald,2019-12-11,357
Laquan McDonald,Murder_of_Laquan_McDonald,2019-12-12,378
Laquan McDonald,Murder_of_Laquan_McDonald,2019-12-13,335
Laquan McDonald,Murder_of_Laquan_McDonald,2019-12-14,238
Laquan McDonald,Murder_of_Laquan_McDonald,2019-12-15,264
Laquan McDonald,Murder_of_Laquan_McDonald,2019-12-16,312
Laquan McDonald,Murder_of_Laquan_McDonald,2019-12-17,343
Laquan McDonald,Murder_of_Laquan_McDonald,2019-12-18,270
Laquan McDonald,Murder_of_Laquan_McDonald,2019-12-19,227
Laquan McDonald,Murder_of_Laquan_McDonald,2019-12-20,227
Laquan McDonald,Murder_of_Laquan_McDonald,2019-12-21,162
Laquan McDonald,Murder_of_Laquan_McDonald,2019-12-22,198
Laquan McDonald,Murder_of_Laquan_McDonald,2019-12-23,221
Laquan McDonald,Murder_of_Laquan_McDonald,2019-12-24,198
Laquan McDonald,Murder_of_Laquan_McDonald,2019-12-25,168
Laquan McDonald,Murder_of_Laquan_McDonald,2019-12-26,226
Laquan McDonald,Murder_of_Laquan_McDonald,2019-12-27,229
Laquan McDonald,Murder_of_Laquan_McDonald,2019-12-28,271
Laquan McDonald,Murder_of_Laquan_McDonald,2019-12-29,297
Laquan McDonald,Murder_of_Laquan_McDonald,2019-12-30,330
Laquan McDonald,Murder_of_Laquan_McDonald,2019-12-31,252
Laquan McDonald,Murder_of_Laquan_McDonald,2020-01-01,205
Laquan McDonald,Murder_of_Laquan_McDonald,2020-01-02,231
Laquan McDonald,Murder_of_Laquan_McDonald,2020-01-03,253
Laquan McDonald,Murder_of_Laquan_McDonald,2020-01-04,169
Laquan McDonald,Murder_of_Laquan_McDonald,2020-01-05,329
Laquan McDonald,Murder_of_Laquan_McDonald,2020-01-06,264
Laquan McDonald,Murder_of_Laquan_McDonald,2020-01-07,233
Laquan McDonald,Murder_of_Laquan_McDonald,2020-01-08,348
Laquan McDonald,Murder_of_Laquan_McDonald,2020-01-09,1654
Laquan McDonald,Murder_of_Laquan_McDonald,2020-01-10,751
Laquan McDonald,Murder_of_Laquan_McDonald,2020-01-11,411
Laquan McDonald,Murder_of_Laquan_McDonald,2020-01-12,572
Laquan McDonald,Murder_of_Laquan_McDonald,2020-01-13,539
Laquan McDonald,Murder_of_Laquan_McDonald,2020-01-14,561
Laquan McDonald,Murder_of_Laquan_McDonald,2020-01-15,548
Laquan McDonald,Murder_of_Laquan_McDonald,2020-01-16,488
Laquan McDonald,Murder_of_Laquan_McDonald,2020-01-17,383
Laquan McDonald,Murder_of_Laquan_McDonald,2020-01-18,357
Laquan McDonald,Murder_of_Laquan_McDonald,2020-01-19,271
Laquan McDonald,Murder_of_Laquan_McDonald,2020-01-20,411
Laquan McDonald,Murder_of_Laquan_McDonald,2020-01-21,365
Laquan McDonald,Murder_of_Laquan_McDonald,2020-01-22,337
Laquan McDonald,Murder_of_Laquan_McDonald,2020-01-23,356
Laquan McDonald,Murder_of_Laquan_McDonald,2020-01-24,432
Laquan McDonald,Murder_of_Laquan_McDonald,2020-01-25,263
Laquan McDonald,Murder_of_Laquan_McDonald,2020-01-26,268
Laquan McDonald,Murder_of_Laquan_McDonald,2020-01-27,427
Laquan McDonald,Murder_of_Laquan_McDonald,2020-01-28,331
Laquan McDonald,Murder_of_Laquan_McDonald,2020-01-29,432
Laquan McDonald,Murder_of_Laquan_McDonald,2020-01-30,401
Laquan McDonald,Murder_of_Laquan_McDonald,2020-01-31,345
Laquan McDonald,Murder_of_Laquan_McDonald,2020-02-01,209
Laquan McDonald,Murder_of_Laquan_McDonald,2020-02-02,263
Laquan McDonald,Murder_of_Laquan_McDonald,2020-02-03,382
Laquan McDonald,Murder_of_Laquan_McDonald,2020-02-04,353
Laquan McDonald,Murder_of_Laquan_McDonald,2020-02-05,377
Laquan McDonald,Murder_of_Laquan_McDonald,2020-02-06,366
Laquan McDonald,Murder_of_Laquan_McDonald,2020-02-07,358
Laquan McDonald,Murder_of_Laquan_McDonald,2020-02-08,257
Laquan McDonald,Murder_of_Laquan_McDonald,2020-02-09,266
Laquan McDonald,Murder_of_Laquan_McDonald,2020-02-10,360
Laquan McDonald,Murder_of_Laquan_McDonald,2020-02-11,392
Laquan McDonald,Murder_of_Laquan_McDonald,2020-02-12,474
Laquan McDonald,Murder_of_Laquan_McDonald,2020-02-13,433
Laquan McDonald,Murder_of_Laquan_McDonald,2020-02-14,374
Laquan McDonald,Murder_of_Laquan_McDonald,2020-02-15,321
Laquan McDonald,Murder_of_Laquan_McDonald,2020-02-16,251
Laquan McDonald,Murder_of_Laquan_McDonald,2020-02-17,287
Laquan McDonald,Murder_of_Laquan_McDonald,2020-02-18,371
Laquan McDonald,Murder_of_Laquan_McDonald,2020-02-19,417
Laquan McDonald,Murder_of_Laquan_McDonald,2020-02-20,344
Laquan McDonald,Murder_of_Laquan_McDonald,2020-02-21,594
Laquan McDonald,Murder_of_Laquan_McDonald,2020-02-22,462
Laquan McDonald,Murder_of_Laquan_McDonald,2020-02-23,364
Laquan McDonald,Murder_of_Laquan_McDonald,2020-02-24,499
Laquan McDonald,Murder_of_Laquan_McDonald,2020-02-25,457
Laquan McDonald,Murder_of_Laquan_McDonald,2020-02-26,527
Laquan McDonald,Murder_of_Laquan_McDonald,2020-02-27,519
Laquan McDonald,Murder_of_Laquan_McDonald,2020-02-28,458
Laquan McDonald,Murder_of_Laquan_McDonald,2020-02-29,475
Laquan McDonald,Murder_of_Laquan_McDonald,2020-03-01,497
Laquan McDonald,Murder_of_Laquan_McDonald,2020-03-02,571
Laquan McDonald,Murder_of_Laquan_McDonald,2020-03-03,425
Laquan McDonald,Murder_of_Laquan_McDonald,2020-03-04,408
Laquan McDonald,Murder_of_Laquan_McDonald,2020-03-05,464
Laquan McDonald,Murder_of_Laquan_McDonald,2020-03-06,443
Laquan McDonald,Murder_of_Laquan_McDonald,2020-03-07,320
Laquan McDonald,Murder_of_Laquan_McDonald,2020-03-08,271
Laquan McDonald,Murder_of_Laquan_McDonald,2020-03-09,380
Laquan McDonald,Murder_of_Laquan_McDonald,2020-03-10,303
Laquan McDonald,Murder_of_Laquan_McDonald,2020-03-11,320
Laquan McDonald,Murder_of_Laquan_McDonald,2020-03-12,294
Laquan McDonald,Murder_of_Laquan_McDonald,2020-03-13,216
Laquan McDonald,Murder_of_Laquan_McDonald,2020-03-14,194
Laquan McDonald,Murder_of_Laquan_McDonald,2020-03-15,195
Laquan McDonald,Murder_of_Laquan_McDonald,2020-03-16,166
Laquan McDonald,Murder_of_Laquan_McDonald,2020-03-17,231
Laquan McDonald,Murder_of_Laquan_McDonald,2020-03-18,205
Laquan McDonald,Murder_of_Laquan_McDonald,2020-03-19,197
Laquan McDonald,Murder_of_Laquan_McDonald,2020-03-20,213
Laquan McDonald,Murder_of_Laquan_McDonald,2020-03-21,213
Laquan McDonald,Murder_of_Laquan_McDonald,2020-03-22,208
Laquan McDonald,Murder_of_Laquan_McDonald,2020-03-23,236
Laquan McDonald,Murder_of_Laquan_McDonald,2020-03-24,218
Laquan McDonald,Murder_of_Laquan_McDonald,2020-03-25,224
Laquan McDonald,Murder_of_Laquan_McDonald,2020-03-26,319
Laquan McDonald,Murder_of_Laquan_McDonald,2020-03-27,233
Laquan McDonald,Murder_of_Laquan_McDonald,2020-03-28,252
Laquan McDonald,Murder_of_Laquan_McDonald,2020-03-29,488
Laquan McDonald,Murder_of_Laquan_McDonald,2020-03-30,286
Laquan McDonald,Murder_of_Laquan_McDonald,2020-03-31,299
Laquan McDonald,Murder_of_Laquan_McDonald,2020-04-01,302
Laquan McDonald,Murder_of_Laquan_McDonald,2020-04-02,286
Laquan McDonald,Murder_of_Laquan_McDonald,2020-04-03,286
Laquan McDonald,Murder_of_Laquan_McDonald,2020-04-04,311
Laquan McDonald,Murder_of_Laquan_McDonald,2020-04-05,310
Laquan McDonald,Murder_of_Laquan_McDonald,2020-04-06,293
Laquan McDonald,Murder_of_Laquan_McDonald,2020-04-07,316
Laquan McDonald,Murder_of_Laquan_McDonald,2020-04-08,308
Laquan McDonald,Murder_of_Laquan_McDonald,2020-04-09,345
Laquan McDonald,Murder_of_Laquan_McDonald,2020-04-10,307
Laquan McDonald,Murder_of_Laquan_McDonald,2020-04-11,353
Laquan McDonald,Murder_of_Laquan_McDonald,2020-04-12,321
Laquan McDonald,Murder_of_Laquan_McDonald,2020-04-13,346
Laquan McDonald,Murder_of_Laquan_McDonald,2020-04-14,524
Laquan McDonald,Murder_of_Laquan_McDonald,2020-04-15,578
Laquan McDonald,Murder_of_Laquan_McDonald,2020-04-16,531
Laquan McDonald,Murder_of_Laquan_McDonald,2020-04-17,370
Laquan McDonald,Murder_of_Laquan_McDonald,2020-04-18,360
Laquan McDonald,Murder_of_Laquan_McDonald,2020-04-19,361
Laquan McDonald,Murder_of_Laquan_McDonald,2020-04-20,368
Laquan McDonald,Murder_of_Laquan_McDonald,2020-04-21,349
Laquan McDonald,Murder_of_Laquan_McDonald,2020-04-22,374
Laquan McDonald,Murder_of_Laquan_McDonald,2020-04-23,380
Laquan McDonald,Murder_of_Laquan_McDonald,2020-04-24,314
Laquan McDonald,Murder_of_Laquan_McDonald,2020-04-25,316
Laquan McDonald,Murder_of_Laquan_McDonald,2020-04-26,504
Laquan McDonald,Murder_of_Laquan_McDonald,2020-04-27,406
Laquan McDonald,Murder_of_Laquan_McDonald,2020-04-28,471
Laquan McDonald,Murder_of_Laquan_McDonald,2020-04-29,466
Laquan McDonald,Murder_of_Laquan_McDonald,2020-04-30,392
Laquan McDonald,Murder_of_Laquan_McDonald,2020-05-01,368
Laquan McDonald,Murder_of_Laquan_McDonald,2020-05-02,309
Laquan McDonald,Murder_of_Laquan_McDonald,2020-05-03,341
Laquan McDonald,Murder_of_Laquan_McDonald,2020-05-04,361
Laquan McDonald,Murder_of_Laquan_McDonald,2020-05-05,338
Laquan McDonald,Murder_of_Laquan_McDonald,2020-05-06,440
Laquan McDonald,Murder_of_Laquan_McDonald,2020-05-07,699
Laquan McDonald,Murder_of_Laquan_McDonald,2020-05-08,1081
Laquan McDonald,Murder_of_Laquan_McDonald,2020-05-09,1320
Laquan McDonald,Murder_of_Laquan_McDonald,2020-05-10,535
Laquan McDonald,Murder_of_Laquan_McDonald,2020-05-11,524
Laquan McDonald,Murder_of_Laquan_McDonald,2020-05-12,421
Laquan McDonald,Murder_of_Laquan_McDonald,2020-05-13,430
Laquan McDonald,Murder_of_Laquan_McDonald,2020-05-14,496
Laquan McDonald,Murder_of_Laquan_McDonald,2020-05-15,393
Laquan McDonald,Murder_of_Laquan_McDonald,2020-05-16,570
Laquan McDonald,Murder_of_Laquan_McDonald,2020-05-17,373
Laquan McDonald,Murder_of_Laquan_McDonald,2020-05-18,305
Laquan McDonald,Murder_of_Laquan_McDonald,2020-05-19,426
Laquan McDonald,Murder_of_Laquan_McDonald,2020-05-20,301
Laquan McDonald,Murder_of_Laquan_McDonald,2020-05-21,266
Laquan McDonald,Murder_of_Laquan_McDonald,2020-05-22,251
Laquan McDonald,Murder_of_Laquan_McDonald,2020-05-23,211
Laquan McDonald,Murder_of_Laquan_McDonald,2020-05-24,241
Laquan McDonald,Murder_of_Laquan_McDonald,2020-05-25,357
Laquan McDonald,Murder_of_Laquan_McDonald,2020-05-26,895
Laquan McDonald,Murder_of_Laquan_McDonald,2020-05-27,2078
Laquan McDonald,Murder_of_Laquan_McDonald,2020-05-28,3630
Laquan McDonald,Murder_of_Laquan_McDonald,2020-05-29,6932
Laquan McDonald,Murder_of_Laquan_McDonald,2020-05-30,6506
Laquan McDonald,Murder_of_Laquan_McDonald,2020-05-31,8999
Laquan McDonald,Murder_of_Laquan_McDonald,2020-06-01,7360
Laquan McDonald,Murder_of_Laquan_McDonald,2020-06-02,8875
Laquan McDonald,Murder_of_Laquan_McDonald,2020-06-03,9195
Laquan McDonald,Murder_of_Laquan_McDonald,2020-06-04,6209
Laquan McDonald,Murder_of_Laquan_McDonald,2020-06-05,5909
Laquan McDonald,Murder_of_Laquan_McDonald,2020-06-06,6608
Laquan McDonald,Murder_of_Laquan_McDonald,2020-06-07,5550
Laquan McDonald,Murder_of_Laquan_McDonald,2020-06-08,4843
Laquan McDonald,Murder_of_Laquan_McDonald,2020-06-09,4757
Laquan McDonald,Murder_of_Laquan_McDonald,2020-06-10,4801
Laquan McDonald,Murder_of_Laquan_McDonald,2020-06-11,4070
Laquan McDonald,Murder_of_Laquan_McDonald,2020-06-12,4112
Laquan McDonald,Murder_of_Laquan_McDonald,2020-06-13,4720
Laquan McDonald,Murder_of_Laquan_McDonald,2020-06-14,5469
Laquan McDonald,Murder_of_Laquan_McDonald,2020-06-15,5154
Laquan McDonald,Murder_of_Laquan_McDonald,2020-06-16,3744
Laquan McDonald,Murder_of_Laquan_McDonald,2020-06-17,3904
Laquan McDonald,Murder_of_Laquan_McDonald,2020-06-18,3958
Laquan McDonald,Murder_of_Laquan_McDonald,2020-06-19,3117
Laquan McDonald,Murder_of_Laquan_McDonald,2020-06-20,2822
Laquan McDonald,Murder_of_Laquan_McDonald,2020-06-21,2386
Laquan McDonald,Murder_of_Laquan_McDonald,2020-06-22,2306
Laquan McDonald,Murder_of_Laquan_McDonald,2020-06-23,1915
Laquan McDonald,Murder_of_Laquan_McDonald,2020-06-24,2022
Laquan McDonald,Murder_of_Laquan_McDonald,2020-06-25,1748
Laquan McDonald,Murder_of_Laquan_McDonald,2020-06-26,1401
Laquan McDonald,Murder_of_Laquan_McDonald,2020-06-27,1475
Laquan McDonald,Murder_of_Laquan_McDonald,2020-06-28,1602
Laquan McDonald,Murder_of_Laquan_McDonald,2020-06-29,1372
Laquan McDonald,Murder_of_Laquan_McDonald,2020-06-30,1311
Laquan McDonald,Murder_of_Laquan_McDonald,2020-07-01,1125
Laquan McDonald,Murder_of_Laquan_McDonald,2020-07-02,1009
Laquan McDonald,Murder_of_Laquan_McDonald,2020-07-03,1054
Laquan McDonald,Murder_of_Laquan_McDonald,2020-07-04,931
Laquan McDonald,Murder_of_Laquan_McDonald,2020-07-05,921
Laquan McDonald,Murder_of_Laquan_McDonald,2020-07-06,1445
Laquan McDonald,Murder_of_Laquan_McDonald,2020-07-07,975
Laquan McDonald,Murder_of_Laquan_McDonald,2020-07-08,733
Laquan McDonald,Murder_of_Laquan_McDonald,2020-07-09,630
Laquan McDonald,Murder_of_Laquan_McDonald,2020-07-10,657
Laquan McDonald,Murder_of_Laquan_McDonald,2020-07-11,610
Laquan McDonald,Murder_of_Laquan_McDonald,2020-07-12,682
Laquan McDonald,Murder_of_Laquan_McDonald,2020-07-13,624
Laquan McDonald,Murder_of_Laquan_McDonald,2020-07-14,574
Laquan McDonald,Murder_of_Laquan_McDonald,2020-07-15,622
Laquan McDonald,Murder_of_Laquan_McDonald,2020-07-16,590
Laquan McDonald,Murder_of_Laquan_McDonald,2020-07-17,656
Laquan McDonald,Murder_of_Laquan_McDonald,2020-07-18,1090
Laquan McDonald,Murder_of_Laquan_McDonald,2020-07-19,641
Laquan McDonald,Murder_of_Laquan_McDonald,2020-07-20,620
Laquan McDonald,Murder_of_Laquan_McDonald,2020-07-21,598
Laquan McDonald,Murder_of_Laquan_McDonald,2020-07-22,805
Laquan McDonald,Murder_of_Laquan_McDonald,2020-07-23,715
Laquan McDonald,Murder_of_Laquan_McDonald,2020-07-24,599
Laquan McDonald,Murder_of_Laquan_McDonald,2020-07-25,593
Laquan McDonald,Murder_of_Laquan_McDonald,2020-07-26,504
Laquan McDonald,Murder_of_Laquan_McDonald,2020-07-27,587
Laquan McDonald,Murder_of_Laquan_McDonald,2020-07-28,558
Laquan McDonald,Murder_of_Laquan_McDonald,2020-07-29,449
Laquan McDonald,Murder_of_Laquan_McDonald,2020-07-30,522
Laquan McDonald,Murder_of_Laquan_McDonald,2020-07-31,499
Laquan McDonald,Murder_of_Laquan_McDonald,2020-08-01,475
Laquan McDonald,Murder_of_Laquan_McDonald,2020-08-02,554
Laquan McDonald,Murder_of_Laquan_McDonald,2020-08-03,1184
Laquan McDonald,Murder_of_Laquan_McDonald,2020-08-04,565
Laquan McDonald,Murder_of_Laquan_McDonald,2020-08-05,472
Laquan McDonald,Murder_of_Laquan_McDonald,2020-08-06,485
Laquan McDonald,Murder_of_Laquan_McDonald,2020-08-07,415
Laquan McDonald,Murder_of_Laquan_McDonald,2020-08-08,569
Laquan McDonald,Murder_of_Laquan_McDonald,2020-08-09,565
Laquan McDonald,Murder_of_Laquan_McDonald,2020-08-10,1489
Laquan McDonald,Murder_of_Laquan_McDonald,2020-08-11,784
Laquan McDonald,Murder_of_Laquan_McDonald,2020-08-12,533
Laquan McDonald,Murder_of_Laquan_McDonald,2020-08-13,422
Laquan McDonald,Murder_of_Laquan_McDonald,2020-08-14,537
Laquan McDonald,Murder_of_Laquan_McDonald,2020-08-15,422
Laquan McDonald,Murder_of_Laquan_McDonald,2020-08-16,420
Laquan McDonald,Murder_of_Laquan_McDonald,2020-08-17,507
Laquan McDonald,Murder_of_Laquan_McDonald,2020-08-18,443
Laquan McDonald,Murder_of_Laquan_McDonald,2020-08-19,387
Laquan McDonald,Murder_of_Laquan_McDonald,2020-08-20,356
Laquan McDonald,Murder_of_Laquan_McDonald,2020-08-21,369
Laquan McDonald,Murder_of_Laquan_McDonald,2020-08-22,747
Laquan McDonald,Murder_of_Laquan_McDonald,2020-08-23,571
Laquan McDonald,Murder_of_Laquan_McDonald,2020-08-24,831
Laquan McDonald,Murder_of_Laquan_McDonald,2020-08-25,963
Laquan McDonald,Murder_of_Laquan_McDonald,2020-08-26,1030
Laquan McDonald,Murder_of_Laquan_McDonald,2020-08-27,1556
Laquan McDonald,Murder_of_Laquan_McDonald,2020-08-28,1226
Laquan McDonald,Murder_of_Laquan_McDonald,2020-08-29,992
Laquan McDonald,Murder_of_Laquan_McDonald,2020-08-30,720
Laquan McDonald,Murder_of_Laquan_McDonald,2020-08-31,675
Laquan McDonald,Murder_of_Laquan_McDonald,2020-09-01,617
Laquan McDonald,Murder_of_Laquan_McDonald,2020-09-02,558
Laquan McDonald,Murder_of_Laquan_McDonald,2020-09-03,561
Laquan McDonald,Murder_of_Laquan_McDonald,2020-09-04,498
Laquan McDonald,Murder_of_Laquan_McDonald,2020-09-05,409
Laquan McDonald,Murder_of_Laquan_McDonald,2020-09-06,676
Laquan McDonald,Murder_of_Laquan_McDonald,2020-09-07,446
Laquan McDonald,Murder_of_Laquan_McDonald,2020-09-08,494
Laquan McDonald,Murder_of_Laquan_McDonald,2020-09-09,497
Laquan McDonald,Murder_of_Laquan_McDonald,2020-09-10,451
Laquan McDonald,Murder_of_Laquan_McDonald,2020-09-11,464
Laquan McDonald,Murder_of_Laquan_McDonald,2020-09-12,391
Laquan McDonald,Murder_of_Laquan_McDonald,2020-09-13,465
Laquan McDonald,Murder_of_Laquan_McDonald,2020-09-14,504
Laquan McDonald,Murder_of_Laquan_McDonald,2020-09-15,579
Laquan McDonald,Murder_of_Laquan_McDonald,2020-09-16,657
Laquan McDonald,Murder_of_Laquan_McDonald,2020-09-17,460
Laquan McDonald,Murder_of_Laquan_McDonald,2020-09-18,590
Laquan McDonald,Murder_of_Laquan_McDonald,2020-09-19,622
Laquan McDonald,Murder_of_Laquan_McDonald,2020-09-20,416
Laquan McDonald,Murder_of_Laquan_McDonald,2020-09-21,492
Laquan McDonald,Murder_of_Laquan_McDonald,2020-09-22,500
Laquan McDonald,Murder_of_Laquan_McDonald,2020-09-23,862
Laquan McDonald,Murder_of_Laquan_McDonald,2020-09-24,1154
Laquan McDonald,Murder_of_Laquan_McDonald,2020-09-25,922
Laquan McDonald,Murder_of_Laquan_McDonald,2020-09-26,886
Laquan McDonald,Murder_of_Laquan_McDonald,2020-09-27,462
Laquan McDonald,Murder_of_Laquan_McDonald,2020-09-28,433
Laquan McDonald,Murder_of_Laquan_McDonald,2020-09-29,467
Laquan McDonald,Murder_of_Laquan_McDonald,2020-09-30,427
Laquan McDonald,Murder_of_Laquan_McDonald,2020-10-01,398
Laquan McDonald,Murder_of_Laquan_McDonald,2020-10-02,444
Laquan McDonald,Murder_of_Laquan_McDonald,2020-10-03,282
Laquan McDonald,Murder_of_Laquan_McDonald,2020-10-04,312
Laquan McDonald,Murder_of_Laquan_McDonald,2020-10-05,461
Laquan McDonald,Murder_of_Laquan_McDonald,2020-10-06,935
Laquan McDonald,Murder_of_Laquan_McDonald,2020-10-07,533
Laquan McDonald,Murder_of_Laquan_McDonald,2020-10-08,534
Laquan McDonald,Murder_of_Laquan_McDonald,2020-10-09,366
Laquan McDonald,Murder_of_Laquan_McDonald,2020-10-10,888
Laquan McDonald,Murder_of_Laquan_McDonald,2020-10-11,484
Laquan McDonald,Murder_of_Laquan_McDonald,2020-10-12,397
Laquan McDonald,Murder_of_Laquan_McDonald,2020-10-13,442
Laquan McDonald,Murder_of_Laquan_McDonald,2020-10-14,352
Laquan McDonald,Murder_of_Laquan_McDonald,2020-10-15,426
Laquan McDonald,Murder_of_Laquan_McDonald,2020-10-16,396
Laquan McDonald,Murder_of_Laquan_McDonald,2020-10-17,305
Laquan McDonald,Murder_of_Laquan_McDonald,2020-10-18,320
Laquan McDonald,Murder_of_Laquan_McDonald,2020-10-19,316
Laquan McDonald,Murder_of_Laquan_McDonald,2020-10-20,511
Laquan McDonald,Murder_of_Laquan_McDonald,2020-10-21,496
Laquan McDonald,Murder_of_Laquan_McDonald,2020-10-22,528
Laquan McDonald,Murder_of_Laquan_McDonald,2020-10-23,345
Laquan McDonald,Murder_of_Laquan_McDonald,2020-10-24,275
Laquan McDonald,Murder_of_Laquan_McDonald,2020-10-25,293
Laquan McDonald,Murder_of_Laquan_McDonald,2020-10-26,297
Laquan McDonald,Murder_of_Laquan_McDonald,2020-10-27,431
Laquan McDonald,Murder_of_Laquan_McDonald,2020-10-28,477
Laquan McDonald,Murder_of_Laquan_McDonald,2020-10-29,520
Laquan McDonald,Murder_of_Laquan_McDonald,2020-10-30,1087
Laquan McDonald,Murder_of_Laquan_McDonald,2020-10-31,684
Laquan McDonald,Murder_of_Laquan_McDonald,2020-11-01,524
Laquan McDonald,Murder_of_Laquan_McDonald,2020-11-02,515
Laquan McDonald,Murder_of_Laquan_McDonald,2020-11-03,466
Laquan McDonald,Murder_of_Laquan_McDonald,2020-11-04,377
Laquan McDonald,Murder_of_Laquan_McDonald,2020-11-05,2593
Laquan McDonald,Murder_of_Laquan_McDonald,2020-11-06,462
Laquan McDonald,Murder_of_Laquan_McDonald,2020-11-07,485
Laquan McDonald,Murder_of_Laquan_McDonald,2020-11-08,372
Laquan McDonald,Murder_of_Laquan_McDonald,2020-11-09,4042
Laquan McDonald,Murder_of_Laquan_McDonald,2020-11-10,2029
Laquan McDonald,Murder_of_Laquan_McDonald,2020-11-11,660
Laquan McDonald,Murder_of_Laquan_McDonald,2020-11-12,549
Laquan McDonald,Murder_of_Laquan_McDonald,2020-11-13,501
Laquan McDonald,Murder_of_Laquan_McDonald,2020-11-14,423
Laquan McDonald,Murder_of_Laquan_McDonald,2020-11-15,389
Laquan McDonald,Murder_of_Laquan_McDonald,2020-11-16,443
Laquan McDonald,Murder_of_Laquan_McDonald,2020-11-17,500
Laquan McDonald,Murder_of_Laquan_McDonald,2020-11-18,463
Laquan McDonald,Murder_of_Laquan_McDonald,2020-11-19,471
Laquan McDonald,Murder_of_Laquan_McDonald,2020-11-20,498
Laquan McDonald,Murder_of_Laquan_McDonald,2020-11-21,1670
Laquan McDonald,Murder_of_Laquan_McDonald,2020-11-22,889
Laquan McDonald,Murder_of_Laquan_McDonald,2020-11-23,2908
Laquan McDonald,Murder_of_Laquan_McDonald,2020-11-24,6137
Laquan McDonald,Murder_of_Laquan_McDonald,2020-11-25,3254
Laquan McDonald,Murder_of_Laquan_McDonald,2020-11-26,2487
Laquan McDonald,Murder_of_Laquan_McDonald,2020-11-27,803
Laquan McDonald,Murder_of_Laquan_McDonald,2020-11-28,646
Laquan McDonald,Murder_of_Laquan_McDonald,2020-11-29,653
Laquan McDonald,Murder_of_Laquan_McDonald,2020-11-30,2434
Laquan McDonald,Murder_of_Laquan_McDonald,2020-12-01,942
Laquan McDonald,Murder_of_Laquan_McDonald,2020-12-02,1394
Laquan McDonald,Murder_of_Laquan_McDonald,2020-12-03,997
Laquan McDonald,Murder_of_Laquan_McDonald,2020-12-04,579
Laquan McDonald,Murder_of_Laquan_McDonald,2020-12-05,415
Laquan McDonald,Murder_of_Laquan_McDonald,2020-12-06,383
Laquan McDonald,Murder_of_Laquan_McDonald,2020-12-07,481
Laquan McDonald,Murder_of_Laquan_McDonald,2020-12-08,424
Laquan McDonald,Murder_of_Laquan_McDonald,2020-12-09,421
Laquan McDonald,Murder_of_Laquan_McDonald,2020-12-10,521
Laquan McDonald,Murder_of_Laquan_McDonald,2020-12-11,486
Laquan McDonald,Murder_of_Laquan_McDonald,2020-12-12,428
Laquan McDonald,Murder_of_Laquan_McDonald,2020-12-13,428
Laquan McDonald,Murder_of_Laquan_McDonald,2020-12-14,390
Laquan McDonald,Murder_of_Laquan_McDonald,2020-12-15,422
Laquan McDonald,Murder_of_Laquan_McDonald,2020-12-16,527
Laquan McDonald,Murder_of_Laquan_McDonald,2020-12-17,660
Laquan McDonald,Murder_of_Laquan_McDonald,2020-12-18,590
Laquan McDonald,Murder_of_Laquan_McDonald,2020-12-19,596
Laquan McDonald,Murder_of_Laquan_McDonald,2020-12-20,572
Laquan McDonald,Murder_of_Laquan_McDonald,2020-12-21,418
Laquan McDonald,Murder_of_Laquan_McDonald,2020-12-22,361
Laquan McDonald,Murder_of_Laquan_McDonald,2020-12-23,262
Laquan McDonald,Murder_of_Laquan_McDonald,2020-12-24,231
Laquan McDonald,Murder_of_Laquan_McDonald,2020-12-25,229
Laquan McDonald,Murder_of_Laquan_McDonald,2020-12-26,262
Laquan McDonald,Murder_of_Laquan_McDonald,2020-12-27,309
Laquan McDonald,Murder_of_Laquan_McDonald,2020-12-28,303
Laquan McDonald,Murder_of_Laquan_McDonald,2020-12-29,296
Laquan McDonald,Murder_of_Laquan_McDonald,2020-12-30,328
Laquan McDonald,Murder_of_Laquan_McDonald,2020-12-31,259
Elijah McClain,Death_of_Elijah_McClain,2020-06-15,23
Elijah McClain,Death_of_Elijah_McClain,2020-06-16,29
Elijah McClain,Death_of_Elijah_McClain,2020-06-17,20
Elijah McClain,Death_of_Elijah_McClain,2020-06-18,26
Elijah McClain,Death_of_Elijah_McClain,2020-06-19,334
Elijah McClain,Death_of_Elijah_McClain,2020-06-20,2048
Elijah McClain,Death_of_Elijah_McClain,2020-06-21,5962
Elijah McClain,Death_of_Elijah_McClain,2020-06-22,37293
Elijah McClain,Death_of_Elijah_McClain,2020-06-23,166252
Elijah McClain,Death_of_Elijah_McClain,2020-06-24,237912
Elijah McClain,Death_of_Elijah_McClain,2020-06-25,217997
Elijah McClain,Death_of_Elijah_McClain,2020-06-26,150701
Elijah McClain,Death_of_Elijah_McClain,2020-06-27,101490
Elijah McClain,Death_of_Elijah_McClain,2020-06-28,90845
Elijah McClain,Death_of_Elijah_McClain,2020-06-29,52636
Elijah McClain,Death_of_Elijah_McClain,2020-06-30,43366
Elijah McClain,Death_of_Elijah_McClain,2020-07-01,17912
Elijah McClain,Death_of_Elijah_McClain,2020-07-02,19560
Elijah McClain,Death_of_Elijah_McClain,2020-07-03,18594
Elijah McClain,Death_of_Elijah_McClain,2020-07-04,30899
Elijah McClain,Death_of_Elijah_McClain,2020-07-05,13129
Elijah McClain,Death_of_Elijah_McClain,2020-07-06,8699
Elijah McClain,Death_of_Elijah_McClain,2020-07-07,7910
Elijah McClain,Death_of_Elijah_McClain,2020-07-08,5177
Elijah McClain,Death_of_Elijah_McClain,2020-07-09,3792
Elijah McClain,Death_of_Elijah_McClain,2020-07-10,3582
Elijah McClain,Death_of_Elijah_McClain,2020-07-11,3127
Elijah McClain,Death_of_Elijah_McClain,2020-07-12,3488
Elijah McClain,Death_of_Elijah_McClain,2020-07-13,3780
Elijah McClain,Death_of_Elijah_McClain,2020-07-14,3815
Elijah McClain,Death_of_Elijah_McClain,2020-07-15,4548
Elijah McClain,Death_of_Elijah_McClain,2020-07-16,3386
Elijah McClain,Death_of_Elijah_McClain,2020-07-17,2957
Elijah McClain,Death_of_Elijah_McClain,2020-07-18,2621
Elijah McClain,Death_of_Elijah_McClain,2020-07-19,2307
Elijah McClain,Death_of_Elijah_McClain,2020-07-20,1924
Elijah McClain,Death_of_Elijah_McClain,2020-07-21,1913
Elijah McClain,Death_of_Elijah_McClain,2020-07-22,2010
Elijah McClain,Death_of_Elijah_McClain,2020-07-23,1726
Elijah McClain,Death_of_Elijah_McClain,2020-07-24,1686
Elijah McClain,Death_of_Elijah_McClain,2020-07-25,2182
Elijah McClain,Death_of_Elijah_McClain,2020-07-26,4662
Elijah McClain,Death_of_Elijah_McClain,2020-07-27,3310
Elijah McClain,Death_of_Elijah_McClain,2020-07-28,3854
Elijah McClain,Death_of_Elijah_McClain,2020-07-29,3554
Elijah McClain,Death_of_Elijah_McClain,2020-07-30,4186
Elijah McClain,Death_of_Elijah_McClain,2020-07-31,3510
Elijah McClain,Death_of_Elijah_McClain,2020-08-01,2322
Elijah McClain,Death_of_Elijah_McClain,2020-08-02,2121
Elijah McClain,Death_of_Elijah_McClain,2020-08-03,2445
Elijah McClain,Death_of_Elijah_McClain,2020-08-04,6188
Elijah McClain,Death_of_Elijah_McClain,2020-08-05,3570
Elijah McClain,Death_of_Elijah_McClain,2020-08-06,1862
Elijah McClain,Death_of_Elijah_McClain,2020-08-07,1325
Elijah McClain,Death_of_Elijah_McClain,2020-08-08,1122
Elijah McClain,Death_of_Elijah_McClain,2020-08-09,1196
Elijah McClain,Death_of_Elijah_McClain,2020-08-10,1376
Elijah McClain,Death_of_Elijah_McClain,2020-08-11,2434
Elijah McClain,Death_of_Elijah_McClain,2020-08-12,4045
Elijah McClain,Death_of_Elijah_McClain,2020-08-13,2193
Elijah McClain,Death_of_Elijah_McClain,2020-08-14,2370
Elijah McClain,Death_of_Elijah_McClain,2020-08-15,2919
Elijah McClain,Death_of_Elijah_McClain,2020-08-16,2378
Elijah McClain,Death_of_Elijah_McClain,2020-08-17,2422
Elijah McClain,Death_of_Elijah_McClain,2020-08-18,1610
Elijah McClain,Death_of_Elijah_McClain,2020-08-19,1420
Elijah McClain,Death_of_Elijah_McClain,2020-08-20,1293
Elijah McClain,Death_of_Elijah_McClain,2020-08-21,1234
Elijah McClain,Death_of_Elijah_McClain,2020-08-22,1335
Elijah McClain,Death_of_Elijah_McClain,2020-08-23,2445
Elijah McClain,Death_of_Elijah_McClain,2020-08-24,5042
Elijah McClain,Death_of_Elijah_McClain,2020-08-25,3842
Elijah McClain,Death_of_Elijah_McClain,2020-08-26,2946
Elijah McClain,Death_of_Elijah_McClain,2020-08-27,4094
Elijah McClain,Death_of_Elijah_McClain,2020-08-28,3009
Elijah McClain,Death_of_Elijah_McClain,2020-08-29,2397
Elijah McClain,Death_of_Elijah_McClain,2020-08-30,2375
Elijah McClain,Death_of_Elijah_McClain,2020-08-31,1785
Elijah McClain,Death_of_Elijah_McClain,2020-09-01,2402
Elijah McClain,Death_of_Elijah_McClain,2020-09-02,2280
Elijah McClain,Death_of_Elijah_McClain,2020-09-03,6856
Elijah McClain,Death_of_Elijah_McClain,2020-09-04,2161
Elijah McClain,Death_of_Elijah_McClain,2020-09-05,2064
Elijah McClain,Death_of_Elijah_McClain,2020-09-06,2281
Elijah McClain,Death_of_Elijah_McClain,2020-09-07,1688
Elijah McClain,Death_of_Elijah_McClain,2020-09-08,1882
Elijah McClain,Death_of_Elijah_McClain,2020-09-09,2630
Elijah McClain,Death_of_Elijah_McClain,2020-09-10,1705
Elijah McClain,Death_of_Elijah_McClain,2020-09-11,1867
Elijah McClain,Death_of_Elijah_McClain,2020-09-12,1439
Elijah McClain,Death_of_Elijah_McClain,2020-09-13,4435
Elijah McClain,Death_of_Elijah_McClain,2020-09-14,2234
Elijah McClain,Death_of_Elijah_McClain,2020-09-15,9051
Elijah McClain,Death_of_Elijah_McClain,2020-09-16,2133
Elijah McClain,Death_of_Elijah_McClain,2020-09-17,1695
Elijah McClain,Death_of_Elijah_McClain,2020-09-18,1763
Elijah McClain,Death_of_Elijah_McClain,2020-09-19,1245
Elijah McClain,Death_of_Elijah_McClain,2020-09-20,2488
Elijah McClain,Death_of_Elijah_McClain,2020-09-21,1916
Elijah McClain,Death_of_Elijah_McClain,2020-09-22,1051
Elijah McClain,Death_of_Elijah_McClain,2020-09-23,3383
Elijah McClain,Death_of_Elijah_McClain,2020-09-24,3222
Elijah McClain,Death_of_Elijah_McClain,2020-09-25,5077
Elijah McClain,Death_of_Elijah_McClain,2020-09-26,1451
Elijah McClain,Death_of_Elijah_McClain,2020-09-27,4255
Elijah McClain,Death_of_Elijah_McClain,2020-09-28,1506
Elijah McClain,Death_of_Elijah_McClain,2020-09-29,1413
Elijah McClain,Death_of_Elijah_McClain,2020-09-30,1147
Elijah McClain,Death_of_Elijah_McClain,2020-10-01,1793
Elijah McClain,Death_of_Elijah_McClain,2020-10-02,1255
Elijah McClain,Death_of_Elijah_McClain,2020-10-03,904
Elijah McClain,Death_of_Elijah_McClain,2020-10-04,1115
Elijah McClain,Death_of_Elijah_McClain,2020-10-05,931
Elijah McClain,Death_of_Elijah_McClain,2020-10-06,928
Elijah McClain,Death_of_Elijah_McClain,2020-10-07,818
Elijah McClain,Death_of_Elijah_McClain,2020-10-08,943
Elijah McClain,Death_of_Elijah_McClain,2020-10-09,893
Elijah McClain,Death_of_Elijah_McClain,2020-10-10,791
Elijah McClain,Death_of_Elijah_McClain,2020-10-11,909
Elijah McClain,Death_of_Elijah_McClain,2020-10-12,1180
Elijah McClain,Death_of_Elijah_McClain,2020-10-13,971
Elijah McClain,Death_of_Elijah_McClain,2020-10-14,1002
Elijah McClain,Death_of_Elijah_McClain,2020-10-15,1132
Elijah McClain,Death_of_Elijah_McClain,2020-10-16,847
Elijah McClain,Death_of_Elijah_McClain,2020-10-17,700
Elijah McClain,Death_of_Elijah_McClain,2020-10-18,738
Elijah McClain,Death_of_Elijah_McClain,2020-10-19,1439
Elijah McClain,Death_of_Elijah_McClain,2020-10-20,805
Elijah McClain,Death_of_Elijah_McClain,2020-10-21,729
Elijah McClain,Death_of_Elijah_McClain,2020-10-22,693
Elijah McClain,Death_of_Elijah_McClain,2020-10-23,798
Elijah McClain,Death_of_Elijah_McClain,2020-10-24,577
Elijah McClain,Death_of_Elijah_McClain,2020-10-25,623
Elijah McClain,Death_of_Elijah_McClain,2020-10-26,540
Elijah McClain,Death_of_Elijah_McClain,2020-10-27,564
Elijah McClain,Death_of_Elijah_McClain,2020-10-28,626
Elijah McClain,Death_of_Elijah_McClain,2020-10-29,666
Elijah McClain,Death_of_Elijah_McClain,2020-10-30,916
Elijah McClain,Death_of_Elijah_McClain,2020-10-31,2231
Elijah McClain,Death_of_Elijah_McClain,2020-11-01,1153
Elijah McClain,Death_of_Elijah_McClain,2020-11-02,1247
Elijah McClain,Death_of_Elijah_McClain,2020-11-03,1210
Elijah McClain,Death_of_Elijah_McClain,2020-11-04,942
Elijah McClain,Death_of_Elijah_McClain,2020-11-05,2040
Elijah McClain,Death_of_Elijah_McClain,2020-11-06,841
Elijah McClain,Death_of_Elijah_McClain,2020-11-07,549
Elijah McClain,Death_of_Elijah_McClain,2020-11-08,630
Elijah McClain,Death_of_Elijah_McClain,2020-11-09,992
Elijah McClain,Death_of_Elijah_McClain,2020-11-10,770
Elijah McClain,Death_of_Elijah_McClain,2020-11-11,639
Elijah McClain,Death_of_Elijah_McClain,2020-11-12,764
Elijah McClain,Death_of_Elijah_McClain,2020-11-13,940
Elijah McClain,Death_of_Elijah_McClain,2020-11-14,10344
Elijah McClain,Death_of_Elijah_McClain,2020-11-15,1151
Elijah McClain,Death_of_Elijah_McClain,2020-11-16,873
Elijah McClain,Death_of_Elijah_McClain,2020-11-17,613
Elijah McClain,Death_of_Elijah_McClain,2020-11-18,522
Elijah McClain,Death_of_Elijah_McClain,2020-11-19,578
Elijah McClain,Death_of_Elijah_McClain,2020-11-20,568
Elijah McClain,Death_of_Elijah_McClain,2020-11-21,805
Elijah McClain,Death_of_Elijah_McClain,2020-11-22,683
Elijah McClain,Death_of_Elijah_McClain,2020-11-23,553
Elijah McClain,Death_of_Elijah_McClain,2020-11-24,639
Elijah McClain,Death_of_Elijah_McClain,2020-11-25,537
Elijah McClain,Death_of_Elijah_McClain,2020-11-26,398
Elijah McClain,Death_of_Elijah_McClain,2020-11-27,438
Elijah McClain,Death_of_Elijah_McClain,2020-11-28,427
Elijah McClain,Death_of_Elijah_McClain,2020-11-29,1588
Elijah McClain,Death_of_Elijah_McClain,2020-11-30,2025
Elijah McClain,Death_of_Elijah_McClain,2020-12-01,1484
Elijah McClain,Death_of_Elijah_McClain,2020-12-02,958
Elijah McClain,Death_of_Elijah_McClain,2020-12-03,997
Elijah McClain,Death_of_Elijah_McClain,2020-12-04,866
Elijah McClain,Death_of_Elijah_McClain,2020-12-05,625
Elijah McClain,Death_of_Elijah_McClain,2020-12-06,653
Elijah McClain,Death_of_Elijah_McClain,2020-12-07,707
Elijah McClain,Death_of_Elijah_McClain,2020-12-08,655
Elijah McClain,Death_of_Elijah_McClain,2020-12-09,542
Elijah McClain,Death_of_Elijah_McClain,2020-12-10,743
Elijah McClain,Death_of_Elijah_McClain,2020-12-11,7520
Elijah McClain,Death_of_Elijah_McClain,2020-12-12,839
Elijah McClain,Death_of_Elijah_McClain,2020-12-13,632
Elijah McClain,Death_of_Elijah_McClain,2020-12-14,3663
Elijah McClain,Death_of_Elijah_McClain,2020-12-15,716
Elijah McClain,Death_of_Elijah_McClain,2020-12-16,558
Elijah McClain,Death_of_Elijah_McClain,2020-12-17,513
Elijah McClain,Death_of_Elijah_McClain,2020-12-18,627
Elijah McClain,Death_of_Elijah_McClain,2020-12-19,800
Elijah McClain,Death_of_Elijah_McClain,2020-12-20,562
Elijah McClain,Death_of_Elijah_McClain,2020-12-21,518
Elijah McClain,Death_of_Elijah_McClain,2020-12-22,398
Elijah McClain,Death_of_Elijah_McClain,2020-12-23,439
Elijah McClain,Death_of_Elijah_McClain,2020-12-24,506
Elijah McClain,Death_of_Elijah_McClain,2020-12-25,284
Elijah McClain,Death_of_Elijah_McClain,2020-12-26,286
Elijah McClain,Death_of_Elijah_McClain,2020-12-27,403
Elijah McClain,Death_of_Elijah_McClain,2020-12-28,842
Elijah McClain,Death_of_Elijah_McClain,2020-12-29,1268
Elijah McClain,Death_of_Elijah_McClain,2020-12-30,863
Elijah McClain,Death_of_Elijah_McClain,2020-12-31,471
Atatiana Jefferson,Killing_of_Atatiana_Jefferson,2019-10-13,2237
Atatiana Jefferson,Killing_of_Atatiana_Jefferson,2019-10-14,4917
Atatiana Jefferson,Killing_of_Atatiana_Jefferson,2019-10-15,4974
Atatiana Jefferson,Killing_of_Atatiana_Jefferson,2019-10-16,1805
Atatiana Jefferson,Killing_of_Atatiana_Jefferson,2019-10-17,1502
Atatiana Jefferson,Killing_of_Atatiana_Jefferson,2019-10-18,2141
Atatiana Jefferson,Killing_of_Atatiana_Jefferson,2019-10-19,2116
Atatiana Jefferson,Killing_of_Atatiana_Jefferson,2019-10-20,3350
Atatiana Jefferson,Killing_of_Atatiana_Jefferson,2019-10-21,3554
Atatiana Jefferson,Killing_of_Atatiana_Jefferson,2019-10-22,3018
Atatiana Jefferson,Killing_of_Atatiana_Jefferson,2019-10-23,2060
Atatiana Jefferson,Killing_of_Atatiana_Jefferson,2019-10-24,2188
Atatiana Jefferson,Killing_of_Atatiana_Jefferson,2019-10-25,1716
Atatiana Jefferson,Killing_of_Atatiana_Jefferson,2019-10-26,1335
Atatiana Jefferson,Killing_of_Atatiana_Jefferson,2019-10-27,1067
Atatiana Jefferson,Killing_of_Atatiana_Jefferson,2019-10-28,1433
Atatiana Jefferson,Killing_of_Atatiana_Jefferson,2019-10-29,1316
Atatiana Jefferson,Killing_of_Atatiana_Jefferson,2019-10-30,799
Atatiana Jefferson,Killing_of_Atatiana_Jefferson,2019-10-31,761
Atatiana Jefferson,Killing_of_Atatiana_Jefferson,2019-11-01,615
Atatiana Jefferson,Killing_of_Atatiana_Jefferson,2019-11-02,548
Atatiana Jefferson,Killing_of_Atatiana_Jefferson,2019-11-03,560
Atatiana Jefferson,Killing_of_Atatiana_Jefferson,2019-11-04,468
Atatiana Jefferson,Killing_of_Atatiana_Jefferson,2019-11-05,452
Atatiana Jefferson,Killing_of_Atatiana_Jefferson,2019-11-06,507
Atatiana Jefferson,Killing_of_Atatiana_Jefferson,2019-11-07,482
Atatiana Jefferson,Killing_of_Atatiana_Jefferson,2019-11-08,392
Atatiana Jefferson,Killing_of_Atatiana_Jefferson,2019-11-09,321
Atatiana Jefferson,Killing_of_Atatiana_Jefferson,2019-11-10,4641
Atatiana Jefferson,Killing_of_Atatiana_Jefferson,2019-11-11,2981
Atatiana Jefferson,Killing_of_Atatiana_Jefferson,2019-11-12,894
Atatiana Jefferson,Killing_of_Atatiana_Jefferson,2019-11-13,714
Atatiana Jefferson,Killing_of_Atatiana_Jefferson,2019-11-14,498
Atatiana Jefferson,Killing_of_Atatiana_Jefferson,2019-11-15,476
Atatiana Jefferson,Killing_of_Atatiana_Jefferson,2019-11-16,400
Atatiana Jefferson,Killing_of_Atatiana_Jefferson,2019-11-17,475
Atatiana Jefferson,Killing_of_Atatiana_Jefferson,2019-11-18,475
Atatiana Jefferson,Killing_of_Atatiana_Jefferson,2019-11-19,465
Atatiana Jefferson,Killing_of_Atatiana_Jefferson,2019-11-20,423
Atatiana Jefferson,Killing_of_Atatiana_Jefferson,2019-11-21,389
Atatiana Jefferson,Killing_of_Atatiana_Jefferson,2019-11-22,373
Atatiana Jefferson,Killing_of_Atatiana_Jefferson,2019-11-23,310
Atatiana Jefferson,Killing_of_Atatiana_Jefferson,2019-11-24,355
Atatiana Jefferson,Killing_of_Atatiana_Jefferson,2019-11-25,381
Atatiana Jefferson,Killing_of_Atatiana_Jefferson,2019-11-26,338
Atatiana Jefferson,Killing_of_Atatiana_Jefferson,2019-11-27,331
Atatiana Jefferson,Killing_of_Atatiana_Jefferson,2019-11-28,827
Atatiana Jefferson,Killing_of_Atatiana_Jefferson,2019-11-29,1131
Atatiana Jefferson,Killing_of_Atatiana_Jefferson,2019-11-30,504
Atatiana Jefferson,Killing_of_Atatiana_Jefferson,2019-12-01,623
Atatiana Jefferson,Killing_of_Atatiana_Jefferson,2019-12-02,586
Atatiana Jefferson,Killing_of_Atatiana_Jefferson,2019-12-03,458
Atatiana Jefferson,Killing_of_Atatiana_Jefferson,2019-12-04,452
Atatiana Jefferson,Killing_of_Atatiana_Jefferson,2019-12-05,397
Atatiana Jefferson,Killing_of_Atatiana_Jefferson,2019-12-06,297
Atatiana Jefferson,Killing_of_Atatiana_Jefferson,2019-12-07,284
Atatiana Jefferson,Killing_of_Atatiana_Jefferson,2019-12-08,348
Atatiana Jefferson,Killing_of_Atatiana_Jefferson,2019-12-09,529
Atatiana Jefferson,Killing_of_Atatiana_Jefferson,2019-12-10,362
Atatiana Jefferson,Killing_of_Atatiana_Jefferson,2019-12-11,309
Atatiana Jefferson,Killing_of_Atatiana_Jefferson,2019-12-12,340
Atatiana Jefferson,Killing_of_Atatiana_Jefferson,2019-12-13,409
Atatiana Jefferson,Killing_of_Atatiana_Jefferson,2019-12-14,367
Atatiana Jefferson,Killing_of_Atatiana_Jefferson,2019-12-15,361
Atatiana Jefferson,Killing_of_Atatiana_Jefferson,2019-12-16,311
Atatiana Jefferson,Killing_of_Atatiana_Jefferson,2019-12-17,356
Atatiana Jefferson,Killing_of_Atatiana_Jefferson,2019-12-18,293
Atatiana Jefferson,Killing_of_Atatiana_Jefferson,2019-12-19,626
Atatiana Jefferson,Killing_of_Atatiana_Jefferson,2019-12-20,933
Atatiana Jefferson,Killing_of_Atatiana_Jefferson,2019-12-21,1604
Atatiana Jefferson,Killing_of_Atatiana_Jefferson,2019-12-22,623
Atatiana Jefferson,Killing_of_Atatiana_Jefferson,2019-12-23,506
Atatiana Jefferson,Killing_of_Atatiana_Jefferson,2019-12-24,298
Atatiana Jefferson,Killing_of_Atatiana_Jefferson,2019-12-25,201
Atatiana Jefferson,Killing_of_Atatiana_Jefferson,2019-12-26,277
Atatiana Jefferson,Killing_of_Atatiana_Jefferson,2019-12-27,307
Atatiana Jefferson,Killing_of_Atatiana_Jefferson,2019-12-28,275
Atatiana Jefferson,Killing_of_Atatiana_Jefferson,2019-12-29,265
Atatiana Jefferson,Killing_of_Atatiana_Jefferson,2019-12-30,301
Atatiana Jefferson,Killing_of_Atatiana_Jefferson,2019-12-31,222
Atatiana Jefferson,Killing_of_Atatiana_Jefferson,2020-01-01,211
Atatiana Jefferson,Killing_of_Atatiana_Jefferson,2020-01-02,384
Atatiana Jefferson,Killing_of_Atatiana_Jefferson,2020-01-03,264
Atatiana Jefferson,Killing_of_Atatiana_Jefferson,2020-01-04,216
Atatiana Jefferson,Killing_of_Atatiana_Jefferson,2020-01-05,267
Atatiana Jefferson,Killing_of_Atatiana_Jefferson,2020-01-06,236
Atatiana Jefferson,Killing_of_Atatiana_Jefferson,2020-01-07,251
Atatiana Jefferson,Killing_of_Atatiana_Jefferson,2020-01-08,217
Atatiana Jefferson,Killing_of_Atatiana_Jefferson,2020-01-09,2010
Atatiana Jefferson,Killing_of_Atatiana_Jefferson,2020-01-10,3244
Atatiana Jefferson,Killing_of_Atatiana_Jefferson,2020-01-11,904
Atatiana Jefferson,Killing_of_Atatiana_Jefferson,2020-01-12,601
Atatiana Jefferson,Killing_of_Atatiana_Jefferson,2020-01-13,471
Atatiana Jefferson,Killing_of_Atatiana_Jefferson,2020-01-14,309
Atatiana Jefferson,Killing_of_Atatiana_Jefferson,2020-01-15,336
Atatiana Jefferson,Killing_of_Atatiana_Jefferson,2020-01-16,302
Atatiana Jefferson,Killing_of_Atatiana_Jefferson,2020-01-17,284
Atatiana Jefferson,Killing_of_Atatiana_Jefferson,2020-01-18,228
Atatiana Jefferson,Killing_of_Atatiana_Jefferson,2020-01-19,210
Atatiana Jefferson,Killing_of_Atatiana_Jefferson,2020-01-20,303
Atatiana Jefferson,Killing_of_Atatiana_Jefferson,2020-01-21,261
Atatiana Jefferson,Killing_of_Atatiana_Jefferson,2020-01-22,372
Atatiana Jefferson,Killing_of_Atatiana_Jefferson,2020-01-23,297
Atatiana Jefferson,Killing_of_Atatiana_Jefferson,2020-01-24,303
Atatiana Jefferson,Killing_of_Atatiana_Jefferson,2020-01-25,228
Atatiana Jefferson,Killing_of_Atatiana_Jefferson,2020-01-26,227
Atatiana Jefferson,Killing_of_Atatiana_Jefferson,2020-01-27,228
Atatiana Jefferson,Killing_of_Atatiana_Jefferson,2020-01-28,231
Atatiana Jefferson,Killing_of_Atatiana_Jefferson,2020-01-29,333
Atatiana Jefferson,Killing_of_Atatiana_Jefferson,2020-01-30,249
Atatiana Jefferson,Killing_of_Atatiana_Jefferson,2020-01-31,229
Atatiana Jefferson,Killing_of_Atatiana_Jefferson,2020-02-01,155
Atatiana Jefferson,Killing_of_Atatiana_Jefferson,2020-02-02,172
Atatiana Jefferson,Killing_of_Atatiana_Jefferson,2020-02-03,305
Atatiana Jefferson,Killing_of_Atatiana_Jefferson,2020-02-04,262
Atatiana Jefferson,Killing_of_Atatiana_Jefferson,2020-02-05,214
Atatiana Jefferson,Killing_of_Atatiana_Jefferson,2020-02-06,239
Atatiana Jefferson,Killing_of_Atatiana_Jefferson,2020-02-07,198
Atatiana Jefferson,Killing_of_Atatiana_Jefferson,2020-02-08,212
Atatiana Jefferson,Killing_of_Atatiana_Jefferson,2020-02-09,275
Atatiana Jefferson,Killing_of_Atatiana_Jefferson,2020-02-10,245
Atatiana Jefferson,Killing_of_Atatiana_Jefferson,2020-02-11,298
Atatiana Jefferson,Killing_of_Atatiana_Jefferson,2020-02-12,281
Atatiana Jefferson,Killing_of_Atatiana_Jefferson,2020-02-13,255
Atatiana Jefferson,Killing_of_Atatiana_Jefferson,2020-02-14,374
Atatiana Jefferson,Killing_of_Atatiana_Jefferson,2020-02-15,318
Atatiana Jefferson,Killing_of_Atatiana_Jefferson,2020-02-16,248
Atatiana Jefferson,Killing_of_Atatiana_Jefferson,2020-02-17,252
Atatiana Jefferson,Killing_of_Atatiana_Jefferson,2020-02-18,289
Atatiana Jefferson,Killing_of_Atatiana_Jefferson,2020-02-19,282
Atatiana Jefferson,Killing_of_Atatiana_Jefferson,2020-02-20,216
Atatiana Jefferson,Killing_of_Atatiana_Jefferson,2020-02-21,275
Atatiana Jefferson,Killing_of_Atatiana_Jefferson,2020-02-22,226
Atatiana Jefferson,Killing_of_Atatiana_Jefferson,2020-02-23,1925
Atatiana Jefferson,Killing_of_Atatiana_Jefferson,2020-02-24,2116
Atatiana Jefferson,Killing_of_Atatiana_Jefferson,2020-02-25,1061
Atatiana Jefferson,Killing_of_Atatiana_Jefferson,2020-02-26,612
Atatiana Jefferson,Killing_of_Atatiana_Jefferson,2020-02-27,812
Atatiana Jefferson,Killing_of_Atatiana_Jefferson,2020-02-28,825
Atatiana Jefferson,Killing_of_Atatiana_Jefferson,2020-02-29,510
Atatiana Jefferson,Killing_of_Atatiana_Jefferson,2020-03-01,407
Atatiana Jefferson,Killing_of_Atatiana_Jefferson,2020-03-02,340
Atatiana Jefferson,Killing_of_Atatiana_Jefferson,2020-03-03,354
Atatiana Jefferson,Killing_of_Atatiana_Jefferson,2020-03-04,319
Atatiana Jefferson,Killing_of_Atatiana_Jefferson,2020-03-05,393
Atatiana Jefferson,Killing_of_Atatiana_Jefferson,2020-03-06,302
Atatiana Jefferson,Killing_of_Atatiana_Jefferson,2020-03-07,296
Atatiana Jefferson,Killing_of_Atatiana_Jefferson,2020-03-08,261
Atatiana Jefferson,Killing_of_Atatiana_Jefferson,2020-03-09,274
Atatiana Jefferson,Killing_of_Atatiana_Jefferson,2020-03-10,210
Atatiana Jefferson,Killing_of_Atatiana_Jefferson,2020-03-11,223
Atatiana Jefferson,Killing_of_Atatiana_Jefferson,2020-03-12,151
Atatiana Jefferson,Killing_of_Atatiana_Jefferson,2020-03-13,187
Atatiana Jefferson,Killing_of_Atatiana_Jefferson,2020-03-14,176
Atatiana Jefferson,Killing_of_Atatiana_Jefferson,2020-03-15,179
Atatiana Jefferson,Killing_of_Atatiana_Jefferson,2020-03-16,139
Atatiana Jefferson,Killing_of_Atatiana_Jefferson,2020-03-17,132
Atatiana Jefferson,Killing_of_Atatiana_Jefferson,2020-03-18,124
Atatiana Jefferson,Killing_of_Atatiana_Jefferson,2020-03-19,128
Atatiana Jefferson,Killing_of_Atatiana_Jefferson,2020-03-20,133
Atatiana Jefferson,Killing_of_Atatiana_Jefferson,2020-03-21,123
Atatiana Jefferson,Killing_of_Atatiana_Jefferson,2020-03-22,134
Atatiana Jefferson,Killing_of_Atatiana_Jefferson,2020-03-23,109
Atatiana Jefferson,Killing_of_Atatiana_Jefferson,2020-03-24,121
Atatiana Jefferson,Killing_of_Atatiana_Jefferson,2020-03-25,134
Atatiana Jefferson,Killing_of_Atatiana_Jefferson,2020-03-26,145
Atatiana Jefferson,Killing_of_Atatiana_Jefferson,2020-03-27,138
Atatiana Jefferson,Killing_of_Atatiana_Jefferson,2020-03-28,143
Atatiana Jefferson,Killing_of_Atatiana_Jefferson,2020-03-29,117
Atatiana Jefferson,Killing_of_Atatiana_Jefferson,2020-03-30,156
Atatiana Jefferson,Killing_of_Atatiana_Jefferson,2020-03-31,275
Atatiana Jefferson,Killing_of_Atatiana_Jefferson,2020-04-01,207
Atatiana Jefferson,Killing_of_Atatiana_Jefferson,2020-04-02,212
Atatiana Jefferson,Killing_of_Atatiana_Jefferson,2020-04-03,182
Atatiana Jefferson,Killing_of_Atatiana_Jefferson,2020-04-04,156
Atatiana Jefferson,Killing_of_Atatiana_Jefferson,2020-04-05,210
Atatiana Jefferson,Killing_of_Atatiana_Jefferson,2020-04-06,226
Atatiana Jefferson,Killing_of_Atatiana_Jefferson,2020-04-07,326
Atatiana Jefferson,Killing_of_Atatiana_Jefferson,2020-04-08,200
Atatiana Jefferson,Killing_of_Atatiana_Jefferson,2020-04-09,229
Atatiana Jefferson,Killing_of_Atatiana_Jefferson,2020-04-10,225
Atatiana Jefferson,Killing_of_Atatiana_Jefferson,2020-04-11,256
Atatiana Jefferson,Killing_of_Atatiana_Jefferson,2020-04-12,280
Atatiana Jefferson,Killing_of_Atatiana_Jefferson,2020-04-13,285
Atatiana Jefferson,Killing_of_Atatiana_Jefferson,2020-04-14,298
Atatiana Jefferson,Killing_of_Atatiana_Jefferson,2020-04-15,311
Atatiana Jefferson,Killing_of_Atatiana_Jefferson,2020-04-16,305
Atatiana Jefferson,Killing_of_Atatiana_Jefferson,2020-04-17,287
Atatiana Jefferson,Killing_of_Atatiana_Jefferson,2020-04-18,242
Atatiana Jefferson,Killing_of_Atatiana_Jefferson,2020-04-19,272
Atatiana Jefferson,Killing_of_Atatiana_Jefferson,2020-04-20,329
Atatiana Jefferson,Killing_of_Atatiana_Jefferson,2020-04-21,291
Atatiana Jefferson,Killing_of_Atatiana_Jefferson,2020-04-22,280
Atatiana Jefferson,Killing_of_Atatiana_Jefferson,2020-04-23,322
Atatiana Jefferson,Killing_of_Atatiana_Jefferson,2020-04-24,271
Atatiana Jefferson,Killing_of_Atatiana_Jefferson,2020-04-25,311
Atatiana Jefferson,Killing_of_Atatiana_Jefferson,2020-04-26,310
Atatiana Jefferson,Killing_of_Atatiana_Jefferson,2020-04-27,295
Atatiana Jefferson,Killing_of_Atatiana_Jefferson,2020-04-28,304
Atatiana Jefferson,Killing_of_Atatiana_Jefferson,2020-04-29,267
Atatiana Jefferson,Killing_of_Atatiana_Jefferson,2020-04-30,272
Atatiana Jefferson,Killing_of_Atatiana_Jefferson,2020-05-01,343
Atatiana Jefferson,Killing_of_Atatiana_Jefferson,2020-05-02,198
Atatiana Jefferson,Killing_of_Atatiana_Jefferson,2020-05-03,221
Atatiana Jefferson,Killing_of_Atatiana_Jefferson,2020-05-04,224
Atatiana Jefferson,Killing_of_Atatiana_Jefferson,2020-05-05,219
Atatiana Jefferson,Killing_of_Atatiana_Jefferson,2020-05-06,596
Atatiana Jefferson,Killing_of_Atatiana_Jefferson,2020-05-07,4243
Atatiana Jefferson,Killing_of_Atatiana_Jefferson,2020-05-08,5168
Atatiana Jefferson,Killing_of_Atatiana_Jefferson,2020-05-09,2572
Atatiana Jefferson,Killing_of_Atatiana_Jefferson,2020-05-10,1301
Atatiana Jefferson,Killing_of_Atatiana_Jefferson,2020-05-11,1037
Atatiana Jefferson,Killing_of_Atatiana_Jefferson,2020-05-12,882
Atatiana Jefferson,Killing_of_Atatiana_Jefferson,2020-05-13,1275
Atatiana Jefferson,Killing_of_Atatiana_Jefferson,2020-05-14,1299
Atatiana Jefferson,Killing_of_Atatiana_Jefferson,2020-05-15,1484
Atatiana Jefferson,Killing_of_Atatiana_Jefferson,2020-05-16,926
Atatiana Jefferson,Killing_of_Atatiana_Jefferson,2020-05-17,627
Atatiana Jefferson,Killing_of_Atatiana_Jefferson,2020-05-18,396
Atatiana Jefferson,Killing_of_Atatiana_Jefferson,2020-05-19,420
Atatiana Jefferson,Killing_of_Atatiana_Jefferson,2020-05-20,464
Atatiana Jefferson,Killing_of_Atatiana_Jefferson,2020-05-21,356
Atatiana Jefferson,Killing_of_Atatiana_Jefferson,2020-05-22,258
Atatiana Jefferson,Killing_of_Atatiana_Jefferson,2020-05-23,131
Atatiana Jefferson,Killing_of_Atatiana_Jefferson,2020-05-24,82
Atatiana Jefferson,Killing_of_Atatiana_Jefferson,2020-05-25,76
Atatiana Jefferson,Killing_of_Atatiana_Jefferson,2020-05-26,42
Atatiana Jefferson,Killing_of_Atatiana_Jefferson,2020-05-27,123
Atatiana Jefferson,Killing_of_Atatiana_Jefferson,2020-05-28,453
Atatiana Jefferson,Killing_of_Atatiana_Jefferson,2020-05-29,767
Atatiana Jefferson,Killing_of_Atatiana_Jefferson,2020-05-30,886
Atatiana Jefferson,Killing_of_Atatiana_Jefferson,2020-05-31,1091
Atatiana Jefferson,Killing_of_Atatiana_Jefferson,2020-06-01,1105
Atatiana Jefferson,Killing_of_Atatiana_Jefferson,2020-06-02,931
Atatiana Jefferson,Killing_of_Atatiana_Jefferson,2020-06-03,791
Atatiana Jefferson,Killing_of_Atatiana_Jefferson,2020-06-04,416
Atatiana Jefferson,Killing_of_Atatiana_Jefferson,2020-06-05,419
Atatiana Jefferson,Killing_of_Atatiana_Jefferson,2020-06-06,241
Atatiana Jefferson,Killing_of_Atatiana_Jefferson,2020-06-07,189
Atatiana Jefferson,Killing_of_Atatiana_Jefferson,2020-06-08,169
Atatiana Jefferson,Killing_of_Atatiana_Jefferson,2020-06-09,191
Atatiana Jefferson,Killing_of_Atatiana_Jefferson,2020-06-10,127
Atatiana Jefferson,Killing_of_Atatiana_Jefferson,2020-06-11,106
Atatiana Jefferson,Killing_of_Atatiana_Jefferson,2020-06-12,112
Atatiana Jefferson,Killing_of_Atatiana_Jefferson,2020-06-13,63
Atatiana Jefferson,Killing_of_Atatiana_Jefferson,2020-06-14,63
Atatiana Jefferson,Killing_of_Atatiana_Jefferson,2020-06-15,82
Atatiana Jefferson,Killing_of_Atatiana_Jefferson,2020-06-16,139
Atatiana Jefferson,Killing_of_Atatiana_Jefferson,2020-06-17,114
Atatiana Jefferson,Killing_of_Atatiana_Jefferson,2020-06-18,91
Atatiana Jefferson,Killing_of_Atatiana_Jefferson,2020-06-19,94
Atatiana Jefferson,Killing_of_Atatiana_Jefferson,2020-06-20,61
Atatiana Jefferson,Killing_of_Atatiana_Jefferson,2020-06-21,60
Atatiana Jefferson,Killing_of_Atatiana_Jefferson,2020-06-22,62
Atatiana Jefferson,Killing_of_Atatiana_Jefferson,2020-06-23,57
Atatiana Jefferson,Killing_of_Atatiana_Jefferson,2020-06-24,49
Atatiana Jefferson,Killing_of_Atatiana_Jefferson,2020-06-25,45
Atatiana Jefferson,Killing_of_Atatiana_Jefferson,2020-06-26,48
Atatiana Jefferson,Killing_of_Atatiana_Jefferson,2020-06-27,46
Atatiana Jefferson,Killing_of_Atatiana_Jefferson,2020-06-28,45
Atatiana Jefferson,Killing_of_Atatiana_Jefferson,2020-06-29,46
Atatiana Jefferson,Killing_of_Atatiana_Jefferson,2020-06-30,44
Atatiana Jefferson,Killing_of_Atatiana_Jefferson,2020-07-01,41
Atatiana Jefferson,Killing_of_Atatiana_Jefferson,2020-07-02,28
Atatiana Jefferson,Killing_of_Atatiana_Jefferson,2020-07-03,25
Atatiana Jefferson,Killing_of_Atatiana_Jefferson,2020-07-04,18
Atatiana Jefferson,Killing_of_Atatiana_Jefferson,2020-07-05,27
Atatiana Jefferson,Killing_of_Atatiana_Jefferson,2020-07-06,22
Atatiana Jefferson,Killing_of_Atatiana_Jefferson,2020-07-07,19
Atatiana Jefferson,Killing_of_Atatiana_Jefferson,2020-07-08,28
Atatiana Jefferson,Killing_of_Atatiana_Jefferson,2020-07-09,21
Atatiana Jefferson,Killing_of_Atatiana_Jefferson,2020-07-10,21
Atatiana Jefferson,Killing_of_Atatiana_Jefferson,2020-07-11,16
Atatiana Jefferson,Killing_of_Atatiana_Jefferson,2020-07-12,20
Atatiana Jefferson,Killing_of_Atatiana_Jefferson,2020-07-13,7
Atatiana Jefferson,Killing_of_Atatiana_Jefferson,2020-07-14,18
Atatiana Jefferson,Killing_of_Atatiana_Jefferson,2020-07-15,17
Atatiana Jefferson,Killing_of_Atatiana_Jefferson,2020-07-16,20
Atatiana Jefferson,Killing_of_Atatiana_Jefferson,2020-07-17,26
Atatiana Jefferson,Killing_of_Atatiana_Jefferson,2020-07-18,18
Atatiana Jefferson,Killing_of_Atatiana_Jefferson,2020-07-19,10
Atatiana Jefferson,Killing_of_Atatiana_Jefferson,2020-07-20,20
Atatiana Jefferson,Killing_of_Atatiana_Jefferson,2020-07-21,13
Atatiana Jefferson,Killing_of_Atatiana_Jefferson,2020-07-22,26
Atatiana Jefferson,Killing_of_Atatiana_Jefferson,2020-07-23,16
Atatiana Jefferson,Killing_of_Atatiana_Jefferson,2020-07-24,16
Atatiana Jefferson,Killing_of_Atatiana_Jefferson,2020-07-25,27
Atatiana Jefferson,Killing_of_Atatiana_Jefferson,2020-07-26,29
Atatiana Jefferson,Killing_of_Atatiana_Jefferson,2020-07-27,18
Atatiana Jefferson,Killing_of_Atatiana_Jefferson,2020-07-28,20
Atatiana Jefferson,Killing_of_Atatiana_Jefferson,2020-07-29,15
Atatiana Jefferson,Killing_of_Atatiana_Jefferson,2020-07-30,15
Atatiana Jefferson,Killing_of_Atatiana_Jefferson,2020-07-31,12
Atatiana Jefferson,Killing_of_Atatiana_Jefferson,2020-08-01,13
Atatiana Jefferson,Killing_of_Atatiana_Jefferson,2020-08-02,15
Atatiana Jefferson,Killing_of_Atatiana_Jefferson,2020-08-03,18
Atatiana Jefferson,Killing_of_Atatiana_Jefferson,2020-08-04,23
Atatiana Jefferson,Killing_of_Atatiana_Jefferson,2020-08-05,12
Atatiana Jefferson,Killing_of_Atatiana_Jefferson,2020-08-06,13
Atatiana Jefferson,Killing_of_Atatiana_Jefferson,2020-08-07,12
Atatiana Jefferson,Killing_of_Atatiana_Jefferson,2020-08-08,16
Atatiana Jefferson,Killing_of_Atatiana_Jefferson,2020-08-09,20
Atatiana Jefferson,Killing_of_Atatiana_Jefferson,2020-08-10,14
Atatiana Jefferson,Killing_of_Atatiana_Jefferson,2020-08-11,16
Atatiana Jefferson,Killing_of_Atatiana_Jefferson,2020-08-12,24
Atatiana Jefferson,Killing_of_Atatiana_Jefferson,2020-08-13,12
Atatiana Jefferson,Killing_of_Atatiana_Jefferson,2020-08-14,15
Atatiana Jefferson,Killing_of_Atatiana_Jefferson,2020-08-15,18
Atatiana Jefferson,Killing_of_Atatiana_Jefferson,2020-08-16,21
Atatiana Jefferson,Killing_of_Atatiana_Jefferson,2020-08-17,11
Atatiana Jefferson,Killing_of_Atatiana_Jefferson,2020-08-18,22
Atatiana Jefferson,Killing_of_Atatiana_Jefferson,2020-08-19,18
Atatiana Jefferson,Killing_of_Atatiana_Jefferson,2020-08-20,9
Atatiana Jefferson,Killing_of_Atatiana_Jefferson,2020-08-21,11
Atatiana Jefferson,Killing_of_Atatiana_Jefferson,2020-08-22,13
Atatiana Jefferson,Killing_of_Atatiana_Jefferson,2020-08-23,14
Atatiana Jefferson,Killing_of_Atatiana_Jefferson,2020-08-24,28
Atatiana Jefferson,Killing_of_Atatiana_Jefferson,2020-08-25,30
Atatiana Jefferson,Killing_of_Atatiana_Jefferson,2020-08-26,45
Atatiana Jefferson,Killing_of_Atatiana_Jefferson,2020-08-27,42
Atatiana Jefferson,Killing_of_Atatiana_Jefferson,2020-08-28,44
Atatiana Jefferson,Killing_of_Atatiana_Jefferson,2020-08-29,45
Atatiana Jefferson,Killing_of_Atatiana_Jefferson,2020-08-30,47
Atatiana Jefferson,Killing_of_Atatiana_Jefferson,2020-08-31,26
Atatiana Jefferson,Killing_of_Atatiana_Jefferson,2020-09-01,27
Atatiana Jefferson,Killing_of_Atatiana_Jefferson,2020-09-02,21
Atatiana Jefferson,Killing_of_Atatiana_Jefferson,2020-09-03,27
Atatiana Jefferson,Killing_of_Atatiana_Jefferson,2020-09-04,25
Atatiana Jefferson,Killing_of_Atatiana_Jefferson,2020-09-05,24
Atatiana Jefferson,Killing_of_Atatiana_Jefferson,2020-09-06,15
Atatiana Jefferson,Killing_of_Atatiana_Jefferson,2020-09-07,23
Atatiana Jefferson,Killing_of_Atatiana_Jefferson,2020-09-08,14
Atatiana Jefferson,Killing_of_Atatiana_Jefferson,2020-09-09,20
Atatiana Jefferson,Killing_of_Atatiana_Jefferson,2020-09-10,27
Atatiana Jefferson,Killing_of_Atatiana_Jefferson,2020-09-11,21
Atatiana Jefferson,Killing_of_Atatiana_Jefferson,2020-09-12,10
Atatiana Jefferson,Killing_of_Atatiana_Jefferson,2020-09-13,16
Atatiana Jefferson,Killing_of_Atatiana_Jefferson,2020-09-14,47
Atatiana Jefferson,Killing_of_Atatiana_Jefferson,2020-09-15,47
Atatiana Jefferson,Killing_of_Atatiana_Jefferson,2020-09-16,35
Atatiana Jefferson,Killing_of_Atatiana_Jefferson,2020-09-17,31
Atatiana Jefferson,Killing_of_Atatiana_Jefferson,2020-09-18,23
Atatiana Jefferson,Killing_of_Atatiana_Jefferson,2020-09-19,13
Atatiana Jefferson,Killing_of_Atatiana_Jefferson,2020-09-20,16
Atatiana Jefferson,Killing_of_Atatiana_Jefferson,2020-09-21,19
Atatiana Jefferson,Killing_of_Atatiana_Jefferson,2020-09-22,16
Atatiana Jefferson,Killing_of_Atatiana_Jefferson,2020-09-23,38
Atatiana Jefferson,Killing_of_Atatiana_Jefferson,2020-09-24,89
Atatiana Jefferson,Killing_of_Atatiana_Jefferson,2020-09-25,68
Atatiana Jefferson,Killing_of_Atatiana_Jefferson,2020-09-26,33
Atatiana Jefferson,Killing_of_Atatiana_Jefferson,2020-09-27,21
Atatiana Jefferson,Killing_of_Atatiana_Jefferson,2020-09-28,20
Atatiana Jefferson,Killing_of_Atatiana_Jefferson,2020-09-29,21
Atatiana Jefferson,Killing_of_Atatiana_Jefferson,2020-09-30,12
Atatiana Jefferson,Killing_of_Atatiana_Jefferson,2020-10-01,14
Atatiana Jefferson,Killing_of_Atatiana_Jefferson,2020-10-02,9
Atatiana Jefferson,Killing_of_Atatiana_Jefferson,2020-10-03,14
Atatiana Jefferson,Killing_of_Atatiana_Jefferson,2020-10-04,7
Atatiana Jefferson,Killing_of_Atatiana_Jefferson,2020-10-05,14
Atatiana Jefferson,Killing_of_Atatiana_Jefferson,2020-10-06,20
Atatiana Jefferson,Killing_of_Atatiana_Jefferson,2020-10-07,21
Atatiana Jefferson,Killing_of_Atatiana_Jefferson,2020-10-08,10
Atatiana Jefferson,Killing_of_Atatiana_Jefferson,2020-10-09,29
Atatiana Jefferson,Killing_of_Atatiana_Jefferson,2020-10-10,13
Atatiana Jefferson,Killing_of_Atatiana_Jefferson,2020-10-11,20
Atatiana Jefferson,Killing_of_Atatiana_Jefferson,2020-10-12,32
Atatiana Jefferson,Killing_of_Atatiana_Jefferson,2020-10-13,52
Atatiana Jefferson,Killing_of_Atatiana_Jefferson,2020-10-14,17
Atatiana Jefferson,Killing_of_Atatiana_Jefferson,2020-10-15,18
Atatiana Jefferson,Killing_of_Atatiana_Jefferson,2020-10-16,6
Atatiana Jefferson,Killing_of_Atatiana_Jefferson,2020-10-17,9
Atatiana Jefferson,Killing_of_Atatiana_Jefferson,2020-10-18,11
Atatiana Jefferson,Killing_of_Atatiana_Jefferson,2020-10-19,17
Atatiana Jefferson,Killing_of_Atatiana_Jefferson,2020-10-20,9
Atatiana Jefferson,Killing_of_Atatiana_Jefferson,2020-10-21,15
Atatiana Jefferson,Killing_of_Atatiana_Jefferson,2020-10-22,9
Atatiana Jefferson,Killing_of_Atatiana_Jefferson,2020-10-23,10
Atatiana Jefferson,Killing_of_Atatiana_Jefferson,2020-10-24,13
Atatiana Jefferson,Killing_of_Atatiana_Jefferson,2020-10-25,8
Atatiana Jefferson,Killing_of_Atatiana_Jefferson,2020-10-26,8
Atatiana Jefferson,Killing_of_Atatiana_Jefferson,2020-10-27,11
Atatiana Jefferson,Killing_of_Atatiana_Jefferson,2020-10-28,23
Atatiana Jefferson,Killing_of_Atatiana_Jefferson,2020-10-29,17
Atatiana Jefferson,Killing_of_Atatiana_Jefferson,2020-10-30,9
Atatiana Jefferson,Killing_of_Atatiana_Jefferson,2020-10-31,6
Atatiana Jefferson,Killing_of_Atatiana_Jefferson,2020-11-01,5
Atatiana Jefferson,Killing_of_Atatiana_Jefferson,2020-11-02,9
Atatiana Jefferson,Killing_of_Atatiana_Jefferson,2020-11-03,17
Atatiana Jefferson,Killing_of_Atatiana_Jefferson,2020-11-04,9
Atatiana Jefferson,Killing_of_Atatiana_Jefferson,2020-11-05,8
Atatiana Jefferson,Killing_of_Atatiana_Jefferson,2020-11-06,5
Atatiana Jefferson,Killing_of_Atatiana_Jefferson,2020-11-07,6
Atatiana Jefferson,Killing_of_Atatiana_Jefferson,2020-11-08,13
Atatiana Jefferson,Killing_of_Atatiana_Jefferson,2020-11-09,8
Atatiana Jefferson,Killing_of_Atatiana_Jefferson,2020-11-10,9
Atatiana Jefferson,Killing_of_Atatiana_Jefferson,2020-11-11,13
Atatiana Jefferson,Killing_of_Atatiana_Jefferson,2020-11-12,7
Atatiana Jefferson,Killing_of_Atatiana_Jefferson,2020-11-13,10
Atatiana Jefferson,Killing_of_Atatiana_Jefferson,2020-11-14,10
Atatiana Jefferson,Killing_of_Atatiana_Jefferson,2020-11-15,13
Atatiana Jefferson,Killing_of_Atatiana_Jefferson,2020-11-16,7
Atatiana Jefferson,Killing_of_Atatiana_Jefferson,2020-11-17,18
Atatiana Jefferson,Killing_of_Atatiana_Jefferson,2020-11-18,28
Atatiana Jefferson,Killing_of_Atatiana_Jefferson,2020-11-19,26
Atatiana Jefferson,Killing_of_Atatiana_Jefferson,2020-11-20,9
Atatiana Jefferson,Killing_of_Atatiana_Jefferson,2020-11-21,9
Atatiana Jefferson,Killing_of_Atatiana_Jefferson,2020-11-22,5
Atatiana Jefferson,Killing_of_Atatiana_Jefferson,2020-11-23,6
Atatiana Jefferson,Killing_of_Atatiana_Jefferson,2020-11-24,10
Atatiana Jefferson,Killing_of_Atatiana_Jefferson,2020-11-25,14
Atatiana Jefferson,Killing_of_Atatiana_Jefferson,2020-11-26,8
Atatiana Jefferson,Killing_of_Atatiana_Jefferson,2020-11-27,7
Atatiana Jefferson,Killing_of_Atatiana_Jefferson,2020-11-28,15
Atatiana Jefferson,Killing_of_Atatiana_Jefferson,2020-11-29,16
Atatiana Jefferson,Killing_of_Atatiana_Jefferson,2020-11-30,10
Atatiana Jefferson,Killing_of_Atatiana_Jefferson,2020-12-01,6
Atatiana Jefferson,Killing_of_Atatiana_Jefferson,2020-12-02,6
Atatiana Jefferson,Killing_of_Atatiana_Jefferson,2020-12-03,5
Atatiana Jefferson,Killing_of_Atatiana_Jefferson,2020-12-04,8
Atatiana Jefferson,Killing_of_Atatiana_Jefferson,2020-12-05,8
Atatiana Jefferson,Killing_of_Atatiana_Jefferson,2020-12-06,10
Atatiana Jefferson,Killing_of_Atatiana_Jefferson,2020-12-07,9
Atatiana Jefferson,Killing_of_Atatiana_Jefferson,2020-12-08,14
Atatiana Jefferson,Killing_of_Atatiana_Jefferson,2020-12-09,12
Atatiana Jefferson,Killing_of_Atatiana_Jefferson,2020-12-10,7
Atatiana Jefferson,Killing_of_Atatiana_Jefferson,2020-12-11,15
Atatiana Jefferson,Killing_of_Atatiana_Jefferson,2020-12-12,8
Atatiana Jefferson,Killing_of_Atatiana_Jefferson,2020-12-13,7
Atatiana Jefferson,Killing_of_Atatiana_Jefferson,2020-12-14,5
Atatiana Jefferson,Killing_of_Atatiana_Jefferson,2020-12-15,7
Atatiana Jefferson,Killing_of_Atatiana_Jefferson,2020-12-16,3
Atatiana Jefferson,Killing_of_Atatiana_Jefferson,2020-12-17,10
Atatiana Jefferson,Killing_of_Atatiana_Jefferson,2020-12-18,18
Atatiana Jefferson,Killing_of_Atatiana_Jefferson,2020-12-19,8
Atatiana Jefferson,Killing_of_Atatiana_Jefferson,2020-12-20,14
Atatiana Jefferson,Killing_of_Atatiana_Jefferson,2020-12-21,13
Atatiana Jefferson,Killing_of_Atatiana_Jefferson,2020-12-22,8
Atatiana Jefferson,Killing_of_Atatiana_Jefferson,2020-12-23,8
Atatiana Jefferson,Killing_of_Atatiana_Jefferson,2020-12-24,5
Atatiana Jefferson,Killing_of_Atatiana_Jefferson,2020-12-25,9
Atatiana Jefferson,Killing_of_Atatiana_Jefferson,2020-12-26,10
Atatiana Jefferson,Killing_of_Atatiana_Jefferson,2020-12-27,7
Atatiana Jefferson,Killing_of_Atatiana_Jefferson,2020-12-28,2
Atatiana Jefferson,Killing_of_Atatiana_Jefferson,2020-12-29,12
Atatiana Jefferson,Killing_of_Atatiana_Jefferson,2020-12-30,10
Atatiana Jefferson,Killing_of_Atatiana_Jefferson,2020-12-31,16
Alton Sterling,Shooting_of_Alton_Sterling,2017-01-01,535
Alton Sterling,Shooting_of_Alton_Sterling,2017-01-02,521
Alton Sterling,Shooting_of_Alton_Sterling,2017-01-03,586
Alton Sterling,Shooting_of_Alton_Sterling,2017-01-04,594
Alton Sterling,Shooting_of_Alton_Sterling,2017-01-05,674
Alton Sterling,Shooting_of_Alton_Sterling,2017-01-06,611
Alton Sterling,Shooting_of_Alton_Sterling,2017-01-07,468
Alton Sterling,Shooting_of_Alton_Sterling,2017-01-08,544
Alton Sterling,Shooting_of_Alton_Sterling,2017-01-09,557
Alton Sterling,Shooting_of_Alton_Sterling,2017-01-10,548
Alton Sterling,Shooting_of_Alton_Sterling,2017-01-11,631
Alton Sterling,Shooting_of_Alton_Sterling,2017-01-12,616
Alton Sterling,Shooting_of_Alton_Sterling,2017-01-13,617
Alton Sterling,Shooting_of_Alton_Sterling,2017-01-14,433
Alton Sterling,Shooting_of_Alton_Sterling,2017-01-15,439
Alton Sterling,Shooting_of_Alton_Sterling,2017-01-16,553
Alton Sterling,Shooting_of_Alton_Sterling,2017-01-17,607
Alton Sterling,Shooting_of_Alton_Sterling,2017-01-18,629
Alton Sterling,Shooting_of_Alton_Sterling,2017-01-19,596
Alton Sterling,Shooting_of_Alton_Sterling,2017-01-20,604
Alton Sterling,Shooting_of_Alton_Sterling,2017-01-21,480
Alton Sterling,Shooting_of_Alton_Sterling,2017-01-22,678
Alton Sterling,Shooting_of_Alton_Sterling,2017-01-23,753
Alton Sterling,Shooting_of_Alton_Sterling,2017-01-24,661
Alton Sterling,Shooting_of_Alton_Sterling,2017-01-25,644
Alton Sterling,Shooting_of_Alton_Sterling,2017-01-26,559
Alton Sterling,Shooting_of_Alton_Sterling,2017-01-27,586
Alton Sterling,Shooting_of_Alton_Sterling,2017-01-28,462
Alton Sterling,Shooting_of_Alton_Sterling,2017-01-29,539
Alton Sterling,Shooting_of_Alton_Sterling,2017-01-30,648
Alton Sterling,Shooting_of_Alton_Sterling,2017-01-31,650
Alton Sterling,Shooting_of_Alton_Sterling,2017-02-01,582
Alton Sterling,Shooting_of_Alton_Sterling,2017-02-02,552
Alton Sterling,Shooting_of_Alton_Sterling,2017-02-03,520
Alton Sterling,Shooting_of_Alton_Sterling,2017-02-04,388
Alton Sterling,Shooting_of_Alton_Sterling,2017-02-05,520
Alton Sterling,Shooting_of_Alton_Sterling,2017-02-06,474
Alton Sterling,Shooting_of_Alton_Sterling,2017-02-07,610
Alton Sterling,Shooting_of_Alton_Sterling,2017-02-08,678
Alton Sterling,Shooting_of_Alton_Sterling,2017-02-09,557
Alton Sterling,Shooting_of_Alton_Sterling,2017-02-10,520
Alton Sterling,Shooting_of_Alton_Sterling,2017-02-11,416
Alton Sterling,Shooting_of_Alton_Sterling,2017-02-12,462
Alton Sterling,Shooting_of_Alton_Sterling,2017-02-13,691
Alton Sterling,Shooting_of_Alton_Sterling,2017-02-14,580
Alton Sterling,Shooting_of_Alton_Sterling,2017-02-15,573
Alton Sterling,Shooting_of_Alton_Sterling,2017-02-16,719
Alton Sterling,Shooting_of_Alton_Sterling,2017-02-17,554
Alton Sterling,Shooting_of_Alton_Sterling,2017-02-18,408
Alton Sterling,Shooting_of_Alton_Sterling,2017-02-19,430
Alton Sterling,Shooting_of_Alton_Sterling,2017-02-20,536
Alton Sterling,Shooting_of_Alton_Sterling,2017-02-21,666
Alton Sterling,Shooting_of_Alton_Sterling,2017-02-22,590
Alton Sterling,Shooting_of_Alton_Sterling,2017-02-23,545
Alton Sterling,Shooting_of_Alton_Sterling,2017-02-24,629
Alton Sterling,Shooting_of_Alton_Sterling,2017-02-25,453
Alton Sterling,Shooting_of_Alton_Sterling,2017-02-26,453
Alton Sterling,Shooting_of_Alton_Sterling,2017-02-27,596
Alton Sterling,Shooting_of_Alton_Sterling,2017-02-28,596
Alton Sterling,Shooting_of_Alton_Sterling,2017-03-01,573
Alton Sterling,Shooting_of_Alton_Sterling,2017-03-02,531
Alton Sterling,Shooting_of_Alton_Sterling,2017-03-03,437
Alton Sterling,Shooting_of_Alton_Sterling,2017-03-04,336
Alton Sterling,Shooting_of_Alton_Sterling,2017-03-05,450
Alton Sterling,Shooting_of_Alton_Sterling,2017-03-06,474
Alton Sterling,Shooting_of_Alton_Sterling,2017-03-07,531
Alton Sterling,Shooting_of_Alton_Sterling,2017-03-08,503
Alton Sterling,Shooting_of_Alton_Sterling,2017-03-09,542
Alton Sterling,Shooting_of_Alton_Sterling,2017-03-10,607
Alton Sterling,Shooting_of_Alton_Sterling,2017-03-11,398
Alton Sterling,Shooting_of_Alton_Sterling,2017-03-12,476
Alton Sterling,Shooting_of_Alton_Sterling,2017-03-13,626
Alton Sterling,Shooting_of_Alton_Sterling,2017-03-14,574
Alton Sterling,Shooting_of_Alton_Sterling,2017-03-15,544
Alton Sterling,Shooting_of_Alton_Sterling,2017-03-16,473
Alton Sterling,Shooting_of_Alton_Sterling,2017-03-17,385
Alton Sterling,Shooting_of_Alton_Sterling,2017-03-18,336
Alton Sterling,Shooting_of_Alton_Sterling,2017-03-19,379
Alton Sterling,Shooting_of_Alton_Sterling,2017-03-20,460
Alton Sterling,Shooting_of_Alton_Sterling,2017-03-21,492
Alton Sterling,Shooting_of_Alton_Sterling,2017-03-22,543
Alton Sterling,Shooting_of_Alton_Sterling,2017-03-23,507
Alton Sterling,Shooting_of_Alton_Sterling,2017-03-24,437
Alton Sterling,Shooting_of_Alton_Sterling,2017-03-25,371
Alton Sterling,Shooting_of_Alton_Sterling,2017-03-26,393
Alton Sterling,Shooting_of_Alton_Sterling,2017-03-27,481
Alton Sterling,Shooting_of_Alton_Sterling,2017-03-28,471
Alton Sterling,Shooting_of_Alton_Sterling,2017-03-29,516
Alton Sterling,Shooting_of_Alton_Sterling,2017-03-30,473
Alton Sterling,Shooting_of_Alton_Sterling,2017-03-31,422
Alton Sterling,Shooting_of_Alton_Sterling,2017-04-01,419
Alton Sterling,Shooting_of_Alton_Sterling,2017-04-02,379
Alton Sterling,Shooting_of_Alton_Sterling,2017-04-03,507
Alton Sterling,Shooting_of_Alton_Sterling,2017-04-04,465
Alton Sterling,Shooting_of_Alton_Sterling,2017-04-05,1081
Alton Sterling,Shooting_of_Alton_Sterling,2017-04-06,1120
Alton Sterling,Shooting_of_Alton_Sterling,2017-04-07,663
Alton Sterling,Shooting_of_Alton_Sterling,2017-04-08,450
Alton Sterling,Shooting_of_Alton_Sterling,2017-04-09,480
Alton Sterling,Shooting_of_Alton_Sterling,2017-04-10,496
Alton Sterling,Shooting_of_Alton_Sterling,2017-04-11,603
Alton Sterling,Shooting_of_Alton_Sterling,2017-04-12,532
Alton Sterling,Shooting_of_Alton_Sterling,2017-04-13,505
Alton Sterling,Shooting_of_Alton_Sterling,2017-04-14,417
Alton Sterling,Shooting_of_Alton_Sterling,2017-04-15,340
Alton Sterling,Shooting_of_Alton_Sterling,2017-04-16,410
Alton Sterling,Shooting_of_Alton_Sterling,2017-04-17,541
Alton Sterling,Shooting_of_Alton_Sterling,2017-04-18,618
Alton Sterling,Shooting_of_Alton_Sterling,2017-04-19,648
Alton Sterling,Shooting_of_Alton_Sterling,2017-04-20,432
Alton Sterling,Shooting_of_Alton_Sterling,2017-04-21,420
Alton Sterling,Shooting_of_Alton_Sterling,2017-04-22,331
Alton Sterling,Shooting_of_Alton_Sterling,2017-04-23,385
Alton Sterling,Shooting_of_Alton_Sterling,2017-04-24,560
Alton Sterling,Shooting_of_Alton_Sterling,2017-04-25,636
Alton Sterling,Shooting_of_Alton_Sterling,2017-04-26,802
Alton Sterling,Shooting_of_Alton_Sterling,2017-04-27,972
Alton Sterling,Shooting_of_Alton_Sterling,2017-04-28,1054
Alton Sterling,Shooting_of_Alton_Sterling,2017-04-29,1214
Alton Sterling,Shooting_of_Alton_Sterling,2017-04-30,827
Alton Sterling,Shooting_of_Alton_Sterling,2017-05-01,1752
Alton Sterling,Shooting_of_Alton_Sterling,2017-05-02,9255
Alton Sterling,Shooting_of_Alton_Sterling,2017-05-03,35216
Alton Sterling,Shooting_of_Alton_Sterling,2017-05-04,10293
Alton Sterling,Shooting_of_Alton_Sterling,2017-05-05,3884
Alton Sterling,Shooting_of_Alton_Sterling,2017-05-06,1843
Alton Sterling,Shooting_of_Alton_Sterling,2017-05-07,1322
Alton Sterling,Shooting_of_Alton_Sterling,2017-05-08,1132
Alton Sterling,Shooting_of_Alton_Sterling,2017-05-09,803
Alton Sterling,Shooting_of_Alton_Sterling,2017-05-10,799
Alton Sterling,Shooting_of_Alton_Sterling,2017-05-11,804
Alton Sterling,Shooting_of_Alton_Sterling,2017-05-12,699
Alton Sterling,Shooting_of_Alton_Sterling,2017-05-13,479
Alton Sterling,Shooting_of_Alton_Sterling,2017-05-14,442
Alton Sterling,Shooting_of_Alton_Sterling,2017-05-15,607
Alton Sterling,Shooting_of_Alton_Sterling,2017-05-16,539
Alton Sterling,Shooting_of_Alton_Sterling,2017-05-17,542
Alton Sterling,Shooting_of_Alton_Sterling,2017-05-18,665
Alton Sterling,Shooting_of_Alton_Sterling,2017-05-19,522
Alton Sterling,Shooting_of_Alton_Sterling,2017-05-20,387
Alton Sterling,Shooting_of_Alton_Sterling,2017-05-21,449
Alton Sterling,Shooting_of_Alton_Sterling,2017-05-22,498
Alton Sterling,Shooting_of_Alton_Sterling,2017-05-23,441
Alton Sterling,Shooting_of_Alton_Sterling,2017-05-24,426
Alton Sterling,Shooting_of_Alton_Sterling,2017-05-25,854
Alton Sterling,Shooting_of_Alton_Sterling,2017-05-26,463
Alton Sterling,Shooting_of_Alton_Sterling,2017-05-27,302
Alton Sterling,Shooting_of_Alton_Sterling,2017-05-28,319
Alton Sterling,Shooting_of_Alton_Sterling,2017-05-29,341
Alton Sterling,Shooting_of_Alton_Sterling,2017-05-30,504
Alton Sterling,Shooting_of_Alton_Sterling,2017-05-31,445
Alton Sterling,Shooting_of_Alton_Sterling,2017-06-01,413
Alton Sterling,Shooting_of_Alton_Sterling,2017-06-02,398
Alton Sterling,Shooting_of_Alton_Sterling,2017-06-03,348
Alton Sterling,Shooting_of_Alton_Sterling,2017-06-04,383
Alton Sterling,Shooting_of_Alton_Sterling,2017-06-05,387
Alton Sterling,Shooting_of_Alton_Sterling,2017-06-06,469
Alton Sterling,Shooting_of_Alton_Sterling,2017-06-07,433
Alton Sterling,Shooting_of_Alton_Sterling,2017-06-08,381
Alton Sterling,Shooting_of_Alton_Sterling,2017-06-09,362
Alton Sterling,Shooting_of_Alton_Sterling,2017-06-10,430
Alton Sterling,Shooting_of_Alton_Sterling,2017-06-11,356
Alton Sterling,Shooting_of_Alton_Sterling,2017-06-12,390
Alton Sterling,Shooting_of_Alton_Sterling,2017-06-13,366
Alton Sterling,Shooting_of_Alton_Sterling,2017-06-14,416
Alton Sterling,Shooting_of_Alton_Sterling,2017-06-15,416
Alton Sterling,Shooting_of_Alton_Sterling,2017-06-16,1176
Alton Sterling,Shooting_of_Alton_Sterling,2017-06-17,2461
Alton Sterling,Shooting_of_Alton_Sterling,2017-06-18,1353
Alton Sterling,Shooting_of_Alton_Sterling,2017-06-19,1018
Alton Sterling,Shooting_of_Alton_Sterling,2017-06-20,1145
Alton Sterling,Shooting_of_Alton_Sterling,2017-06-21,2573
Alton Sterling,Shooting_of_Alton_Sterling,2017-06-22,2294
Alton Sterling,Shooting_of_Alton_Sterling,2017-06-23,1635
Alton Sterling,Shooting_of_Alton_Sterling,2017-06-24,921
Alton Sterling,Shooting_of_Alton_Sterling,2017-06-25,724
Alton Sterling,Shooting_of_Alton_Sterling,2017-06-26,785
Alton Sterling,Shooting_of_Alton_Sterling,2017-06-27,839
Alton Sterling,Shooting_of_Alton_Sterling,2017-06-28,799
Alton Sterling,Shooting_of_Alton_Sterling,2017-06-29,538
Alton Sterling,Shooting_of_Alton_Sterling,2017-06-30,511
Alton Sterling,Shooting_of_Alton_Sterling,2017-07-01,604
Alton Sterling,Shooting_of_Alton_Sterling,2017-07-02,509
Alton Sterling,Shooting_of_Alton_Sterling,2017-07-03,634
Alton Sterling,Shooting_of_Alton_Sterling,2017-07-04,674
Alton Sterling,Shooting_of_Alton_Sterling,2017-07-05,1336
Alton Sterling,Shooting_of_Alton_Sterling,2017-07-06,2164
Alton Sterling,Shooting_of_Alton_Sterling,2017-07-07,1363
Alton Sterling,Shooting_of_Alton_Sterling,2017-07-08,1360
Alton Sterling,Shooting_of_Alton_Sterling,2017-07-09,869
Alton Sterling,Shooting_of_Alton_Sterling,2017-07-10,720
Alton Sterling,Shooting_of_Alton_Sterling,2017-07-11,1285
Alton Sterling,Shooting_of_Alton_Sterling,2017-07-12,497
Alton Sterling,Shooting_of_Alton_Sterling,2017-07-13,433
Alton Sterling,Shooting_of_Alton_Sterling,2017-07-14,415
Alton Sterling,Shooting_of_Alton_Sterling,2017-07-15,318
Alton Sterling,Shooting_of_Alton_Sterling,2017-07-16,302
Alton Sterling,Shooting_of_Alton_Sterling,2017-07-17,537
Alton Sterling,Shooting_of_Alton_Sterling,2017-07-18,553
Alton Sterling,Shooting_of_Alton_Sterling,2017-07-19,498
Alton Sterling,Shooting_of_Alton_Sterling,2017-07-20,453
Alton Sterling,Shooting_of_Alton_Sterling,2017-07-21,443
Alton Sterling,Shooting_of_Alton_Sterling,2017-07-22,399
Alton Sterling,Shooting_of_Alton_Sterling,2017-07-23,359
Alton Sterling,Shooting_of_Alton_Sterling,2017-07-24,407
Alton Sterling,Shooting_of_Alton_Sterling,2017-07-25,388
Alton Sterling,Shooting_of_Alton_Sterling,2017-07-26,355
Alton Sterling,Shooting_of_Alton_Sterling,2017-07-27,286
Alton Sterling,Shooting_of_Alton_Sterling,2017-07-28,310
Alton Sterling,Shooting_of_Alton_Sterling,2017-07-29,275
Alton Sterling,Shooting_of_Alton_Sterling,2017-07-30,272
Alton Sterling,Shooting_of_Alton_Sterling,2017-07-31,288
Alton Sterling,Shooting_of_Alton_Sterling,2017-08-01,286
Alton Sterling,Shooting_of_Alton_Sterling,2017-08-02,287
Alton Sterling,Shooting_of_Alton_Sterling,2017-08-03,276
Alton Sterling,Shooting_of_Alton_Sterling,2017-08-04,271
Alton Sterling,Shooting_of_Alton_Sterling,2017-08-05,299
Alton Sterling,Shooting_of_Alton_Sterling,2017-08-06,293
Alton Sterling,Shooting_of_Alton_Sterling,2017-08-07,349
Alton Sterling,Shooting_of_Alton_Sterling,2017-08-08,311
Alton Sterling,Shooting_of_Alton_Sterling,2017-08-09,379
Alton Sterling,Shooting_of_Alton_Sterling,2017-08-10,346
Alton Sterling,Shooting_of_Alton_Sterling,2017-08-11,306
Alton Sterling,Shooting_of_Alton_Sterling,2017-08-12,396
Alton Sterling,Shooting_of_Alton_Sterling,2017-08-13,616
Alton Sterling,Shooting_of_Alton_Sterling,2017-08-14,499
Alton Sterling,Shooting_of_Alton_Sterling,2017-08-15,506
Alton Sterling,Shooting_of_Alton_Sterling,2017-08-16,601
Alton Sterling,Shooting_of_Alton_Sterling,2017-08-17,455
Alton Sterling,Shooting_of_Alton_Sterling,2017-08-18,363
Alton Sterling,Shooting_of_Alton_Sterling,2017-08-19,333
Alton Sterling,Shooting_of_Alton_Sterling,2017-08-20,366
Alton Sterling,Shooting_of_Alton_Sterling,2017-08-21,318
Alton Sterling,Shooting_of_Alton_Sterling,2017-08-22,270
Alton Sterling,Shooting_of_Alton_Sterling,2017-08-23,303
Alton Sterling,Shooting_of_Alton_Sterling,2017-08-24,247
Alton Sterling,Shooting_of_Alton_Sterling,2017-08-25,296
Alton Sterling,Shooting_of_Alton_Sterling,2017-08-26,270
Alton Sterling,Shooting_of_Alton_Sterling,2017-08-27,243
Alton Sterling,Shooting_of_Alton_Sterling,2017-08-28,296
Alton Sterling,Shooting_of_Alton_Sterling,2017-08-29,290
Alton Sterling,Shooting_of_Alton_Sterling,2017-08-30,254
Alton Sterling,Shooting_of_Alton_Sterling,2017-08-31,314
Alton Sterling,Shooting_of_Alton_Sterling,2017-09-01,383
Alton Sterling,Shooting_of_Alton_Sterling,2017-09-02,310
Alton Sterling,Shooting_of_Alton_Sterling,2017-09-03,233
Alton Sterling,Shooting_of_Alton_Sterling,2017-09-04,318
Alton Sterling,Shooting_of_Alton_Sterling,2017-09-05,302
Alton Sterling,Shooting_of_Alton_Sterling,2017-09-06,336
Alton Sterling,Shooting_of_Alton_Sterling,2017-09-07,322
Alton Sterling,Shooting_of_Alton_Sterling,2017-09-08,311
Alton Sterling,Shooting_of_Alton_Sterling,2017-09-09,210
Alton Sterling,Shooting_of_Alton_Sterling,2017-09-10,249
Alton Sterling,Shooting_of_Alton_Sterling,2017-09-11,297
Alton Sterling,Shooting_of_Alton_Sterling,2017-09-12,291
Alton Sterling,Shooting_of_Alton_Sterling,2017-09-13,385
Alton Sterling,Shooting_of_Alton_Sterling,2017-09-14,353
Alton Sterling,Shooting_of_Alton_Sterling,2017-09-15,334
Alton Sterling,Shooting_of_Alton_Sterling,2017-09-16,323
Alton Sterling,Shooting_of_Alton_Sterling,2017-09-17,376
Alton Sterling,Shooting_of_Alton_Sterling,2017-09-18,426
Alton Sterling,Shooting_of_Alton_Sterling,2017-09-19,427
Alton Sterling,Shooting_of_Alton_Sterling,2017-09-20,520
Alton Sterling,Shooting_of_Alton_Sterling,2017-09-21,398
Alton Sterling,Shooting_of_Alton_Sterling,2017-09-22,388
Alton Sterling,Shooting_of_Alton_Sterling,2017-09-23,350
Alton Sterling,Shooting_of_Alton_Sterling,2017-09-24,475
Alton Sterling,Shooting_of_Alton_Sterling,2017-09-25,1604
Alton Sterling,Shooting_of_Alton_Sterling,2017-09-26,2528
Alton Sterling,Shooting_of_Alton_Sterling,2017-09-27,1664
Alton Sterling,Shooting_of_Alton_Sterling,2017-09-28,1495
Alton Sterling,Shooting_of_Alton_Sterling,2017-09-29,1139
Alton Sterling,Shooting_of_Alton_Sterling,2017-09-30,629
Alton Sterling,Shooting_of_Alton_Sterling,2017-10-01,704
Alton Sterling,Shooting_of_Alton_Sterling,2017-10-02,873
Alton Sterling,Shooting_of_Alton_Sterling,2017-10-03,789
Alton Sterling,Shooting_of_Alton_Sterling,2017-10-04,527
Alton Sterling,Shooting_of_Alton_Sterling,2017-10-05,421
Alton Sterling,Shooting_of_Alton_Sterling,2017-10-06,437
Alton Sterling,Shooting_of_Alton_Sterling,2017-10-07,348
Alton Sterling,Shooting_of_Alton_Sterling,2017-10-08,309
Alton Sterling,Shooting_of_Alton_Sterling,2017-10-09,519
Alton Sterling,Shooting_of_Alton_Sterling,2017-10-10,697
Alton Sterling,Shooting_of_Alton_Sterling,2017-10-11,1077
Alton Sterling,Shooting_of_Alton_Sterling,2017-10-12,706
Alton Sterling,Shooting_of_Alton_Sterling,2017-10-13,425
Alton Sterling,Shooting_of_Alton_Sterling,2017-10-14,319
Alton Sterling,Shooting_of_Alton_Sterling,2017-10-15,308
Alton Sterling,Shooting_of_Alton_Sterling,2017-10-16,444
Alton Sterling,Shooting_of_Alton_Sterling,2017-10-17,465
Alton Sterling,Shooting_of_Alton_Sterling,2017-10-18,612
Alton Sterling,Shooting_of_Alton_Sterling,2017-10-19,427
Alton Sterling,Shooting_of_Alton_Sterling,2017-10-20,352
Alton Sterling,Shooting_of_Alton_Sterling,2017-10-21,251
Alton Sterling,Shooting_of_Alton_Sterling,2017-10-22,280
Alton Sterling,Shooting_of_Alton_Sterling,2017-10-23,501
Alton Sterling,Shooting_of_Alton_Sterling,2017-10-24,437
Alton Sterling,Shooting_of_Alton_Sterling,2017-10-25,487
Alton Sterling,Shooting_of_Alton_Sterling,2017-10-26,367
Alton Sterling,Shooting_of_Alton_Sterling,2017-10-27,323
Alton Sterling,Shooting_of_Alton_Sterling,2017-10-28,250
Alton Sterling,Shooting_of_Alton_Sterling,2017-10-29,266
Alton Sterling,Shooting_of_Alton_Sterling,2017-10-30,359
Alton Sterling,Shooting_of_Alton_Sterling,2017-10-31,317
Alton Sterling,Shooting_of_Alton_Sterling,2017-11-01,352
Alton Sterling,Shooting_of_Alton_Sterling,2017-11-02,317
Alton Sterling,Shooting_of_Alton_Sterling,2017-11-03,354
Alton Sterling,Shooting_of_Alton_Sterling,2017-11-04,251
Alton Sterling,Shooting_of_Alton_Sterling,2017-11-05,302
Alton Sterling,Shooting_of_Alton_Sterling,2017-11-06,404
Alton Sterling,Shooting_of_Alton_Sterling,2017-11-07,407
Alton Sterling,Shooting_of_Alton_Sterling,2017-11-08,363
Alton Sterling,Shooting_of_Alton_Sterling,2017-11-09,364
Alton Sterling,Shooting_of_Alton_Sterling,2017-11-10,230
Alton Sterling,Shooting_of_Alton_Sterling,2017-11-11,221
Alton Sterling,Shooting_of_Alton_Sterling,2017-11-12,257
Alton Sterling,Shooting_of_Alton_Sterling,2017-11-13,389
Alton Sterling,Shooting_of_Alton_Sterling,2017-11-14,412
Alton Sterling,Shooting_of_Alton_Sterling,2017-11-15,387
Alton Sterling,Shooting_of_Alton_Sterling,2017-11-16,383
Alton Sterling,Shooting_of_Alton_Sterling,2017-11-17,278
Alton Sterling,Shooting_of_Alton_Sterling,2017-11-18,226
Alton Sterling,Shooting_of_Alton_Sterling,2017-11-19,267
Alton Sterling,Shooting_of_Alton_Sterling,2017-11-20,369
Alton Sterling,Shooting_of_Alton_Sterling,2017-11-21,313
Alton Sterling,Shooting_of_Alton_Sterling,2017-11-22,272
Alton Sterling,Shooting_of_Alton_Sterling,2017-11-23,248
Alton Sterling,Shooting_of_Alton_Sterling,2017-11-24,221
Alton Sterling,Shooting_of_Alton_Sterling,2017-11-25,241
Alton Sterling,Shooting_of_Alton_Sterling,2017-11-26,256
Alton Sterling,Shooting_of_Alton_Sterling,2017-11-27,326
Alton Sterling,Shooting_of_Alton_Sterling,2017-11-28,352
Alton Sterling,Shooting_of_Alton_Sterling,2017-11-29,368
Alton Sterling,Shooting_of_Alton_Sterling,2017-11-30,426
Alton Sterling,Shooting_of_Alton_Sterling,2017-12-01,344
Alton Sterling,Shooting_of_Alton_Sterling,2017-12-02,246
Alton Sterling,Shooting_of_Alton_Sterling,2017-12-03,296
Alton Sterling,Shooting_of_Alton_Sterling,2017-12-04,470
Alton Sterling,Shooting_of_Alton_Sterling,2017-12-05,348
Alton Sterling,Shooting_of_Alton_Sterling,2017-12-06,398
Alton Sterling,Shooting_of_Alton_Sterling,2017-12-07,475
Alton Sterling,Shooting_of_Alton_Sterling,2017-12-08,579
Alton Sterling,Shooting_of_Alton_Sterling,2017-12-09,418
Alton Sterling,Shooting_of_Alton_Sterling,2017-12-10,695
Alton Sterling,Shooting_of_Alton_Sterling,2017-12-11,433
Alton Sterling,Shooting_of_Alton_Sterling,2017-12-12,409
Alton Sterling,Shooting_of_Alton_Sterling,2017-12-13,407
Alton Sterling,Shooting_of_Alton_Sterling,2017-12-14,383
Alton Sterling,Shooting_of_Alton_Sterling,2017-12-15,304
Alton Sterling,Shooting_of_Alton_Sterling,2017-12-16,181
Alton Sterling,Shooting_of_Alton_Sterling,2017-12-17,241
Alton Sterling,Shooting_of_Alton_Sterling,2017-12-18,390
Alton Sterling,Shooting_of_Alton_Sterling,2017-12-19,296
Alton Sterling,Shooting_of_Alton_Sterling,2017-12-20,268
Alton Sterling,Shooting_of_Alton_Sterling,2017-12-21,203
Alton Sterling,Shooting_of_Alton_Sterling,2017-12-22,186
Alton Sterling,Shooting_of_Alton_Sterling,2017-12-23,180
Alton Sterling,Shooting_of_Alton_Sterling,2017-12-24,160
Alton Sterling,Shooting_of_Alton_Sterling,2017-12-25,190
Alton Sterling,Shooting_of_Alton_Sterling,2017-12-26,198
Alton Sterling,Shooting_of_Alton_Sterling,2017-12-27,195
Alton Sterling,Shooting_of_Alton_Sterling,2017-12-28,302
Alton Sterling,Shooting_of_Alton_Sterling,2017-12-29,231
Alton Sterling,Shooting_of_Alton_Sterling,2017-12-30,410
Alton Sterling,Shooting_of_Alton_Sterling,2017-12-31,368
Alton Sterling,Shooting_of_Alton_Sterling,2018-01-01,289
Alton Sterling,Shooting_of_Alton_Sterling,2018-01-02,296
Alton Sterling,Shooting_of_Alton_Sterling,2018-01-03,265
Alton Sterling,Shooting_of_Alton_Sterling,2018-01-04,248
Alton Sterling,Shooting_of_Alton_Sterling,2018-01-05,242
Alton Sterling,Shooting_of_Alton_Sterling,2018-01-06,224
Alton Sterling,Shooting_of_Alton_Sterling,2018-01-07,193
Alton Sterling,Shooting_of_Alton_Sterling,2018-01-08,250
Alton Sterling,Shooting_of_Alton_Sterling,2018-01-09,305
Alton Sterling,Shooting_of_Alton_Sterling,2018-01-10,298
Alton Sterling,Shooting_of_Alton_Sterling,2018-01-11,299
Alton Sterling,Shooting_of_Alton_Sterling,2018-01-12,319
Alton Sterling,Shooting_of_Alton_Sterling,2018-01-13,272
Alton Sterling,Shooting_of_Alton_Sterling,2018-01-14,285
Alton Sterling,Shooting_of_Alton_Sterling,2018-01-15,385
Alton Sterling,Shooting_of_Alton_Sterling,2018-01-16,403
Alton Sterling,Shooting_of_Alton_Sterling,2018-01-17,308
Alton Sterling,Shooting_of_Alton_Sterling,2018-01-18,287
Alton Sterling,Shooting_of_Alton_Sterling,2018-01-19,306
Alton Sterling,Shooting_of_Alton_Sterling,2018-01-20,186
Alton Sterling,Shooting_of_Alton_Sterling,2018-01-21,247
Alton Sterling,Shooting_of_Alton_Sterling,2018-01-22,258
Alton Sterling,Shooting_of_Alton_Sterling,2018-01-23,303
Alton Sterling,Shooting_of_Alton_Sterling,2018-01-24,277
Alton Sterling,Shooting_of_Alton_Sterling,2018-01-25,345
Alton Sterling,Shooting_of_Alton_Sterling,2018-01-26,428
Alton Sterling,Shooting_of_Alton_Sterling,2018-01-27,334
Alton Sterling,Shooting_of_Alton_Sterling,2018-01-28,275
Alton Sterling,Shooting_of_Alton_Sterling,2018-01-29,342
Alton Sterling,Shooting_of_Alton_Sterling,2018-01-30,326
Alton Sterling,Shooting_of_Alton_Sterling,2018-01-31,301
Alton Sterling,Shooting_of_Alton_Sterling,2018-02-01,308
Alton Sterling,Shooting_of_Alton_Sterling,2018-02-02,326
Alton Sterling,Shooting_of_Alton_Sterling,2018-02-03,232
Alton Sterling,Shooting_of_Alton_Sterling,2018-02-04,261
Alton Sterling,Shooting_of_Alton_Sterling,2018-02-05,339
Alton Sterling,Shooting_of_Alton_Sterling,2018-02-06,411
Alton Sterling,Shooting_of_Alton_Sterling,2018-02-07,346
Alton Sterling,Shooting_of_Alton_Sterling,2018-02-08,351
Alton Sterling,Shooting_of_Alton_Sterling,2018-02-09,289
Alton Sterling,Shooting_of_Alton_Sterling,2018-02-10,271
Alton Sterling,Shooting_of_Alton_Sterling,2018-02-11,257
Alton Sterling,Shooting_of_Alton_Sterling,2018-02-12,310
Alton Sterling,Shooting_of_Alton_Sterling,2018-02-13,331
Alton Sterling,Shooting_of_Alton_Sterling,2018-02-14,313
Alton Sterling,Shooting_of_Alton_Sterling,2018-02-15,434
Alton Sterling,Shooting_of_Alton_Sterling,2018-02-16,453
Alton Sterling,Shooting_of_Alton_Sterling,2018-02-17,333
Alton Sterling,Shooting_of_Alton_Sterling,2018-02-18,384
Alton Sterling,Shooting_of_Alton_Sterling,2018-02-19,366
Alton Sterling,Shooting_of_Alton_Sterling,2018-02-20,381
Alton Sterling,Shooting_of_Alton_Sterling,2018-02-21,375
Alton Sterling,Shooting_of_Alton_Sterling,2018-02-22,440
Alton Sterling,Shooting_of_Alton_Sterling,2018-02-23,561
Alton Sterling,Shooting_of_Alton_Sterling,2018-02-24,390
Alton Sterling,Shooting_of_Alton_Sterling,2018-02-25,366
Alton Sterling,Shooting_of_Alton_Sterling,2018-02-26,460
Alton Sterling,Shooting_of_Alton_Sterling,2018-02-27,440
Alton Sterling,Shooting_of_Alton_Sterling,2018-02-28,431
Alton Sterling,Shooting_of_Alton_Sterling,2018-03-01,349
Alton Sterling,Shooting_of_Alton_Sterling,2018-03-02,335
Alton Sterling,Shooting_of_Alton_Sterling,2018-03-03,341
Alton Sterling,Shooting_of_Alton_Sterling,2018-03-04,487
Alton Sterling,Shooting_of_Alton_Sterling,2018-03-05,508
Alton Sterling,Shooting_of_Alton_Sterling,2018-03-06,402
Alton Sterling,Shooting_of_Alton_Sterling,2018-03-07,361
Alton Sterling,Shooting_of_Alton_Sterling,2018-03-08,410
Alton Sterling,Shooting_of_Alton_Sterling,2018-03-09,350
Alton Sterling,Shooting_of_Alton_Sterling,2018-03-10,268
Alton Sterling,Shooting_of_Alton_Sterling,2018-03-11,317
Alton Sterling,Shooting_of_Alton_Sterling,2018-03-12,418
Alton Sterling,Shooting_of_Alton_Sterling,2018-03-13,380
Alton Sterling,Shooting_of_Alton_Sterling,2018-03-14,401
Alton Sterling,Shooting_of_Alton_Sterling,2018-03-15,384
Alton Sterling,Shooting_of_Alton_Sterling,2018-03-16,341
Alton Sterling,Shooting_of_Alton_Sterling,2018-03-17,306
Alton Sterling,Shooting_of_Alton_Sterling,2018-03-18,296
Alton Sterling,Shooting_of_Alton_Sterling,2018-03-19,403
Alton Sterling,Shooting_of_Alton_Sterling,2018-03-20,420
Alton Sterling,Shooting_of_Alton_Sterling,2018-03-21,460
Alton Sterling,Shooting_of_Alton_Sterling,2018-03-22,545
Alton Sterling,Shooting_of_Alton_Sterling,2018-03-23,752
Alton Sterling,Shooting_of_Alton_Sterling,2018-03-24,338
Alton Sterling,Shooting_of_Alton_Sterling,2018-03-25,350
Alton Sterling,Shooting_of_Alton_Sterling,2018-03-26,596
Alton Sterling,Shooting_of_Alton_Sterling,2018-03-27,50704
Alton Sterling,Shooting_of_Alton_Sterling,2018-03-28,24588
Alton Sterling,Shooting_of_Alton_Sterling,2018-03-29,6802
Alton Sterling,Shooting_of_Alton_Sterling,2018-03-30,8381
Alton Sterling,Shooting_of_Alton_Sterling,2018-03-31,36120
Alton Sterling,Shooting_of_Alton_Sterling,2018-04-01,8921
Alton Sterling,Shooting_of_Alton_Sterling,2018-04-02,4258
Alton Sterling,Shooting_of_Alton_Sterling,2018-04-03,2177
Alton Sterling,Shooting_of_Alton_Sterling,2018-04-04,1479
Alton Sterling,Shooting_of_Alton_Sterling,2018-04-05,1438
Alton Sterling,Shooting_of_Alton_Sterling,2018-04-06,1115
Alton Sterling,Shooting_of_Alton_Sterling,2018-04-07,757
Alton Sterling,Shooting_of_Alton_Sterling,2018-04-08,814
Alton Sterling,Shooting_of_Alton_Sterling,2018-04-09,735
Alton Sterling,Shooting_of_Alton_Sterling,2018-04-10,683
Alton Sterling,Shooting_of_Alton_Sterling,2018-04-11,677
Alton Sterling,Shooting_of_Alton_Sterling,2018-04-12,727
Alton Sterling,Shooting_of_Alton_Sterling,2018-04-13,602
Alton Sterling,Shooting_of_Alton_Sterling,2018-04-14,520
Alton Sterling,Shooting_of_Alton_Sterling,2018-04-15,510
Alton Sterling,Shooting_of_Alton_Sterling,2018-04-16,674
Alton Sterling,Shooting_of_Alton_Sterling,2018-04-17,715
Alton Sterling,Shooting_of_Alton_Sterling,2018-04-18,663
Alton Sterling,Shooting_of_Alton_Sterling,2018-04-19,607
Alton Sterling,Shooting_of_Alton_Sterling,2018-04-20,460
Alton Sterling,Shooting_of_Alton_Sterling,2018-04-21,373
Alton Sterling,Shooting_of_Alton_Sterling,2018-04-22,424
Alton Sterling,Shooting_of_Alton_Sterling,2018-04-23,519
Alton Sterling,Shooting_of_Alton_Sterling,2018-04-24,652
Alton Sterling,Shooting_of_Alton_Sterling,2018-04-25,681
Alton Sterling,Shooting_of_Alton_Sterling,2018-04-26,532
Alton Sterling,Shooting_of_Alton_Sterling,2018-04-27,436
Alton Sterling,Shooting_of_Alton_Sterling,2018-04-28,346
Alton Sterling,Shooting_of_Alton_Sterling,2018-04-29,436
Alton Sterling,Shooting_of_Alton_Sterling,2018-04-30,524
Alton Sterling,Shooting_of_Alton_Sterling,2018-05-01,521
Alton Sterling,Shooting_of_Alton_Sterling,2018-05-02,570
Alton Sterling,Shooting_of_Alton_Sterling,2018-05-03,497
Alton Sterling,Shooting_of_Alton_Sterling,2018-05-04,398
Alton Sterling,Shooting_of_Alton_Sterling,2018-05-05,304
Alton Sterling,Shooting_of_Alton_Sterling,2018-05-06,346
Alton Sterling,Shooting_of_Alton_Sterling,2018-05-07,455
Alton Sterling,Shooting_of_Alton_Sterling,2018-05-08,450
Alton Sterling,Shooting_of_Alton_Sterling,2018-05-09,423
Alton Sterling,Shooting_of_Alton_Sterling,2018-05-10,467
Alton Sterling,Shooting_of_Alton_Sterling,2018-05-11,453
Alton Sterling,Shooting_of_Alton_Sterling,2018-05-12,316
Alton Sterling,Shooting_of_Alton_Sterling,2018-05-13,326
Alton Sterling,Shooting_of_Alton_Sterling,2018-05-14,369
Alton Sterling,Shooting_of_Alton_Sterling,2018-05-15,470
Alton Sterling,Shooting_of_Alton_Sterling,2018-05-16,419
Alton Sterling,Shooting_of_Alton_Sterling,2018-05-17,431
Alton Sterling,Shooting_of_Alton_Sterling,2018-05-18,388
Alton Sterling,Shooting_of_Alton_Sterling,2018-05-19,297
Alton Sterling,Shooting_of_Alton_Sterling,2018-05-20,361
Alton Sterling,Shooting_of_Alton_Sterling,2018-05-21,406
Alton Sterling,Shooting_of_Alton_Sterling,2018-05-22,418
Alton Sterling,Shooting_of_Alton_Sterling,2018-05-23,434
Alton Sterling,Shooting_of_Alton_Sterling,2018-05-24,609
Alton Sterling,Shooting_of_Alton_Sterling,2018-05-25,526
Alton Sterling,Shooting_of_Alton_Sterling,2018-05-26,334
Alton Sterling,Shooting_of_Alton_Sterling,2018-05-27,320
Alton Sterling,Shooting_of_Alton_Sterling,2018-05-28,439
Alton Sterling,Shooting_of_Alton_Sterling,2018-05-29,395
Alton Sterling,Shooting_of_Alton_Sterling,2018-05-30,432
Alton Sterling,Shooting_of_Alton_Sterling,2018-05-31,404
Alton Sterling,Shooting_of_Alton_Sterling,2018-06-01,352
Alton Sterling,Shooting_of_Alton_Sterling,2018-06-02,295
Alton Sterling,Shooting_of_Alton_Sterling,2018-06-03,302
Alton Sterling,Shooting_of_Alton_Sterling,2018-06-04,384
Alton Sterling,Shooting_of_Alton_Sterling,2018-06-05,410
Alton Sterling,Shooting_of_Alton_Sterling,2018-06-06,372
Alton Sterling,Shooting_of_Alton_Sterling,2018-06-07,390
Alton Sterling,Shooting_of_Alton_Sterling,2018-06-08,340
Alton Sterling,Shooting_of_Alton_Sterling,2018-06-09,245
Alton Sterling,Shooting_of_Alton_Sterling,2018-06-10,263
Alton Sterling,Shooting_of_Alton_Sterling,2018-06-11,304
Alton Sterling,Shooting_of_Alton_Sterling,2018-06-12,331
Alton Sterling,Shooting_of_Alton_Sterling,2018-06-13,343
Alton Sterling,Shooting_of_Alton_Sterling,2018-06-14,322
Alton Sterling,Shooting_of_Alton_Sterling,2018-06-15,240
Alton Sterling,Shooting_of_Alton_Sterling,2018-06-16,236
Alton Sterling,Shooting_of_Alton_Sterling,2018-06-17,225
Alton Sterling,Shooting_of_Alton_Sterling,2018-06-18,268
Alton Sterling,Shooting_of_Alton_Sterling,2018-06-19,393
Alton Sterling,Shooting_of_Alton_Sterling,2018-06-20,293
Alton Sterling,Shooting_of_Alton_Sterling,2018-06-21,277
Alton Sterling,Shooting_of_Alton_Sterling,2018-06-22,282
Alton Sterling,Shooting_of_Alton_Sterling,2018-06-23,396
Alton Sterling,Shooting_of_Alton_Sterling,2018-06-24,514
Alton Sterling,Shooting_of_Alton_Sterling,2018-06-25,365
Alton Sterling,Shooting_of_Alton_Sterling,2018-06-26,356
Alton Sterling,Shooting_of_Alton_Sterling,2018-06-27,317
Alton Sterling,Shooting_of_Alton_Sterling,2018-06-28,282
Alton Sterling,Shooting_of_Alton_Sterling,2018-06-29,347
Alton Sterling,Shooting_of_Alton_Sterling,2018-06-30,335
Alton Sterling,Shooting_of_Alton_Sterling,2018-07-01,298
Alton Sterling,Shooting_of_Alton_Sterling,2018-07-02,324
Alton Sterling,Shooting_of_Alton_Sterling,2018-07-03,267
Alton Sterling,Shooting_of_Alton_Sterling,2018-07-04,284
Alton Sterling,Shooting_of_Alton_Sterling,2018-07-05,469
Alton Sterling,Shooting_of_Alton_Sterling,2018-07-06,537
Alton Sterling,Shooting_of_Alton_Sterling,2018-07-07,521
Alton Sterling,Shooting_of_Alton_Sterling,2018-07-08,464
Alton Sterling,Shooting_of_Alton_Sterling,2018-07-09,365
Alton Sterling,Shooting_of_Alton_Sterling,2018-07-10,278
Alton Sterling,Shooting_of_Alton_Sterling,2018-07-11,332
Alton Sterling,Shooting_of_Alton_Sterling,2018-07-12,276
Alton Sterling,Shooting_of_Alton_Sterling,2018-07-13,277
Alton Sterling,Shooting_of_Alton_Sterling,2018-07-14,214
Alton Sterling,Shooting_of_Alton_Sterling,2018-07-15,249
Alton Sterling,Shooting_of_Alton_Sterling,2018-07-16,285
Alton Sterling,Shooting_of_Alton_Sterling,2018-07-17,349
Alton Sterling,Shooting_of_Alton_Sterling,2018-07-18,336
Alton Sterling,Shooting_of_Alton_Sterling,2018-07-19,309
Alton Sterling,Shooting_of_Alton_Sterling,2018-07-20,222
Alton Sterling,Shooting_of_Alton_Sterling,2018-07-21,203
Alton Sterling,Shooting_of_Alton_Sterling,2018-07-22,262
Alton Sterling,Shooting_of_Alton_Sterling,2018-07-23,270
Alton Sterling,Shooting_of_Alton_Sterling,2018-07-24,272
Alton Sterling,Shooting_of_Alton_Sterling,2018-07-25,301
Alton Sterling,Shooting_of_Alton_Sterling,2018-07-26,420
Alton Sterling,Shooting_of_Alton_Sterling,2018-07-27,366
Alton Sterling,Shooting_of_Alton_Sterling,2018-07-28,303
Alton Sterling,Shooting_of_Alton_Sterling,2018-07-29,263
Alton Sterling,Shooting_of_Alton_Sterling,2018-07-30,317
Alton Sterling,Shooting_of_Alton_Sterling,2018-07-31,320
Alton Sterling,Shooting_of_Alton_Sterling,2018-08-01,273
Alton Sterling,Shooting_of_Alton_Sterling,2018-08-02,239
Alton Sterling,Shooting_of_Alton_Sterling,2018-08-03,245
Alton Sterling,Shooting_of_Alton_Sterling,2018-08-04,271
Alton Sterling,Shooting_of_Alton_Sterling,2018-08-05,704
Alton Sterling,Shooting_of_Alton_Sterling,2018-08-06,512
Alton Sterling,Shooting_of_Alton_Sterling,2018-08-07,383
Alton Sterling,Shooting_of_Alton_Sterling,2018-08-08,273
Alton Sterling,Shooting_of_Alton_Sterling,2018-08-09,310
Alton Sterling,Shooting_of_Alton_Sterling,2018-08-10,339
Alton Sterling,Shooting_of_Alton_Sterling,2018-08-11,287
Alton Sterling,Shooting_of_Alton_Sterling,2018-08-12,314
Alton Sterling,Shooting_of_Alton_Sterling,2018-08-13,311
Alton Sterling,Shooting_of_Alton_Sterling,2018-08-14,305
Alton Sterling,Shooting_of_Alton_Sterling,2018-08-15,220
Alton Sterling,Shooting_of_Alton_Sterling,2018-08-16,252
Alton Sterling,Shooting_of_Alton_Sterling,2018-08-17,266
Alton Sterling,Shooting_of_Alton_Sterling,2018-08-18,238
Alton Sterling,Shooting_of_Alton_Sterling,2018-08-19,265
Alton Sterling,Shooting_of_Alton_Sterling,2018-08-20,250
Alton Sterling,Shooting_of_Alton_Sterling,2018-08-21,255
Alton Sterling,Shooting_of_Alton_Sterling,2018-08-22,270
Alton Sterling,Shooting_of_Alton_Sterling,2018-08-23,269
Alton Sterling,Shooting_of_Alton_Sterling,2018-08-24,266
Alton Sterling,Shooting_of_Alton_Sterling,2018-08-25,253
Alton Sterling,Shooting_of_Alton_Sterling,2018-08-26,230
Alton Sterling,Shooting_of_Alton_Sterling,2018-08-27,288
Alton Sterling,Shooting_of_Alton_Sterling,2018-08-28,372
Alton Sterling,Shooting_of_Alton_Sterling,2018-08-29,498
Alton Sterling,Shooting_of_Alton_Sterling,2018-08-30,433
Alton Sterling,Shooting_of_Alton_Sterling,2018-08-31,283
Alton Sterling,Shooting_of_Alton_Sterling,2018-09-01,199
Alton Sterling,Shooting_of_Alton_Sterling,2018-09-02,220
Alton Sterling,Shooting_of_Alton_Sterling,2018-09-03,258
Alton Sterling,Shooting_of_Alton_Sterling,2018-09-04,474
Alton Sterling,Shooting_of_Alton_Sterling,2018-09-05,654
Alton Sterling,Shooting_of_Alton_Sterling,2018-09-06,548
Alton Sterling,Shooting_of_Alton_Sterling,2018-09-07,514
Alton Sterling,Shooting_of_Alton_Sterling,2018-09-08,425
Alton Sterling,Shooting_of_Alton_Sterling,2018-09-09,479
Alton Sterling,Shooting_of_Alton_Sterling,2018-09-10,565
Alton Sterling,Shooting_of_Alton_Sterling,2018-09-11,524
Alton Sterling,Shooting_of_Alton_Sterling,2018-09-12,473
Alton Sterling,Shooting_of_Alton_Sterling,2018-09-13,417
Alton Sterling,Shooting_of_Alton_Sterling,2018-09-14,367
Alton Sterling,Shooting_of_Alton_Sterling,2018-09-15,266
Alton Sterling,Shooting_of_Alton_Sterling,2018-09-16,264
Alton Sterling,Shooting_of_Alton_Sterling,2018-09-17,311
Alton Sterling,Shooting_of_Alton_Sterling,2018-09-18,579
Alton Sterling,Shooting_of_Alton_Sterling,2018-09-19,355
Alton Sterling,Shooting_of_Alton_Sterling,2018-09-20,336
Alton Sterling,Shooting_of_Alton_Sterling,2018-09-21,347
Alton Sterling,Shooting_of_Alton_Sterling,2018-09-22,263
Alton Sterling,Shooting_of_Alton_Sterling,2018-09-23,230
Alton Sterling,Shooting_of_Alton_Sterling,2018-09-24,333
Alton Sterling,Shooting_of_Alton_Sterling,2018-09-25,356
Alton Sterling,Shooting_of_Alton_Sterling,2018-09-26,304
Alton Sterling,Shooting_of_Alton_Sterling,2018-09-27,357
Alton Sterling,Shooting_of_Alton_Sterling,2018-09-28,314
Alton Sterling,Shooting_of_Alton_Sterling,2018-09-29,263
Alton Sterling,Shooting_of_Alton_Sterling,2018-09-30,261
Alton Sterling,Shooting_of_Alton_Sterling,2018-10-01,267
Alton Sterling,Shooting_of_Alton_Sterling,2018-10-02,269
Alton Sterling,Shooting_of_Alton_Sterling,2018-10-03,318
Alton Sterling,Shooting_of_Alton_Sterling,2018-10-04,356
Alton Sterling,Shooting_of_Alton_Sterling,2018-10-05,466
Alton Sterling,Shooting_of_Alton_Sterling,2018-10-06,329
Alton Sterling,Shooting_of_Alton_Sterling,2018-10-07,270
Alton Sterling,Shooting_of_Alton_Sterling,2018-10-08,321
Alton Sterling,Shooting_of_Alton_Sterling,2018-10-09,269
Alton Sterling,Shooting_of_Alton_Sterling,2018-10-10,272
Alton Sterling,Shooting_of_Alton_Sterling,2018-10-11,320
Alton Sterling,Shooting_of_Alton_Sterling,2018-10-12,239
Alton Sterling,Shooting_of_Alton_Sterling,2018-10-13,194
Alton Sterling,Shooting_of_Alton_Sterling,2018-10-14,230
Alton Sterling,Shooting_of_Alton_Sterling,2018-10-15,325
Alton Sterling,Shooting_of_Alton_Sterling,2018-10-16,301
Alton Sterling,Shooting_of_Alton_Sterling,2018-10-17,383
Alton Sterling,Shooting_of_Alton_Sterling,2018-10-18,298
Alton Sterling,Shooting_of_Alton_Sterling,2018-10-19,294
Alton Sterling,Shooting_of_Alton_Sterling,2018-10-20,186
Alton Sterling,Shooting_of_Alton_Sterling,2018-10-21,285
Alton Sterling,Shooting_of_Alton_Sterling,2018-10-22,280
Alton Sterling,Shooting_of_Alton_Sterling,2018-10-23,332
Alton Sterling,Shooting_of_Alton_Sterling,2018-10-24,306
Alton Sterling,Shooting_of_Alton_Sterling,2018-10-25,292
Alton Sterling,Shooting_of_Alton_Sterling,2018-10-26,251
Alton Sterling,Shooting_of_Alton_Sterling,2018-10-27,238
Alton Sterling,Shooting_of_Alton_Sterling,2018-10-28,262
Alton Sterling,Shooting_of_Alton_Sterling,2018-10-29,334
Alton Sterling,Shooting_of_Alton_Sterling,2018-10-30,348
Alton Sterling,Shooting_of_Alton_Sterling,2018-10-31,257
Alton Sterling,Shooting_of_Alton_Sterling,2018-11-01,272
Alton Sterling,Shooting_of_Alton_Sterling,2018-11-02,279
Alton Sterling,Shooting_of_Alton_Sterling,2018-11-03,208
Alton Sterling,Shooting_of_Alton_Sterling,2018-11-04,228
Alton Sterling,Shooting_of_Alton_Sterling,2018-11-05,268
Alton Sterling,Shooting_of_Alton_Sterling,2018-11-06,278
Alton Sterling,Shooting_of_Alton_Sterling,2018-11-07,300
Alton Sterling,Shooting_of_Alton_Sterling,2018-11-08,336
Alton Sterling,Shooting_of_Alton_Sterling,2018-11-09,290
Alton Sterling,Shooting_of_Alton_Sterling,2018-11-10,205
Alton Sterling,Shooting_of_Alton_Sterling,2018-11-11,226
Alton Sterling,Shooting_of_Alton_Sterling,2018-11-12,307
Alton Sterling,Shooting_of_Alton_Sterling,2018-11-13,291
Alton Sterling,Shooting_of_Alton_Sterling,2018-11-14,350
Alton Sterling,Shooting_of_Alton_Sterling,2018-11-15,394
Alton Sterling,Shooting_of_Alton_Sterling,2018-11-16,266
Alton Sterling,Shooting_of_Alton_Sterling,2018-11-17,184
Alton Sterling,Shooting_of_Alton_Sterling,2018-11-18,413
Alton Sterling,Shooting_of_Alton_Sterling,2018-11-19,280
Alton Sterling,Shooting_of_Alton_Sterling,2018-11-20,238
Alton Sterling,Shooting_of_Alton_Sterling,2018-11-21,195
Alton Sterling,Shooting_of_Alton_Sterling,2018-11-22,205
Alton Sterling,Shooting_of_Alton_Sterling,2018-11-23,197
Alton Sterling,Shooting_of_Alton_Sterling,2018-11-24,225
Alton Sterling,Shooting_of_Alton_Sterling,2018-11-25,245
Alton Sterling,Shooting_of_Alton_Sterling,2018-11-26,328
Alton Sterling,Shooting_of_Alton_Sterling,2018-11-27,327
Alton Sterling,Shooting_of_Alton_Sterling,2018-11-28,366
Alton Sterling,Shooting_of_Alton_Sterling,2018-11-29,341
Alton Sterling,Shooting_of_Alton_Sterling,2018-11-30,277
Alton Sterling,Shooting_of_Alton_Sterling,2018-12-01,213
Alton Sterling,Shooting_of_Alton_Sterling,2018-12-02,227
Alton Sterling,Shooting_of_Alton_Sterling,2018-12-03,322
Alton Sterling,Shooting_of_Alton_Sterling,2018-12-04,314
Alton Sterling,Shooting_of_Alton_Sterling,2018-12-05,316
Alton Sterling,Shooting_of_Alton_Sterling,2018-12-06,299
Alton Sterling,Shooting_of_Alton_Sterling,2018-12-07,287
Alton Sterling,Shooting_of_Alton_Sterling,2018-12-08,182
Alton Sterling,Shooting_of_Alton_Sterling,2018-12-09,252
Alton Sterling,Shooting_of_Alton_Sterling,2018-12-10,287
Alton Sterling,Shooting_of_Alton_Sterling,2018-12-11,297
Alton Sterling,Shooting_of_Alton_Sterling,2018-12-12,289
Alton Sterling,Shooting_of_Alton_Sterling,2018-12-13,935
Alton Sterling,Shooting_of_Alton_Sterling,2018-12-14,2408
Alton Sterling,Shooting_of_Alton_Sterling,2018-12-15,1689
Alton Sterling,Shooting_of_Alton_Sterling,2018-12-16,813
Alton Sterling,Shooting_of_Alton_Sterling,2018-12-17,450
Alton Sterling,Shooting_of_Alton_Sterling,2018-12-18,320
Alton Sterling,Shooting_of_Alton_Sterling,2018-12-19,400
Alton Sterling,Shooting_of_Alton_Sterling,2018-12-20,297
Alton Sterling,Shooting_of_Alton_Sterling,2018-12-21,221
Alton Sterling,Shooting_of_Alton_Sterling,2018-12-22,183
Alton Sterling,Shooting_of_Alton_Sterling,2018-12-23,179
Alton Sterling,Shooting_of_Alton_Sterling,2018-12-24,148
Alton Sterling,Shooting_of_Alton_Sterling,2018-12-25,144
Alton Sterling,Shooting_of_Alton_Sterling,2018-12-26,161
Alton Sterling,Shooting_of_Alton_Sterling,2018-12-27,169
Alton Sterling,Shooting_of_Alton_Sterling,2018-12-28,177
Alton Sterling,Shooting_of_Alton_Sterling,2018-12-29,191
Alton Sterling,Shooting_of_Alton_Sterling,2018-12-30,202
Alton Sterling,Shooting_of_Alton_Sterling,2018-12-31,179
Alton Sterling,Shooting_of_Alton_Sterling,2019-01-01,170
Alton Sterling,Shooting_of_Alton_Sterling,2019-01-02,210
Alton Sterling,Shooting_of_Alton_Sterling,2019-01-03,196
Alton Sterling,Shooting_of_Alton_Sterling,2019-01-04,220
Alton Sterling,Shooting_of_Alton_Sterling,2019-01-05,207
Alton Sterling,Shooting_of_Alton_Sterling,2019-01-06,228
Alton Sterling,Shooting_of_Alton_Sterling,2019-01-07,220
Alton Sterling,Shooting_of_Alton_Sterling,2019-01-08,263
Alton Sterling,Shooting_of_Alton_Sterling,2019-01-09,211
Alton Sterling,Shooting_of_Alton_Sterling,2019-01-10,275
Alton Sterling,Shooting_of_Alton_Sterling,2019-01-11,240
Alton Sterling,Shooting_of_Alton_Sterling,2019-01-12,209
Alton Sterling,Shooting_of_Alton_Sterling,2019-01-13,268
Alton Sterling,Shooting_of_Alton_Sterling,2019-01-14,253
Alton Sterling,Shooting_of_Alton_Sterling,2019-01-15,251
Alton Sterling,Shooting_of_Alton_Sterling,2019-01-16,300
Alton Sterling,Shooting_of_Alton_Sterling,2019-01-17,399
Alton Sterling,Shooting_of_Alton_Sterling,2019-01-18,268
Alton Sterling,Shooting_of_Alton_Sterling,2019-01-19,217
Alton Sterling,Shooting_of_Alton_Sterling,2019-01-20,220
Alton Sterling,Shooting_of_Alton_Sterling,2019-01-21,298
Alton Sterling,Shooting_of_Alton_Sterling,2019-01-22,299
Alton Sterling,Shooting_of_Alton_Sterling,2019-01-23,326
Alton Sterling,Shooting_of_Alton_Sterling,2019-01-24,301
Alton Sterling,Shooting_of_Alton_Sterling,2019-01-25,552
Alton Sterling,Shooting_of_Alton_Sterling,2019-01-26,250
Alton Sterling,Shooting_of_Alton_Sterling,2019-01-27,267
Alton Sterling,Shooting_of_Alton_Sterling,2019-01-28,374
Alton Sterling,Shooting_of_Alton_Sterling,2019-01-29,322
Alton Sterling,Shooting_of_Alton_Sterling,2019-01-30,363
Alton Sterling,Shooting_of_Alton_Sterling,2019-01-31,287
Alton Sterling,Shooting_of_Alton_Sterling,2019-02-01,241
Alton Sterling,Shooting_of_Alton_Sterling,2019-02-02,231
Alton Sterling,Shooting_of_Alton_Sterling,2019-02-03,253
Alton Sterling,Shooting_of_Alton_Sterling,2019-02-04,385
Alton Sterling,Shooting_of_Alton_Sterling,2019-02-05,355
Alton Sterling,Shooting_of_Alton_Sterling,2019-02-06,354
Alton Sterling,Shooting_of_Alton_Sterling,2019-02-07,338
Alton Sterling,Shooting_of_Alton_Sterling,2019-02-08,338
Alton Sterling,Shooting_of_Alton_Sterling,2019-02-09,331
Alton Sterling,Shooting_of_Alton_Sterling,2019-02-10,260
Alton Sterling,Shooting_of_Alton_Sterling,2019-02-11,348
Alton Sterling,Shooting_of_Alton_Sterling,2019-02-12,341
Alton Sterling,Shooting_of_Alton_Sterling,2019-02-13,1018
Alton Sterling,Shooting_of_Alton_Sterling,2019-02-14,344
Alton Sterling,Shooting_of_Alton_Sterling,2019-02-15,256
Alton Sterling,Shooting_of_Alton_Sterling,2019-02-16,265
Alton Sterling,Shooting_of_Alton_Sterling,2019-02-17,283
Alton Sterling,Shooting_of_Alton_Sterling,2019-02-18,269
Alton Sterling,Shooting_of_Alton_Sterling,2019-02-19,265
Alton Sterling,Shooting_of_Alton_Sterling,2019-02-20,366
Alton Sterling,Shooting_of_Alton_Sterling,2019-02-21,326
Alton Sterling,Shooting_of_Alton_Sterling,2019-02-22,431
Alton Sterling,Shooting_of_Alton_Sterling,2019-02-23,266
Alton Sterling,Shooting_of_Alton_Sterling,2019-02-24,278
Alton Sterling,Shooting_of_Alton_Sterling,2019-02-25,356
Alton Sterling,Shooting_of_Alton_Sterling,2019-02-26,286
Alton Sterling,Shooting_of_Alton_Sterling,2019-02-27,294
Alton Sterling,Shooting_of_Alton_Sterling,2019-02-28,272
Alton Sterling,Shooting_of_Alton_Sterling,2019-03-01,256
Alton Sterling,Shooting_of_Alton_Sterling,2019-03-02,167
Alton Sterling,Shooting_of_Alton_Sterling,2019-03-03,250
Alton Sterling,Shooting_of_Alton_Sterling,2019-03-04,254
Alton Sterling,Shooting_of_Alton_Sterling,2019-03-05,332
Alton Sterling,Shooting_of_Alton_Sterling,2019-03-06,324
Alton Sterling,Shooting_of_Alton_Sterling,2019-03-07,308
Alton Sterling,Shooting_of_Alton_Sterling,2019-03-08,292
Alton Sterling,Shooting_of_Alton_Sterling,2019-03-09,210
Alton Sterling,Shooting_of_Alton_Sterling,2019-03-10,290
Alton Sterling,Shooting_of_Alton_Sterling,2019-03-11,309
Alton Sterling,Shooting_of_Alton_Sterling,2019-03-12,295
Alton Sterling,Shooting_of_Alton_Sterling,2019-03-13,268
Alton Sterling,Shooting_of_Alton_Sterling,2019-03-14,333
Alton Sterling,Shooting_of_Alton_Sterling,2019-03-15,356
Alton Sterling,Shooting_of_Alton_Sterling,2019-03-16,215
Alton Sterling,Shooting_of_Alton_Sterling,2019-03-17,215
Alton Sterling,Shooting_of_Alton_Sterling,2019-03-18,270
Alton Sterling,Shooting_of_Alton_Sterling,2019-03-19,267
Alton Sterling,Shooting_of_Alton_Sterling,2019-03-20,240
Alton Sterling,Shooting_of_Alton_Sterling,2019-03-21,336
Alton Sterling,Shooting_of_Alton_Sterling,2019-03-22,272
Alton Sterling,Shooting_of_Alton_Sterling,2019-03-23,204
Alton Sterling,Shooting_of_Alton_Sterling,2019-03-24,255
Alton Sterling,Shooting_of_Alton_Sterling,2019-03-25,315
Alton Sterling,Shooting_of_Alton_Sterling,2019-03-26,337
Alton Sterling,Shooting_of_Alton_Sterling,2019-03-27,298
Alton Sterling,Shooting_of_Alton_Sterling,2019-03-28,358
Alton Sterling,Shooting_of_Alton_Sterling,2019-03-29,294
Alton Sterling,Shooting_of_Alton_Sterling,2019-03-30,202
Alton Sterling,Shooting_of_Alton_Sterling,2019-03-31,307
Alton Sterling,Shooting_of_Alton_Sterling,2019-04-01,290
Alton Sterling,Shooting_of_Alton_Sterling,2019-04-02,308
Alton Sterling,Shooting_of_Alton_Sterling,2019-04-03,371
Alton Sterling,Shooting_of_Alton_Sterling,2019-04-04,341
Alton Sterling,Shooting_of_Alton_Sterling,2019-04-05,286
Alton Sterling,Shooting_of_Alton_Sterling,2019-04-06,237
Alton Sterling,Shooting_of_Alton_Sterling,2019-04-07,275
Alton Sterling,Shooting_of_Alton_Sterling,2019-04-08,360
Alton Sterling,Shooting_of_Alton_Sterling,2019-04-09,408
Alton Sterling,Shooting_of_Alton_Sterling,2019-04-10,441
Alton Sterling,Shooting_of_Alton_Sterling,2019-04-11,446
Alton Sterling,Shooting_of_Alton_Sterling,2019-04-12,474
Alton Sterling,Shooting_of_Alton_Sterling,2019-04-13,408
Alton Sterling,Shooting_of_Alton_Sterling,2019-04-14,386
Alton Sterling,Shooting_of_Alton_Sterling,2019-04-15,429
Alton Sterling,Shooting_of_Alton_Sterling,2019-04-16,443
Alton Sterling,Shooting_of_Alton_Sterling,2019-04-17,509
Alton Sterling,Shooting_of_Alton_Sterling,2019-04-18,550
Alton Sterling,Shooting_of_Alton_Sterling,2019-04-19,639
Alton Sterling,Shooting_of_Alton_Sterling,2019-04-20,394
Alton Sterling,Shooting_of_Alton_Sterling,2019-04-21,290
Alton Sterling,Shooting_of_Alton_Sterling,2019-04-22,327
Alton Sterling,Shooting_of_Alton_Sterling,2019-04-23,350
Alton Sterling,Shooting_of_Alton_Sterling,2019-04-24,362
Alton Sterling,Shooting_of_Alton_Sterling,2019-04-25,434
Alton Sterling,Shooting_of_Alton_Sterling,2019-04-26,310
Alton Sterling,Shooting_of_Alton_Sterling,2019-04-27,255
Alton Sterling,Shooting_of_Alton_Sterling,2019-04-28,261
Alton Sterling,Shooting_of_Alton_Sterling,2019-04-29,358
Alton Sterling,Shooting_of_Alton_Sterling,2019-04-30,423
Alton Sterling,Shooting_of_Alton_Sterling,2019-05-01,485
Alton Sterling,Shooting_of_Alton_Sterling,2019-05-02,367
Alton Sterling,Shooting_of_Alton_Sterling,2019-05-03,341
Alton Sterling,Shooting_of_Alton_Sterling,2019-05-04,337
Alton Sterling,Shooting_of_Alton_Sterling,2019-05-05,297
Alton Sterling,Shooting_of_Alton_Sterling,2019-05-06,266
Alton Sterling,Shooting_of_Alton_Sterling,2019-05-07,324
Alton Sterling,Shooting_of_Alton_Sterling,2019-05-08,371
Alton Sterling,Shooting_of_Alton_Sterling,2019-05-09,328
Alton Sterling,Shooting_of_Alton_Sterling,2019-05-10,273
Alton Sterling,Shooting_of_Alton_Sterling,2019-05-11,237
Alton Sterling,Shooting_of_Alton_Sterling,2019-05-12,237
Alton Sterling,Shooting_of_Alton_Sterling,2019-05-13,291
Alton Sterling,Shooting_of_Alton_Sterling,2019-05-14,323
Alton Sterling,Shooting_of_Alton_Sterling,2019-05-15,316
Alton Sterling,Shooting_of_Alton_Sterling,2019-05-16,316
Alton Sterling,Shooting_of_Alton_Sterling,2019-05-17,280
Alton Sterling,Shooting_of_Alton_Sterling,2019-05-18,197
Alton Sterling,Shooting_of_Alton_Sterling,2019-05-19,218
Alton Sterling,Shooting_of_Alton_Sterling,2019-05-20,293
Alton Sterling,Shooting_of_Alton_Sterling,2019-05-21,245
Alton Sterling,Shooting_of_Alton_Sterling,2019-05-22,277
Alton Sterling,Shooting_of_Alton_Sterling,2019-05-23,246
Alton Sterling,Shooting_of_Alton_Sterling,2019-05-24,249
Alton Sterling,Shooting_of_Alton_Sterling,2019-05-25,211
Alton Sterling,Shooting_of_Alton_Sterling,2019-05-26,183
Alton Sterling,Shooting_of_Alton_Sterling,2019-05-27,232
Alton Sterling,Shooting_of_Alton_Sterling,2019-05-28,267
Alton Sterling,Shooting_of_Alton_Sterling,2019-05-29,274
Alton Sterling,Shooting_of_Alton_Sterling,2019-05-30,289
Alton Sterling,Shooting_of_Alton_Sterling,2019-05-31,307
Alton Sterling,Shooting_of_Alton_Sterling,2019-06-01,224
Alton Sterling,Shooting_of_Alton_Sterling,2019-06-02,227
Alton Sterling,Shooting_of_Alton_Sterling,2019-06-03,246
Alton Sterling,Shooting_of_Alton_Sterling,2019-06-04,263
Alton Sterling,Shooting_of_Alton_Sterling,2019-06-05,246
Alton Sterling,Shooting_of_Alton_Sterling,2019-06-06,267
Alton Sterling,Shooting_of_Alton_Sterling,2019-06-07,260
Alton Sterling,Shooting_of_Alton_Sterling,2019-06-08,241
Alton Sterling,Shooting_of_Alton_Sterling,2019-06-09,242
Alton Sterling,Shooting_of_Alton_Sterling,2019-06-10,278
Alton Sterling,Shooting_of_Alton_Sterling,2019-06-11,232
Alton Sterling,Shooting_of_Alton_Sterling,2019-06-12,253
Alton Sterling,Shooting_of_Alton_Sterling,2019-06-13,414
Alton Sterling,Shooting_of_Alton_Sterling,2019-06-14,295
Alton Sterling,Shooting_of_Alton_Sterling,2019-06-15,321
Alton Sterling,Shooting_of_Alton_Sterling,2019-06-16,334
Alton Sterling,Shooting_of_Alton_Sterling,2019-06-17,378
Alton Sterling,Shooting_of_Alton_Sterling,2019-06-18,466
Alton Sterling,Shooting_of_Alton_Sterling,2019-06-19,495
Alton Sterling,Shooting_of_Alton_Sterling,2019-06-20,311
Alton Sterling,Shooting_of_Alton_Sterling,2019-06-21,223
Alton Sterling,Shooting_of_Alton_Sterling,2019-06-22,250
Alton Sterling,Shooting_of_Alton_Sterling,2019-06-23,288
Alton Sterling,Shooting_of_Alton_Sterling,2019-06-24,304
Alton Sterling,Shooting_of_Alton_Sterling,2019-06-25,324
Alton Sterling,Shooting_of_Alton_Sterling,2019-06-26,342
Alton Sterling,Shooting_of_Alton_Sterling,2019-06-27,279
Alton Sterling,Shooting_of_Alton_Sterling,2019-06-28,269
Alton Sterling,Shooting_of_Alton_Sterling,2019-06-29,233
Alton Sterling,Shooting_of_Alton_Sterling,2019-06-30,231
Alton Sterling,Shooting_of_Alton_Sterling,2019-07-01,262
Alton Sterling,Shooting_of_Alton_Sterling,2019-07-02,292
Alton Sterling,Shooting_of_Alton_Sterling,2019-07-03,238
Alton Sterling,Shooting_of_Alton_Sterling,2019-07-04,333
Alton Sterling,Shooting_of_Alton_Sterling,2019-07-05,386
Alton Sterling,Shooting_of_Alton_Sterling,2019-07-06,594
Alton Sterling,Shooting_of_Alton_Sterling,2019-07-07,695
Alton Sterling,Shooting_of_Alton_Sterling,2019-07-08,483
Alton Sterling,Shooting_of_Alton_Sterling,2019-07-09,372
Alton Sterling,Shooting_of_Alton_Sterling,2019-07-10,301
Alton Sterling,Shooting_of_Alton_Sterling,2019-07-11,284
Alton Sterling,Shooting_of_Alton_Sterling,2019-07-12,329
Alton Sterling,Shooting_of_Alton_Sterling,2019-07-13,269
Alton Sterling,Shooting_of_Alton_Sterling,2019-07-14,459
Alton Sterling,Shooting_of_Alton_Sterling,2019-07-15,383
Alton Sterling,Shooting_of_Alton_Sterling,2019-07-16,623
Alton Sterling,Shooting_of_Alton_Sterling,2019-07-17,877
Alton Sterling,Shooting_of_Alton_Sterling,2019-07-18,577
Alton Sterling,Shooting_of_Alton_Sterling,2019-07-19,342
Alton Sterling,Shooting_of_Alton_Sterling,2019-07-20,282
Alton Sterling,Shooting_of_Alton_Sterling,2019-07-21,354
Alton Sterling,Shooting_of_Alton_Sterling,2019-07-22,517
Alton Sterling,Shooting_of_Alton_Sterling,2019-07-23,385
Alton Sterling,Shooting_of_Alton_Sterling,2019-07-24,296
Alton Sterling,Shooting_of_Alton_Sterling,2019-07-25,298
Alton Sterling,Shooting_of_Alton_Sterling,2019-07-26,272
Alton Sterling,Shooting_of_Alton_Sterling,2019-07-27,249
Alton Sterling,Shooting_of_Alton_Sterling,2019-07-28,236
Alton Sterling,Shooting_of_Alton_Sterling,2019-07-29,287
Alton Sterling,Shooting_of_Alton_Sterling,2019-07-30,319
Alton Sterling,Shooting_of_Alton_Sterling,2019-07-31,356
Alton Sterling,Shooting_of_Alton_Sterling,2019-08-01,1227
Alton Sterling,Shooting_of_Alton_Sterling,2019-08-02,1431
Alton Sterling,Shooting_of_Alton_Sterling,2019-08-03,689
Alton Sterling,Shooting_of_Alton_Sterling,2019-08-04,629
Alton Sterling,Shooting_of_Alton_Sterling,2019-08-05,695
Alton Sterling,Shooting_of_Alton_Sterling,2019-08-06,862
Alton Sterling,Shooting_of_Alton_Sterling,2019-08-07,717
Alton Sterling,Shooting_of_Alton_Sterling,2019-08-08,423
Alton Sterling,Shooting_of_Alton_Sterling,2019-08-09,535
Alton Sterling,Shooting_of_Alton_Sterling,2019-08-10,364
Alton Sterling,Shooting_of_Alton_Sterling,2019-08-11,332
Alton Sterling,Shooting_of_Alton_Sterling,2019-08-12,305
Alton Sterling,Shooting_of_Alton_Sterling,2019-08-13,298
Alton Sterling,Shooting_of_Alton_Sterling,2019-08-14,320
Alton Sterling,Shooting_of_Alton_Sterling,2019-08-15,523
Alton Sterling,Shooting_of_Alton_Sterling,2019-08-16,314
Alton Sterling,Shooting_of_Alton_Sterling,2019-08-17,298
Alton Sterling,Shooting_of_Alton_Sterling,2019-08-18,244
Alton Sterling,Shooting_of_Alton_Sterling,2019-08-19,573
Alton Sterling,Shooting_of_Alton_Sterling,2019-08-20,599
Alton Sterling,Shooting_of_Alton_Sterling,2019-08-21,365
Alton Sterling,Shooting_of_Alton_Sterling,2019-08-22,413
Alton Sterling,Shooting_of_Alton_Sterling,2019-08-23,475
Alton Sterling,Shooting_of_Alton_Sterling,2019-08-24,422
Alton Sterling,Shooting_of_Alton_Sterling,2019-08-25,397
Alton Sterling,Shooting_of_Alton_Sterling,2019-08-26,709
Alton Sterling,Shooting_of_Alton_Sterling,2019-08-27,964
Alton Sterling,Shooting_of_Alton_Sterling,2019-08-28,966
Alton Sterling,Shooting_of_Alton_Sterling,2019-08-29,764
Alton Sterling,Shooting_of_Alton_Sterling,2019-08-30,449
Alton Sterling,Shooting_of_Alton_Sterling,2019-08-31,365
Alton Sterling,Shooting_of_Alton_Sterling,2019-09-01,529
Alton Sterling,Shooting_of_Alton_Sterling,2019-09-02,437
Alton Sterling,Shooting_of_Alton_Sterling,2019-09-03,274
Alton Sterling,Shooting_of_Alton_Sterling,2019-09-04,334
Alton Sterling,Shooting_of_Alton_Sterling,2019-09-05,285
Alton Sterling,Shooting_of_Alton_Sterling,2019-09-06,267
Alton Sterling,Shooting_of_Alton_Sterling,2019-09-07,178
Alton Sterling,Shooting_of_Alton_Sterling,2019-09-08,208
Alton Sterling,Shooting_of_Alton_Sterling,2019-09-09,291
Alton Sterling,Shooting_of_Alton_Sterling,2019-09-10,292
Alton Sterling,Shooting_of_Alton_Sterling,2019-09-11,279
Alton Sterling,Shooting_of_Alton_Sterling,2019-09-12,263
Alton Sterling,Shooting_of_Alton_Sterling,2019-09-13,280
Alton Sterling,Shooting_of_Alton_Sterling,2019-09-14,215
Alton Sterling,Shooting_of_Alton_Sterling,2019-09-15,205
Alton Sterling,Shooting_of_Alton_Sterling,2019-09-16,321
Alton Sterling,Shooting_of_Alton_Sterling,2019-09-17,281
Alton Sterling,Shooting_of_Alton_Sterling,2019-09-18,295
Alton Sterling,Shooting_of_Alton_Sterling,2019-09-19,263
Alton Sterling,Shooting_of_Alton_Sterling,2019-09-20,246
Alton Sterling,Shooting_of_Alton_Sterling,2019-09-21,204
Alton Sterling,Shooting_of_Alton_Sterling,2019-09-22,266
Alton Sterling,Shooting_of_Alton_Sterling,2019-09-23,328
Alton Sterling,Shooting_of_Alton_Sterling,2019-09-24,299
Alton Sterling,Shooting_of_Alton_Sterling,2019-09-25,326
Alton Sterling,Shooting_of_Alton_Sterling,2019-09-26,359
Alton Sterling,Shooting_of_Alton_Sterling,2019-09-27,304
Alton Sterling,Shooting_of_Alton_Sterling,2019-09-28,223
Alton Sterling,Shooting_of_Alton_Sterling,2019-09-29,304
Alton Sterling,Shooting_of_Alton_Sterling,2019-09-30,291
Alton Sterling,Shooting_of_Alton_Sterling,2019-10-01,432
Alton Sterling,Shooting_of_Alton_Sterling,2019-10-02,519
Alton Sterling,Shooting_of_Alton_Sterling,2019-10-03,420
Alton Sterling,Shooting_of_Alton_Sterling,2019-10-04,307
Alton Sterling,Shooting_of_Alton_Sterling,2019-10-05,221
Alton Sterling,Shooting_of_Alton_Sterling,2019-10-06,282
Alton Sterling,Shooting_of_Alton_Sterling,2019-10-07,339
Alton Sterling,Shooting_of_Alton_Sterling,2019-10-08,300
Alton Sterling,Shooting_of_Alton_Sterling,2019-10-09,277
Alton Sterling,Shooting_of_Alton_Sterling,2019-10-10,316
Alton Sterling,Shooting_of_Alton_Sterling,2019-10-11,299
Alton Sterling,Shooting_of_Alton_Sterling,2019-10-12,183
Alton Sterling,Shooting_of_Alton_Sterling,2019-10-13,261
Alton Sterling,Shooting_of_Alton_Sterling,2019-10-14,357
Alton Sterling,Shooting_of_Alton_Sterling,2019-10-15,373
Alton Sterling,Shooting_of_Alton_Sterling,2019-10-16,320
Alton Sterling,Shooting_of_Alton_Sterling,2019-10-17,266
Alton Sterling,Shooting_of_Alton_Sterling,2019-10-18,228
Alton Sterling,Shooting_of_Alton_Sterling,2019-10-19,229
Alton Sterling,Shooting_of_Alton_Sterling,2019-10-20,271
Alton Sterling,Shooting_of_Alton_Sterling,2019-10-21,321
Alton Sterling,Shooting_of_Alton_Sterling,2019-10-22,280
Alton Sterling,Shooting_of_Alton_Sterling,2019-10-23,301
Alton Sterling,Shooting_of_Alton_Sterling,2019-10-24,301
Alton Sterling,Shooting_of_Alton_Sterling,2019-10-25,289
Alton Sterling,Shooting_of_Alton_Sterling,2019-10-26,202
Alton Sterling,Shooting_of_Alton_Sterling,2019-10-27,225
Alton Sterling,Shooting_of_Alton_Sterling,2019-10-28,277
Alton Sterling,Shooting_of_Alton_Sterling,2019-10-29,275
Alton Sterling,Shooting_of_Alton_Sterling,2019-10-30,275
Alton Sterling,Shooting_of_Alton_Sterling,2019-10-31,273
Alton Sterling,Shooting_of_Alton_Sterling,2019-11-01,253
Alton Sterling,Shooting_of_Alton_Sterling,2019-11-02,202
Alton Sterling,Shooting_of_Alton_Sterling,2019-11-03,270
Alton Sterling,Shooting_of_Alton_Sterling,2019-11-04,280
Alton Sterling,Shooting_of_Alton_Sterling,2019-11-05,298
Alton Sterling,Shooting_of_Alton_Sterling,2019-11-06,274
Alton Sterling,Shooting_of_Alton_Sterling,2019-11-07,287
Alton Sterling,Shooting_of_Alton_Sterling,2019-11-08,283
Alton Sterling,Shooting_of_Alton_Sterling,2019-11-09,220
Alton Sterling,Shooting_of_Alton_Sterling,2019-11-10,281
Alton Sterling,Shooting_of_Alton_Sterling,2019-11-11,365
Alton Sterling,Shooting_of_Alton_Sterling,2019-11-12,355
Alton Sterling,Shooting_of_Alton_Sterling,2019-11-13,386
Alton Sterling,Shooting_of_Alton_Sterling,2019-11-14,371
Alton Sterling,Shooting_of_Alton_Sterling,2019-11-15,321
Alton Sterling,Shooting_of_Alton_Sterling,2019-11-16,209
Alton Sterling,Shooting_of_Alton_Sterling,2019-11-17,254
Alton Sterling,Shooting_of_Alton_Sterling,2019-11-18,348
Alton Sterling,Shooting_of_Alton_Sterling,2019-11-19,327
Alton Sterling,Shooting_of_Alton_Sterling,2019-11-20,353
Alton Sterling,Shooting_of_Alton_Sterling,2019-11-21,307
Alton Sterling,Shooting_of_Alton_Sterling,2019-11-22,288
Alton Sterling,Shooting_of_Alton_Sterling,2019-11-23,264
Alton Sterling,Shooting_of_Alton_Sterling,2019-11-24,245
Alton Sterling,Shooting_of_Alton_Sterling,2019-11-25,267
Alton Sterling,Shooting_of_Alton_Sterling,2019-11-26,256
Alton Sterling,Shooting_of_Alton_Sterling,2019-11-27,220
Alton Sterling,Shooting_of_Alton_Sterling,2019-11-28,189
Alton Sterling,Shooting_of_Alton_Sterling,2019-11-29,217
Alton Sterling,Shooting_of_Alton_Sterling,2019-11-30,250
Alton Sterling,Shooting_of_Alton_Sterling,2019-12-01,293
Alton Sterling,Shooting_of_Alton_Sterling,2019-12-02,336
Alton Sterling,Shooting_of_Alton_Sterling,2019-12-03,302
Alton Sterling,Shooting_of_Alton_Sterling,2019-12-04,365
Alton Sterling,Shooting_of_Alton_Sterling,2019-12-05,396
Alton Sterling,Shooting_of_Alton_Sterling,2019-12-06,365
Alton Sterling,Shooting_of_Alton_Sterling,2019-12-07,256
Alton Sterling,Shooting_of_Alton_Sterling,2019-12-08,322
Alton Sterling,Shooting_of_Alton_Sterling,2019-12-09,372
Alton Sterling,Shooting_of_Alton_Sterling,2019-12-10,310
Alton Sterling,Shooting_of_Alton_Sterling,2019-12-11,263
Alton Sterling,Shooting_of_Alton_Sterling,2019-12-12,285
Alton Sterling,Shooting_of_Alton_Sterling,2019-12-13,255
Alton Sterling,Shooting_of_Alton_Sterling,2019-12-14,194
Alton Sterling,Shooting_of_Alton_Sterling,2019-12-15,232
Alton Sterling,Shooting_of_Alton_Sterling,2019-12-16,255
Alton Sterling,Shooting_of_Alton_Sterling,2019-12-17,282
Alton Sterling,Shooting_of_Alton_Sterling,2019-12-18,232
Alton Sterling,Shooting_of_Alton_Sterling,2019-12-19,303
Alton Sterling,Shooting_of_Alton_Sterling,2019-12-20,221
Alton Sterling,Shooting_of_Alton_Sterling,2019-12-21,221
Alton Sterling,Shooting_of_Alton_Sterling,2019-12-22,254
Alton Sterling,Shooting_of_Alton_Sterling,2019-12-23,330
Alton Sterling,Shooting_of_Alton_Sterling,2019-12-24,219
Alton Sterling,Shooting_of_Alton_Sterling,2019-12-25,165
Alton Sterling,Shooting_of_Alton_Sterling,2019-12-26,246
Alton Sterling,Shooting_of_Alton_Sterling,2019-12-27,246
Alton Sterling,Shooting_of_Alton_Sterling,2019-12-28,216
Alton Sterling,Shooting_of_Alton_Sterling,2019-12-29,212
Alton Sterling,Shooting_of_Alton_Sterling,2019-12-30,513
Alton Sterling,Shooting_of_Alton_Sterling,2019-12-31,361
Alton Sterling,Shooting_of_Alton_Sterling,2020-01-01,257
Alton Sterling,Shooting_of_Alton_Sterling,2020-01-02,226
Alton Sterling,Shooting_of_Alton_Sterling,2020-01-03,242
Alton Sterling,Shooting_of_Alton_Sterling,2020-01-04,242
Alton Sterling,Shooting_of_Alton_Sterling,2020-01-05,239
Alton Sterling,Shooting_of_Alton_Sterling,2020-01-06,228
Alton Sterling,Shooting_of_Alton_Sterling,2020-01-07,304
Alton Sterling,Shooting_of_Alton_Sterling,2020-01-08,262
Alton Sterling,Shooting_of_Alton_Sterling,2020-01-09,268
Alton Sterling,Shooting_of_Alton_Sterling,2020-01-10,303
Alton Sterling,Shooting_of_Alton_Sterling,2020-01-11,279
Alton Sterling,Shooting_of_Alton_Sterling,2020-01-12,299
Alton Sterling,Shooting_of_Alton_Sterling,2020-01-13,475
Alton Sterling,Shooting_of_Alton_Sterling,2020-01-14,367
Alton Sterling,Shooting_of_Alton_Sterling,2020-01-15,385
Alton Sterling,Shooting_of_Alton_Sterling,2020-01-16,446
Alton Sterling,Shooting_of_Alton_Sterling,2020-01-17,423
Alton Sterling,Shooting_of_Alton_Sterling,2020-01-18,354
Alton Sterling,Shooting_of_Alton_Sterling,2020-01-19,291
Alton Sterling,Shooting_of_Alton_Sterling,2020-01-20,312
Alton Sterling,Shooting_of_Alton_Sterling,2020-01-21,332
Alton Sterling,Shooting_of_Alton_Sterling,2020-01-22,390
Alton Sterling,Shooting_of_Alton_Sterling,2020-01-23,309
Alton Sterling,Shooting_of_Alton_Sterling,2020-01-24,307
Alton Sterling,Shooting_of_Alton_Sterling,2020-01-25,203
Alton Sterling,Shooting_of_Alton_Sterling,2020-01-26,233
Alton Sterling,Shooting_of_Alton_Sterling,2020-01-27,286
Alton Sterling,Shooting_of_Alton_Sterling,2020-01-28,250
Alton Sterling,Shooting_of_Alton_Sterling,2020-01-29,252
Alton Sterling,Shooting_of_Alton_Sterling,2020-01-30,272
Alton Sterling,Shooting_of_Alton_Sterling,2020-01-31,272
Alton Sterling,Shooting_of_Alton_Sterling,2020-02-01,216
Alton Sterling,Shooting_of_Alton_Sterling,2020-02-02,328
Alton Sterling,Shooting_of_Alton_Sterling,2020-02-03,339
Alton Sterling,Shooting_of_Alton_Sterling,2020-02-04,313
Alton Sterling,Shooting_of_Alton_Sterling,2020-02-05,353
Alton Sterling,Shooting_of_Alton_Sterling,2020-02-06,347
Alton Sterling,Shooting_of_Alton_Sterling,2020-02-07,271
Alton Sterling,Shooting_of_Alton_Sterling,2020-02-08,239
Alton Sterling,Shooting_of_Alton_Sterling,2020-02-09,257
Alton Sterling,Shooting_of_Alton_Sterling,2020-02-10,401
Alton Sterling,Shooting_of_Alton_Sterling,2020-02-11,403
Alton Sterling,Shooting_of_Alton_Sterling,2020-02-12,382
Alton Sterling,Shooting_of_Alton_Sterling,2020-02-13,366
Alton Sterling,Shooting_of_Alton_Sterling,2020-02-14,311
Alton Sterling,Shooting_of_Alton_Sterling,2020-02-15,251
Alton Sterling,Shooting_of_Alton_Sterling,2020-02-16,361
Alton Sterling,Shooting_of_Alton_Sterling,2020-02-17,324
Alton Sterling,Shooting_of_Alton_Sterling,2020-02-18,356
Alton Sterling,Shooting_of_Alton_Sterling,2020-02-19,430
Alton Sterling,Shooting_of_Alton_Sterling,2020-02-20,538
Alton Sterling,Shooting_of_Alton_Sterling,2020-02-21,322
Alton Sterling,Shooting_of_Alton_Sterling,2020-02-22,278
Alton Sterling,Shooting_of_Alton_Sterling,2020-02-23,258
Alton Sterling,Shooting_of_Alton_Sterling,2020-02-24,335
Alton Sterling,Shooting_of_Alton_Sterling,2020-02-25,351
Alton Sterling,Shooting_of_Alton_Sterling,2020-02-26,339
Alton Sterling,Shooting_of_Alton_Sterling,2020-02-27,325
Alton Sterling,Shooting_of_Alton_Sterling,2020-02-28,260
Alton Sterling,Shooting_of_Alton_Sterling,2020-02-29,236
Alton Sterling,Shooting_of_Alton_Sterling,2020-03-01,302
Alton Sterling,Shooting_of_Alton_Sterling,2020-03-02,331
Alton Sterling,Shooting_of_Alton_Sterling,2020-03-03,349
Alton Sterling,Shooting_of_Alton_Sterling,2020-03-04,266
Alton Sterling,Shooting_of_Alton_Sterling,2020-03-05,327
Alton Sterling,Shooting_of_Alton_Sterling,2020-03-06,345
Alton Sterling,Shooting_of_Alton_Sterling,2020-03-07,245
Alton Sterling,Shooting_of_Alton_Sterling,2020-03-08,271
Alton Sterling,Shooting_of_Alton_Sterling,2020-03-09,367
Alton Sterling,Shooting_of_Alton_Sterling,2020-03-10,304
Alton Sterling,Shooting_of_Alton_Sterling,2020-03-11,322
Alton Sterling,Shooting_of_Alton_Sterling,2020-03-12,229
Alton Sterling,Shooting_of_Alton_Sterling,2020-03-13,236
Alton Sterling,Shooting_of_Alton_Sterling,2020-03-14,191
Alton Sterling,Shooting_of_Alton_Sterling,2020-03-15,226
Alton Sterling,Shooting_of_Alton_Sterling,2020-03-16,156
Alton Sterling,Shooting_of_Alton_Sterling,2020-03-17,172
Alton Sterling,Shooting_of_Alton_Sterling,2020-03-18,183
Alton Sterling,Shooting_of_Alton_Sterling,2020-03-19,177
Alton Sterling,Shooting_of_Alton_Sterling,2020-03-20,251
Alton Sterling,Shooting_of_Alton_Sterling,2020-03-21,184
Alton Sterling,Shooting_of_Alton_Sterling,2020-03-22,201
Alton Sterling,Shooting_of_Alton_Sterling,2020-03-23,259
Alton Sterling,Shooting_of_Alton_Sterling,2020-03-24,299
Alton Sterling,Shooting_of_Alton_Sterling,2020-03-25,313
Alton Sterling,Shooting_of_Alton_Sterling,2020-03-26,224
Alton Sterling,Shooting_of_Alton_Sterling,2020-03-27,209
Alton Sterling,Shooting_of_Alton_Sterling,2020-03-28,235
Alton Sterling,Shooting_of_Alton_Sterling,2020-03-29,235
Alton Sterling,Shooting_of_Alton_Sterling,2020-03-30,255
Alton Sterling,Shooting_of_Alton_Sterling,2020-03-31,259
Alton Sterling,Shooting_of_Alton_Sterling,2020-04-01,245
Alton Sterling,Shooting_of_Alton_Sterling,2020-04-02,241
Alton Sterling,Shooting_of_Alton_Sterling,2020-04-03,276
Alton Sterling,Shooting_of_Alton_Sterling,2020-04-04,226
Alton Sterling,Shooting_of_Alton_Sterling,2020-04-05,230
Alton Sterling,Shooting_of_Alton_Sterling,2020-04-06,296
Alton Sterling,Shooting_of_Alton_Sterling,2020-04-07,240
Alton Sterling,Shooting_of_Alton_Sterling,2020-04-08,254
Alton Sterling,Shooting_of_Alton_Sterling,2020-04-09,275
Alton Sterling,Shooting_of_Alton_Sterling,2020-04-10,234
Alton Sterling,Shooting_of_Alton_Sterling,2020-04-11,258
Alton Sterling,Shooting_of_Alton_Sterling,2020-04-12,235
Alton Sterling,Shooting_of_Alton_Sterling,2020-04-13,332
Alton Sterling,Shooting_of_Alton_Sterling,2020-04-14,303
Alton Sterling,Shooting_of_Alton_Sterling,2020-04-15,276
Alton Sterling,Shooting_of_Alton_Sterling,2020-04-16,252
Alton Sterling,Shooting_of_Alton_Sterling,2020-04-17,295
Alton Sterling,Shooting_of_Alton_Sterling,2020-04-18,371
Alton Sterling,Shooting_of_Alton_Sterling,2020-04-19,373
Alton Sterling,Shooting_of_Alton_Sterling,2020-04-20,373
Alton Sterling,Shooting_of_Alton_Sterling,2020-04-21,313
Alton Sterling,Shooting_of_Alton_Sterling,2020-04-22,333
Alton Sterling,Shooting_of_Alton_Sterling,2020-04-23,320
Alton Sterling,Shooting_of_Alton_Sterling,2020-04-24,335
Alton Sterling,Shooting_of_Alton_Sterling,2020-04-25,282
Alton Sterling,Shooting_of_Alton_Sterling,2020-04-26,453
Alton Sterling,Shooting_of_Alton_Sterling,2020-04-27,531
Alton Sterling,Shooting_of_Alton_Sterling,2020-04-28,551
Alton Sterling,Shooting_of_Alton_Sterling,2020-04-29,381
Alton Sterling,Shooting_of_Alton_Sterling,2020-04-30,397
Alton Sterling,Shooting_of_Alton_Sterling,2020-05-01,465
Alton Sterling,Shooting_of_Alton_Sterling,2020-05-02,437
Alton Sterling,Shooting_of_Alton_Sterling,2020-05-03,418
Alton Sterling,Shooting_of_Alton_Sterling,2020-05-04,448
Alton Sterling,Shooting_of_Alton_Sterling,2020-05-05,449
Alton Sterling,Shooting_of_Alton_Sterling,2020-05-06,663
Alton Sterling,Shooting_of_Alton_Sterling,2020-05-07,2601
Alton Sterling,Shooting_of_Alton_Sterling,2020-05-08,3258
Alton Sterling,Shooting_of_Alton_Sterling,2020-05-09,1939
Alton Sterling,Shooting_of_Alton_Sterling,2020-05-10,1052
Alton Sterling,Shooting_of_Alton_Sterling,2020-05-11,887
Alton Sterling,Shooting_of_Alton_Sterling,2020-05-12,896
Alton Sterling,Shooting_of_Alton_Sterling,2020-05-13,877
Alton Sterling,Shooting_of_Alton_Sterling,2020-05-14,685
Alton Sterling,Shooting_of_Alton_Sterling,2020-05-15,578
Alton Sterling,Shooting_of_Alton_Sterling,2020-05-16,1052
Alton Sterling,Shooting_of_Alton_Sterling,2020-05-17,978
Alton Sterling,Shooting_of_Alton_Sterling,2020-05-18,637
Alton Sterling,Shooting_of_Alton_Sterling,2020-05-19,555
Alton Sterling,Shooting_of_Alton_Sterling,2020-05-20,513
Alton Sterling,Shooting_of_Alton_Sterling,2020-05-21,470
Alton Sterling,Shooting_of_Alton_Sterling,2020-05-22,537
Alton Sterling,Shooting_of_Alton_Sterling,2020-05-23,642
Alton Sterling,Shooting_of_Alton_Sterling,2020-05-24,658
Alton Sterling,Shooting_of_Alton_Sterling,2020-05-25,639
Alton Sterling,Shooting_of_Alton_Sterling,2020-05-26,1292
Alton Sterling,Shooting_of_Alton_Sterling,2020-05-27,5280
Alton Sterling,Shooting_of_Alton_Sterling,2020-05-28,10538
Alton Sterling,Shooting_of_Alton_Sterling,2020-05-29,15064
Alton Sterling,Shooting_of_Alton_Sterling,2020-05-30,16107
Alton Sterling,Shooting_of_Alton_Sterling,2020-05-31,17882
Alton Sterling,Shooting_of_Alton_Sterling,2020-06-01,16442
Alton Sterling,Shooting_of_Alton_Sterling,2020-06-02,16108
Alton Sterling,Shooting_of_Alton_Sterling,2020-06-03,18244
Alton Sterling,Shooting_of_Alton_Sterling,2020-06-04,14217
Alton Sterling,Shooting_of_Alton_Sterling,2020-06-05,11281
Alton Sterling,Shooting_of_Alton_Sterling,2020-06-06,9693
Alton Sterling,Shooting_of_Alton_Sterling,2020-06-07,8185
Alton Sterling,Shooting_of_Alton_Sterling,2020-06-08,9262
Alton Sterling,Shooting_of_Alton_Sterling,2020-06-09,8065
Alton Sterling,Shooting_of_Alton_Sterling,2020-06-10,6350
Alton Sterling,Shooting_of_Alton_Sterling,2020-06-11,4382
Alton Sterling,Shooting_of_Alton_Sterling,2020-06-12,4961
Alton Sterling,Shooting_of_Alton_Sterling,2020-06-13,4542
Alton Sterling,Shooting_of_Alton_Sterling,2020-06-14,4957
Alton Sterling,Shooting_of_Alton_Sterling,2020-06-15,3908
Alton Sterling,Shooting_of_Alton_Sterling,2020-06-16,3683
Alton Sterling,Shooting_of_Alton_Sterling,2020-06-17,3321
Alton Sterling,Shooting_of_Alton_Sterling,2020-06-18,2847
Alton Sterling,Shooting_of_Alton_Sterling,2020-06-19,2561
Alton Sterling,Shooting_of_Alton_Sterling,2020-06-20,2779
Alton Sterling,Shooting_of_Alton_Sterling,2020-06-21,3218
Alton Sterling,Shooting_of_Alton_Sterling,2020-06-22,3300
Alton Sterling,Shooting_of_Alton_Sterling,2020-06-23,2282
Alton Sterling,Shooting_of_Alton_Sterling,2020-06-24,2143
Alton Sterling,Shooting_of_Alton_Sterling,2020-06-25,2095
Alton Sterling,Shooting_of_Alton_Sterling,2020-06-26,1979
Alton Sterling,Shooting_of_Alton_Sterling,2020-06-27,1561
Alton Sterling,Shooting_of_Alton_Sterling,2020-06-28,1498
Alton Sterling,Shooting_of_Alton_Sterling,2020-06-29,1386
Alton Sterling,Shooting_of_Alton_Sterling,2020-06-30,1245
Alton Sterling,Shooting_of_Alton_Sterling,2020-07-01,1055
Alton Sterling,Shooting_of_Alton_Sterling,2020-07-02,975
Alton Sterling,Shooting_of_Alton_Sterling,2020-07-03,876
Alton Sterling,Shooting_of_Alton_Sterling,2020-07-04,820
Alton Sterling,Shooting_of_Alton_Sterling,2020-07-05,1634
Alton Sterling,Shooting_of_Alton_Sterling,2020-07-06,3122
Alton Sterling,Shooting_of_Alton_Sterling,2020-07-07,2442
Alton Sterling,Shooting_of_Alton_Sterling,2020-07-08,1803
Alton Sterling,Shooting_of_Alton_Sterling,2020-07-09,1160
Alton Sterling,Shooting_of_Alton_Sterling,2020-07-10,904
Alton Sterling,Shooting_of_Alton_Sterling,2020-07-11,709
Alton Sterling,Shooting_of_Alton_Sterling,2020-07-12,691
Alton Sterling,Shooting_of_Alton_Sterling,2020-07-13,737
Alton Sterling,Shooting_of_Alton_Sterling,2020-07-14,709
Alton Sterling,Shooting_of_Alton_Sterling,2020-07-15,624
Alton Sterling,Shooting_of_Alton_Sterling,2020-07-16,632
Alton Sterling,Shooting_of_Alton_Sterling,2020-07-17,651
Alton Sterling,Shooting_of_Alton_Sterling,2020-07-18,623
Alton Sterling,Shooting_of_Alton_Sterling,2020-07-19,516
Alton Sterling,Shooting_of_Alton_Sterling,2020-07-20,614
Alton Sterling,Shooting_of_Alton_Sterling,2020-07-21,563
Alton Sterling,Shooting_of_Alton_Sterling,2020-07-22,662
Alton Sterling,Shooting_of_Alton_Sterling,2020-07-23,646
Alton Sterling,Shooting_of_Alton_Sterling,2020-07-24,498
Alton Sterling,Shooting_of_Alton_Sterling,2020-07-25,498
Alton Sterling,Shooting_of_Alton_Sterling,2020-07-26,485
Alton Sterling,Shooting_of_Alton_Sterling,2020-07-27,594
Alton Sterling,Shooting_of_Alton_Sterling,2020-07-28,565
Alton Sterling,Shooting_of_Alton_Sterling,2020-07-29,550
Alton Sterling,Shooting_of_Alton_Sterling,2020-07-30,481
Alton Sterling,Shooting_of_Alton_Sterling,2020-07-31,606
Alton Sterling,Shooting_of_Alton_Sterling,2020-08-01,442
Alton Sterling,Shooting_of_Alton_Sterling,2020-08-02,440
Alton Sterling,Shooting_of_Alton_Sterling,2020-08-03,511
Alton Sterling,Shooting_of_Alton_Sterling,2020-08-04,493
Alton Sterling,Shooting_of_Alton_Sterling,2020-08-05,606
Alton Sterling,Shooting_of_Alton_Sterling,2020-08-06,498
Alton Sterling,Shooting_of_Alton_Sterling,2020-08-07,488
Alton Sterling,Shooting_of_Alton_Sterling,2020-08-08,395
Alton Sterling,Shooting_of_Alton_Sterling,2020-08-09,449
Alton Sterling,Shooting_of_Alton_Sterling,2020-08-10,599
Alton Sterling,Shooting_of_Alton_Sterling,2020-08-11,471
Alton Sterling,Shooting_of_Alton_Sterling,2020-08-12,453
Alton Sterling,Shooting_of_Alton_Sterling,2020-08-13,754
Alton Sterling,Shooting_of_Alton_Sterling,2020-08-14,664
Alton Sterling,Shooting_of_Alton_Sterling,2020-08-15,522
Alton Sterling,Shooting_of_Alton_Sterling,2020-08-16,495
Alton Sterling,Shooting_of_Alton_Sterling,2020-08-17,462
Alton Sterling,Shooting_of_Alton_Sterling,2020-08-18,532
Alton Sterling,Shooting_of_Alton_Sterling,2020-08-19,398
Alton Sterling,Shooting_of_Alton_Sterling,2020-08-20,436
Alton Sterling,Shooting_of_Alton_Sterling,2020-08-21,368
Alton Sterling,Shooting_of_Alton_Sterling,2020-08-22,459
Alton Sterling,Shooting_of_Alton_Sterling,2020-08-23,504
Alton Sterling,Shooting_of_Alton_Sterling,2020-08-24,735
Alton Sterling,Shooting_of_Alton_Sterling,2020-08-25,885
Alton Sterling,Shooting_of_Alton_Sterling,2020-08-26,1094
Alton Sterling,Shooting_of_Alton_Sterling,2020-08-27,1715
Alton Sterling,Shooting_of_Alton_Sterling,2020-08-28,1434
Alton Sterling,Shooting_of_Alton_Sterling,2020-08-29,1147
Alton Sterling,Shooting_of_Alton_Sterling,2020-08-30,880
Alton Sterling,Shooting_of_Alton_Sterling,2020-08-31,865
Alton Sterling,Shooting_of_Alton_Sterling,2020-09-01,775
Alton Sterling,Shooting_of_Alton_Sterling,2020-09-02,736
Alton Sterling,Shooting_of_Alton_Sterling,2020-09-03,708
Alton Sterling,Shooting_of_Alton_Sterling,2020-09-04,530
Alton Sterling,Shooting_of_Alton_Sterling,2020-09-05,455
Alton Sterling,Shooting_of_Alton_Sterling,2020-09-06,480
Alton Sterling,Shooting_of_Alton_Sterling,2020-09-07,535
Alton Sterling,Shooting_of_Alton_Sterling,2020-09-08,519
Alton Sterling,Shooting_of_Alton_Sterling,2020-09-09,707
Alton Sterling,Shooting_of_Alton_Sterling,2020-09-10,1240
Alton Sterling,Shooting_of_Alton_Sterling,2020-09-11,3365
Alton Sterling,Shooting_of_Alton_Sterling,2020-09-12,997
Alton Sterling,Shooting_of_Alton_Sterling,2020-09-13,1047
Alton Sterling,Shooting_of_Alton_Sterling,2020-09-14,916
Alton Sterling,Shooting_of_Alton_Sterling,2020-09-15,719
Alton Sterling,Shooting_of_Alton_Sterling,2020-09-16,810
Alton Sterling,Shooting_of_Alton_Sterling,2020-09-17,673
Alton Sterling,Shooting_of_Alton_Sterling,2020-09-18,626
Alton Sterling,Shooting_of_Alton_Sterling,2020-09-19,629
Alton Sterling,Shooting_of_Alton_Sterling,2020-09-20,2185
Alton Sterling,Shooting_of_Alton_Sterling,2020-09-21,582
Alton Sterling,Shooting_of_Alton_Sterling,2020-09-22,480
Alton Sterling,Shooting_of_Alton_Sterling,2020-09-23,822
Alton Sterling,Shooting_of_Alton_Sterling,2020-09-24,1007
Alton Sterling,Shooting_of_Alton_Sterling,2020-09-25,729
Alton Sterling,Shooting_of_Alton_Sterling,2020-09-26,661
Alton Sterling,Shooting_of_Alton_Sterling,2020-09-27,604
Alton Sterling,Shooting_of_Alton_Sterling,2020-09-28,529
Alton Sterling,Shooting_of_Alton_Sterling,2020-09-29,502
Alton Sterling,Shooting_of_Alton_Sterling,2020-09-30,473
Alton Sterling,Shooting_of_Alton_Sterling,2020-10-01,502
Alton Sterling,Shooting_of_Alton_Sterling,2020-10-02,405
Alton Sterling,Shooting_of_Alton_Sterling,2020-10-03,310
Alton Sterling,Shooting_of_Alton_Sterling,2020-10-04,299
Alton Sterling,Shooting_of_Alton_Sterling,2020-10-05,417
Alton Sterling,Shooting_of_Alton_Sterling,2020-10-06,499
Alton Sterling,Shooting_of_Alton_Sterling,2020-10-07,380
Alton Sterling,Shooting_of_Alton_Sterling,2020-10-08,270
Alton Sterling,Shooting_of_Alton_Sterling,2020-10-09,351
Alton Sterling,Shooting_of_Alton_Sterling,2020-10-10,295
Alton Sterling,Shooting_of_Alton_Sterling,2020-10-11,455
Alton Sterling,Shooting_of_Alton_Sterling,2020-10-12,382
Alton Sterling,Shooting_of_Alton_Sterling,2020-10-13,439
Alton Sterling,Shooting_of_Alton_Sterling,2020-10-14,457
Alton Sterling,Shooting_of_Alton_Sterling,2020-10-15,420
Alton Sterling,Shooting_of_Alton_Sterling,2020-10-16,349
Alton Sterling,Shooting_of_Alton_Sterling,2020-10-17,370
Alton Sterling,Shooting_of_Alton_Sterling,2020-10-18,1206
Alton Sterling,Shooting_of_Alton_Sterling,2020-10-19,1191
Alton Sterling,Shooting_of_Alton_Sterling,2020-10-20,496
Alton Sterling,Shooting_of_Alton_Sterling,2020-10-21,439
Alton Sterling,Shooting_of_Alton_Sterling,2020-10-22,349
Alton Sterling,Shooting_of_Alton_Sterling,2020-10-23,343
Alton Sterling,Shooting_of_Alton_Sterling,2020-10-24,281
Alton Sterling,Shooting_of_Alton_Sterling,2020-10-25,324
Alton Sterling,Shooting_of_Alton_Sterling,2020-10-26,348
Alton Sterling,Shooting_of_Alton_Sterling,2020-10-27,358
Alton Sterling,Shooting_of_Alton_Sterling,2020-10-28,421
Alton Sterling,Shooting_of_Alton_Sterling,2020-10-29,413
Alton Sterling,Shooting_of_Alton_Sterling,2020-10-30,387
Alton Sterling,Shooting_of_Alton_Sterling,2020-10-31,378
Alton Sterling,Shooting_of_Alton_Sterling,2020-11-01,386
Alton Sterling,Shooting_of_Alton_Sterling,2020-11-02,644
Alton Sterling,Shooting_of_Alton_Sterling,2020-11-03,525
Alton Sterling,Shooting_of_Alton_Sterling,2020-11-04,354
Alton Sterling,Shooting_of_Alton_Sterling,2020-11-05,454
Alton Sterling,Shooting_of_Alton_Sterling,2020-11-06,373
Alton Sterling,Shooting_of_Alton_Sterling,2020-11-07,469
Alton Sterling,Shooting_of_Alton_Sterling,2020-11-08,313
Alton Sterling,Shooting_of_Alton_Sterling,2020-11-09,378
Alton Sterling,Shooting_of_Alton_Sterling,2020-11-10,370
Alton Sterling,Shooting_of_Alton_Sterling,2020-11-11,350
Alton Sterling,Shooting_of_Alton_Sterling,2020-11-12,400
Alton Sterling,Shooting_of_Alton_Sterling,2020-11-13,256
Alton Sterling,Shooting_of_Alton_Sterling,2020-11-14,252
Alton Sterling,Shooting_of_Alton_Sterling,2020-11-15,353
Alton Sterling,Shooting_of_Alton_Sterling,2020-11-16,333
Alton Sterling,Shooting_of_Alton_Sterling,2020-11-17,332
Alton Sterling,Shooting_of_Alton_Sterling,2020-11-18,325
Alton Sterling,Shooting_of_Alton_Sterling,2020-11-19,344
Alton Sterling,Shooting_of_Alton_Sterling,2020-11-20,260
Alton Sterling,Shooting_of_Alton_Sterling,2020-11-21,275
Alton Sterling,Shooting_of_Alton_Sterling,2020-11-22,302
Alton Sterling,Shooting_of_Alton_Sterling,2020-11-23,295
Alton Sterling,Shooting_of_Alton_Sterling,2020-11-24,272
Alton Sterling,Shooting_of_Alton_Sterling,2020-11-25,234
Alton Sterling,Shooting_of_Alton_Sterling,2020-11-26,246
Alton Sterling,Shooting_of_Alton_Sterling,2020-11-27,249
Alton Sterling,Shooting_of_Alton_Sterling,2020-11-28,244
Alton Sterling,Shooting_of_Alton_Sterling,2020-11-29,390
Alton Sterling,Shooting_of_Alton_Sterling,2020-11-30,284
Alton Sterling,Shooting_of_Alton_Sterling,2020-12-01,309
Alton Sterling,Shooting_of_Alton_Sterling,2020-12-02,279
Alton Sterling,Shooting_of_Alton_Sterling,2020-12-03,272
Alton Sterling,Shooting_of_Alton_Sterling,2020-12-04,289
Alton Sterling,Shooting_of_Alton_Sterling,2020-12-05,215
Alton Sterling,Shooting_of_Alton_Sterling,2020-12-06,281
Alton Sterling,Shooting_of_Alton_Sterling,2020-12-07,482
Alton Sterling,Shooting_of_Alton_Sterling,2020-12-08,362
Alton Sterling,Shooting_of_Alton_Sterling,2020-12-09,307
Alton Sterling,Shooting_of_Alton_Sterling,2020-12-10,277
Alton Sterling,Shooting_of_Alton_Sterling,2020-12-11,258
Alton Sterling,Shooting_of_Alton_Sterling,2020-12-12,227
Alton Sterling,Shooting_of_Alton_Sterling,2020-12-13,310
Alton Sterling,Shooting_of_Alton_Sterling,2020-12-14,304
Alton Sterling,Shooting_of_Alton_Sterling,2020-12-15,273
Alton Sterling,Shooting_of_Alton_Sterling,2020-12-16,299
Alton Sterling,Shooting_of_Alton_Sterling,2020-12-17,282
Alton Sterling,Shooting_of_Alton_Sterling,2020-12-18,256
Alton Sterling,Shooting_of_Alton_Sterling,2020-12-19,207
Alton Sterling,Shooting_of_Alton_Sterling,2020-12-20,241
Alton Sterling,Shooting_of_Alton_Sterling,2020-12-21,203
Alton Sterling,Shooting_of_Alton_Sterling,2020-12-22,194
Alton Sterling,Shooting_of_Alton_Sterling,2020-12-23,172
Alton Sterling,Shooting_of_Alton_Sterling,2020-12-24,175
Alton Sterling,Shooting_of_Alton_Sterling,2020-12-25,151
Alton Sterling,Shooting_of_Alton_Sterling,2020-12-26,198
Alton Sterling,Shooting_of_Alton_Sterling,2020-12-27,350
Alton Sterling,Shooting_of_Alton_Sterling,2020-12-28,226
Alton Sterling,Shooting_of_Alton_Sterling,2020-12-29,239
Alton Sterling,Shooting_of_Alton_Sterling,2020-12-30,332
Alton Sterling,Shooting_of_Alton_Sterling,2020-12-31,241
Philando Castile,Shooting_of_Philando_Castile,2017-01-01,760
Philando Castile,Shooting_of_Philando_Castile,2017-01-02,1040
Philando Castile,Shooting_of_Philando_Castile,2017-01-03,674
Philando Castile,Shooting_of_Philando_Castile,2017-01-04,651
Philando Castile,Shooting_of_Philando_Castile,2017-01-05,821
Philando Castile,Shooting_of_Philando_Castile,2017-01-06,794
Philando Castile,Shooting_of_Philando_Castile,2017-01-07,850
Philando Castile,Shooting_of_Philando_Castile,2017-01-08,592
Philando Castile,Shooting_of_Philando_Castile,2017-01-09,578
Philando Castile,Shooting_of_Philando_Castile,2017-01-10,636
Philando Castile,Shooting_of_Philando_Castile,2017-01-11,627
Philando Castile,Shooting_of_Philando_Castile,2017-01-12,640
Philando Castile,Shooting_of_Philando_Castile,2017-01-13,548
Philando Castile,Shooting_of_Philando_Castile,2017-01-14,441
Philando Castile,Shooting_of_Philando_Castile,2017-01-15,474
Philando Castile,Shooting_of_Philando_Castile,2017-01-16,632
Philando Castile,Shooting_of_Philando_Castile,2017-01-17,567
Philando Castile,Shooting_of_Philando_Castile,2017-01-18,546
Philando Castile,Shooting_of_Philando_Castile,2017-01-19,550
Philando Castile,Shooting_of_Philando_Castile,2017-01-20,524
Philando Castile,Shooting_of_Philando_Castile,2017-01-21,461
Philando Castile,Shooting_of_Philando_Castile,2017-01-22,535
Philando Castile,Shooting_of_Philando_Castile,2017-01-23,606
Philando Castile,Shooting_of_Philando_Castile,2017-01-24,687
Philando Castile,Shooting_of_Philando_Castile,2017-01-25,773
Philando Castile,Shooting_of_Philando_Castile,2017-01-26,726
Philando Castile,Shooting_of_Philando_Castile,2017-01-27,566
Philando Castile,Shooting_of_Philando_Castile,2017-01-28,432
Philando Castile,Shooting_of_Philando_Castile,2017-01-29,448
Philando Castile,Shooting_of_Philando_Castile,2017-01-30,552
Philando Castile,Shooting_of_Philando_Castile,2017-01-31,526
Philando Castile,Shooting_of_Philando_Castile,2017-02-01,478
Philando Castile,Shooting_of_Philando_Castile,2017-02-02,554
Philando Castile,Shooting_of_Philando_Castile,2017-02-03,770
Philando Castile,Shooting_of_Philando_Castile,2017-02-04,801
Philando Castile,Shooting_of_Philando_Castile,2017-02-05,767
Philando Castile,Shooting_of_Philando_Castile,2017-02-06,648
Philando Castile,Shooting_of_Philando_Castile,2017-02-07,752
Philando Castile,Shooting_of_Philando_Castile,2017-02-08,828
Philando Castile,Shooting_of_Philando_Castile,2017-02-09,700
Philando Castile,Shooting_of_Philando_Castile,2017-02-10,618
Philando Castile,Shooting_of_Philando_Castile,2017-02-11,459
Philando Castile,Shooting_of_Philando_Castile,2017-02-12,637
Philando Castile,Shooting_of_Philando_Castile,2017-02-13,693
Philando Castile,Shooting_of_Philando_Castile,2017-02-14,607
Philando Castile,Shooting_of_Philando_Castile,2017-02-15,810
Philando Castile,Shooting_of_Philando_Castile,2017-02-16,901
Philando Castile,Shooting_of_Philando_Castile,2017-02-17,595
Philando Castile,Shooting_of_Philando_Castile,2017-02-18,436
Philando Castile,Shooting_of_Philando_Castile,2017-02-19,560
Philando Castile,Shooting_of_Philando_Castile,2017-02-20,659
Philando Castile,Shooting_of_Philando_Castile,2017-02-21,611
Philando Castile,Shooting_of_Philando_Castile,2017-02-22,630
Philando Castile,Shooting_of_Philando_Castile,2017-02-23,590
Philando Castile,Shooting_of_Philando_Castile,2017-02-24,538
Philando Castile,Shooting_of_Philando_Castile,2017-02-25,522
Philando Castile,Shooting_of_Philando_Castile,2017-02-26,609
Philando Castile,Shooting_of_Philando_Castile,2017-02-27,1185
Philando Castile,Shooting_of_Philando_Castile,2017-02-28,1139
Philando Castile,Shooting_of_Philando_Castile,2017-03-01,676
Philando Castile,Shooting_of_Philando_Castile,2017-03-02,648
Philando Castile,Shooting_of_Philando_Castile,2017-03-03,741
Philando Castile,Shooting_of_Philando_Castile,2017-03-04,818
Philando Castile,Shooting_of_Philando_Castile,2017-03-05,862
Philando Castile,Shooting_of_Philando_Castile,2017-03-06,1069
Philando Castile,Shooting_of_Philando_Castile,2017-03-07,902
Philando Castile,Shooting_of_Philando_Castile,2017-03-08,942
Philando Castile,Shooting_of_Philando_Castile,2017-03-09,2034
Philando Castile,Shooting_of_Philando_Castile,2017-03-10,3596
Philando Castile,Shooting_of_Philando_Castile,2017-03-11,645
Philando Castile,Shooting_of_Philando_Castile,2017-03-12,609
Philando Castile,Shooting_of_Philando_Castile,2017-03-13,888
Philando Castile,Shooting_of_Philando_Castile,2017-03-14,1273
Philando Castile,Shooting_of_Philando_Castile,2017-03-15,960
Philando Castile,Shooting_of_Philando_Castile,2017-03-16,725
Philando Castile,Shooting_of_Philando_Castile,2017-03-17,570
Philando Castile,Shooting_of_Philando_Castile,2017-03-18,407
Philando Castile,Shooting_of_Philando_Castile,2017-03-19,479
Philando Castile,Shooting_of_Philando_Castile,2017-03-20,668
Philando Castile,Shooting_of_Philando_Castile,2017-03-21,637
Philando Castile,Shooting_of_Philando_Castile,2017-03-22,693
Philando Castile,Shooting_of_Philando_Castile,2017-03-23,572
Philando Castile,Shooting_of_Philando_Castile,2017-03-24,568
Philando Castile,Shooting_of_Philando_Castile,2017-03-25,460
Philando Castile,Shooting_of_Philando_Castile,2017-03-26,465
Philando Castile,Shooting_of_Philando_Castile,2017-03-27,558
Philando Castile,Shooting_of_Philando_Castile,2017-03-28,712
Philando Castile,Shooting_of_Philando_Castile,2017-03-29,604
Philando Castile,Shooting_of_Philando_Castile,2017-03-30,591
Philando Castile,Shooting_of_Philando_Castile,2017-03-31,525
Philando Castile,Shooting_of_Philando_Castile,2017-04-01,459
Philando Castile,Shooting_of_Philando_Castile,2017-04-02,599
Philando Castile,Shooting_of_Philando_Castile,2017-04-03,684
Philando Castile,Shooting_of_Philando_Castile,2017-04-04,616
Philando Castile,Shooting_of_Philando_Castile,2017-04-05,715
Philando Castile,Shooting_of_Philando_Castile,2017-04-06,748
Philando Castile,Shooting_of_Philando_Castile,2017-04-07,543
Philando Castile,Shooting_of_Philando_Castile,2017-04-08,414
Philando Castile,Shooting_of_Philando_Castile,2017-04-09,427
Philando Castile,Shooting_of_Philando_Castile,2017-04-10,518
Philando Castile,Shooting_of_Philando_Castile,2017-04-11,736
Philando Castile,Shooting_of_Philando_Castile,2017-04-12,592
Philando Castile,Shooting_of_Philando_Castile,2017-04-13,569
Philando Castile,Shooting_of_Philando_Castile,2017-04-14,468
Philando Castile,Shooting_of_Philando_Castile,2017-04-15,370
Philando Castile,Shooting_of_Philando_Castile,2017-04-16,387
Philando Castile,Shooting_of_Philando_Castile,2017-04-17,803
Philando Castile,Shooting_of_Philando_Castile,2017-04-18,835
Philando Castile,Shooting_of_Philando_Castile,2017-04-19,798
Philando Castile,Shooting_of_Philando_Castile,2017-04-20,524
Philando Castile,Shooting_of_Philando_Castile,2017-04-21,466
Philando Castile,Shooting_of_Philando_Castile,2017-04-22,383
Philando Castile,Shooting_of_Philando_Castile,2017-04-23,445
Philando Castile,Shooting_of_Philando_Castile,2017-04-24,537
Philando Castile,Shooting_of_Philando_Castile,2017-04-25,651
Philando Castile,Shooting_of_Philando_Castile,2017-04-26,589
Philando Castile,Shooting_of_Philando_Castile,2017-04-27,576
Philando Castile,Shooting_of_Philando_Castile,2017-04-28,629
Philando Castile,Shooting_of_Philando_Castile,2017-04-29,669
Philando Castile,Shooting_of_Philando_Castile,2017-04-30,861
Philando Castile,Shooting_of_Philando_Castile,2017-05-01,1080
Philando Castile,Shooting_of_Philando_Castile,2017-05-02,1379
Philando Castile,Shooting_of_Philando_Castile,2017-05-03,2546
Philando Castile,Shooting_of_Philando_Castile,2017-05-04,1355
Philando Castile,Shooting_of_Philando_Castile,2017-05-05,978
Philando Castile,Shooting_of_Philando_Castile,2017-05-06,849
Philando Castile,Shooting_of_Philando_Castile,2017-05-07,619
Philando Castile,Shooting_of_Philando_Castile,2017-05-08,716
Philando Castile,Shooting_of_Philando_Castile,2017-05-09,653
Philando Castile,Shooting_of_Philando_Castile,2017-05-10,641
Philando Castile,Shooting_of_Philando_Castile,2017-05-11,704
Philando Castile,Shooting_of_Philando_Castile,2017-05-12,556
Philando Castile,Shooting_of_Philando_Castile,2017-05-13,441
Philando Castile,Shooting_of_Philando_Castile,2017-05-14,427
Philando Castile,Shooting_of_Philando_Castile,2017-05-15,704
Philando Castile,Shooting_of_Philando_Castile,2017-05-16,623
Philando Castile,Shooting_of_Philando_Castile,2017-05-17,553
Philando Castile,Shooting_of_Philando_Castile,2017-05-18,650
Philando Castile,Shooting_of_Philando_Castile,2017-05-19,602
Philando Castile,Shooting_of_Philando_Castile,2017-05-20,427
Philando Castile,Shooting_of_Philando_Castile,2017-05-21,448
Philando Castile,Shooting_of_Philando_Castile,2017-05-22,587
Philando Castile,Shooting_of_Philando_Castile,2017-05-23,560
Philando Castile,Shooting_of_Philando_Castile,2017-05-24,522
Philando Castile,Shooting_of_Philando_Castile,2017-05-25,617
Philando Castile,Shooting_of_Philando_Castile,2017-05-26,495
Philando Castile,Shooting_of_Philando_Castile,2017-05-27,399
Philando Castile,Shooting_of_Philando_Castile,2017-05-28,421
Philando Castile,Shooting_of_Philando_Castile,2017-05-29,495
Philando Castile,Shooting_of_Philando_Castile,2017-05-30,2014
Philando Castile,Shooting_of_Philando_Castile,2017-05-31,1420
Philando Castile,Shooting_of_Philando_Castile,2017-06-01,936
Philando Castile,Shooting_of_Philando_Castile,2017-06-02,541
Philando Castile,Shooting_of_Philando_Castile,2017-06-03,406
Philando Castile,Shooting_of_Philando_Castile,2017-06-04,453
Philando Castile,Shooting_of_Philando_Castile,2017-06-05,647
Philando Castile,Shooting_of_Philando_Castile,2017-06-06,910
Philando Castile,Shooting_of_Philando_Castile,2017-06-07,854
Philando Castile,Shooting_of_Philando_Castile,2017-06-08,648
Philando Castile,Shooting_of_Philando_Castile,2017-06-09,665
Philando Castile,Shooting_of_Philando_Castile,2017-06-10,1236
Philando Castile,Shooting_of_Philando_Castile,2017-06-11,711
Philando Castile,Shooting_of_Philando_Castile,2017-06-12,972
Philando Castile,Shooting_of_Philando_Castile,2017-06-13,1249
Philando Castile,Shooting_of_Philando_Castile,2017-06-14,1228
Philando Castile,Shooting_of_Philando_Castile,2017-06-15,1112
Philando Castile,Shooting_of_Philando_Castile,2017-06-16,42685
Philando Castile,Shooting_of_Philando_Castile,2017-06-17,138442
Philando Castile,Shooting_of_Philando_Castile,2017-06-18,62664
Philando Castile,Shooting_of_Philando_Castile,2017-06-19,39595
Philando Castile,Shooting_of_Philando_Castile,2017-06-20,49805
Philando Castile,Shooting_of_Philando_Castile,2017-06-21,127439
Philando Castile,Shooting_of_Philando_Castile,2017-06-22,134378
Philando Castile,Shooting_of_Philando_Castile,2017-06-23,84408
Philando Castile,Shooting_of_Philando_Castile,2017-06-24,36547
Philando Castile,Shooting_of_Philando_Castile,2017-06-25,21333
Philando Castile,Shooting_of_Philando_Castile,2017-06-26,22119
Philando Castile,Shooting_of_Philando_Castile,2017-06-27,13243
Philando Castile,Shooting_of_Philando_Castile,2017-06-28,8432
Philando Castile,Shooting_of_Philando_Castile,2017-06-29,6387
Philando Castile,Shooting_of_Philando_Castile,2017-06-30,5213
Philando Castile,Shooting_of_Philando_Castile,2017-07-01,4134
Philando Castile,Shooting_of_Philando_Castile,2017-07-02,3589
Philando Castile,Shooting_of_Philando_Castile,2017-07-03,3317
Philando Castile,Shooting_of_Philando_Castile,2017-07-04,2974
Philando Castile,Shooting_of_Philando_Castile,2017-07-05,3260
Philando Castile,Shooting_of_Philando_Castile,2017-07-06,4162
Philando Castile,Shooting_of_Philando_Castile,2017-07-07,3797
Philando Castile,Shooting_of_Philando_Castile,2017-07-08,2643
Philando Castile,Shooting_of_Philando_Castile,2017-07-09,2494
Philando Castile,Shooting_of_Philando_Castile,2017-07-10,2368
Philando Castile,Shooting_of_Philando_Castile,2017-07-11,4696
Philando Castile,Shooting_of_Philando_Castile,2017-07-12,2716
Philando Castile,Shooting_of_Philando_Castile,2017-07-13,2323
Philando Castile,Shooting_of_Philando_Castile,2017-07-14,2142
Philando Castile,Shooting_of_Philando_Castile,2017-07-15,1589
Philando Castile,Shooting_of_Philando_Castile,2017-07-16,1576
Philando Castile,Shooting_of_Philando_Castile,2017-07-17,4095
Philando Castile,Shooting_of_Philando_Castile,2017-07-18,4650
Philando Castile,Shooting_of_Philando_Castile,2017-07-19,3915
Philando Castile,Shooting_of_Philando_Castile,2017-07-20,2908
Philando Castile,Shooting_of_Philando_Castile,2017-07-21,3523
Philando Castile,Shooting_of_Philando_Castile,2017-07-22,6517
Philando Castile,Shooting_of_Philando_Castile,2017-07-23,3174
Philando Castile,Shooting_of_Philando_Castile,2017-07-24,2618
Philando Castile,Shooting_of_Philando_Castile,2017-07-25,2211
Philando Castile,Shooting_of_Philando_Castile,2017-07-26,2005
Philando Castile,Shooting_of_Philando_Castile,2017-07-27,1380
Philando Castile,Shooting_of_Philando_Castile,2017-07-28,1474
Philando Castile,Shooting_of_Philando_Castile,2017-07-29,1283
Philando Castile,Shooting_of_Philando_Castile,2017-07-30,1169
Philando Castile,Shooting_of_Philando_Castile,2017-07-31,1077
Philando Castile,Shooting_of_Philando_Castile,2017-08-01,1024
Philando Castile,Shooting_of_Philando_Castile,2017-08-02,1396
Philando Castile,Shooting_of_Philando_Castile,2017-08-03,1182
Philando Castile,Shooting_of_Philando_Castile,2017-08-04,1023
Philando Castile,Shooting_of_Philando_Castile,2017-08-05,1055
Philando Castile,Shooting_of_Philando_Castile,2017-08-06,1178
Philando Castile,Shooting_of_Philando_Castile,2017-08-07,1522
Philando Castile,Shooting_of_Philando_Castile,2017-08-08,1059
Philando Castile,Shooting_of_Philando_Castile,2017-08-09,853
Philando Castile,Shooting_of_Philando_Castile,2017-08-10,1110
Philando Castile,Shooting_of_Philando_Castile,2017-08-11,1152
Philando Castile,Shooting_of_Philando_Castile,2017-08-12,1073
Philando Castile,Shooting_of_Philando_Castile,2017-08-13,1215
Philando Castile,Shooting_of_Philando_Castile,2017-08-14,1067
Philando Castile,Shooting_of_Philando_Castile,2017-08-15,1005
Philando Castile,Shooting_of_Philando_Castile,2017-08-16,1059
Philando Castile,Shooting_of_Philando_Castile,2017-08-17,940
Philando Castile,Shooting_of_Philando_Castile,2017-08-18,730
Philando Castile,Shooting_of_Philando_Castile,2017-08-19,705
Philando Castile,Shooting_of_Philando_Castile,2017-08-20,668
Philando Castile,Shooting_of_Philando_Castile,2017-08-21,667
Philando Castile,Shooting_of_Philando_Castile,2017-08-22,623
Philando Castile,Shooting_of_Philando_Castile,2017-08-23,777
Philando Castile,Shooting_of_Philando_Castile,2017-08-24,643
Philando Castile,Shooting_of_Philando_Castile,2017-08-25,755
Philando Castile,Shooting_of_Philando_Castile,2017-08-26,552
Philando Castile,Shooting_of_Philando_Castile,2017-08-27,587
Philando Castile,Shooting_of_Philando_Castile,2017-08-28,633
Philando Castile,Shooting_of_Philando_Castile,2017-08-29,609
Philando Castile,Shooting_of_Philando_Castile,2017-08-30,635
Philando Castile,Shooting_of_Philando_Castile,2017-08-31,863
Philando Castile,Shooting_of_Philando_Castile,2017-09-01,2232
Philando Castile,Shooting_of_Philando_Castile,2017-09-02,2026
Philando Castile,Shooting_of_Philando_Castile,2017-09-03,1044
Philando Castile,Shooting_of_Philando_Castile,2017-09-04,1060
Philando Castile,Shooting_of_Philando_Castile,2017-09-05,989
Philando Castile,Shooting_of_Philando_Castile,2017-09-06,970
Philando Castile,Shooting_of_Philando_Castile,2017-09-07,788
Philando Castile,Shooting_of_Philando_Castile,2017-09-08,629
Philando Castile,Shooting_of_Philando_Castile,2017-09-09,439
Philando Castile,Shooting_of_Philando_Castile,2017-09-10,577
Philando Castile,Shooting_of_Philando_Castile,2017-09-11,786
Philando Castile,Shooting_of_Philando_Castile,2017-09-12,1413
Philando Castile,Shooting_of_Philando_Castile,2017-09-13,2844
Philando Castile,Shooting_of_Philando_Castile,2017-09-14,2196
Philando Castile,Shooting_of_Philando_Castile,2017-09-15,2521
Philando Castile,Shooting_of_Philando_Castile,2017-09-16,1996
Philando Castile,Shooting_of_Philando_Castile,2017-09-17,1625
Philando Castile,Shooting_of_Philando_Castile,2017-09-18,1402
Philando Castile,Shooting_of_Philando_Castile,2017-09-19,1301
Philando Castile,Shooting_of_Philando_Castile,2017-09-20,1686
Philando Castile,Shooting_of_Philando_Castile,2017-09-21,1082
Philando Castile,Shooting_of_Philando_Castile,2017-09-22,1009
Philando Castile,Shooting_of_Philando_Castile,2017-09-23,905
Philando Castile,Shooting_of_Philando_Castile,2017-09-24,1741
Philando Castile,Shooting_of_Philando_Castile,2017-09-25,3526
Philando Castile,Shooting_of_Philando_Castile,2017-09-26,4063
Philando Castile,Shooting_of_Philando_Castile,2017-09-27,3245
Philando Castile,Shooting_of_Philando_Castile,2017-09-28,2429
Philando Castile,Shooting_of_Philando_Castile,2017-09-29,2044
Philando Castile,Shooting_of_Philando_Castile,2017-09-30,1765
Philando Castile,Shooting_of_Philando_Castile,2017-10-01,1638
Philando Castile,Shooting_of_Philando_Castile,2017-10-02,1719
Philando Castile,Shooting_of_Philando_Castile,2017-10-03,1894
Philando Castile,Shooting_of_Philando_Castile,2017-10-04,1551
Philando Castile,Shooting_of_Philando_Castile,2017-10-05,1525
Philando Castile,Shooting_of_Philando_Castile,2017-10-06,1303
Philando Castile,Shooting_of_Philando_Castile,2017-10-07,1047
Philando Castile,Shooting_of_Philando_Castile,2017-10-08,1047
Philando Castile,Shooting_of_Philando_Castile,2017-10-09,1221
Philando Castile,Shooting_of_Philando_Castile,2017-10-10,1172
Philando Castile,Shooting_of_Philando_Castile,2017-10-11,1652
Philando Castile,Shooting_of_Philando_Castile,2017-10-12,1281
Philando Castile,Shooting_of_Philando_Castile,2017-10-13,953
Philando Castile,Shooting_of_Philando_Castile,2017-10-14,838
Philando Castile,Shooting_of_Philando_Castile,2017-10-15,857
Philando Castile,Shooting_of_Philando_Castile,2017-10-16,1027
Philando Castile,Shooting_of_Philando_Castile,2017-10-17,1391
Philando Castile,Shooting_of_Philando_Castile,2017-10-18,1587
Philando Castile,Shooting_of_Philando_Castile,2017-10-19,1454
Philando Castile,Shooting_of_Philando_Castile,2017-10-20,1185
Philando Castile,Shooting_of_Philando_Castile,2017-10-21,932
Philando Castile,Shooting_of_Philando_Castile,2017-10-22,1021
Philando Castile,Shooting_of_Philando_Castile,2017-10-23,1082
Philando Castile,Shooting_of_Philando_Castile,2017-10-24,892
Philando Castile,Shooting_of_Philando_Castile,2017-10-25,817
Philando Castile,Shooting_of_Philando_Castile,2017-10-26,734
Philando Castile,Shooting_of_Philando_Castile,2017-10-27,577
Philando Castile,Shooting_of_Philando_Castile,2017-10-28,449
Philando Castile,Shooting_of_Philando_Castile,2017-10-29,645
Philando Castile,Shooting_of_Philando_Castile,2017-10-30,788
Philando Castile,Shooting_of_Philando_Castile,2017-10-31,769
Philando Castile,Shooting_of_Philando_Castile,2017-11-01,755
Philando Castile,Shooting_of_Philando_Castile,2017-11-02,687
Philando Castile,Shooting_of_Philando_Castile,2017-11-03,695
Philando Castile,Shooting_of_Philando_Castile,2017-11-04,490
Philando Castile,Shooting_of_Philando_Castile,2017-11-05,630
Philando Castile,Shooting_of_Philando_Castile,2017-11-06,972
Philando Castile,Shooting_of_Philando_Castile,2017-11-07,887
Philando Castile,Shooting_of_Philando_Castile,2017-11-08,838
Philando Castile,Shooting_of_Philando_Castile,2017-11-09,993
Philando Castile,Shooting_of_Philando_Castile,2017-11-10,762
Philando Castile,Shooting_of_Philando_Castile,2017-11-11,600
Philando Castile,Shooting_of_Philando_Castile,2017-11-12,736
Philando Castile,Shooting_of_Philando_Castile,2017-11-13,1099
Philando Castile,Shooting_of_Philando_Castile,2017-11-14,993
Philando Castile,Shooting_of_Philando_Castile,2017-11-15,859
Philando Castile,Shooting_of_Philando_Castile,2017-11-16,762
Philando Castile,Shooting_of_Philando_Castile,2017-11-17,820
Philando Castile,Shooting_of_Philando_Castile,2017-11-18,491
Philando Castile,Shooting_of_Philando_Castile,2017-11-19,514
Philando Castile,Shooting_of_Philando_Castile,2017-11-20,809
Philando Castile,Shooting_of_Philando_Castile,2017-11-21,689
Philando Castile,Shooting_of_Philando_Castile,2017-11-22,611
Philando Castile,Shooting_of_Philando_Castile,2017-11-23,584
Philando Castile,Shooting_of_Philando_Castile,2017-11-24,592
Philando Castile,Shooting_of_Philando_Castile,2017-11-25,684
Philando Castile,Shooting_of_Philando_Castile,2017-11-26,665
Philando Castile,Shooting_of_Philando_Castile,2017-11-27,732
Philando Castile,Shooting_of_Philando_Castile,2017-11-28,682
Philando Castile,Shooting_of_Philando_Castile,2017-11-29,2049
Philando Castile,Shooting_of_Philando_Castile,2017-11-30,2481
Philando Castile,Shooting_of_Philando_Castile,2017-12-01,1462
Philando Castile,Shooting_of_Philando_Castile,2017-12-02,1136
Philando Castile,Shooting_of_Philando_Castile,2017-12-03,1045
Philando Castile,Shooting_of_Philando_Castile,2017-12-04,1421
Philando Castile,Shooting_of_Philando_Castile,2017-12-05,1400
Philando Castile,Shooting_of_Philando_Castile,2017-12-06,1147
Philando Castile,Shooting_of_Philando_Castile,2017-12-07,1298
Philando Castile,Shooting_of_Philando_Castile,2017-12-08,1375
Philando Castile,Shooting_of_Philando_Castile,2017-12-09,1458
Philando Castile,Shooting_of_Philando_Castile,2017-12-10,1136
Philando Castile,Shooting_of_Philando_Castile,2017-12-11,1268
Philando Castile,Shooting_of_Philando_Castile,2017-12-12,1055
Philando Castile,Shooting_of_Philando_Castile,2017-12-13,862
Philando Castile,Shooting_of_Philando_Castile,2017-12-14,822
Philando Castile,Shooting_of_Philando_Castile,2017-12-15,738
Philando Castile,Shooting_of_Philando_Castile,2017-12-16,602
Philando Castile,Shooting_of_Philando_Castile,2017-12-17,694
Philando Castile,Shooting_of_Philando_Castile,2017-12-18,885
Philando Castile,Shooting_of_Philando_Castile,2017-12-19,633
Philando Castile,Shooting_of_Philando_Castile,2017-12-20,595
Philando Castile,Shooting_of_Philando_Castile,2017-12-21,599
Philando Castile,Shooting_of_Philando_Castile,2017-12-22,481
Philando Castile,Shooting_of_Philando_Castile,2017-12-23,355
Philando Castile,Shooting_of_Philando_Castile,2017-12-24,371
Philando Castile,Shooting_of_Philando_Castile,2017-12-25,368
Philando Castile,Shooting_of_Philando_Castile,2017-12-26,541
Philando Castile,Shooting_of_Philando_Castile,2017-12-27,581
Philando Castile,Shooting_of_Philando_Castile,2017-12-28,1391
Philando Castile,Shooting_of_Philando_Castile,2017-12-29,1056
Philando Castile,Shooting_of_Philando_Castile,2017-12-30,789
Philando Castile,Shooting_of_Philando_Castile,2017-12-31,662
Philando Castile,Shooting_of_Philando_Castile,2018-01-01,577
Philando Castile,Shooting_of_Philando_Castile,2018-01-02,587
Philando Castile,Shooting_of_Philando_Castile,2018-01-03,643
Philando Castile,Shooting_of_Philando_Castile,2018-01-04,592
Philando Castile,Shooting_of_Philando_Castile,2018-01-05,505
Philando Castile,Shooting_of_Philando_Castile,2018-01-06,443
Philando Castile,Shooting_of_Philando_Castile,2018-01-07,465
Philando Castile,Shooting_of_Philando_Castile,2018-01-08,785
Philando Castile,Shooting_of_Philando_Castile,2018-01-09,505
Philando Castile,Shooting_of_Philando_Castile,2018-01-10,552
Philando Castile,Shooting_of_Philando_Castile,2018-01-11,550
Philando Castile,Shooting_of_Philando_Castile,2018-01-12,600
Philando Castile,Shooting_of_Philando_Castile,2018-01-13,424
Philando Castile,Shooting_of_Philando_Castile,2018-01-14,487
Philando Castile,Shooting_of_Philando_Castile,2018-01-15,661
Philando Castile,Shooting_of_Philando_Castile,2018-01-16,985
Philando Castile,Shooting_of_Philando_Castile,2018-01-17,1213
Philando Castile,Shooting_of_Philando_Castile,2018-01-18,1067
Philando Castile,Shooting_of_Philando_Castile,2018-01-19,1108
Philando Castile,Shooting_of_Philando_Castile,2018-01-20,867
Philando Castile,Shooting_of_Philando_Castile,2018-01-21,855
Philando Castile,Shooting_of_Philando_Castile,2018-01-22,945
Philando Castile,Shooting_of_Philando_Castile,2018-01-23,890
Philando Castile,Shooting_of_Philando_Castile,2018-01-24,936
Philando Castile,Shooting_of_Philando_Castile,2018-01-25,1620
Philando Castile,Shooting_of_Philando_Castile,2018-01-26,912
Philando Castile,Shooting_of_Philando_Castile,2018-01-27,685
Philando Castile,Shooting_of_Philando_Castile,2018-01-28,839
Philando Castile,Shooting_of_Philando_Castile,2018-01-29,788
Philando Castile,Shooting_of_Philando_Castile,2018-01-30,800
Philando Castile,Shooting_of_Philando_Castile,2018-01-31,683
Philando Castile,Shooting_of_Philando_Castile,2018-02-01,1217
Philando Castile,Shooting_of_Philando_Castile,2018-02-02,1065
Philando Castile,Shooting_of_Philando_Castile,2018-02-03,634
Philando Castile,Shooting_of_Philando_Castile,2018-02-04,729
Philando Castile,Shooting_of_Philando_Castile,2018-02-05,811
Philando Castile,Shooting_of_Philando_Castile,2018-02-06,1204
Philando Castile,Shooting_of_Philando_Castile,2018-02-07,738
Philando Castile,Shooting_of_Philando_Castile,2018-02-08,784
Philando Castile,Shooting_of_Philando_Castile,2018-02-09,679
Philando Castile,Shooting_of_Philando_Castile,2018-02-10,566
Philando Castile,Shooting_of_Philando_Castile,2018-02-11,551
Philando Castile,Shooting_of_Philando_Castile,2018-02-12,690
Philando Castile,Shooting_of_Philando_Castile,2018-02-13,948
Philando Castile,Shooting_of_Philando_Castile,2018-02-14,933
Philando Castile,Shooting_of_Philando_Castile,2018-02-15,1591
Philando Castile,Shooting_of_Philando_Castile,2018-02-16,1417
Philando Castile,Shooting_of_Philando_Castile,2018-02-17,1051
Philando Castile,Shooting_of_Philando_Castile,2018-02-18,1150
Philando Castile,Shooting_of_Philando_Castile,2018-02-19,1190
Philando Castile,Shooting_of_Philando_Castile,2018-02-20,1074
Philando Castile,Shooting_of_Philando_Castile,2018-02-21,1018
Philando Castile,Shooting_of_Philando_Castile,2018-02-22,12846
Philando Castile,Shooting_of_Philando_Castile,2018-02-23,25368
Philando Castile,Shooting_of_Philando_Castile,2018-02-24,13619
Philando Castile,Shooting_of_Philando_Castile,2018-02-25,8068
Philando Castile,Shooting_of_Philando_Castile,2018-02-26,5543
Philando Castile,Shooting_of_Philando_Castile,2018-02-27,3985
Philando Castile,Shooting_of_Philando_Castile,2018-02-28,2683
Philando Castile,Shooting_of_Philando_Castile,2018-03-01,1990
Philando Castile,Shooting_of_Philando_Castile,2018-03-02,1661
Philando Castile,Shooting_of_Philando_Castile,2018-03-03,3647
Philando Castile,Shooting_of_Philando_Castile,2018-03-04,10995
Philando Castile,Shooting_of_Philando_Castile,2018-03-05,6890
Philando Castile,Shooting_of_Philando_Castile,2018-03-06,4442
Philando Castile,Shooting_of_Philando_Castile,2018-03-07,2987
Philando Castile,Shooting_of_Philando_Castile,2018-03-08,2351
Philando Castile,Shooting_of_Philando_Castile,2018-03-09,2091
Philando Castile,Shooting_of_Philando_Castile,2018-03-10,2309
Philando Castile,Shooting_of_Philando_Castile,2018-03-11,2186
Philando Castile,Shooting_of_Philando_Castile,2018-03-12,2092
Philando Castile,Shooting_of_Philando_Castile,2018-03-13,1671
Philando Castile,Shooting_of_Philando_Castile,2018-03-14,1761
Philando Castile,Shooting_of_Philando_Castile,2018-03-15,1402
Philando Castile,Shooting_of_Philando_Castile,2018-03-16,1242
Philando Castile,Shooting_of_Philando_Castile,2018-03-17,1112
Philando Castile,Shooting_of_Philando_Castile,2018-03-18,1264
Philando Castile,Shooting_of_Philando_Castile,2018-03-19,1373
Philando Castile,Shooting_of_Philando_Castile,2018-03-20,2087
Philando Castile,Shooting_of_Philando_Castile,2018-03-21,2307
Philando Castile,Shooting_of_Philando_Castile,2018-03-22,1830
Philando Castile,Shooting_of_Philando_Castile,2018-03-23,3764
Philando Castile,Shooting_of_Philando_Castile,2018-03-24,1920
Philando Castile,Shooting_of_Philando_Castile,2018-03-25,3648
Philando Castile,Shooting_of_Philando_Castile,2018-03-26,3006
Philando Castile,Shooting_of_Philando_Castile,2018-03-27,3599
Philando Castile,Shooting_of_Philando_Castile,2018-03-28,2906
Philando Castile,Shooting_of_Philando_Castile,2018-03-29,2124
Philando Castile,Shooting_of_Philando_Castile,2018-03-30,1842
Philando Castile,Shooting_of_Philando_Castile,2018-03-31,2886
Philando Castile,Shooting_of_Philando_Castile,2018-04-01,1684
Philando Castile,Shooting_of_Philando_Castile,2018-04-02,1857
Philando Castile,Shooting_of_Philando_Castile,2018-04-03,1507
Philando Castile,Shooting_of_Philando_Castile,2018-04-04,1460
Philando Castile,Shooting_of_Philando_Castile,2018-04-05,1520
Philando Castile,Shooting_of_Philando_Castile,2018-04-06,1265
Philando Castile,Shooting_of_Philando_Castile,2018-04-07,1005
Philando Castile,Shooting_of_Philando_Castile,2018-04-08,1012
Philando Castile,Shooting_of_Philando_Castile,2018-04-09,1362
Philando Castile,Shooting_of_Philando_Castile,2018-04-10,1180
Philando Castile,Shooting_of_Philando_Castile,2018-04-11,1100
Philando Castile,Shooting_of_Philando_Castile,2018-04-12,1132
Philando Castile,Shooting_of_Philando_Castile,2018-04-13,952
Philando Castile,Shooting_of_Philando_Castile,2018-04-14,1077
Philando Castile,Shooting_of_Philando_Castile,2018-04-15,1128
Philando Castile,Shooting_of_Philando_Castile,2018-04-16,1155
Philando Castile,Shooting_of_Philando_Castile,2018-04-17,1214
Philando Castile,Shooting_of_Philando_Castile,2018-04-18,1390
Philando Castile,Shooting_of_Philando_Castile,2018-04-19,1233
Philando Castile,Shooting_of_Philando_Castile,2018-04-20,952
Philando Castile,Shooting_of_Philando_Castile,2018-04-21,685
Philando Castile,Shooting_of_Philando_Castile,2018-04-22,1199
Philando Castile,Shooting_of_Philando_Castile,2018-04-23,1287
Philando Castile,Shooting_of_Philando_Castile,2018-04-24,1476
Philando Castile,Shooting_of_Philando_Castile,2018-04-25,1816
Philando Castile,Shooting_of_Philando_Castile,2018-04-26,1743
Philando Castile,Shooting_of_Philando_Castile,2018-04-27,1598
Philando Castile,Shooting_of_Philando_Castile,2018-04-28,1152
Philando Castile,Shooting_of_Philando_Castile,2018-04-29,4884
Philando Castile,Shooting_of_Philando_Castile,2018-04-30,1948
Philando Castile,Shooting_of_Philando_Castile,2018-05-01,1111
Philando Castile,Shooting_of_Philando_Castile,2018-05-02,1094
Philando Castile,Shooting_of_Philando_Castile,2018-05-03,1079
Philando Castile,Shooting_of_Philando_Castile,2018-05-04,1089
Philando Castile,Shooting_of_Philando_Castile,2018-05-05,866
Philando Castile,Shooting_of_Philando_Castile,2018-05-06,1016
Philando Castile,Shooting_of_Philando_Castile,2018-05-07,1442
Philando Castile,Shooting_of_Philando_Castile,2018-05-08,1472
Philando Castile,Shooting_of_Philando_Castile,2018-05-09,1389
Philando Castile,Shooting_of_Philando_Castile,2018-05-10,1221
Philando Castile,Shooting_of_Philando_Castile,2018-05-11,1284
Philando Castile,Shooting_of_Philando_Castile,2018-05-12,1000
Philando Castile,Shooting_of_Philando_Castile,2018-05-13,1063
Philando Castile,Shooting_of_Philando_Castile,2018-05-14,1109
Philando Castile,Shooting_of_Philando_Castile,2018-05-15,1171
Philando Castile,Shooting_of_Philando_Castile,2018-05-16,1128
Philando Castile,Shooting_of_Philando_Castile,2018-05-17,1442
Philando Castile,Shooting_of_Philando_Castile,2018-05-18,1921
Philando Castile,Shooting_of_Philando_Castile,2018-05-19,1427
Philando Castile,Shooting_of_Philando_Castile,2018-05-20,1013
Philando Castile,Shooting_of_Philando_Castile,2018-05-21,1208
Philando Castile,Shooting_of_Philando_Castile,2018-05-22,1209
Philando Castile,Shooting_of_Philando_Castile,2018-05-23,1145
Philando Castile,Shooting_of_Philando_Castile,2018-05-24,1638
Philando Castile,Shooting_of_Philando_Castile,2018-05-25,1368
Philando Castile,Shooting_of_Philando_Castile,2018-05-26,1028
Philando Castile,Shooting_of_Philando_Castile,2018-05-27,1112
Philando Castile,Shooting_of_Philando_Castile,2018-05-28,1282
Philando Castile,Shooting_of_Philando_Castile,2018-05-29,1300
Philando Castile,Shooting_of_Philando_Castile,2018-05-30,1398
Philando Castile,Shooting_of_Philando_Castile,2018-05-31,1601
Philando Castile,Shooting_of_Philando_Castile,2018-06-01,1346
Philando Castile,Shooting_of_Philando_Castile,2018-06-02,1716
Philando Castile,Shooting_of_Philando_Castile,2018-06-03,1249
Philando Castile,Shooting_of_Philando_Castile,2018-06-04,1283
Philando Castile,Shooting_of_Philando_Castile,2018-06-05,1039
Philando Castile,Shooting_of_Philando_Castile,2018-06-06,1150
Philando Castile,Shooting_of_Philando_Castile,2018-06-07,1243
Philando Castile,Shooting_of_Philando_Castile,2018-06-08,1512
Philando Castile,Shooting_of_Philando_Castile,2018-06-09,903
Philando Castile,Shooting_of_Philando_Castile,2018-06-10,914
Philando Castile,Shooting_of_Philando_Castile,2018-06-11,904
Philando Castile,Shooting_of_Philando_Castile,2018-06-12,840
Philando Castile,Shooting_of_Philando_Castile,2018-06-13,841
Philando Castile,Shooting_of_Philando_Castile,2018-06-14,892
Philando Castile,Shooting_of_Philando_Castile,2018-06-15,684
Philando Castile,Shooting_of_Philando_Castile,2018-06-16,715
Philando Castile,Shooting_of_Philando_Castile,2018-06-17,858
Philando Castile,Shooting_of_Philando_Castile,2018-06-18,874
Philando Castile,Shooting_of_Philando_Castile,2018-06-19,2107
Philando Castile,Shooting_of_Philando_Castile,2018-06-20,1268
Philando Castile,Shooting_of_Philando_Castile,2018-06-21,1323
Philando Castile,Shooting_of_Philando_Castile,2018-06-22,1280
Philando Castile,Shooting_of_Philando_Castile,2018-06-23,1125
Philando Castile,Shooting_of_Philando_Castile,2018-06-24,1054
Philando Castile,Shooting_of_Philando_Castile,2018-06-25,1116
Philando Castile,Shooting_of_Philando_Castile,2018-06-26,3210
Philando Castile,Shooting_of_Philando_Castile,2018-06-27,1430
Philando Castile,Shooting_of_Philando_Castile,2018-06-28,1046
Philando Castile,Shooting_of_Philando_Castile,2018-06-29,1363
Philando Castile,Shooting_of_Philando_Castile,2018-06-30,934
Philando Castile,Shooting_of_Philando_Castile,2018-07-01,871
Philando Castile,Shooting_of_Philando_Castile,2018-07-02,812
Philando Castile,Shooting_of_Philando_Castile,2018-07-03,742
Philando Castile,Shooting_of_Philando_Castile,2018-07-04,743
Philando Castile,Shooting_of_Philando_Castile,2018-07-05,712
Philando Castile,Shooting_of_Philando_Castile,2018-07-06,3576
Philando Castile,Shooting_of_Philando_Castile,2018-07-07,4461
Philando Castile,Shooting_of_Philando_Castile,2018-07-08,3467
Philando Castile,Shooting_of_Philando_Castile,2018-07-09,2028
Philando Castile,Shooting_of_Philando_Castile,2018-07-10,1475
Philando Castile,Shooting_of_Philando_Castile,2018-07-11,1380
Philando Castile,Shooting_of_Philando_Castile,2018-07-12,1169
Philando Castile,Shooting_of_Philando_Castile,2018-07-13,930
Philando Castile,Shooting_of_Philando_Castile,2018-07-14,1035
Philando Castile,Shooting_of_Philando_Castile,2018-07-15,961
Philando Castile,Shooting_of_Philando_Castile,2018-07-16,1109
Philando Castile,Shooting_of_Philando_Castile,2018-07-17,1146
Philando Castile,Shooting_of_Philando_Castile,2018-07-18,1155
Philando Castile,Shooting_of_Philando_Castile,2018-07-19,840
Philando Castile,Shooting_of_Philando_Castile,2018-07-20,792
Philando Castile,Shooting_of_Philando_Castile,2018-07-21,701
Philando Castile,Shooting_of_Philando_Castile,2018-07-22,841
Philando Castile,Shooting_of_Philando_Castile,2018-07-23,882
Philando Castile,Shooting_of_Philando_Castile,2018-07-24,955
Philando Castile,Shooting_of_Philando_Castile,2018-07-25,991
Philando Castile,Shooting_of_Philando_Castile,2018-07-26,1076
Philando Castile,Shooting_of_Philando_Castile,2018-07-27,895
Philando Castile,Shooting_of_Philando_Castile,2018-07-28,868
Philando Castile,Shooting_of_Philando_Castile,2018-07-29,847
Philando Castile,Shooting_of_Philando_Castile,2018-07-30,1491
Philando Castile,Shooting_of_Philando_Castile,2018-07-31,1559
Philando Castile,Shooting_of_Philando_Castile,2018-08-01,1121
Philando Castile,Shooting_of_Philando_Castile,2018-08-02,1015
Philando Castile,Shooting_of_Philando_Castile,2018-08-03,813
Philando Castile,Shooting_of_Philando_Castile,2018-08-04,746
Philando Castile,Shooting_of_Philando_Castile,2018-08-05,878
Philando Castile,Shooting_of_Philando_Castile,2018-08-06,854
Philando Castile,Shooting_of_Philando_Castile,2018-08-07,840
Philando Castile,Shooting_of_Philando_Castile,2018-08-08,739
Philando Castile,Shooting_of_Philando_Castile,2018-08-09,1154
Philando Castile,Shooting_of_Philando_Castile,2018-08-10,882
Philando Castile,Shooting_of_Philando_Castile,2018-08-11,1595
Philando Castile,Shooting_of_Philando_Castile,2018-08-12,1036
Philando Castile,Shooting_of_Philando_Castile,2018-08-13,957
Philando Castile,Shooting_of_Philando_Castile,2018-08-14,825
Philando Castile,Shooting_of_Philando_Castile,2018-08-15,766
Philando Castile,Shooting_of_Philando_Castile,2018-08-16,733
Philando Castile,Shooting_of_Philando_Castile,2018-08-17,704
Philando Castile,Shooting_of_Philando_Castile,2018-08-18,715
Philando Castile,Shooting_of_Philando_Castile,2018-08-19,754
Philando Castile,Shooting_of_Philando_Castile,2018-08-20,846
Philando Castile,Shooting_of_Philando_Castile,2018-08-21,877
Philando Castile,Shooting_of_Philando_Castile,2018-08-22,834
Philando Castile,Shooting_of_Philando_Castile,2018-08-23,856
Philando Castile,Shooting_of_Philando_Castile,2018-08-24,723
Philando Castile,Shooting_of_Philando_Castile,2018-08-25,750
Philando Castile,Shooting_of_Philando_Castile,2018-08-26,764
Philando Castile,Shooting_of_Philando_Castile,2018-08-27,801
Philando Castile,Shooting_of_Philando_Castile,2018-08-28,790
Philando Castile,Shooting_of_Philando_Castile,2018-08-29,968
Philando Castile,Shooting_of_Philando_Castile,2018-08-30,908
Philando Castile,Shooting_of_Philando_Castile,2018-08-31,778
Philando Castile,Shooting_of_Philando_Castile,2018-09-01,574
Philando Castile,Shooting_of_Philando_Castile,2018-09-02,614
Philando Castile,Shooting_of_Philando_Castile,2018-09-03,707
Philando Castile,Shooting_of_Philando_Castile,2018-09-04,1417
Philando Castile,Shooting_of_Philando_Castile,2018-09-05,1930
Philando Castile,Shooting_of_Philando_Castile,2018-09-06,1692
Philando Castile,Shooting_of_Philando_Castile,2018-09-07,1499
Philando Castile,Shooting_of_Philando_Castile,2018-09-08,1448
Philando Castile,Shooting_of_Philando_Castile,2018-09-09,1258
Philando Castile,Shooting_of_Philando_Castile,2018-09-10,1345
Philando Castile,Shooting_of_Philando_Castile,2018-09-11,1569
Philando Castile,Shooting_of_Philando_Castile,2018-09-12,1867
Philando Castile,Shooting_of_Philando_Castile,2018-09-13,1538
Philando Castile,Shooting_of_Philando_Castile,2018-09-14,1521
Philando Castile,Shooting_of_Philando_Castile,2018-09-15,1215
Philando Castile,Shooting_of_Philando_Castile,2018-09-16,1052
Philando Castile,Shooting_of_Philando_Castile,2018-09-17,1111
Philando Castile,Shooting_of_Philando_Castile,2018-09-18,995
Philando Castile,Shooting_of_Philando_Castile,2018-09-19,885
Philando Castile,Shooting_of_Philando_Castile,2018-09-20,881
Philando Castile,Shooting_of_Philando_Castile,2018-09-21,806
Philando Castile,Shooting_of_Philando_Castile,2018-09-22,836
Philando Castile,Shooting_of_Philando_Castile,2018-09-23,811
Philando Castile,Shooting_of_Philando_Castile,2018-09-24,981
Philando Castile,Shooting_of_Philando_Castile,2018-09-25,1018
Philando Castile,Shooting_of_Philando_Castile,2018-09-26,853
Philando Castile,Shooting_of_Philando_Castile,2018-09-27,938
Philando Castile,Shooting_of_Philando_Castile,2018-09-28,807
Philando Castile,Shooting_of_Philando_Castile,2018-09-29,613
Philando Castile,Shooting_of_Philando_Castile,2018-09-30,633
Philando Castile,Shooting_of_Philando_Castile,2018-10-01,786
Philando Castile,Shooting_of_Philando_Castile,2018-10-02,826
Philando Castile,Shooting_of_Philando_Castile,2018-10-03,853
Philando Castile,Shooting_of_Philando_Castile,2018-10-04,1039
Philando Castile,Shooting_of_Philando_Castile,2018-10-05,1486
Philando Castile,Shooting_of_Philando_Castile,2018-10-06,1104
Philando Castile,Shooting_of_Philando_Castile,2018-10-07,795
Philando Castile,Shooting_of_Philando_Castile,2018-10-08,805
Philando Castile,Shooting_of_Philando_Castile,2018-10-09,967
Philando Castile,Shooting_of_Philando_Castile,2018-10-10,853
Philando Castile,Shooting_of_Philando_Castile,2018-10-11,959
Philando Castile,Shooting_of_Philando_Castile,2018-10-12,847
Philando Castile,Shooting_of_Philando_Castile,2018-10-13,655
Philando Castile,Shooting_of_Philando_Castile,2018-10-14,671
Philando Castile,Shooting_of_Philando_Castile,2018-10-15,891
Philando Castile,Shooting_of_Philando_Castile,2018-10-16,888
Philando Castile,Shooting_of_Philando_Castile,2018-10-17,1124
Philando Castile,Shooting_of_Philando_Castile,2018-10-18,1103
Philando Castile,Shooting_of_Philando_Castile,2018-10-19,1061
Philando Castile,Shooting_of_Philando_Castile,2018-10-20,683
Philando Castile,Shooting_of_Philando_Castile,2018-10-21,792
Philando Castile,Shooting_of_Philando_Castile,2018-10-22,938
Philando Castile,Shooting_of_Philando_Castile,2018-10-23,812
Philando Castile,Shooting_of_Philando_Castile,2018-10-24,902
Philando Castile,Shooting_of_Philando_Castile,2018-10-25,841
Philando Castile,Shooting_of_Philando_Castile,2018-10-26,762
Philando Castile,Shooting_of_Philando_Castile,2018-10-27,688
Philando Castile,Shooting_of_Philando_Castile,2018-10-28,742
Philando Castile,Shooting_of_Philando_Castile,2018-10-29,996
Philando Castile,Shooting_of_Philando_Castile,2018-10-30,904
Philando Castile,Shooting_of_Philando_Castile,2018-10-31,878
Philando Castile,Shooting_of_Philando_Castile,2018-11-01,833
Philando Castile,Shooting_of_Philando_Castile,2018-11-02,741
Philando Castile,Shooting_of_Philando_Castile,2018-11-03,613
Philando Castile,Shooting_of_Philando_Castile,2018-11-04,730
Philando Castile,Shooting_of_Philando_Castile,2018-11-05,787
Philando Castile,Shooting_of_Philando_Castile,2018-11-06,882
Philando Castile,Shooting_of_Philando_Castile,2018-11-07,859
Philando Castile,Shooting_of_Philando_Castile,2018-11-08,942
Philando Castile,Shooting_of_Philando_Castile,2018-11-09,881
Philando Castile,Shooting_of_Philando_Castile,2018-11-10,603
Philando Castile,Shooting_of_Philando_Castile,2018-11-11,617
Philando Castile,Shooting_of_Philando_Castile,2018-11-12,1065
Philando Castile,Shooting_of_Philando_Castile,2018-11-13,2349
Philando Castile,Shooting_of_Philando_Castile,2018-11-14,1455
Philando Castile,Shooting_of_Philando_Castile,2018-11-15,1000
Philando Castile,Shooting_of_Philando_Castile,2018-11-16,885
Philando Castile,Shooting_of_Philando_Castile,2018-11-17,692
Philando Castile,Shooting_of_Philando_Castile,2018-11-18,683
Philando Castile,Shooting_of_Philando_Castile,2018-11-19,802
Philando Castile,Shooting_of_Philando_Castile,2018-11-20,799
Philando Castile,Shooting_of_Philando_Castile,2018-11-21,695
Philando Castile,Shooting_of_Philando_Castile,2018-11-22,623
Philando Castile,Shooting_of_Philando_Castile,2018-11-23,507
Philando Castile,Shooting_of_Philando_Castile,2018-11-24,691
Philando Castile,Shooting_of_Philando_Castile,2018-11-25,1680
Philando Castile,Shooting_of_Philando_Castile,2018-11-26,1209
Philando Castile,Shooting_of_Philando_Castile,2018-11-27,1190
Philando Castile,Shooting_of_Philando_Castile,2018-11-28,2731
Philando Castile,Shooting_of_Philando_Castile,2018-11-29,3236
Philando Castile,Shooting_of_Philando_Castile,2018-11-30,2059
Philando Castile,Shooting_of_Philando_Castile,2018-12-01,1451
Philando Castile,Shooting_of_Philando_Castile,2018-12-02,1351
Philando Castile,Shooting_of_Philando_Castile,2018-12-03,1452
Philando Castile,Shooting_of_Philando_Castile,2018-12-04,1441
Philando Castile,Shooting_of_Philando_Castile,2018-12-05,1366
Philando Castile,Shooting_of_Philando_Castile,2018-12-06,1151
Philando Castile,Shooting_of_Philando_Castile,2018-12-07,1038
Philando Castile,Shooting_of_Philando_Castile,2018-12-08,795
Philando Castile,Shooting_of_Philando_Castile,2018-12-09,831
Philando Castile,Shooting_of_Philando_Castile,2018-12-10,998
Philando Castile,Shooting_of_Philando_Castile,2018-12-11,1084
Philando Castile,Shooting_of_Philando_Castile,2018-12-12,1181
Philando Castile,Shooting_of_Philando_Castile,2018-12-13,1079
Philando Castile,Shooting_of_Philando_Castile,2018-12-14,887
Philando Castile,Shooting_of_Philando_Castile,2018-12-15,664
Philando Castile,Shooting_of_Philando_Castile,2018-12-16,643
Philando Castile,Shooting_of_Philando_Castile,2018-12-17,1117
Philando Castile,Shooting_of_Philando_Castile,2018-12-18,852
Philando Castile,Shooting_of_Philando_Castile,2018-12-19,905
Philando Castile,Shooting_of_Philando_Castile,2018-12-20,810
Philando Castile,Shooting_of_Philando_Castile,2018-12-21,630
Philando Castile,Shooting_of_Philando_Castile,2018-12-22,519
Philando Castile,Shooting_of_Philando_Castile,2018-12-23,513
Philando Castile,Shooting_of_Philando_Castile,2018-12-24,454
Philando Castile,Shooting_of_Philando_Castile,2018-12-25,434
Philando Castile,Shooting_of_Philando_Castile,2018-12-26,499
Philando Castile,Shooting_of_Philando_Castile,2018-12-27,594
Philando Castile,Shooting_of_Philando_Castile,2018-12-28,557
Philando Castile,Shooting_of_Philando_Castile,2018-12-29,603
Philando Castile,Shooting_of_Philando_Castile,2018-12-30,608
Philando Castile,Shooting_of_Philando_Castile,2018-12-31,584
Philando Castile,Shooting_of_Philando_Castile,2019-01-01,528
Philando Castile,Shooting_of_Philando_Castile,2019-01-02,642
Philando Castile,Shooting_of_Philando_Castile,2019-01-03,704
Philando Castile,Shooting_of_Philando_Castile,2019-01-04,645
Philando Castile,Shooting_of_Philando_Castile,2019-01-05,572
Philando Castile,Shooting_of_Philando_Castile,2019-01-06,1467
Philando Castile,Shooting_of_Philando_Castile,2019-01-07,740
Philando Castile,Shooting_of_Philando_Castile,2019-01-08,801
Philando Castile,Shooting_of_Philando_Castile,2019-01-09,1198
Philando Castile,Shooting_of_Philando_Castile,2019-01-10,840
Philando Castile,Shooting_of_Philando_Castile,2019-01-11,733
Philando Castile,Shooting_of_Philando_Castile,2019-01-12,642
Philando Castile,Shooting_of_Philando_Castile,2019-01-13,638
Philando Castile,Shooting_of_Philando_Castile,2019-01-14,817
Philando Castile,Shooting_of_Philando_Castile,2019-01-15,784
Philando Castile,Shooting_of_Philando_Castile,2019-01-16,802
Philando Castile,Shooting_of_Philando_Castile,2019-01-17,832
Philando Castile,Shooting_of_Philando_Castile,2019-01-18,782
Philando Castile,Shooting_of_Philando_Castile,2019-01-19,953
Philando Castile,Shooting_of_Philando_Castile,2019-01-20,718
Philando Castile,Shooting_of_Philando_Castile,2019-01-21,1140
Philando Castile,Shooting_of_Philando_Castile,2019-01-22,1346
Philando Castile,Shooting_of_Philando_Castile,2019-01-23,941
Philando Castile,Shooting_of_Philando_Castile,2019-01-24,902
Philando Castile,Shooting_of_Philando_Castile,2019-01-25,824
Philando Castile,Shooting_of_Philando_Castile,2019-01-26,662
Philando Castile,Shooting_of_Philando_Castile,2019-01-27,714
Philando Castile,Shooting_of_Philando_Castile,2019-01-28,851
Philando Castile,Shooting_of_Philando_Castile,2019-01-29,914
Philando Castile,Shooting_of_Philando_Castile,2019-01-30,961
Philando Castile,Shooting_of_Philando_Castile,2019-01-31,839
Philando Castile,Shooting_of_Philando_Castile,2019-02-01,1264
Philando Castile,Shooting_of_Philando_Castile,2019-02-02,880
Philando Castile,Shooting_of_Philando_Castile,2019-02-03,788
Philando Castile,Shooting_of_Philando_Castile,2019-02-04,897
Philando Castile,Shooting_of_Philando_Castile,2019-02-05,1186
Philando Castile,Shooting_of_Philando_Castile,2019-02-06,974
Philando Castile,Shooting_of_Philando_Castile,2019-02-07,1061
Philando Castile,Shooting_of_Philando_Castile,2019-02-08,930
Philando Castile,Shooting_of_Philando_Castile,2019-02-09,779
Philando Castile,Shooting_of_Philando_Castile,2019-02-10,779
Philando Castile,Shooting_of_Philando_Castile,2019-02-11,1137
Philando Castile,Shooting_of_Philando_Castile,2019-02-12,1107
Philando Castile,Shooting_of_Philando_Castile,2019-02-13,1209
Philando Castile,Shooting_of_Philando_Castile,2019-02-14,983
Philando Castile,Shooting_of_Philando_Castile,2019-02-15,847
Philando Castile,Shooting_of_Philando_Castile,2019-02-16,743
Philando Castile,Shooting_of_Philando_Castile,2019-02-17,853
Philando Castile,Shooting_of_Philando_Castile,2019-02-18,844
Philando Castile,Shooting_of_Philando_Castile,2019-02-19,880
Philando Castile,Shooting_of_Philando_Castile,2019-02-20,888
Philando Castile,Shooting_of_Philando_Castile,2019-02-21,929
Philando Castile,Shooting_of_Philando_Castile,2019-02-22,970
Philando Castile,Shooting_of_Philando_Castile,2019-02-23,705
Philando Castile,Shooting_of_Philando_Castile,2019-02-24,889
Philando Castile,Shooting_of_Philando_Castile,2019-02-25,1065
Philando Castile,Shooting_of_Philando_Castile,2019-02-26,929
Philando Castile,Shooting_of_Philando_Castile,2019-02-27,874
Philando Castile,Shooting_of_Philando_Castile,2019-02-28,853
Philando Castile,Shooting_of_Philando_Castile,2019-03-01,763
Philando Castile,Shooting_of_Philando_Castile,2019-03-02,704
Philando Castile,Shooting_of_Philando_Castile,2019-03-03,953
Philando Castile,Shooting_of_Philando_Castile,2019-03-04,971
Philando Castile,Shooting_of_Philando_Castile,2019-03-05,862
Philando Castile,Shooting_of_Philando_Castile,2019-03-06,933
Philando Castile,Shooting_of_Philando_Castile,2019-03-07,997
Philando Castile,Shooting_of_Philando_Castile,2019-03-08,1046
Philando Castile,Shooting_of_Philando_Castile,2019-03-09,1392
Philando Castile,Shooting_of_Philando_Castile,2019-03-10,892
Philando Castile,Shooting_of_Philando_Castile,2019-03-11,945
Philando Castile,Shooting_of_Philando_Castile,2019-03-12,941
Philando Castile,Shooting_of_Philando_Castile,2019-03-13,899
Philando Castile,Shooting_of_Philando_Castile,2019-03-14,783
Philando Castile,Shooting_of_Philando_Castile,2019-03-15,963
Philando Castile,Shooting_of_Philando_Castile,2019-03-16,888
Philando Castile,Shooting_of_Philando_Castile,2019-03-17,908
Philando Castile,Shooting_of_Philando_Castile,2019-03-18,967
Philando Castile,Shooting_of_Philando_Castile,2019-03-19,1000
Philando Castile,Shooting_of_Philando_Castile,2019-03-20,943
Philando Castile,Shooting_of_Philando_Castile,2019-03-21,1104
Philando Castile,Shooting_of_Philando_Castile,2019-03-22,916
Philando Castile,Shooting_of_Philando_Castile,2019-03-23,1057
Philando Castile,Shooting_of_Philando_Castile,2019-03-24,861
Philando Castile,Shooting_of_Philando_Castile,2019-03-25,978
Philando Castile,Shooting_of_Philando_Castile,2019-03-26,890
Philando Castile,Shooting_of_Philando_Castile,2019-03-27,876
Philando Castile,Shooting_of_Philando_Castile,2019-03-28,950
Philando Castile,Shooting_of_Philando_Castile,2019-03-29,819
Philando Castile,Shooting_of_Philando_Castile,2019-03-30,734
Philando Castile,Shooting_of_Philando_Castile,2019-03-31,2239
Philando Castile,Shooting_of_Philando_Castile,2019-04-01,993
Philando Castile,Shooting_of_Philando_Castile,2019-04-02,911
Philando Castile,Shooting_of_Philando_Castile,2019-04-03,994
Philando Castile,Shooting_of_Philando_Castile,2019-04-04,954
Philando Castile,Shooting_of_Philando_Castile,2019-04-05,936
Philando Castile,Shooting_of_Philando_Castile,2019-04-06,1328
Philando Castile,Shooting_of_Philando_Castile,2019-04-07,1146
Philando Castile,Shooting_of_Philando_Castile,2019-04-08,1201
Philando Castile,Shooting_of_Philando_Castile,2019-04-09,995
Philando Castile,Shooting_of_Philando_Castile,2019-04-10,921
Philando Castile,Shooting_of_Philando_Castile,2019-04-11,945
Philando Castile,Shooting_of_Philando_Castile,2019-04-12,818
Philando Castile,Shooting_of_Philando_Castile,2019-04-13,702
Philando Castile,Shooting_of_Philando_Castile,2019-04-14,826
Philando Castile,Shooting_of_Philando_Castile,2019-04-15,877
Philando Castile,Shooting_of_Philando_Castile,2019-04-16,955
Philando Castile,Shooting_of_Philando_Castile,2019-04-17,883
Philando Castile,Shooting_of_Philando_Castile,2019-04-18,937
Philando Castile,Shooting_of_Philando_Castile,2019-04-19,1972
Philando Castile,Shooting_of_Philando_Castile,2019-04-20,1146
Philando Castile,Shooting_of_Philando_Castile,2019-04-21,783
Philando Castile,Shooting_of_Philando_Castile,2019-04-22,886
Philando Castile,Shooting_of_Philando_Castile,2019-04-23,922
Philando Castile,Shooting_of_Philando_Castile,2019-04-24,1545
Philando Castile,Shooting_of_Philando_Castile,2019-04-25,1051
Philando Castile,Shooting_of_Philando_Castile,2019-04-26,1074
Philando Castile,Shooting_of_Philando_Castile,2019-04-27,803
Philando Castile,Shooting_of_Philando_Castile,2019-04-28,851
Philando Castile,Shooting_of_Philando_Castile,2019-04-29,915
Philando Castile,Shooting_of_Philando_Castile,2019-04-30,2793
Philando Castile,Shooting_of_Philando_Castile,2019-05-01,5910
Philando Castile,Shooting_of_Philando_Castile,2019-05-02,2366
Philando Castile,Shooting_of_Philando_Castile,2019-05-03,7104
Philando Castile,Shooting_of_Philando_Castile,2019-05-04,11854
Philando Castile,Shooting_of_Philando_Castile,2019-05-05,4985
Philando Castile,Shooting_of_Philando_Castile,2019-05-06,1796
Philando Castile,Shooting_of_Philando_Castile,2019-05-07,2570
Philando Castile,Shooting_of_Philando_Castile,2019-05-08,2320
Philando Castile,Shooting_of_Philando_Castile,2019-05-09,1711
Philando Castile,Shooting_of_Philando_Castile,2019-05-10,1220
Philando Castile,Shooting_of_Philando_Castile,2019-05-11,961
Philando Castile,Shooting_of_Philando_Castile,2019-05-12,1392
Philando Castile,Shooting_of_Philando_Castile,2019-05-13,1757
Philando Castile,Shooting_of_Philando_Castile,2019-05-14,1412
Philando Castile,Shooting_of_Philando_Castile,2019-05-15,1587
Philando Castile,Shooting_of_Philando_Castile,2019-05-16,1164
Philando Castile,Shooting_of_Philando_Castile,2019-05-17,1246
Philando Castile,Shooting_of_Philando_Castile,2019-05-18,808
Philando Castile,Shooting_of_Philando_Castile,2019-05-19,950
Philando Castile,Shooting_of_Philando_Castile,2019-05-20,1053
Philando Castile,Shooting_of_Philando_Castile,2019-05-21,1050
Philando Castile,Shooting_of_Philando_Castile,2019-05-22,1588
Philando Castile,Shooting_of_Philando_Castile,2019-05-23,1057
Philando Castile,Shooting_of_Philando_Castile,2019-05-24,947
Philando Castile,Shooting_of_Philando_Castile,2019-05-25,861
Philando Castile,Shooting_of_Philando_Castile,2019-05-26,655
Philando Castile,Shooting_of_Philando_Castile,2019-05-27,726
Philando Castile,Shooting_of_Philando_Castile,2019-05-28,1187
Philando Castile,Shooting_of_Philando_Castile,2019-05-29,2160
Philando Castile,Shooting_of_Philando_Castile,2019-05-30,928
Philando Castile,Shooting_of_Philando_Castile,2019-05-31,853
Philando Castile,Shooting_of_Philando_Castile,2019-06-01,699
Philando Castile,Shooting_of_Philando_Castile,2019-06-02,715
Philando Castile,Shooting_of_Philando_Castile,2019-06-03,838
Philando Castile,Shooting_of_Philando_Castile,2019-06-04,750
Philando Castile,Shooting_of_Philando_Castile,2019-06-05,795
Philando Castile,Shooting_of_Philando_Castile,2019-06-06,758
Philando Castile,Shooting_of_Philando_Castile,2019-06-07,1582
Philando Castile,Shooting_of_Philando_Castile,2019-06-08,1486
Philando Castile,Shooting_of_Philando_Castile,2019-06-09,993
Philando Castile,Shooting_of_Philando_Castile,2019-06-10,1120
Philando Castile,Shooting_of_Philando_Castile,2019-06-11,941
Philando Castile,Shooting_of_Philando_Castile,2019-06-12,895
Philando Castile,Shooting_of_Philando_Castile,2019-06-13,1081
Philando Castile,Shooting_of_Philando_Castile,2019-06-14,819
Philando Castile,Shooting_of_Philando_Castile,2019-06-15,1015
Philando Castile,Shooting_of_Philando_Castile,2019-06-16,987
Philando Castile,Shooting_of_Philando_Castile,2019-06-17,2393
Philando Castile,Shooting_of_Philando_Castile,2019-06-18,1131
Philando Castile,Shooting_of_Philando_Castile,2019-06-19,1109
Philando Castile,Shooting_of_Philando_Castile,2019-06-20,1056
Philando Castile,Shooting_of_Philando_Castile,2019-06-21,910
Philando Castile,Shooting_of_Philando_Castile,2019-06-22,1101
Philando Castile,Shooting_of_Philando_Castile,2019-06-23,1226
Philando Castile,Shooting_of_Philando_Castile,2019-06-24,1132
Philando Castile,Shooting_of_Philando_Castile,2019-06-25,1337
Philando Castile,Shooting_of_Philando_Castile,2019-06-26,1093
Philando Castile,Shooting_of_Philando_Castile,2019-06-27,851
Philando Castile,Shooting_of_Philando_Castile,2019-06-28,731
Philando Castile,Shooting_of_Philando_Castile,2019-06-29,644
Philando Castile,Shooting_of_Philando_Castile,2019-06-30,730
Philando Castile,Shooting_of_Philando_Castile,2019-07-01,766
Philando Castile,Shooting_of_Philando_Castile,2019-07-02,819
Philando Castile,Shooting_of_Philando_Castile,2019-07-03,771
Philando Castile,Shooting_of_Philando_Castile,2019-07-04,723
Philando Castile,Shooting_of_Philando_Castile,2019-07-05,888
Philando Castile,Shooting_of_Philando_Castile,2019-07-06,2537
Philando Castile,Shooting_of_Philando_Castile,2019-07-07,3365
Philando Castile,Shooting_of_Philando_Castile,2019-07-08,1549
Philando Castile,Shooting_of_Philando_Castile,2019-07-09,1067
Philando Castile,Shooting_of_Philando_Castile,2019-07-10,1048
Philando Castile,Shooting_of_Philando_Castile,2019-07-11,895
Philando Castile,Shooting_of_Philando_Castile,2019-07-12,953
Philando Castile,Shooting_of_Philando_Castile,2019-07-13,757
Philando Castile,Shooting_of_Philando_Castile,2019-07-14,790
Philando Castile,Shooting_of_Philando_Castile,2019-07-15,964
Philando Castile,Shooting_of_Philando_Castile,2019-07-16,1258
Philando Castile,Shooting_of_Philando_Castile,2019-07-17,1670
Philando Castile,Shooting_of_Philando_Castile,2019-07-18,1219
Philando Castile,Shooting_of_Philando_Castile,2019-07-19,1022
Philando Castile,Shooting_of_Philando_Castile,2019-07-20,959
Philando Castile,Shooting_of_Philando_Castile,2019-07-21,1062
Philando Castile,Shooting_of_Philando_Castile,2019-07-22,825
Philando Castile,Shooting_of_Philando_Castile,2019-07-23,836
Philando Castile,Shooting_of_Philando_Castile,2019-07-24,1585
Philando Castile,Shooting_of_Philando_Castile,2019-07-25,812
Philando Castile,Shooting_of_Philando_Castile,2019-07-26,936
Philando Castile,Shooting_of_Philando_Castile,2019-07-27,876
Philando Castile,Shooting_of_Philando_Castile,2019-07-28,834
Philando Castile,Shooting_of_Philando_Castile,2019-07-29,928
Philando Castile,Shooting_of_Philando_Castile,2019-07-30,1489
Philando Castile,Shooting_of_Philando_Castile,2019-07-31,3621
Philando Castile,Shooting_of_Philando_Castile,2019-08-01,1066
Philando Castile,Shooting_of_Philando_Castile,2019-08-02,1081
Philando Castile,Shooting_of_Philando_Castile,2019-08-03,917
Philando Castile,Shooting_of_Philando_Castile,2019-08-04,2113
Philando Castile,Shooting_of_Philando_Castile,2019-08-05,1615
Philando Castile,Shooting_of_Philando_Castile,2019-08-06,1377
Philando Castile,Shooting_of_Philando_Castile,2019-08-07,1538
Philando Castile,Shooting_of_Philando_Castile,2019-08-08,1310
Philando Castile,Shooting_of_Philando_Castile,2019-08-09,1630
Philando Castile,Shooting_of_Philando_Castile,2019-08-10,1149
Philando Castile,Shooting_of_Philando_Castile,2019-08-11,1510
Philando Castile,Shooting_of_Philando_Castile,2019-08-12,1511
Philando Castile,Shooting_of_Philando_Castile,2019-08-13,1406
Philando Castile,Shooting_of_Philando_Castile,2019-08-14,1019
Philando Castile,Shooting_of_Philando_Castile,2019-08-15,1300
Philando Castile,Shooting_of_Philando_Castile,2019-08-16,1118
Philando Castile,Shooting_of_Philando_Castile,2019-08-17,949
Philando Castile,Shooting_of_Philando_Castile,2019-08-18,934
Philando Castile,Shooting_of_Philando_Castile,2019-08-19,1522
Philando Castile,Shooting_of_Philando_Castile,2019-08-20,1522
Philando Castile,Shooting_of_Philando_Castile,2019-08-21,959
Philando Castile,Shooting_of_Philando_Castile,2019-08-22,850
Philando Castile,Shooting_of_Philando_Castile,2019-08-23,771
Philando Castile,Shooting_of_Philando_Castile,2019-08-24,573
Philando Castile,Shooting_of_Philando_Castile,2019-08-25,719
Philando Castile,Shooting_of_Philando_Castile,2019-08-26,748
Philando Castile,Shooting_of_Philando_Castile,2019-08-27,692
Philando Castile,Shooting_of_Philando_Castile,2019-08-28,824
Philando Castile,Shooting_of_Philando_Castile,2019-08-29,755
Philando Castile,Shooting_of_Philando_Castile,2019-08-30,681
Philando Castile,Shooting_of_Philando_Castile,2019-08-31,560
Philando Castile,Shooting_of_Philando_Castile,2019-09-01,739
Philando Castile,Shooting_of_Philando_Castile,2019-09-02,685
Philando Castile,Shooting_of_Philando_Castile,2019-09-03,662
Philando Castile,Shooting_of_Philando_Castile,2019-09-04,690
Philando Castile,Shooting_of_Philando_Castile,2019-09-05,754
Philando Castile,Shooting_of_Philando_Castile,2019-09-06,642
Philando Castile,Shooting_of_Philando_Castile,2019-09-07,529
Philando Castile,Shooting_of_Philando_Castile,2019-09-08,841
Philando Castile,Shooting_of_Philando_Castile,2019-09-09,1192
Philando Castile,Shooting_of_Philando_Castile,2019-09-10,1182
Philando Castile,Shooting_of_Philando_Castile,2019-09-11,1387
Philando Castile,Shooting_of_Philando_Castile,2019-09-12,967
Philando Castile,Shooting_of_Philando_Castile,2019-09-13,800
Philando Castile,Shooting_of_Philando_Castile,2019-09-14,712
Philando Castile,Shooting_of_Philando_Castile,2019-09-15,1024
Philando Castile,Shooting_of_Philando_Castile,2019-09-16,1397
Philando Castile,Shooting_of_Philando_Castile,2019-09-17,956
Philando Castile,Shooting_of_Philando_Castile,2019-09-18,958
Philando Castile,Shooting_of_Philando_Castile,2019-09-19,800
Philando Castile,Shooting_of_Philando_Castile,2019-09-20,778
Philando Castile,Shooting_of_Philando_Castile,2019-09-21,609
Philando Castile,Shooting_of_Philando_Castile,2019-09-22,668
Philando Castile,Shooting_of_Philando_Castile,2019-09-23,862
Philando Castile,Shooting_of_Philando_Castile,2019-09-24,1070
Philando Castile,Shooting_of_Philando_Castile,2019-09-25,1317
Philando Castile,Shooting_of_Philando_Castile,2019-09-26,1002
Philando Castile,Shooting_of_Philando_Castile,2019-09-27,837
Philando Castile,Shooting_of_Philando_Castile,2019-09-28,706
Philando Castile,Shooting_of_Philando_Castile,2019-09-29,672
Philando Castile,Shooting_of_Philando_Castile,2019-09-30,902
Philando Castile,Shooting_of_Philando_Castile,2019-10-01,2003
Philando Castile,Shooting_of_Philando_Castile,2019-10-02,2246
Philando Castile,Shooting_of_Philando_Castile,2019-10-03,2132
Philando Castile,Shooting_of_Philando_Castile,2019-10-04,1623
Philando Castile,Shooting_of_Philando_Castile,2019-10-05,1025
Philando Castile,Shooting_of_Philando_Castile,2019-10-06,1098
Philando Castile,Shooting_of_Philando_Castile,2019-10-07,916
Philando Castile,Shooting_of_Philando_Castile,2019-10-08,879
Philando Castile,Shooting_of_Philando_Castile,2019-10-09,770
Philando Castile,Shooting_of_Philando_Castile,2019-10-10,796
Philando Castile,Shooting_of_Philando_Castile,2019-10-11,763
Philando Castile,Shooting_of_Philando_Castile,2019-10-12,532
Philando Castile,Shooting_of_Philando_Castile,2019-10-13,1153
Philando Castile,Shooting_of_Philando_Castile,2019-10-14,1307
Philando Castile,Shooting_of_Philando_Castile,2019-10-15,1510
Philando Castile,Shooting_of_Philando_Castile,2019-10-16,1148
Philando Castile,Shooting_of_Philando_Castile,2019-10-17,942
Philando Castile,Shooting_of_Philando_Castile,2019-10-18,871
Philando Castile,Shooting_of_Philando_Castile,2019-10-19,684
Philando Castile,Shooting_of_Philando_Castile,2019-10-20,733
Philando Castile,Shooting_of_Philando_Castile,2019-10-21,880
Philando Castile,Shooting_of_Philando_Castile,2019-10-22,853
Philando Castile,Shooting_of_Philando_Castile,2019-10-23,871
Philando Castile,Shooting_of_Philando_Castile,2019-10-24,822
Philando Castile,Shooting_of_Philando_Castile,2019-10-25,778
Philando Castile,Shooting_of_Philando_Castile,2019-10-26,556
Philando Castile,Shooting_of_Philando_Castile,2019-10-27,764
Philando Castile,Shooting_of_Philando_Castile,2019-10-28,989
Philando Castile,Shooting_of_Philando_Castile,2019-10-29,1116
Philando Castile,Shooting_of_Philando_Castile,2019-10-30,890
Philando Castile,Shooting_of_Philando_Castile,2019-10-31,763
Philando Castile,Shooting_of_Philando_Castile,2019-11-01,678
Philando Castile,Shooting_of_Philando_Castile,2019-11-02,801
Philando Castile,Shooting_of_Philando_Castile,2019-11-03,920
Philando Castile,Shooting_of_Philando_Castile,2019-11-04,976
Philando Castile,Shooting_of_Philando_Castile,2019-11-05,932
Philando Castile,Shooting_of_Philando_Castile,2019-11-06,899
Philando Castile,Shooting_of_Philando_Castile,2019-11-07,832
Philando Castile,Shooting_of_Philando_Castile,2019-11-08,798
Philando Castile,Shooting_of_Philando_Castile,2019-11-09,663
Philando Castile,Shooting_of_Philando_Castile,2019-11-10,765
Philando Castile,Shooting_of_Philando_Castile,2019-11-11,929
Philando Castile,Shooting_of_Philando_Castile,2019-11-12,864
Philando Castile,Shooting_of_Philando_Castile,2019-11-13,847
Philando Castile,Shooting_of_Philando_Castile,2019-11-14,894
Philando Castile,Shooting_of_Philando_Castile,2019-11-15,714
Philando Castile,Shooting_of_Philando_Castile,2019-11-16,623
Philando Castile,Shooting_of_Philando_Castile,2019-11-17,802
Philando Castile,Shooting_of_Philando_Castile,2019-11-18,1107
Philando Castile,Shooting_of_Philando_Castile,2019-11-19,932
Philando Castile,Shooting_of_Philando_Castile,2019-11-20,1010
Philando Castile,Shooting_of_Philando_Castile,2019-11-21,957
Philando Castile,Shooting_of_Philando_Castile,2019-11-22,765
Philando Castile,Shooting_of_Philando_Castile,2019-11-23,728
Philando Castile,Shooting_of_Philando_Castile,2019-11-24,738
Philando Castile,Shooting_of_Philando_Castile,2019-11-25,818
Philando Castile,Shooting_of_Philando_Castile,2019-11-26,781
Philando Castile,Shooting_of_Philando_Castile,2019-11-27,709
Philando Castile,Shooting_of_Philando_Castile,2019-11-28,528
Philando Castile,Shooting_of_Philando_Castile,2019-11-29,579
Philando Castile,Shooting_of_Philando_Castile,2019-11-30,554
Philando Castile,Shooting_of_Philando_Castile,2019-12-01,782
Philando Castile,Shooting_of_Philando_Castile,2019-12-02,821
Philando Castile,Shooting_of_Philando_Castile,2019-12-03,818
Philando Castile,Shooting_of_Philando_Castile,2019-12-04,920
Philando Castile,Shooting_of_Philando_Castile,2019-12-05,1010
Philando Castile,Shooting_of_Philando_Castile,2019-12-06,800
Philando Castile,Shooting_of_Philando_Castile,2019-12-07,635
Philando Castile,Shooting_of_Philando_Castile,2019-12-08,864
Philando Castile,Shooting_of_Philando_Castile,2019-12-09,889
Philando Castile,Shooting_of_Philando_Castile,2019-12-10,856
Philando Castile,Shooting_of_Philando_Castile,2019-12-11,780
Philando Castile,Shooting_of_Philando_Castile,2019-12-12,775
Philando Castile,Shooting_of_Philando_Castile,2019-12-13,746
Philando Castile,Shooting_of_Philando_Castile,2019-12-14,575
Philando Castile,Shooting_of_Philando_Castile,2019-12-15,879
Philando Castile,Shooting_of_Philando_Castile,2019-12-16,1061
Philando Castile,Shooting_of_Philando_Castile,2019-12-17,905
Philando Castile,Shooting_of_Philando_Castile,2019-12-18,727
Philando Castile,Shooting_of_Philando_Castile,2019-12-19,662
Philando Castile,Shooting_of_Philando_Castile,2019-12-20,602
Philando Castile,Shooting_of_Philando_Castile,2019-12-21,587
Philando Castile,Shooting_of_Philando_Castile,2019-12-22,674
Philando Castile,Shooting_of_Philando_Castile,2019-12-23,1138
Philando Castile,Shooting_of_Philando_Castile,2019-12-24,658
Philando Castile,Shooting_of_Philando_Castile,2019-12-25,566
Philando Castile,Shooting_of_Philando_Castile,2019-12-26,704
Philando Castile,Shooting_of_Philando_Castile,2019-12-27,840
Philando Castile,Shooting_of_Philando_Castile,2019-12-28,791
Philando Castile,Shooting_of_Philando_Castile,2019-12-29,999
Philando Castile,Shooting_of_Philando_Castile,2019-12-30,952
Philando Castile,Shooting_of_Philando_Castile,2019-12-31,923
Philando Castile,Shooting_of_Philando_Castile,2020-01-01,736
Philando Castile,Shooting_of_Philando_Castile,2020-01-02,820
Philando Castile,Shooting_of_Philando_Castile,2020-01-03,737
Philando Castile,Shooting_of_Philando_Castile,2020-01-04,698
Philando Castile,Shooting_of_Philando_Castile,2020-01-05,621
Philando Castile,Shooting_of_Philando_Castile,2020-01-06,703
Philando Castile,Shooting_of_Philando_Castile,2020-01-07,791
Philando Castile,Shooting_of_Philando_Castile,2020-01-08,831
Philando Castile,Shooting_of_Philando_Castile,2020-01-09,798
Philando Castile,Shooting_of_Philando_Castile,2020-01-10,668
Philando Castile,Shooting_of_Philando_Castile,2020-01-11,541
Philando Castile,Shooting_of_Philando_Castile,2020-01-12,1049
Philando Castile,Shooting_of_Philando_Castile,2020-01-13,1234
Philando Castile,Shooting_of_Philando_Castile,2020-01-14,670
Philando Castile,Shooting_of_Philando_Castile,2020-01-15,851
Philando Castile,Shooting_of_Philando_Castile,2020-01-16,879
Philando Castile,Shooting_of_Philando_Castile,2020-01-17,795
Philando Castile,Shooting_of_Philando_Castile,2020-01-18,1270
Philando Castile,Shooting_of_Philando_Castile,2020-01-19,735
Philando Castile,Shooting_of_Philando_Castile,2020-01-20,1041
Philando Castile,Shooting_of_Philando_Castile,2020-01-21,1236
Philando Castile,Shooting_of_Philando_Castile,2020-01-22,942
Philando Castile,Shooting_of_Philando_Castile,2020-01-23,819
Philando Castile,Shooting_of_Philando_Castile,2020-01-24,794
Philando Castile,Shooting_of_Philando_Castile,2020-01-25,631
Philando Castile,Shooting_of_Philando_Castile,2020-01-26,637
Philando Castile,Shooting_of_Philando_Castile,2020-01-27,713
Philando Castile,Shooting_of_Philando_Castile,2020-01-28,689
Philando Castile,Shooting_of_Philando_Castile,2020-01-29,731
Philando Castile,Shooting_of_Philando_Castile,2020-01-30,696
Philando Castile,Shooting_of_Philando_Castile,2020-01-31,700
Philando Castile,Shooting_of_Philando_Castile,2020-02-01,715
Philando Castile,Shooting_of_Philando_Castile,2020-02-02,1942
Philando Castile,Shooting_of_Philando_Castile,2020-02-03,1212
Philando Castile,Shooting_of_Philando_Castile,2020-02-04,1001
Philando Castile,Shooting_of_Philando_Castile,2020-02-05,893
Philando Castile,Shooting_of_Philando_Castile,2020-02-06,794
Philando Castile,Shooting_of_Philando_Castile,2020-02-07,1368
Philando Castile,Shooting_of_Philando_Castile,2020-02-08,1652
Philando Castile,Shooting_of_Philando_Castile,2020-02-09,658
Philando Castile,Shooting_of_Philando_Castile,2020-02-10,858
Philando Castile,Shooting_of_Philando_Castile,2020-02-11,863
Philando Castile,Shooting_of_Philando_Castile,2020-02-12,784
Philando Castile,Shooting_of_Philando_Castile,2020-02-13,743
Philando Castile,Shooting_of_Philando_Castile,2020-02-14,652
Philando Castile,Shooting_of_Philando_Castile,2020-02-15,572
Philando Castile,Shooting_of_Philando_Castile,2020-02-16,606
Philando Castile,Shooting_of_Philando_Castile,2020-02-17,1042
Philando Castile,Shooting_of_Philando_Castile,2020-02-18,850
Philando Castile,Shooting_of_Philando_Castile,2020-02-19,832
Philando Castile,Shooting_of_Philando_Castile,2020-02-20,1393
Philando Castile,Shooting_of_Philando_Castile,2020-02-21,1767
Philando Castile,Shooting_of_Philando_Castile,2020-02-22,1203
Philando Castile,Shooting_of_Philando_Castile,2020-02-23,920
Philando Castile,Shooting_of_Philando_Castile,2020-02-24,1199
Philando Castile,Shooting_of_Philando_Castile,2020-02-25,1077
Philando Castile,Shooting_of_Philando_Castile,2020-02-26,970
Philando Castile,Shooting_of_Philando_Castile,2020-02-27,861
Philando Castile,Shooting_of_Philando_Castile,2020-02-28,768
Philando Castile,Shooting_of_Philando_Castile,2020-02-29,637
Philando Castile,Shooting_of_Philando_Castile,2020-03-01,689
Philando Castile,Shooting_of_Philando_Castile,2020-03-02,727
Philando Castile,Shooting_of_Philando_Castile,2020-03-03,799
Philando Castile,Shooting_of_Philando_Castile,2020-03-04,826
Philando Castile,Shooting_of_Philando_Castile,2020-03-05,938
Philando Castile,Shooting_of_Philando_Castile,2020-03-06,854
Philando Castile,Shooting_of_Philando_Castile,2020-03-07,572
Philando Castile,Shooting_of_Philando_Castile,2020-03-08,646
Philando Castile,Shooting_of_Philando_Castile,2020-03-09,736
Philando Castile,Shooting_of_Philando_Castile,2020-03-10,709
Philando Castile,Shooting_of_Philando_Castile,2020-03-11,720
Philando Castile,Shooting_of_Philando_Castile,2020-03-12,569
Philando Castile,Shooting_of_Philando_Castile,2020-03-13,581
Philando Castile,Shooting_of_Philando_Castile,2020-03-14,443
Philando Castile,Shooting_of_Philando_Castile,2020-03-15,494
Philando Castile,Shooting_of_Philando_Castile,2020-03-16,447
Philando Castile,Shooting_of_Philando_Castile,2020-03-17,565
Philando Castile,Shooting_of_Philando_Castile,2020-03-18,423
Philando Castile,Shooting_of_Philando_Castile,2020-03-19,423
Philando Castile,Shooting_of_Philando_Castile,2020-03-20,421
Philando Castile,Shooting_of_Philando_Castile,2020-03-21,1003
Philando Castile,Shooting_of_Philando_Castile,2020-03-22,646
Philando Castile,Shooting_of_Philando_Castile,2020-03-23,721
Philando Castile,Shooting_of_Philando_Castile,2020-03-24,540
Philando Castile,Shooting_of_Philando_Castile,2020-03-25,490
Philando Castile,Shooting_of_Philando_Castile,2020-03-26,456
Philando Castile,Shooting_of_Philando_Castile,2020-03-27,503
Philando Castile,Shooting_of_Philando_Castile,2020-03-28,474
Philando Castile,Shooting_of_Philando_Castile,2020-03-29,539
Philando Castile,Shooting_of_Philando_Castile,2020-03-30,549
Philando Castile,Shooting_of_Philando_Castile,2020-03-31,550
Philando Castile,Shooting_of_Philando_Castile,2020-04-01,524
Philando Castile,Shooting_of_Philando_Castile,2020-04-02,515
Philando Castile,Shooting_of_Philando_Castile,2020-04-03,552
Philando Castile,Shooting_of_Philando_Castile,2020-04-04,548
Philando Castile,Shooting_of_Philando_Castile,2020-04-05,684
Philando Castile,Shooting_of_Philando_Castile,2020-04-06,644
Philando Castile,Shooting_of_Philando_Castile,2020-04-07,555
Philando Castile,Shooting_of_Philando_Castile,2020-04-08,583
Philando Castile,Shooting_of_Philando_Castile,2020-04-09,551
Philando Castile,Shooting_of_Philando_Castile,2020-04-10,581
Philando Castile,Shooting_of_Philando_Castile,2020-04-11,541
Philando Castile,Shooting_of_Philando_Castile,2020-04-12,561
Philando Castile,Shooting_of_Philando_Castile,2020-04-13,675
Philando Castile,Shooting_of_Philando_Castile,2020-04-14,636
Philando Castile,Shooting_of_Philando_Castile,2020-04-15,541
Philando Castile,Shooting_of_Philando_Castile,2020-04-16,706
Philando Castile,Shooting_of_Philando_Castile,2020-04-17,666
Philando Castile,Shooting_of_Philando_Castile,2020-04-18,678
Philando Castile,Shooting_of_Philando_Castile,2020-04-19,750
Philando Castile,Shooting_of_Philando_Castile,2020-04-20,785
Philando Castile,Shooting_of_Philando_Castile,2020-04-21,735
Philando Castile,Shooting_of_Philando_Castile,2020-04-22,806
Philando Castile,Shooting_of_Philando_Castile,2020-04-23,723
Philando Castile,Shooting_of_Philando_Castile,2020-04-24,706
Philando Castile,Shooting_of_Philando_Castile,2020-04-25,756
Philando Castile,Shooting_of_Philando_Castile,2020-04-26,5883
Philando Castile,Shooting_of_Philando_Castile,2020-04-27,1334
Philando Castile,Shooting_of_Philando_Castile,2020-04-28,1347
Philando Castile,Shooting_of_Philando_Castile,2020-04-29,1042
Philando Castile,Shooting_of_Philando_Castile,2020-04-30,1292
Philando Castile,Shooting_of_Philando_Castile,2020-05-01,4327
Philando Castile,Shooting_of_Philando_Castile,2020-05-02,3703
Philando Castile,Shooting_of_Philando_Castile,2020-05-03,4375
Philando Castile,Shooting_of_Philando_Castile,2020-05-04,1955
Philando Castile,Shooting_of_Philando_Castile,2020-05-05,1401
Philando Castile,Shooting_of_Philando_Castile,2020-05-06,2539
Philando Castile,Shooting_of_Philando_Castile,2020-05-07,5801
Philando Castile,Shooting_of_Philando_Castile,2020-05-08,8045
Philando Castile,Shooting_of_Philando_Castile,2020-05-09,4112
Philando Castile,Shooting_of_Philando_Castile,2020-05-10,2679
Philando Castile,Shooting_of_Philando_Castile,2020-05-11,2954
Philando Castile,Shooting_of_Philando_Castile,2020-05-12,2274
Philando Castile,Shooting_of_Philando_Castile,2020-05-13,2043
Philando Castile,Shooting_of_Philando_Castile,2020-05-14,2201
Philando Castile,Shooting_of_Philando_Castile,2020-05-15,2598
Philando Castile,Shooting_of_Philando_Castile,2020-05-16,2655
Philando Castile,Shooting_of_Philando_Castile,2020-05-17,2060
Philando Castile,Shooting_of_Philando_Castile,2020-05-18,1640
Philando Castile,Shooting_of_Philando_Castile,2020-05-19,1703
Philando Castile,Shooting_of_Philando_Castile,2020-05-20,1722
Philando Castile,Shooting_of_Philando_Castile,2020-05-21,2324
Philando Castile,Shooting_of_Philando_Castile,2020-05-22,1586
Philando Castile,Shooting_of_Philando_Castile,2020-05-23,1422
Philando Castile,Shooting_of_Philando_Castile,2020-05-24,1360
Philando Castile,Shooting_of_Philando_Castile,2020-05-25,1423
Philando Castile,Shooting_of_Philando_Castile,2020-05-26,8904
Philando Castile,Shooting_of_Philando_Castile,2020-05-27,34889
Philando Castile,Shooting_of_Philando_Castile,2020-05-28,61760
Philando Castile,Shooting_of_Philando_Castile,2020-05-29,89405
Philando Castile,Shooting_of_Philando_Castile,2020-05-30,74238
Philando Castile,Shooting_of_Philando_Castile,2020-05-31,93000
Philando Castile,Shooting_of_Philando_Castile,2020-06-01,71636
Philando Castile,Shooting_of_Philando_Castile,2020-06-02,59030
Philando Castile,Shooting_of_Philando_Castile,2020-06-03,63300
Philando Castile,Shooting_of_Philando_Castile,2020-06-04,56630
Philando Castile,Shooting_of_Philando_Castile,2020-06-05,39784
Philando Castile,Shooting_of_Philando_Castile,2020-06-06,89178
Philando Castile,Shooting_of_Philando_Castile,2020-06-07,35820
Philando Castile,Shooting_of_Philando_Castile,2020-06-08,32708
Philando Castile,Shooting_of_Philando_Castile,2020-06-09,27632
Philando Castile,Shooting_of_Philando_Castile,2020-06-10,20697
Philando Castile,Shooting_of_Philando_Castile,2020-06-11,17897
Philando Castile,Shooting_of_Philando_Castile,2020-06-12,17640
Philando Castile,Shooting_of_Philando_Castile,2020-06-13,15781
Philando Castile,Shooting_of_Philando_Castile,2020-06-14,15837
Philando Castile,Shooting_of_Philando_Castile,2020-06-15,14870
Philando Castile,Shooting_of_Philando_Castile,2020-06-16,14852
Philando Castile,Shooting_of_Philando_Castile,2020-06-17,14458
Philando Castile,Shooting_of_Philando_Castile,2020-06-18,12228
Philando Castile,Shooting_of_Philando_Castile,2020-06-19,11692
Philando Castile,Shooting_of_Philando_Castile,2020-06-20,9965
Philando Castile,Shooting_of_Philando_Castile,2020-06-21,8553
Philando Castile,Shooting_of_Philando_Castile,2020-06-22,8752
Philando Castile,Shooting_of_Philando_Castile,2020-06-23,7613
Philando Castile,Shooting_of_Philando_Castile,2020-06-24,6628
Philando Castile,Shooting_of_Philando_Castile,2020-06-25,6569
Philando Castile,Shooting_of_Philando_Castile,2020-06-26,5775
Philando Castile,Shooting_of_Philando_Castile,2020-06-27,5256
Philando Castile,Shooting_of_Philando_Castile,2020-06-28,4727
Philando Castile,Shooting_of_Philando_Castile,2020-06-29,4804
Philando Castile,Shooting_of_Philando_Castile,2020-06-30,4259
Philando Castile,Shooting_of_Philando_Castile,2020-07-01,3962
Philando Castile,Shooting_of_Philando_Castile,2020-07-02,3802
Philando Castile,Shooting_of_Philando_Castile,2020-07-03,3184
Philando Castile,Shooting_of_Philando_Castile,2020-07-04,2992
Philando Castile,Shooting_of_Philando_Castile,2020-07-05,2923
Philando Castile,Shooting_of_Philando_Castile,2020-07-06,16042
Philando Castile,Shooting_of_Philando_Castile,2020-07-07,13929
Philando Castile,Shooting_of_Philando_Castile,2020-07-08,8052
Philando Castile,Shooting_of_Philando_Castile,2020-07-09,4912
Philando Castile,Shooting_of_Philando_Castile,2020-07-10,4047
Philando Castile,Shooting_of_Philando_Castile,2020-07-11,3533
Philando Castile,Shooting_of_Philando_Castile,2020-07-12,3530
Philando Castile,Shooting_of_Philando_Castile,2020-07-13,3570
Philando Castile,Shooting_of_Philando_Castile,2020-07-14,3584
Philando Castile,Shooting_of_Philando_Castile,2020-07-15,3533
Philando Castile,Shooting_of_Philando_Castile,2020-07-16,3508
Philando Castile,Shooting_of_Philando_Castile,2020-07-17,2891
Philando Castile,Shooting_of_Philando_Castile,2020-07-18,2375
Philando Castile,Shooting_of_Philando_Castile,2020-07-19,2150
Philando Castile,Shooting_of_Philando_Castile,2020-07-20,2254
Philando Castile,Shooting_of_Philando_Castile,2020-07-21,2405
Philando Castile,Shooting_of_Philando_Castile,2020-07-22,1894
Philando Castile,Shooting_of_Philando_Castile,2020-07-23,1945
Philando Castile,Shooting_of_Philando_Castile,2020-07-24,1774
Philando Castile,Shooting_of_Philando_Castile,2020-07-25,1729
Philando Castile,Shooting_of_Philando_Castile,2020-07-26,2157
Philando Castile,Shooting_of_Philando_Castile,2020-07-27,1783
Philando Castile,Shooting_of_Philando_Castile,2020-07-28,1663
Philando Castile,Shooting_of_Philando_Castile,2020-07-29,1820
Philando Castile,Shooting_of_Philando_Castile,2020-07-30,1610
Philando Castile,Shooting_of_Philando_Castile,2020-07-31,1690
Philando Castile,Shooting_of_Philando_Castile,2020-08-01,1380
Philando Castile,Shooting_of_Philando_Castile,2020-08-02,1977
Philando Castile,Shooting_of_Philando_Castile,2020-08-03,1618
Philando Castile,Shooting_of_Philando_Castile,2020-08-04,2070
Philando Castile,Shooting_of_Philando_Castile,2020-08-05,1706
Philando Castile,Shooting_of_Philando_Castile,2020-08-06,4158
Philando Castile,Shooting_of_Philando_Castile,2020-08-07,3357
Philando Castile,Shooting_of_Philando_Castile,2020-08-08,1887
Philando Castile,Shooting_of_Philando_Castile,2020-08-09,1530
Philando Castile,Shooting_of_Philando_Castile,2020-08-10,1427
Philando Castile,Shooting_of_Philando_Castile,2020-08-11,1373
Philando Castile,Shooting_of_Philando_Castile,2020-08-12,2365
Philando Castile,Shooting_of_Philando_Castile,2020-08-13,1559
Philando Castile,Shooting_of_Philando_Castile,2020-08-14,4505
Philando Castile,Shooting_of_Philando_Castile,2020-08-15,2552
Philando Castile,Shooting_of_Philando_Castile,2020-08-16,2031
Philando Castile,Shooting_of_Philando_Castile,2020-08-17,1468
Philando Castile,Shooting_of_Philando_Castile,2020-08-18,8191
Philando Castile,Shooting_of_Philando_Castile,2020-08-19,1896
Philando Castile,Shooting_of_Philando_Castile,2020-08-20,1865
Philando Castile,Shooting_of_Philando_Castile,2020-08-21,1378
Philando Castile,Shooting_of_Philando_Castile,2020-08-22,1078
Philando Castile,Shooting_of_Philando_Castile,2020-08-23,1169
Philando Castile,Shooting_of_Philando_Castile,2020-08-24,5399
Philando Castile,Shooting_of_Philando_Castile,2020-08-25,7357
Philando Castile,Shooting_of_Philando_Castile,2020-08-26,16719
Philando Castile,Shooting_of_Philando_Castile,2020-08-27,14730
Philando Castile,Shooting_of_Philando_Castile,2020-08-28,16606
Philando Castile,Shooting_of_Philando_Castile,2020-08-29,9648
Philando Castile,Shooting_of_Philando_Castile,2020-08-30,6395
Philando Castile,Shooting_of_Philando_Castile,2020-08-31,5075
Philando Castile,Shooting_of_Philando_Castile,2020-09-01,4433
Philando Castile,Shooting_of_Philando_Castile,2020-09-02,4213
Philando Castile,Shooting_of_Philando_Castile,2020-09-03,3624
Philando Castile,Shooting_of_Philando_Castile,2020-09-04,2821
Philando Castile,Shooting_of_Philando_Castile,2020-09-05,2220
Philando Castile,Shooting_of_Philando_Castile,2020-09-06,2470
Philando Castile,Shooting_of_Philando_Castile,2020-09-07,2276
Philando Castile,Shooting_of_Philando_Castile,2020-09-08,2113
Philando Castile,Shooting_of_Philando_Castile,2020-09-09,2544
Philando Castile,Shooting_of_Philando_Castile,2020-09-10,5215
Philando Castile,Shooting_of_Philando_Castile,2020-09-11,19400
Philando Castile,Shooting_of_Philando_Castile,2020-09-12,3106
Philando Castile,Shooting_of_Philando_Castile,2020-09-13,4205
Philando Castile,Shooting_of_Philando_Castile,2020-09-14,3398
Philando Castile,Shooting_of_Philando_Castile,2020-09-15,3017
Philando Castile,Shooting_of_Philando_Castile,2020-09-16,2761
Philando Castile,Shooting_of_Philando_Castile,2020-09-17,2440
Philando Castile,Shooting_of_Philando_Castile,2020-09-18,2015
Philando Castile,Shooting_of_Philando_Castile,2020-09-19,1415
Philando Castile,Shooting_of_Philando_Castile,2020-09-20,1441
Philando Castile,Shooting_of_Philando_Castile,2020-09-21,1537
Philando Castile,Shooting_of_Philando_Castile,2020-09-22,1521
Philando Castile,Shooting_of_Philando_Castile,2020-09-23,2557
Philando Castile,Shooting_of_Philando_Castile,2020-09-24,5930
Philando Castile,Shooting_of_Philando_Castile,2020-09-25,3870
Philando Castile,Shooting_of_Philando_Castile,2020-09-26,2469
Philando Castile,Shooting_of_Philando_Castile,2020-09-27,1959
Philando Castile,Shooting_of_Philando_Castile,2020-09-28,1641
Philando Castile,Shooting_of_Philando_Castile,2020-09-29,1725
Philando Castile,Shooting_of_Philando_Castile,2020-09-30,1468
Philando Castile,Shooting_of_Philando_Castile,2020-10-01,1282
Philando Castile,Shooting_of_Philando_Castile,2020-10-02,1028
Philando Castile,Shooting_of_Philando_Castile,2020-10-03,1261
Philando Castile,Shooting_of_Philando_Castile,2020-10-04,987
Philando Castile,Shooting_of_Philando_Castile,2020-10-05,1074
Philando Castile,Shooting_of_Philando_Castile,2020-10-06,1140
Philando Castile,Shooting_of_Philando_Castile,2020-10-07,1143
Philando Castile,Shooting_of_Philando_Castile,2020-10-08,1251
Philando Castile,Shooting_of_Philando_Castile,2020-10-09,1282
Philando Castile,Shooting_of_Philando_Castile,2020-10-10,1114
Philando Castile,Shooting_of_Philando_Castile,2020-10-11,1086
Philando Castile,Shooting_of_Philando_Castile,2020-10-12,1114
Philando Castile,Shooting_of_Philando_Castile,2020-10-13,1238
Philando Castile,Shooting_of_Philando_Castile,2020-10-14,1381
Philando Castile,Shooting_of_Philando_Castile,2020-10-15,1012
Philando Castile,Shooting_of_Philando_Castile,2020-10-16,878
Philando Castile,Shooting_of_Philando_Castile,2020-10-17,795
Philando Castile,Shooting_of_Philando_Castile,2020-10-18,929
Philando Castile,Shooting_of_Philando_Castile,2020-10-19,1039
Philando Castile,Shooting_of_Philando_Castile,2020-10-20,925
Philando Castile,Shooting_of_Philando_Castile,2020-10-21,925
Philando Castile,Shooting_of_Philando_Castile,2020-10-22,998
Philando Castile,Shooting_of_Philando_Castile,2020-10-23,1142
Philando Castile,Shooting_of_Philando_Castile,2020-10-24,806
Philando Castile,Shooting_of_Philando_Castile,2020-10-25,810
Philando Castile,Shooting_of_Philando_Castile,2020-10-26,858
Philando Castile,Shooting_of_Philando_Castile,2020-10-27,1171
Philando Castile,Shooting_of_Philando_Castile,2020-10-28,1252
Philando Castile,Shooting_of_Philando_Castile,2020-10-29,1425
Philando Castile,Shooting_of_Philando_Castile,2020-10-30,1241
Philando Castile,Shooting_of_Philando_Castile,2020-10-31,911
Philando Castile,Shooting_of_Philando_Castile,2020-11-01,859
Philando Castile,Shooting_of_Philando_Castile,2020-11-02,1151
Philando Castile,Shooting_of_Philando_Castile,2020-11-03,1357
Philando Castile,Shooting_of_Philando_Castile,2020-11-04,983
Philando Castile,Shooting_of_Philando_Castile,2020-11-05,916
Philando Castile,Shooting_of_Philando_Castile,2020-11-06,892
Philando Castile,Shooting_of_Philando_Castile,2020-11-07,787
Philando Castile,Shooting_of_Philando_Castile,2020-11-08,838
Philando Castile,Shooting_of_Philando_Castile,2020-11-09,928
Philando Castile,Shooting_of_Philando_Castile,2020-11-10,848
Philando Castile,Shooting_of_Philando_Castile,2020-11-11,986
Philando Castile,Shooting_of_Philando_Castile,2020-11-12,1046
Philando Castile,Shooting_of_Philando_Castile,2020-11-13,1283
Philando Castile,Shooting_of_Philando_Castile,2020-11-14,1028
Philando Castile,Shooting_of_Philando_Castile,2020-11-15,928
Philando Castile,Shooting_of_Philando_Castile,2020-11-16,956
Philando Castile,Shooting_of_Philando_Castile,2020-11-17,896
Philando Castile,Shooting_of_Philando_Castile,2020-11-18,839
Philando Castile,Shooting_of_Philando_Castile,2020-11-19,1583
Philando Castile,Shooting_of_Philando_Castile,2020-11-20,995
Philando Castile,Shooting_of_Philando_Castile,2020-11-21,761
Philando Castile,Shooting_of_Philando_Castile,2020-11-22,743
Philando Castile,Shooting_of_Philando_Castile,2020-11-23,940
Philando Castile,Shooting_of_Philando_Castile,2020-11-24,1028
Philando Castile,Shooting_of_Philando_Castile,2020-11-25,667
Philando Castile,Shooting_of_Philando_Castile,2020-11-26,673
Philando Castile,Shooting_of_Philando_Castile,2020-11-27,628
Philando Castile,Shooting_of_Philando_Castile,2020-11-28,720
Philando Castile,Shooting_of_Philando_Castile,2020-11-29,688
Philando Castile,Shooting_of_Philando_Castile,2020-11-30,797
Philando Castile,Shooting_of_Philando_Castile,2020-12-01,796
Philando Castile,Shooting_of_Philando_Castile,2020-12-02,820
Philando Castile,Shooting_of_Philando_Castile,2020-12-03,797
Philando Castile,Shooting_of_Philando_Castile,2020-12-04,788
Philando Castile,Shooting_of_Philando_Castile,2020-12-05,2287
Philando Castile,Shooting_of_Philando_Castile,2020-12-06,1219
Philando Castile,Shooting_of_Philando_Castile,2020-12-07,1088
Philando Castile,Shooting_of_Philando_Castile,2020-12-08,951
Philando Castile,Shooting_of_Philando_Castile,2020-12-09,1186
Philando Castile,Shooting_of_Philando_Castile,2020-12-10,916
Philando Castile,Shooting_of_Philando_Castile,2020-12-11,882
Philando Castile,Shooting_of_Philando_Castile,2020-12-12,698
Philando Castile,Shooting_of_Philando_Castile,2020-12-13,910
Philando Castile,Shooting_of_Philando_Castile,2020-12-14,886
Philando Castile,Shooting_of_Philando_Castile,2020-12-15,879
Philando Castile,Shooting_of_Philando_Castile,2020-12-16,1063
Philando Castile,Shooting_of_Philando_Castile,2020-12-17,1017
Philando Castile,Shooting_of_Philando_Castile,2020-12-18,1077
Philando Castile,Shooting_of_Philando_Castile,2020-12-19,2495
Philando Castile,Shooting_of_Philando_Castile,2020-12-20,692
Philando Castile,Shooting_of_Philando_Castile,2020-12-21,713
Philando Castile,Shooting_of_Philando_Castile,2020-12-22,596
Philando Castile,Shooting_of_Philando_Castile,2020-12-23,621
Philando Castile,Shooting_of_Philando_Castile,2020-12-24,686
Philando Castile,Shooting_of_Philando_Castile,2020-12-25,446
Philando Castile,Shooting_of_Philando_Castile,2020-12-26,487
Philando Castile,Shooting_of_Philando_Castile,2020-12-27,646
Philando Castile,Shooting_of_Philando_Castile,2020-12-28,619
Philando Castile,Shooting_of_Philando_Castile,2020-12-29,816
Philando Castile,Shooting_of_Philando_Castile,2020-12-30,775
Philando Castile,Shooting_of_Philando_Castile,2020-12-31,921
Daniel Prude,Death_of_Daniel_Prude,2020-09-05,2
Daniel Prude,Death_of_Daniel_Prude,2020-09-06,0
Daniel Prude,Death_of_Daniel_Prude,2020-09-07,1
Daniel Prude,Death_of_Daniel_Prude,2020-09-08,5
Daniel Prude,Death_of_Daniel_Prude,2020-09-09,7
Daniel Prude,Death_of_Daniel_Prude,2020-09-10,46
Daniel Prude,Death_of_Daniel_Prude,2020-09-11,27
Daniel Prude,Death_of_Daniel_Prude,2020-09-12,14
Daniel Prude,Death_of_Daniel_Prude,2020-09-13,17
Daniel Prude,Death_of_Daniel_Prude,2020-09-14,68
Daniel Prude,Death_of_Daniel_Prude,2020-09-15,48
Daniel Prude,Death_of_Daniel_Prude,2020-09-16,50
Daniel Prude,Death_of_Daniel_Prude,2020-09-17,42
Daniel Prude,Death_of_Daniel_Prude,2020-09-18,8
Daniel Prude,Death_of_Daniel_Prude,2020-09-20,1
Daniel Prude,Death_of_Daniel_Prude,2020-09-22,1
Daniel Prude,Death_of_Daniel_Prude,2020-09-23,0
Daniel Prude,Death_of_Daniel_Prude,2020-09-24,2
Daniel Prude,Death_of_Daniel_Prude,2020-09-26,0
Daniel Prude,Death_of_Daniel_Prude,2020-09-27,0
Daniel Prude,Death_of_Daniel_Prude,2020-09-29,0
Daniel Prude,Death_of_Daniel_Prude,2020-10-02,1
Daniel Prude,Death_of_Daniel_Prude,2020-10-03,0
Daniel Prude,Death_of_Daniel_Prude,2020-10-06,0
Daniel Prude,Death_of_Daniel_Prude,2020-10-21,0
Daniel Prude,Death_of_Daniel_Prude,2020-10-26,1
Daniel Prude,Death_of_Daniel_Prude,2020-10-27,2
Daniel Prude,Death_of_Daniel_Prude,2020-10-28,1
Daniel Prude,Death_of_Daniel_Prude,2020-10-30,0
Daniel Prude,Death_of_Daniel_Prude,2020-11-02,1
Daniel Prude,Death_of_Daniel_Prude,2020-11-05,0
Daniel Prude,Death_of_Daniel_Prude,2020-11-07,1
Daniel Prude,Death_of_Daniel_Prude,2020-11-16,2
Daniel Prude,Death_of_Daniel_Prude,2020-11-17,1
Daniel Prude,Death_of_Daniel_Prude,2020-11-19,1
Daniel Prude,Death_of_Daniel_Prude,2020-11-22,1
Daniel Prude,Death_of_Daniel_Prude,2020-12-01,1
Daniel Prude,Death_of_Daniel_Prude,2020-12-02,0
Daniel Prude,Death_of_Daniel_Prude,2020-12-03,1
Daniel Prude,Death_of_Daniel_Prude,2020-12-15,0
Daniel Prude,Death_of_Daniel_Prude,2020-12-17,1
Daniel Prude,Death_of_Daniel_Prude,2020-12-18,0
Daniel Prude,Death_of_Daniel_Prude,2020-12-19,0
Daniel Prude,Death_of_Daniel_Prude,2020-12-20,1
Daniel Prude,Death_of_Daniel_Prude,2020-12-21,0
Daniel Prude,Death_of_Daniel_Prude,2020-12-22,0
Daniel Prude,Death_of_Daniel_Prude,2020-12-23,1
Daniel Prude,Death_of_Daniel_Prude,2020-12-24,0
Daniel Prude,Death_of_Daniel_Prude,2020-12-25,0
Daniel Prude,Death_of_Daniel_Prude,2020-12-29,0
Walter Wallace Jr.,Killing_of_Walter_Wallace,2020-10-27,753
Walter Wallace Jr.,Killing_of_Walter_Wallace,2020-10-28,13813
Walter Wallace Jr.,Killing_of_Walter_Wallace,2020-10-29,8192
Walter Wallace Jr.,Killing_of_Walter_Wallace,2020-10-30,7283
Walter Wallace Jr.,Killing_of_Walter_Wallace,2020-10-31,5095
Walter Wallace Jr.,Killing_of_Walter_Wallace,2020-11-01,3615
Walter Wallace Jr.,Killing_of_Walter_Wallace,2020-11-02,3254
Walter Wallace Jr.,Killing_of_Walter_Wallace,2020-11-03,2315
Walter Wallace Jr.,Killing_of_Walter_Wallace,2020-11-04,1527
Walter Wallace Jr.,Killing_of_Walter_Wallace,2020-11-05,4305
Walter Wallace Jr.,Killing_of_Walter_Wallace,2020-11-06,2802
Walter Wallace Jr.,Killing_of_Walter_Wallace,2020-11-07,2139
Walter Wallace Jr.,Killing_of_Walter_Wallace,2020-11-08,4508
Walter Wallace Jr.,Killing_of_Walter_Wallace,2020-11-09,2085
Walter Wallace Jr.,Killing_of_Walter_Wallace,2020-11-10,1422
Walter Wallace Jr.,Killing_of_Walter_Wallace,2020-11-11,901
Walter Wallace Jr.,Killing_of_Walter_Wallace,2020-11-12,833
Walter Wallace Jr.,Killing_of_Walter_Wallace,2020-11-13,658
Walter Wallace Jr.,Killing_of_Walter_Wallace,2020-11-14,555
Walter Wallace Jr.,Killing_of_Walter_Wallace,2020-11-15,529
Walter Wallace Jr.,Killing_of_Walter_Wallace,2020-11-16,591
Walter Wallace Jr.,Killing_of_Walter_Wallace,2020-11-17,471
Walter Wallace Jr.,Killing_of_Walter_Wallace,2020-11-18,442
Walter Wallace Jr.,Killing_of_Walter_Wallace,2020-11-19,386
Walter Wallace Jr.,Killing_of_Walter_Wallace,2020-11-20,356
Walter Wallace Jr.,Killing_of_Walter_Wallace,2020-11-21,297
Walter Wallace Jr.,Killing_of_Walter_Wallace,2020-11-22,316
Walter Wallace Jr.,Killing_of_Walter_Wallace,2020-11-23,316
Walter Wallace Jr.,Killing_of_Walter_Wallace,2020-11-24,324
Walter Wallace Jr.,Killing_of_Walter_Wallace,2020-11-25,274
Walter Wallace Jr.,Killing_of_Walter_Wallace,2020-11-26,240
Walter Wallace Jr.,Killing_of_Walter_Wallace,2020-11-27,282
Walter Wallace Jr.,Killing_of_Walter_Wallace,2020-11-28,269
Walter Wallace Jr.,Killing_of_Walter_Wallace,2020-11-29,259
Walter Wallace Jr.,Killing_of_Walter_Wallace,2020-11-30,367
Walter Wallace Jr.,Killing_of_Walter_Wallace,2020-12-01,311
Walter Wallace Jr.,Killing_of_Walter_Wallace,2020-12-02,270
Walter Wallace Jr.,Killing_of_Walter_Wallace,2020-12-03,185
Walter Wallace Jr.,Killing_of_Walter_Wallace,2020-12-04,227
Walter Wallace Jr.,Killing_of_Walter_Wallace,2020-12-05,228
Walter Wallace Jr.,Killing_of_Walter_Wallace,2020-12-06,265
Walter Wallace Jr.,Killing_of_Walter_Wallace,2020-12-07,234
Walter Wallace Jr.,Killing_of_Walter_Wallace,2020-12-08,280
Walter Wallace Jr.,Killing_of_Walter_Wallace,2020-12-09,237
Walter Wallace Jr.,Killing_of_Walter_Wallace,2020-12-10,233
Walter Wallace Jr.,Killing_of_Walter_Wallace,2020-12-11,162
Walter Wallace Jr.,Killing_of_Walter_Wallace,2020-12-12,153
Walter Wallace Jr.,Killing_of_Walter_Wallace,2020-12-13,135
Walter Wallace Jr.,Killing_of_Walter_Wallace,2020-12-14,190
Walter Wallace Jr.,Killing_of_Walter_Wallace,2020-12-15,157
Walter Wallace Jr.,Killing_of_Walter_Wallace,2020-12-16,137
Walter Wallace Jr.,Killing_of_Walter_Wallace,2020-12-17,158
Walter Wallace Jr.,Killing_of_Walter_Wallace,2020-12-18,159
Walter Wallace Jr.,Killing_of_Walter_Wallace,2020-12-19,161
Walter Wallace Jr.,Killing_of_Walter_Wallace,2020-12-20,111
Walter Wallace Jr.,Killing_of_Walter_Wallace,2020-12-21,150
Walter Wallace Jr.,Killing_of_Walter_Wallace,2020-12-22,134
Walter Wallace Jr.,Killing_of_Walter_Wallace,2020-12-23,118
Walter Wallace Jr.,Killing_of_Walter_Wallace,2020-12-24,95
Walter Wallace Jr.,Killing_of_Walter_Wallace,2020-12-25,99
Walter Wallace Jr.,Killing_of_Walter_Wallace,2020-12-26,121
Walter Wallace Jr.,Killing_of_Walter_Wallace,2020-12-27,179
Walter Wallace Jr.,Killing_of_Walter_Wallace,2020-12-28,172
Walter Wallace Jr.,Killing_of_Walter_Wallace,2020-12-29,187
Walter Wallace Jr.,Killing_of_Walter_Wallace,2020-12-30,189
Walter Wallace Jr.,Killing_of_Walter_Wallace,2020-12-31,127
Jordan Edwards,Shooting_of_Jordan_Edwards,2017-05-02,333
Jordan Edwards,Shooting_of_Jordan_Edwards,2017-05-03,3578
Jordan Edwards,Shooting_of_Jordan_Edwards,2017-05-04,4279
Jordan Edwards,Shooting_of_Jordan_Edwards,2017-05-05,2412
Jordan Edwards,Shooting_of_Jordan_Edwards,2017-05-06,6778
Jordan Edwards,Shooting_of_Jordan_Edwards,2017-05-07,7233
Jordan Edwards,Shooting_of_Jordan_Edwards,2017-05-08,4204
Jordan Edwards,Shooting_of_Jordan_Edwards,2017-05-09,3690
Jordan Edwards,Shooting_of_Jordan_Edwards,2017-05-10,2597
Jordan Edwards,Shooting_of_Jordan_Edwards,2017-05-11,1334
Jordan Edwards,Shooting_of_Jordan_Edwards,2017-05-12,1555
Jordan Edwards,Shooting_of_Jordan_Edwards,2017-05-13,1284
Jordan Edwards,Shooting_of_Jordan_Edwards,2017-05-14,979
Jordan Edwards,Shooting_of_Jordan_Edwards,2017-05-15,941
Jordan Edwards,Shooting_of_Jordan_Edwards,2017-05-16,1175
Jordan Edwards,Shooting_of_Jordan_Edwards,2017-05-17,4719
Jordan Edwards,Shooting_of_Jordan_Edwards,2017-05-18,1863
Jordan Edwards,Shooting_of_Jordan_Edwards,2017-05-19,817
Jordan Edwards,Shooting_of_Jordan_Edwards,2017-05-20,421
Jordan Edwards,Shooting_of_Jordan_Edwards,2017-05-21,398
Jordan Edwards,Shooting_of_Jordan_Edwards,2017-05-22,344
Jordan Edwards,Shooting_of_Jordan_Edwards,2017-05-23,309
Jordan Edwards,Shooting_of_Jordan_Edwards,2017-05-24,392
Jordan Edwards,Shooting_of_Jordan_Edwards,2017-05-25,444
Jordan Edwards,Shooting_of_Jordan_Edwards,2017-05-26,321
Jordan Edwards,Shooting_of_Jordan_Edwards,2017-05-27,275
Jordan Edwards,Shooting_of_Jordan_Edwards,2017-05-28,262
Jordan Edwards,Shooting_of_Jordan_Edwards,2017-05-29,292
Jordan Edwards,Shooting_of_Jordan_Edwards,2017-05-30,325
Jordan Edwards,Shooting_of_Jordan_Edwards,2017-05-31,498
Jordan Edwards,Shooting_of_Jordan_Edwards,2017-06-01,962
Jordan Edwards,Shooting_of_Jordan_Edwards,2017-06-02,719
Jordan Edwards,Shooting_of_Jordan_Edwards,2017-06-03,469
Jordan Edwards,Shooting_of_Jordan_Edwards,2017-06-04,374
Jordan Edwards,Shooting_of_Jordan_Edwards,2017-06-05,327
Jordan Edwards,Shooting_of_Jordan_Edwards,2017-06-06,292
Jordan Edwards,Shooting_of_Jordan_Edwards,2017-06-07,309
Jordan Edwards,Shooting_of_Jordan_Edwards,2017-06-08,1230
Jordan Edwards,Shooting_of_Jordan_Edwards,2017-06-09,574
Jordan Edwards,Shooting_of_Jordan_Edwards,2017-06-10,231
Jordan Edwards,Shooting_of_Jordan_Edwards,2017-06-11,233
Jordan Edwards,Shooting_of_Jordan_Edwards,2017-06-12,280
Jordan Edwards,Shooting_of_Jordan_Edwards,2017-06-13,287
Jordan Edwards,Shooting_of_Jordan_Edwards,2017-06-14,286
Jordan Edwards,Shooting_of_Jordan_Edwards,2017-06-15,212
Jordan Edwards,Shooting_of_Jordan_Edwards,2017-06-16,222
Jordan Edwards,Shooting_of_Jordan_Edwards,2017-06-17,481
Jordan Edwards,Shooting_of_Jordan_Edwards,2017-06-18,568
Jordan Edwards,Shooting_of_Jordan_Edwards,2017-06-19,473
Jordan Edwards,Shooting_of_Jordan_Edwards,2017-06-20,466
Jordan Edwards,Shooting_of_Jordan_Edwards,2017-06-21,470
Jordan Edwards,Shooting_of_Jordan_Edwards,2017-06-22,475
Jordan Edwards,Shooting_of_Jordan_Edwards,2017-06-23,544
Jordan Edwards,Shooting_of_Jordan_Edwards,2017-06-24,317
Jordan Edwards,Shooting_of_Jordan_Edwards,2017-06-25,347
Jordan Edwards,Shooting_of_Jordan_Edwards,2017-06-26,431
Jordan Edwards,Shooting_of_Jordan_Edwards,2017-06-27,575
Jordan Edwards,Shooting_of_Jordan_Edwards,2017-06-28,439
Jordan Edwards,Shooting_of_Jordan_Edwards,2017-06-29,676
Jordan Edwards,Shooting_of_Jordan_Edwards,2017-06-30,409
Jordan Edwards,Shooting_of_Jordan_Edwards,2017-07-01,159
Jordan Edwards,Shooting_of_Jordan_Edwards,2017-07-02,137
Jordan Edwards,Shooting_of_Jordan_Edwards,2017-07-03,139
Jordan Edwards,Shooting_of_Jordan_Edwards,2017-07-04,104
Jordan Edwards,Shooting_of_Jordan_Edwards,2017-07-05,127
Jordan Edwards,Shooting_of_Jordan_Edwards,2017-07-06,130
Jordan Edwards,Shooting_of_Jordan_Edwards,2017-07-07,118
Jordan Edwards,Shooting_of_Jordan_Edwards,2017-07-08,180
Jordan Edwards,Shooting_of_Jordan_Edwards,2017-07-09,145
Jordan Edwards,Shooting_of_Jordan_Edwards,2017-07-10,123
Jordan Edwards,Shooting_of_Jordan_Edwards,2017-07-11,150
Jordan Edwards,Shooting_of_Jordan_Edwards,2017-07-12,143
Jordan Edwards,Shooting_of_Jordan_Edwards,2017-07-13,161
Jordan Edwards,Shooting_of_Jordan_Edwards,2017-07-14,157
Jordan Edwards,Shooting_of_Jordan_Edwards,2017-07-15,123
Jordan Edwards,Shooting_of_Jordan_Edwards,2017-07-16,111
Jordan Edwards,Shooting_of_Jordan_Edwards,2017-07-17,563
Jordan Edwards,Shooting_of_Jordan_Edwards,2017-07-18,1073
Jordan Edwards,Shooting_of_Jordan_Edwards,2017-07-19,917
Jordan Edwards,Shooting_of_Jordan_Edwards,2017-07-20,252
Jordan Edwards,Shooting_of_Jordan_Edwards,2017-07-21,190
Jordan Edwards,Shooting_of_Jordan_Edwards,2017-07-22,262
Jordan Edwards,Shooting_of_Jordan_Edwards,2017-07-23,155
Jordan Edwards,Shooting_of_Jordan_Edwards,2017-07-24,159
Jordan Edwards,Shooting_of_Jordan_Edwards,2017-07-25,182
Jordan Edwards,Shooting_of_Jordan_Edwards,2017-07-26,171
Jordan Edwards,Shooting_of_Jordan_Edwards,2017-07-27,107
Jordan Edwards,Shooting_of_Jordan_Edwards,2017-07-28,110
Jordan Edwards,Shooting_of_Jordan_Edwards,2017-07-29,101
Jordan Edwards,Shooting_of_Jordan_Edwards,2017-07-30,79
Jordan Edwards,Shooting_of_Jordan_Edwards,2017-07-31,106
Jordan Edwards,Shooting_of_Jordan_Edwards,2017-08-01,127
Jordan Edwards,Shooting_of_Jordan_Edwards,2017-08-02,102
Jordan Edwards,Shooting_of_Jordan_Edwards,2017-08-03,81
Jordan Edwards,Shooting_of_Jordan_Edwards,2017-08-04,82
Jordan Edwards,Shooting_of_Jordan_Edwards,2017-08-05,83
Jordan Edwards,Shooting_of_Jordan_Edwards,2017-08-06,78
Jordan Edwards,Shooting_of_Jordan_Edwards,2017-08-07,84
Jordan Edwards,Shooting_of_Jordan_Edwards,2017-08-08,75
Jordan Edwards,Shooting_of_Jordan_Edwards,2017-08-09,140
Jordan Edwards,Shooting_of_Jordan_Edwards,2017-08-10,78
Jordan Edwards,Shooting_of_Jordan_Edwards,2017-08-11,75
Jordan Edwards,Shooting_of_Jordan_Edwards,2017-08-12,74
Jordan Edwards,Shooting_of_Jordan_Edwards,2017-08-13,108
Jordan Edwards,Shooting_of_Jordan_Edwards,2017-08-14,150
Jordan Edwards,Shooting_of_Jordan_Edwards,2017-08-15,140
Jordan Edwards,Shooting_of_Jordan_Edwards,2017-08-16,109
Jordan Edwards,Shooting_of_Jordan_Edwards,2017-08-17,88
Jordan Edwards,Shooting_of_Jordan_Edwards,2017-08-18,89
Jordan Edwards,Shooting_of_Jordan_Edwards,2017-08-19,111
Jordan Edwards,Shooting_of_Jordan_Edwards,2017-08-20,96
Jordan Edwards,Shooting_of_Jordan_Edwards,2017-08-21,68
Jordan Edwards,Shooting_of_Jordan_Edwards,2017-08-22,96
Jordan Edwards,Shooting_of_Jordan_Edwards,2017-08-23,111
Jordan Edwards,Shooting_of_Jordan_Edwards,2017-08-24,66
Jordan Edwards,Shooting_of_Jordan_Edwards,2017-08-25,256
Jordan Edwards,Shooting_of_Jordan_Edwards,2017-08-26,128
Jordan Edwards,Shooting_of_Jordan_Edwards,2017-08-27,45
Jordan Edwards,Shooting_of_Jordan_Edwards,2017-08-28,255
Jordan Edwards,Shooting_of_Jordan_Edwards,2017-08-29,234
Jordan Edwards,Shooting_of_Jordan_Edwards,2017-08-30,121
Jordan Edwards,Shooting_of_Jordan_Edwards,2017-08-31,102
Jordan Edwards,Shooting_of_Jordan_Edwards,2017-09-01,80
Jordan Edwards,Shooting_of_Jordan_Edwards,2017-09-02,54
Jordan Edwards,Shooting_of_Jordan_Edwards,2017-09-03,77
Jordan Edwards,Shooting_of_Jordan_Edwards,2017-09-04,75
Jordan Edwards,Shooting_of_Jordan_Edwards,2017-09-05,102
Jordan Edwards,Shooting_of_Jordan_Edwards,2017-09-06,63
Jordan Edwards,Shooting_of_Jordan_Edwards,2017-09-07,88
Jordan Edwards,Shooting_of_Jordan_Edwards,2017-09-08,60
Jordan Edwards,Shooting_of_Jordan_Edwards,2017-09-09,39
Jordan Edwards,Shooting_of_Jordan_Edwards,2017-09-10,58
Jordan Edwards,Shooting_of_Jordan_Edwards,2017-09-11,75
Jordan Edwards,Shooting_of_Jordan_Edwards,2017-09-12,75
Jordan Edwards,Shooting_of_Jordan_Edwards,2017-09-13,70
Jordan Edwards,Shooting_of_Jordan_Edwards,2017-09-14,70
Jordan Edwards,Shooting_of_Jordan_Edwards,2017-09-15,86
Jordan Edwards,Shooting_of_Jordan_Edwards,2017-09-16,110
Jordan Edwards,Shooting_of_Jordan_Edwards,2017-09-17,90
Jordan Edwards,Shooting_of_Jordan_Edwards,2017-09-18,114
Jordan Edwards,Shooting_of_Jordan_Edwards,2017-09-19,88
Jordan Edwards,Shooting_of_Jordan_Edwards,2017-09-20,80
Jordan Edwards,Shooting_of_Jordan_Edwards,2017-09-21,98
Jordan Edwards,Shooting_of_Jordan_Edwards,2017-09-22,101
Jordan Edwards,Shooting_of_Jordan_Edwards,2017-09-23,70
Jordan Edwards,Shooting_of_Jordan_Edwards,2017-09-24,99
Jordan Edwards,Shooting_of_Jordan_Edwards,2017-09-25,210
Jordan Edwards,Shooting_of_Jordan_Edwards,2017-09-26,234
Jordan Edwards,Shooting_of_Jordan_Edwards,2017-09-27,204
Jordan Edwards,Shooting_of_Jordan_Edwards,2017-09-28,164
Jordan Edwards,Shooting_of_Jordan_Edwards,2017-09-29,140
Jordan Edwards,Shooting_of_Jordan_Edwards,2017-09-30,101
Jordan Edwards,Shooting_of_Jordan_Edwards,2017-10-01,96
Jordan Edwards,Shooting_of_Jordan_Edwards,2017-10-02,95
Jordan Edwards,Shooting_of_Jordan_Edwards,2017-10-03,83
Jordan Edwards,Shooting_of_Jordan_Edwards,2017-10-04,70
Jordan Edwards,Shooting_of_Jordan_Edwards,2017-10-05,87
Jordan Edwards,Shooting_of_Jordan_Edwards,2017-10-06,86
Jordan Edwards,Shooting_of_Jordan_Edwards,2017-10-07,61
Jordan Edwards,Shooting_of_Jordan_Edwards,2017-10-08,73
Jordan Edwards,Shooting_of_Jordan_Edwards,2017-10-09,90
Jordan Edwards,Shooting_of_Jordan_Edwards,2017-10-10,90
Jordan Edwards,Shooting_of_Jordan_Edwards,2017-10-11,155
Jordan Edwards,Shooting_of_Jordan_Edwards,2017-10-12,116
Jordan Edwards,Shooting_of_Jordan_Edwards,2017-10-13,64
Jordan Edwards,Shooting_of_Jordan_Edwards,2017-10-14,54
Jordan Edwards,Shooting_of_Jordan_Edwards,2017-10-15,72
Jordan Edwards,Shooting_of_Jordan_Edwards,2017-10-16,83
Jordan Edwards,Shooting_of_Jordan_Edwards,2017-10-17,103
Jordan Edwards,Shooting_of_Jordan_Edwards,2017-10-18,103
Jordan Edwards,Shooting_of_Jordan_Edwards,2017-10-19,184
Jordan Edwards,Shooting_of_Jordan_Edwards,2017-10-20,70
Jordan Edwards,Shooting_of_Jordan_Edwards,2017-10-21,70
Jordan Edwards,Shooting_of_Jordan_Edwards,2017-10-22,53
Jordan Edwards,Shooting_of_Jordan_Edwards,2017-10-23,83
Jordan Edwards,Shooting_of_Jordan_Edwards,2017-10-24,75
Jordan Edwards,Shooting_of_Jordan_Edwards,2017-10-25,1205
Jordan Edwards,Shooting_of_Jordan_Edwards,2017-10-26,1971
Jordan Edwards,Shooting_of_Jordan_Edwards,2017-10-27,529
Jordan Edwards,Shooting_of_Jordan_Edwards,2017-10-28,233
Jordan Edwards,Shooting_of_Jordan_Edwards,2017-10-29,166
Jordan Edwards,Shooting_of_Jordan_Edwards,2017-10-30,229
Jordan Edwards,Shooting_of_Jordan_Edwards,2017-10-31,94
Jordan Edwards,Shooting_of_Jordan_Edwards,2017-11-01,155
Jordan Edwards,Shooting_of_Jordan_Edwards,2017-11-02,120
Jordan Edwards,Shooting_of_Jordan_Edwards,2017-11-03,110
Jordan Edwards,Shooting_of_Jordan_Edwards,2017-11-04,61
Jordan Edwards,Shooting_of_Jordan_Edwards,2017-11-05,89
Jordan Edwards,Shooting_of_Jordan_Edwards,2017-11-06,112
Jordan Edwards,Shooting_of_Jordan_Edwards,2017-11-07,87
Jordan Edwards,Shooting_of_Jordan_Edwards,2017-11-08,78
Jordan Edwards,Shooting_of_Jordan_Edwards,2017-11-09,103
Jordan Edwards,Shooting_of_Jordan_Edwards,2017-11-10,121
Jordan Edwards,Shooting_of_Jordan_Edwards,2017-11-11,42
Jordan Edwards,Shooting_of_Jordan_Edwards,2017-11-12,62
Jordan Edwards,Shooting_of_Jordan_Edwards,2017-11-13,62
Jordan Edwards,Shooting_of_Jordan_Edwards,2017-11-14,70
Jordan Edwards,Shooting_of_Jordan_Edwards,2017-11-15,71
Jordan Edwards,Shooting_of_Jordan_Edwards,2017-11-16,78
Jordan Edwards,Shooting_of_Jordan_Edwards,2017-11-17,55
Jordan Edwards,Shooting_of_Jordan_Edwards,2017-11-18,41
Jordan Edwards,Shooting_of_Jordan_Edwards,2017-11-19,62
Jordan Edwards,Shooting_of_Jordan_Edwards,2017-11-20,61
Jordan Edwards,Shooting_of_Jordan_Edwards,2017-11-21,100
Jordan Edwards,Shooting_of_Jordan_Edwards,2017-11-22,89
Jordan Edwards,Shooting_of_Jordan_Edwards,2017-11-23,48
Jordan Edwards,Shooting_of_Jordan_Edwards,2017-11-24,49
Jordan Edwards,Shooting_of_Jordan_Edwards,2017-11-25,61
Jordan Edwards,Shooting_of_Jordan_Edwards,2017-11-26,48
Jordan Edwards,Shooting_of_Jordan_Edwards,2017-11-27,63
Jordan Edwards,Shooting_of_Jordan_Edwards,2017-11-28,59
Jordan Edwards,Shooting_of_Jordan_Edwards,2017-11-29,83
Jordan Edwards,Shooting_of_Jordan_Edwards,2017-11-30,59
Jordan Edwards,Shooting_of_Jordan_Edwards,2017-12-01,69
Jordan Edwards,Shooting_of_Jordan_Edwards,2017-12-02,62
Jordan Edwards,Shooting_of_Jordan_Edwards,2017-12-03,45
Jordan Edwards,Shooting_of_Jordan_Edwards,2017-12-04,66
Jordan Edwards,Shooting_of_Jordan_Edwards,2017-12-05,58
Jordan Edwards,Shooting_of_Jordan_Edwards,2017-12-06,83
Jordan Edwards,Shooting_of_Jordan_Edwards,2017-12-07,99
Jordan Edwards,Shooting_of_Jordan_Edwards,2017-12-08,159
Jordan Edwards,Shooting_of_Jordan_Edwards,2017-12-09,107
Jordan Edwards,Shooting_of_Jordan_Edwards,2017-12-10,381
Jordan Edwards,Shooting_of_Jordan_Edwards,2017-12-11,220
Jordan Edwards,Shooting_of_Jordan_Edwards,2017-12-12,101
Jordan Edwards,Shooting_of_Jordan_Edwards,2017-12-13,97
Jordan Edwards,Shooting_of_Jordan_Edwards,2017-12-14,73
Jordan Edwards,Shooting_of_Jordan_Edwards,2017-12-15,62
Jordan Edwards,Shooting_of_Jordan_Edwards,2017-12-16,37
Jordan Edwards,Shooting_of_Jordan_Edwards,2017-12-17,42
Jordan Edwards,Shooting_of_Jordan_Edwards,2017-12-18,67
Jordan Edwards,Shooting_of_Jordan_Edwards,2017-12-19,74
Jordan Edwards,Shooting_of_Jordan_Edwards,2017-12-20,66
Jordan Edwards,Shooting_of_Jordan_Edwards,2017-12-21,33
Jordan Edwards,Shooting_of_Jordan_Edwards,2017-12-22,35
Jordan Edwards,Shooting_of_Jordan_Edwards,2017-12-23,48
Jordan Edwards,Shooting_of_Jordan_Edwards,2017-12-24,59
Jordan Edwards,Shooting_of_Jordan_Edwards,2017-12-25,89
Jordan Edwards,Shooting_of_Jordan_Edwards,2017-12-26,65
Jordan Edwards,Shooting_of_Jordan_Edwards,2017-12-27,50
Jordan Edwards,Shooting_of_Jordan_Edwards,2017-12-28,57
Jordan Edwards,Shooting_of_Jordan_Edwards,2017-12-29,54
Jordan Edwards,Shooting_of_Jordan_Edwards,2017-12-30,75
Jordan Edwards,Shooting_of_Jordan_Edwards,2017-12-31,68
Jordan Edwards,Shooting_of_Jordan_Edwards,2018-01-01,58
Jordan Edwards,Shooting_of_Jordan_Edwards,2018-01-02,68
Jordan Edwards,Shooting_of_Jordan_Edwards,2018-01-03,64
Jordan Edwards,Shooting_of_Jordan_Edwards,2018-01-04,44
Jordan Edwards,Shooting_of_Jordan_Edwards,2018-01-05,64
Jordan Edwards,Shooting_of_Jordan_Edwards,2018-01-06,52
Jordan Edwards,Shooting_of_Jordan_Edwards,2018-01-07,53
Jordan Edwards,Shooting_of_Jordan_Edwards,2018-01-08,71
Jordan Edwards,Shooting_of_Jordan_Edwards,2018-01-09,87
Jordan Edwards,Shooting_of_Jordan_Edwards,2018-01-10,62
Jordan Edwards,Shooting_of_Jordan_Edwards,2018-01-11,67
Jordan Edwards,Shooting_of_Jordan_Edwards,2018-01-12,54
Jordan Edwards,Shooting_of_Jordan_Edwards,2018-01-13,45
Jordan Edwards,Shooting_of_Jordan_Edwards,2018-01-14,49
Jordan Edwards,Shooting_of_Jordan_Edwards,2018-01-15,134
Jordan Edwards,Shooting_of_Jordan_Edwards,2018-01-16,221
Jordan Edwards,Shooting_of_Jordan_Edwards,2018-01-17,2273
Jordan Edwards,Shooting_of_Jordan_Edwards,2018-01-18,512
Jordan Edwards,Shooting_of_Jordan_Edwards,2018-01-19,463
Jordan Edwards,Shooting_of_Jordan_Edwards,2018-01-20,317
Jordan Edwards,Shooting_of_Jordan_Edwards,2018-01-21,213
Jordan Edwards,Shooting_of_Jordan_Edwards,2018-01-22,153
Jordan Edwards,Shooting_of_Jordan_Edwards,2018-01-23,188
Jordan Edwards,Shooting_of_Jordan_Edwards,2018-01-24,151
Jordan Edwards,Shooting_of_Jordan_Edwards,2018-01-25,88
Jordan Edwards,Shooting_of_Jordan_Edwards,2018-01-26,71
Jordan Edwards,Shooting_of_Jordan_Edwards,2018-01-27,62
Jordan Edwards,Shooting_of_Jordan_Edwards,2018-01-28,74
Jordan Edwards,Shooting_of_Jordan_Edwards,2018-01-29,83
Jordan Edwards,Shooting_of_Jordan_Edwards,2018-01-30,84
Jordan Edwards,Shooting_of_Jordan_Edwards,2018-01-31,84
Jordan Edwards,Shooting_of_Jordan_Edwards,2018-02-01,179
Jordan Edwards,Shooting_of_Jordan_Edwards,2018-02-02,175
Jordan Edwards,Shooting_of_Jordan_Edwards,2018-02-03,76
Jordan Edwards,Shooting_of_Jordan_Edwards,2018-02-04,64
Jordan Edwards,Shooting_of_Jordan_Edwards,2018-02-05,83
Jordan Edwards,Shooting_of_Jordan_Edwards,2018-02-06,102
Jordan Edwards,Shooting_of_Jordan_Edwards,2018-02-07,72
Jordan Edwards,Shooting_of_Jordan_Edwards,2018-02-08,70
Jordan Edwards,Shooting_of_Jordan_Edwards,2018-02-09,62
Jordan Edwards,Shooting_of_Jordan_Edwards,2018-02-10,52
Jordan Edwards,Shooting_of_Jordan_Edwards,2018-02-11,54
Jordan Edwards,Shooting_of_Jordan_Edwards,2018-02-12,82
Jordan Edwards,Shooting_of_Jordan_Edwards,2018-02-13,77
Jordan Edwards,Shooting_of_Jordan_Edwards,2018-02-14,72
Jordan Edwards,Shooting_of_Jordan_Edwards,2018-02-15,85
Jordan Edwards,Shooting_of_Jordan_Edwards,2018-02-16,101
Jordan Edwards,Shooting_of_Jordan_Edwards,2018-02-17,56
Jordan Edwards,Shooting_of_Jordan_Edwards,2018-02-18,62
Jordan Edwards,Shooting_of_Jordan_Edwards,2018-02-19,139
Jordan Edwards,Shooting_of_Jordan_Edwards,2018-02-20,84
Jordan Edwards,Shooting_of_Jordan_Edwards,2018-02-21,82
Jordan Edwards,Shooting_of_Jordan_Edwards,2018-02-22,77
Jordan Edwards,Shooting_of_Jordan_Edwards,2018-02-23,66
Jordan Edwards,Shooting_of_Jordan_Edwards,2018-02-24,40
Jordan Edwards,Shooting_of_Jordan_Edwards,2018-02-25,58
Jordan Edwards,Shooting_of_Jordan_Edwards,2018-02-26,87
Jordan Edwards,Shooting_of_Jordan_Edwards,2018-02-27,91
Jordan Edwards,Shooting_of_Jordan_Edwards,2018-02-28,76
Jordan Edwards,Shooting_of_Jordan_Edwards,2018-03-01,74
Jordan Edwards,Shooting_of_Jordan_Edwards,2018-03-02,74
Jordan Edwards,Shooting_of_Jordan_Edwards,2018-03-03,55
Jordan Edwards,Shooting_of_Jordan_Edwards,2018-03-04,45
Jordan Edwards,Shooting_of_Jordan_Edwards,2018-03-05,47
Jordan Edwards,Shooting_of_Jordan_Edwards,2018-03-06,62
Jordan Edwards,Shooting_of_Jordan_Edwards,2018-03-07,51
Jordan Edwards,Shooting_of_Jordan_Edwards,2018-03-08,99
Jordan Edwards,Shooting_of_Jordan_Edwards,2018-03-09,61
Jordan Edwards,Shooting_of_Jordan_Edwards,2018-03-10,54
Jordan Edwards,Shooting_of_Jordan_Edwards,2018-03-11,51
Jordan Edwards,Shooting_of_Jordan_Edwards,2018-03-12,61
Jordan Edwards,Shooting_of_Jordan_Edwards,2018-03-13,58
Jordan Edwards,Shooting_of_Jordan_Edwards,2018-03-14,65
Jordan Edwards,Shooting_of_Jordan_Edwards,2018-03-15,76
Jordan Edwards,Shooting_of_Jordan_Edwards,2018-03-16,56
Jordan Edwards,Shooting_of_Jordan_Edwards,2018-03-17,32
Jordan Edwards,Shooting_of_Jordan_Edwards,2018-03-18,43
Jordan Edwards,Shooting_of_Jordan_Edwards,2018-03-19,72
Jordan Edwards,Shooting_of_Jordan_Edwards,2018-03-20,102
Jordan Edwards,Shooting_of_Jordan_Edwards,2018-03-21,81
Jordan Edwards,Shooting_of_Jordan_Edwards,2018-03-22,84
Jordan Edwards,Shooting_of_Jordan_Edwards,2018-03-23,71
Jordan Edwards,Shooting_of_Jordan_Edwards,2018-03-24,46
Jordan Edwards,Shooting_of_Jordan_Edwards,2018-03-25,72
Jordan Edwards,Shooting_of_Jordan_Edwards,2018-03-26,71
Jordan Edwards,Shooting_of_Jordan_Edwards,2018-03-27,108
Jordan Edwards,Shooting_of_Jordan_Edwards,2018-03-28,87
Jordan Edwards,Shooting_of_Jordan_Edwards,2018-03-29,82
Jordan Edwards,Shooting_of_Jordan_Edwards,2018-03-30,73
Jordan Edwards,Shooting_of_Jordan_Edwards,2018-03-31,96
Jordan Edwards,Shooting_of_Jordan_Edwards,2018-04-01,237
Jordan Edwards,Shooting_of_Jordan_Edwards,2018-04-02,134
Jordan Edwards,Shooting_of_Jordan_Edwards,2018-04-03,80
Jordan Edwards,Shooting_of_Jordan_Edwards,2018-04-04,92
Jordan Edwards,Shooting_of_Jordan_Edwards,2018-04-05,100
Jordan Edwards,Shooting_of_Jordan_Edwards,2018-04-06,77
Jordan Edwards,Shooting_of_Jordan_Edwards,2018-04-07,51
Jordan Edwards,Shooting_of_Jordan_Edwards,2018-04-08,45
Jordan Edwards,Shooting_of_Jordan_Edwards,2018-04-09,62
Jordan Edwards,Shooting_of_Jordan_Edwards,2018-04-10,60
Jordan Edwards,Shooting_of_Jordan_Edwards,2018-04-11,62
Jordan Edwards,Shooting_of_Jordan_Edwards,2018-04-12,57
Jordan Edwards,Shooting_of_Jordan_Edwards,2018-04-13,56
Jordan Edwards,Shooting_of_Jordan_Edwards,2018-04-14,58
Jordan Edwards,Shooting_of_Jordan_Edwards,2018-04-15,61
Jordan Edwards,Shooting_of_Jordan_Edwards,2018-04-16,72
Jordan Edwards,Shooting_of_Jordan_Edwards,2018-04-17,60
Jordan Edwards,Shooting_of_Jordan_Edwards,2018-04-18,94
Jordan Edwards,Shooting_of_Jordan_Edwards,2018-04-19,83
Jordan Edwards,Shooting_of_Jordan_Edwards,2018-04-20,70
Jordan Edwards,Shooting_of_Jordan_Edwards,2018-04-21,50
Jordan Edwards,Shooting_of_Jordan_Edwards,2018-04-22,48
Jordan Edwards,Shooting_of_Jordan_Edwards,2018-04-23,70
Jordan Edwards,Shooting_of_Jordan_Edwards,2018-04-24,72
Jordan Edwards,Shooting_of_Jordan_Edwards,2018-04-25,58
Jordan Edwards,Shooting_of_Jordan_Edwards,2018-04-26,62
Jordan Edwards,Shooting_of_Jordan_Edwards,2018-04-27,60
Jordan Edwards,Shooting_of_Jordan_Edwards,2018-04-28,37
Jordan Edwards,Shooting_of_Jordan_Edwards,2018-04-29,123
Jordan Edwards,Shooting_of_Jordan_Edwards,2018-04-30,138
Jordan Edwards,Shooting_of_Jordan_Edwards,2018-05-01,81
Jordan Edwards,Shooting_of_Jordan_Edwards,2018-05-02,103
Jordan Edwards,Shooting_of_Jordan_Edwards,2018-05-03,113
Jordan Edwards,Shooting_of_Jordan_Edwards,2018-05-04,80
Jordan Edwards,Shooting_of_Jordan_Edwards,2018-05-05,92
Jordan Edwards,Shooting_of_Jordan_Edwards,2018-05-06,85
Jordan Edwards,Shooting_of_Jordan_Edwards,2018-05-07,154
Jordan Edwards,Shooting_of_Jordan_Edwards,2018-05-08,117
Jordan Edwards,Shooting_of_Jordan_Edwards,2018-05-09,77
Jordan Edwards,Shooting_of_Jordan_Edwards,2018-05-10,65
Jordan Edwards,Shooting_of_Jordan_Edwards,2018-05-11,73
Jordan Edwards,Shooting_of_Jordan_Edwards,2018-05-12,53
Jordan Edwards,Shooting_of_Jordan_Edwards,2018-05-13,69
Jordan Edwards,Shooting_of_Jordan_Edwards,2018-05-14,82
Jordan Edwards,Shooting_of_Jordan_Edwards,2018-05-15,78
Jordan Edwards,Shooting_of_Jordan_Edwards,2018-05-16,73
Jordan Edwards,Shooting_of_Jordan_Edwards,2018-05-17,87
Jordan Edwards,Shooting_of_Jordan_Edwards,2018-05-18,119
Jordan Edwards,Shooting_of_Jordan_Edwards,2018-05-19,91
Jordan Edwards,Shooting_of_Jordan_Edwards,2018-05-20,81
Jordan Edwards,Shooting_of_Jordan_Edwards,2018-05-21,94
Jordan Edwards,Shooting_of_Jordan_Edwards,2018-05-22,87
Jordan Edwards,Shooting_of_Jordan_Edwards,2018-05-23,86
Jordan Edwards,Shooting_of_Jordan_Edwards,2018-05-24,115
Jordan Edwards,Shooting_of_Jordan_Edwards,2018-05-25,95
Jordan Edwards,Shooting_of_Jordan_Edwards,2018-05-26,92
Jordan Edwards,Shooting_of_Jordan_Edwards,2018-05-27,110
Jordan Edwards,Shooting_of_Jordan_Edwards,2018-05-28,165
Jordan Edwards,Shooting_of_Jordan_Edwards,2018-05-29,111
Jordan Edwards,Shooting_of_Jordan_Edwards,2018-05-30,149
Jordan Edwards,Shooting_of_Jordan_Edwards,2018-05-31,156
Jordan Edwards,Shooting_of_Jordan_Edwards,2018-06-01,158
Jordan Edwards,Shooting_of_Jordan_Edwards,2018-06-02,96
Jordan Edwards,Shooting_of_Jordan_Edwards,2018-06-03,74
Jordan Edwards,Shooting_of_Jordan_Edwards,2018-06-04,92
Jordan Edwards,Shooting_of_Jordan_Edwards,2018-06-05,71
Jordan Edwards,Shooting_of_Jordan_Edwards,2018-06-06,62
Jordan Edwards,Shooting_of_Jordan_Edwards,2018-06-07,67
Jordan Edwards,Shooting_of_Jordan_Edwards,2018-06-08,48
Jordan Edwards,Shooting_of_Jordan_Edwards,2018-06-09,40
Jordan Edwards,Shooting_of_Jordan_Edwards,2018-06-10,58
Jordan Edwards,Shooting_of_Jordan_Edwards,2018-06-11,53
Jordan Edwards,Shooting_of_Jordan_Edwards,2018-06-12,44
Jordan Edwards,Shooting_of_Jordan_Edwards,2018-06-13,40
Jordan Edwards,Shooting_of_Jordan_Edwards,2018-06-14,37
Jordan Edwards,Shooting_of_Jordan_Edwards,2018-06-15,59
Jordan Edwards,Shooting_of_Jordan_Edwards,2018-06-16,41
Jordan Edwards,Shooting_of_Jordan_Edwards,2018-06-17,40
Jordan Edwards,Shooting_of_Jordan_Edwards,2018-06-18,38
Jordan Edwards,Shooting_of_Jordan_Edwards,2018-06-19,34
Jordan Edwards,Shooting_of_Jordan_Edwards,2018-06-20,62
Jordan Edwards,Shooting_of_Jordan_Edwards,2018-06-21,77
Jordan Edwards,Shooting_of_Jordan_Edwards,2018-06-22,56
Jordan Edwards,Shooting_of_Jordan_Edwards,2018-06-23,55
Jordan Edwards,Shooting_of_Jordan_Edwards,2018-06-24,52
Jordan Edwards,Shooting_of_Jordan_Edwards,2018-06-25,85
Jordan Edwards,Shooting_of_Jordan_Edwards,2018-06-26,71
Jordan Edwards,Shooting_of_Jordan_Edwards,2018-06-27,106
Jordan Edwards,Shooting_of_Jordan_Edwards,2018-06-28,50
Jordan Edwards,Shooting_of_Jordan_Edwards,2018-06-29,44
Jordan Edwards,Shooting_of_Jordan_Edwards,2018-06-30,48
Jordan Edwards,Shooting_of_Jordan_Edwards,2018-07-01,39
Jordan Edwards,Shooting_of_Jordan_Edwards,2018-07-02,37
Jordan Edwards,Shooting_of_Jordan_Edwards,2018-07-03,48
Jordan Edwards,Shooting_of_Jordan_Edwards,2018-07-04,35
Jordan Edwards,Shooting_of_Jordan_Edwards,2018-07-05,28
Jordan Edwards,Shooting_of_Jordan_Edwards,2018-07-06,50
Jordan Edwards,Shooting_of_Jordan_Edwards,2018-07-07,34
Jordan Edwards,Shooting_of_Jordan_Edwards,2018-07-08,43
Jordan Edwards,Shooting_of_Jordan_Edwards,2018-07-09,42
Jordan Edwards,Shooting_of_Jordan_Edwards,2018-07-10,44
Jordan Edwards,Shooting_of_Jordan_Edwards,2018-07-11,49
Jordan Edwards,Shooting_of_Jordan_Edwards,2018-07-12,48
Jordan Edwards,Shooting_of_Jordan_Edwards,2018-07-13,25
Jordan Edwards,Shooting_of_Jordan_Edwards,2018-07-14,45
Jordan Edwards,Shooting_of_Jordan_Edwards,2018-07-15,27
Jordan Edwards,Shooting_of_Jordan_Edwards,2018-07-16,47
Jordan Edwards,Shooting_of_Jordan_Edwards,2018-07-17,41
Jordan Edwards,Shooting_of_Jordan_Edwards,2018-07-18,28
Jordan Edwards,Shooting_of_Jordan_Edwards,2018-07-19,52
Jordan Edwards,Shooting_of_Jordan_Edwards,2018-07-20,43
Jordan Edwards,Shooting_of_Jordan_Edwards,2018-07-21,33
Jordan Edwards,Shooting_of_Jordan_Edwards,2018-07-22,22
Jordan Edwards,Shooting_of_Jordan_Edwards,2018-07-23,48
Jordan Edwards,Shooting_of_Jordan_Edwards,2018-07-24,52
Jordan Edwards,Shooting_of_Jordan_Edwards,2018-07-25,56
Jordan Edwards,Shooting_of_Jordan_Edwards,2018-07-26,35
Jordan Edwards,Shooting_of_Jordan_Edwards,2018-07-27,45
Jordan Edwards,Shooting_of_Jordan_Edwards,2018-07-28,37
Jordan Edwards,Shooting_of_Jordan_Edwards,2018-07-29,54
Jordan Edwards,Shooting_of_Jordan_Edwards,2018-07-30,61
Jordan Edwards,Shooting_of_Jordan_Edwards,2018-07-31,108
Jordan Edwards,Shooting_of_Jordan_Edwards,2018-08-01,100
Jordan Edwards,Shooting_of_Jordan_Edwards,2018-08-02,58
Jordan Edwards,Shooting_of_Jordan_Edwards,2018-08-03,55
Jordan Edwards,Shooting_of_Jordan_Edwards,2018-08-04,44
Jordan Edwards,Shooting_of_Jordan_Edwards,2018-08-05,68
Jordan Edwards,Shooting_of_Jordan_Edwards,2018-08-06,46
Jordan Edwards,Shooting_of_Jordan_Edwards,2018-08-07,52
Jordan Edwards,Shooting_of_Jordan_Edwards,2018-08-08,45
Jordan Edwards,Shooting_of_Jordan_Edwards,2018-08-09,49
Jordan Edwards,Shooting_of_Jordan_Edwards,2018-08-10,53
Jordan Edwards,Shooting_of_Jordan_Edwards,2018-08-11,59
Jordan Edwards,Shooting_of_Jordan_Edwards,2018-08-12,51
Jordan Edwards,Shooting_of_Jordan_Edwards,2018-08-13,51
Jordan Edwards,Shooting_of_Jordan_Edwards,2018-08-14,76
Jordan Edwards,Shooting_of_Jordan_Edwards,2018-08-15,92
Jordan Edwards,Shooting_of_Jordan_Edwards,2018-08-16,284
Jordan Edwards,Shooting_of_Jordan_Edwards,2018-08-17,203
Jordan Edwards,Shooting_of_Jordan_Edwards,2018-08-18,125
Jordan Edwards,Shooting_of_Jordan_Edwards,2018-08-19,82
Jordan Edwards,Shooting_of_Jordan_Edwards,2018-08-20,110
Jordan Edwards,Shooting_of_Jordan_Edwards,2018-08-21,157
Jordan Edwards,Shooting_of_Jordan_Edwards,2018-08-22,124
Jordan Edwards,Shooting_of_Jordan_Edwards,2018-08-23,405
Jordan Edwards,Shooting_of_Jordan_Edwards,2018-08-24,276
Jordan Edwards,Shooting_of_Jordan_Edwards,2018-08-25,180
Jordan Edwards,Shooting_of_Jordan_Edwards,2018-08-26,73
Jordan Edwards,Shooting_of_Jordan_Edwards,2018-08-27,312
Jordan Edwards,Shooting_of_Jordan_Edwards,2018-08-28,16881
Jordan Edwards,Shooting_of_Jordan_Edwards,2018-08-29,18326
Jordan Edwards,Shooting_of_Jordan_Edwards,2018-08-30,13441
Jordan Edwards,Shooting_of_Jordan_Edwards,2018-08-31,3913
Jordan Edwards,Shooting_of_Jordan_Edwards,2018-09-01,1050
Jordan Edwards,Shooting_of_Jordan_Edwards,2018-09-02,789
Jordan Edwards,Shooting_of_Jordan_Edwards,2018-09-03,600
Jordan Edwards,Shooting_of_Jordan_Edwards,2018-09-04,494
Jordan Edwards,Shooting_of_Jordan_Edwards,2018-09-05,397
Jordan Edwards,Shooting_of_Jordan_Edwards,2018-09-06,349
Jordan Edwards,Shooting_of_Jordan_Edwards,2018-09-07,357
Jordan Edwards,Shooting_of_Jordan_Edwards,2018-09-08,362
Jordan Edwards,Shooting_of_Jordan_Edwards,2018-09-09,227
Jordan Edwards,Shooting_of_Jordan_Edwards,2018-09-10,324
Jordan Edwards,Shooting_of_Jordan_Edwards,2018-09-11,258
Jordan Edwards,Shooting_of_Jordan_Edwards,2018-09-12,226
Jordan Edwards,Shooting_of_Jordan_Edwards,2018-09-13,162
Jordan Edwards,Shooting_of_Jordan_Edwards,2018-09-14,170
Jordan Edwards,Shooting_of_Jordan_Edwards,2018-09-15,170
Jordan Edwards,Shooting_of_Jordan_Edwards,2018-09-16,107
Jordan Edwards,Shooting_of_Jordan_Edwards,2018-09-17,297
Jordan Edwards,Shooting_of_Jordan_Edwards,2018-09-18,238
Jordan Edwards,Shooting_of_Jordan_Edwards,2018-09-19,170
Jordan Edwards,Shooting_of_Jordan_Edwards,2018-09-20,156
Jordan Edwards,Shooting_of_Jordan_Edwards,2018-09-21,107
Jordan Edwards,Shooting_of_Jordan_Edwards,2018-09-22,95
Jordan Edwards,Shooting_of_Jordan_Edwards,2018-09-23,132
Jordan Edwards,Shooting_of_Jordan_Edwards,2018-09-24,220
Jordan Edwards,Shooting_of_Jordan_Edwards,2018-09-25,227
Jordan Edwards,Shooting_of_Jordan_Edwards,2018-09-26,221
Jordan Edwards,Shooting_of_Jordan_Edwards,2018-09-27,1093
Jordan Edwards,Shooting_of_Jordan_Edwards,2018-09-28,1731
Jordan Edwards,Shooting_of_Jordan_Edwards,2018-09-29,808
Jordan Edwards,Shooting_of_Jordan_Edwards,2018-09-30,474
Jordan Edwards,Shooting_of_Jordan_Edwards,2018-10-01,292
Jordan Edwards,Shooting_of_Jordan_Edwards,2018-10-02,213
Jordan Edwards,Shooting_of_Jordan_Edwards,2018-10-03,188
Jordan Edwards,Shooting_of_Jordan_Edwards,2018-10-04,170
Jordan Edwards,Shooting_of_Jordan_Edwards,2018-10-05,219
Jordan Edwards,Shooting_of_Jordan_Edwards,2018-10-06,191
Jordan Edwards,Shooting_of_Jordan_Edwards,2018-10-07,122
Jordan Edwards,Shooting_of_Jordan_Edwards,2018-10-08,166
Jordan Edwards,Shooting_of_Jordan_Edwards,2018-10-09,168
Jordan Edwards,Shooting_of_Jordan_Edwards,2018-10-10,92
Jordan Edwards,Shooting_of_Jordan_Edwards,2018-10-11,91
Jordan Edwards,Shooting_of_Jordan_Edwards,2018-10-12,84
Jordan Edwards,Shooting_of_Jordan_Edwards,2018-10-13,84
Jordan Edwards,Shooting_of_Jordan_Edwards,2018-10-14,62
Jordan Edwards,Shooting_of_Jordan_Edwards,2018-10-15,106
Jordan Edwards,Shooting_of_Jordan_Edwards,2018-10-16,117
Jordan Edwards,Shooting_of_Jordan_Edwards,2018-10-17,112
Jordan Edwards,Shooting_of_Jordan_Edwards,2018-10-18,97
Jordan Edwards,Shooting_of_Jordan_Edwards,2018-10-19,109
Jordan Edwards,Shooting_of_Jordan_Edwards,2018-10-20,92
Jordan Edwards,Shooting_of_Jordan_Edwards,2018-10-21,89
Jordan Edwards,Shooting_of_Jordan_Edwards,2018-10-22,100
Jordan Edwards,Shooting_of_Jordan_Edwards,2018-10-23,160
Jordan Edwards,Shooting_of_Jordan_Edwards,2018-10-24,525
Jordan Edwards,Shooting_of_Jordan_Edwards,2018-10-25,240
Jordan Edwards,Shooting_of_Jordan_Edwards,2018-10-26,362
Jordan Edwards,Shooting_of_Jordan_Edwards,2018-10-27,263
Jordan Edwards,Shooting_of_Jordan_Edwards,2018-10-28,402
Jordan Edwards,Shooting_of_Jordan_Edwards,2018-10-29,123
Jordan Edwards,Shooting_of_Jordan_Edwards,2018-10-30,143
Jordan Edwards,Shooting_of_Jordan_Edwards,2018-10-31,146
Jordan Edwards,Shooting_of_Jordan_Edwards,2018-11-01,213
Jordan Edwards,Shooting_of_Jordan_Edwards,2018-11-02,142
Jordan Edwards,Shooting_of_Jordan_Edwards,2018-11-03,223
Jordan Edwards,Shooting_of_Jordan_Edwards,2018-11-04,198
Jordan Edwards,Shooting_of_Jordan_Edwards,2018-11-05,167
Jordan Edwards,Shooting_of_Jordan_Edwards,2018-11-06,149
Jordan Edwards,Shooting_of_Jordan_Edwards,2018-11-07,144
Jordan Edwards,Shooting_of_Jordan_Edwards,2018-11-08,159
Jordan Edwards,Shooting_of_Jordan_Edwards,2018-11-09,132
Jordan Edwards,Shooting_of_Jordan_Edwards,2018-11-10,113
Jordan Edwards,Shooting_of_Jordan_Edwards,2018-11-11,135
Jordan Edwards,Shooting_of_Jordan_Edwards,2018-11-12,90
Jordan Edwards,Shooting_of_Jordan_Edwards,2018-11-13,83
Jordan Edwards,Shooting_of_Jordan_Edwards,2018-11-14,120
Jordan Edwards,Shooting_of_Jordan_Edwards,2018-11-15,187
Jordan Edwards,Shooting_of_Jordan_Edwards,2018-11-16,101
Jordan Edwards,Shooting_of_Jordan_Edwards,2018-11-17,69
Jordan Edwards,Shooting_of_Jordan_Edwards,2018-11-18,74
Jordan Edwards,Shooting_of_Jordan_Edwards,2018-11-19,106
Jordan Edwards,Shooting_of_Jordan_Edwards,2018-11-20,70
Jordan Edwards,Shooting_of_Jordan_Edwards,2018-11-21,63
Jordan Edwards,Shooting_of_Jordan_Edwards,2018-11-22,53
Jordan Edwards,Shooting_of_Jordan_Edwards,2018-11-23,68
Jordan Edwards,Shooting_of_Jordan_Edwards,2018-11-24,62
Jordan Edwards,Shooting_of_Jordan_Edwards,2018-11-25,78
Jordan Edwards,Shooting_of_Jordan_Edwards,2018-11-26,85
Jordan Edwards,Shooting_of_Jordan_Edwards,2018-11-27,79
Jordan Edwards,Shooting_of_Jordan_Edwards,2018-11-28,124
Jordan Edwards,Shooting_of_Jordan_Edwards,2018-11-29,79
Jordan Edwards,Shooting_of_Jordan_Edwards,2018-11-30,157
Jordan Edwards,Shooting_of_Jordan_Edwards,2018-12-01,159
Jordan Edwards,Shooting_of_Jordan_Edwards,2018-12-02,88
Jordan Edwards,Shooting_of_Jordan_Edwards,2018-12-03,66
Jordan Edwards,Shooting_of_Jordan_Edwards,2018-12-04,99
Jordan Edwards,Shooting_of_Jordan_Edwards,2018-12-05,70
Jordan Edwards,Shooting_of_Jordan_Edwards,2018-12-06,79
Jordan Edwards,Shooting_of_Jordan_Edwards,2018-12-07,72
Jordan Edwards,Shooting_of_Jordan_Edwards,2018-12-08,85
Jordan Edwards,Shooting_of_Jordan_Edwards,2018-12-09,76
Jordan Edwards,Shooting_of_Jordan_Edwards,2018-12-10,59
Jordan Edwards,Shooting_of_Jordan_Edwards,2018-12-11,87
Jordan Edwards,Shooting_of_Jordan_Edwards,2018-12-12,63
Jordan Edwards,Shooting_of_Jordan_Edwards,2018-12-13,60
Jordan Edwards,Shooting_of_Jordan_Edwards,2018-12-14,69
Jordan Edwards,Shooting_of_Jordan_Edwards,2018-12-15,43
Jordan Edwards,Shooting_of_Jordan_Edwards,2018-12-16,54
Jordan Edwards,Shooting_of_Jordan_Edwards,2018-12-17,55
Jordan Edwards,Shooting_of_Jordan_Edwards,2018-12-18,59
Jordan Edwards,Shooting_of_Jordan_Edwards,2018-12-19,79
Jordan Edwards,Shooting_of_Jordan_Edwards,2018-12-20,57
Jordan Edwards,Shooting_of_Jordan_Edwards,2018-12-21,38
Jordan Edwards,Shooting_of_Jordan_Edwards,2018-12-22,44
Jordan Edwards,Shooting_of_Jordan_Edwards,2018-12-23,31
Jordan Edwards,Shooting_of_Jordan_Edwards,2018-12-24,45
Jordan Edwards,Shooting_of_Jordan_Edwards,2018-12-25,46
Jordan Edwards,Shooting_of_Jordan_Edwards,2018-12-26,33
Jordan Edwards,Shooting_of_Jordan_Edwards,2018-12-27,50
Jordan Edwards,Shooting_of_Jordan_Edwards,2018-12-28,46
Jordan Edwards,Shooting_of_Jordan_Edwards,2018-12-29,45
Jordan Edwards,Shooting_of_Jordan_Edwards,2018-12-30,43
Jordan Edwards,Shooting_of_Jordan_Edwards,2018-12-31,40
Jordan Edwards,Shooting_of_Jordan_Edwards,2019-01-01,59
Jordan Edwards,Shooting_of_Jordan_Edwards,2019-01-02,54
Jordan Edwards,Shooting_of_Jordan_Edwards,2019-01-03,52
Jordan Edwards,Shooting_of_Jordan_Edwards,2019-01-04,58
Jordan Edwards,Shooting_of_Jordan_Edwards,2019-01-05,42
Jordan Edwards,Shooting_of_Jordan_Edwards,2019-01-06,50
Jordan Edwards,Shooting_of_Jordan_Edwards,2019-01-07,65
Jordan Edwards,Shooting_of_Jordan_Edwards,2019-01-08,72
Jordan Edwards,Shooting_of_Jordan_Edwards,2019-01-09,60
Jordan Edwards,Shooting_of_Jordan_Edwards,2019-01-10,57
Jordan Edwards,Shooting_of_Jordan_Edwards,2019-01-11,67
Jordan Edwards,Shooting_of_Jordan_Edwards,2019-01-12,64
Jordan Edwards,Shooting_of_Jordan_Edwards,2019-01-13,59
Jordan Edwards,Shooting_of_Jordan_Edwards,2019-01-14,66
Jordan Edwards,Shooting_of_Jordan_Edwards,2019-01-15,71
Jordan Edwards,Shooting_of_Jordan_Edwards,2019-01-16,57
Jordan Edwards,Shooting_of_Jordan_Edwards,2019-01-17,64
Jordan Edwards,Shooting_of_Jordan_Edwards,2019-01-18,61
Jordan Edwards,Shooting_of_Jordan_Edwards,2019-01-19,85
Jordan Edwards,Shooting_of_Jordan_Edwards,2019-01-20,92
Jordan Edwards,Shooting_of_Jordan_Edwards,2019-01-21,113
Jordan Edwards,Shooting_of_Jordan_Edwards,2019-01-22,107
Jordan Edwards,Shooting_of_Jordan_Edwards,2019-01-23,130
Jordan Edwards,Shooting_of_Jordan_Edwards,2019-01-24,102
Jordan Edwards,Shooting_of_Jordan_Edwards,2019-01-25,93
Jordan Edwards,Shooting_of_Jordan_Edwards,2019-01-26,64
Jordan Edwards,Shooting_of_Jordan_Edwards,2019-01-27,72
Jordan Edwards,Shooting_of_Jordan_Edwards,2019-01-28,80
Jordan Edwards,Shooting_of_Jordan_Edwards,2019-01-29,78
Jordan Edwards,Shooting_of_Jordan_Edwards,2019-01-30,82
Jordan Edwards,Shooting_of_Jordan_Edwards,2019-01-31,65
Jordan Edwards,Shooting_of_Jordan_Edwards,2019-02-01,93
Jordan Edwards,Shooting_of_Jordan_Edwards,2019-02-02,49
Jordan Edwards,Shooting_of_Jordan_Edwards,2019-02-03,52
Jordan Edwards,Shooting_of_Jordan_Edwards,2019-02-04,90
Jordan Edwards,Shooting_of_Jordan_Edwards,2019-02-05,87
Jordan Edwards,Shooting_of_Jordan_Edwards,2019-02-06,79
Jordan Edwards,Shooting_of_Jordan_Edwards,2019-02-07,75
Jordan Edwards,Shooting_of_Jordan_Edwards,2019-02-08,62
Jordan Edwards,Shooting_of_Jordan_Edwards,2019-02-09,50
Jordan Edwards,Shooting_of_Jordan_Edwards,2019-02-10,54
Jordan Edwards,Shooting_of_Jordan_Edwards,2019-02-11,75
Jordan Edwards,Shooting_of_Jordan_Edwards,2019-02-12,70
Jordan Edwards,Shooting_of_Jordan_Edwards,2019-02-13,90
Jordan Edwards,Shooting_of_Jordan_Edwards,2019-02-14,88
Jordan Edwards,Shooting_of_Jordan_Edwards,2019-02-15,77
Jordan Edwards,Shooting_of_Jordan_Edwards,2019-02-16,74
Jordan Edwards,Shooting_of_Jordan_Edwards,2019-02-17,61
Jordan Edwards,Shooting_of_Jordan_Edwards,2019-02-18,76
Jordan Edwards,Shooting_of_Jordan_Edwards,2019-02-19,65
Jordan Edwards,Shooting_of_Jordan_Edwards,2019-02-20,86
Jordan Edwards,Shooting_of_Jordan_Edwards,2019-02-21,116
Jordan Edwards,Shooting_of_Jordan_Edwards,2019-02-22,81
Jordan Edwards,Shooting_of_Jordan_Edwards,2019-02-23,90
Jordan Edwards,Shooting_of_Jordan_Edwards,2019-02-24,89
Jordan Edwards,Shooting_of_Jordan_Edwards,2019-02-25,87
Jordan Edwards,Shooting_of_Jordan_Edwards,2019-02-26,73
Jordan Edwards,Shooting_of_Jordan_Edwards,2019-02-27,68
Jordan Edwards,Shooting_of_Jordan_Edwards,2019-02-28,82
Jordan Edwards,Shooting_of_Jordan_Edwards,2019-03-01,73
Jordan Edwards,Shooting_of_Jordan_Edwards,2019-03-02,66
Jordan Edwards,Shooting_of_Jordan_Edwards,2019-03-03,98
Jordan Edwards,Shooting_of_Jordan_Edwards,2019-03-04,99
Jordan Edwards,Shooting_of_Jordan_Edwards,2019-03-05,80
Jordan Edwards,Shooting_of_Jordan_Edwards,2019-03-06,118
Jordan Edwards,Shooting_of_Jordan_Edwards,2019-03-07,63
Jordan Edwards,Shooting_of_Jordan_Edwards,2019-03-08,78
Jordan Edwards,Shooting_of_Jordan_Edwards,2019-03-09,82
Jordan Edwards,Shooting_of_Jordan_Edwards,2019-03-10,83
Jordan Edwards,Shooting_of_Jordan_Edwards,2019-03-11,95
Jordan Edwards,Shooting_of_Jordan_Edwards,2019-03-12,92
Jordan Edwards,Shooting_of_Jordan_Edwards,2019-03-13,89
Jordan Edwards,Shooting_of_Jordan_Edwards,2019-03-14,73
Jordan Edwards,Shooting_of_Jordan_Edwards,2019-03-15,55
Jordan Edwards,Shooting_of_Jordan_Edwards,2019-03-16,63
Jordan Edwards,Shooting_of_Jordan_Edwards,2019-03-17,56
Jordan Edwards,Shooting_of_Jordan_Edwards,2019-03-18,64
Jordan Edwards,Shooting_of_Jordan_Edwards,2019-03-19,76
Jordan Edwards,Shooting_of_Jordan_Edwards,2019-03-20,76
Jordan Edwards,Shooting_of_Jordan_Edwards,2019-03-21,81
Jordan Edwards,Shooting_of_Jordan_Edwards,2019-03-22,81
Jordan Edwards,Shooting_of_Jordan_Edwards,2019-03-23,120
Jordan Edwards,Shooting_of_Jordan_Edwards,2019-03-24,76
Jordan Edwards,Shooting_of_Jordan_Edwards,2019-03-25,93
Jordan Edwards,Shooting_of_Jordan_Edwards,2019-03-26,110
Jordan Edwards,Shooting_of_Jordan_Edwards,2019-03-27,79
Jordan Edwards,Shooting_of_Jordan_Edwards,2019-03-28,69
Jordan Edwards,Shooting_of_Jordan_Edwards,2019-03-29,71
Jordan Edwards,Shooting_of_Jordan_Edwards,2019-03-30,114
Jordan Edwards,Shooting_of_Jordan_Edwards,2019-03-31,379
Jordan Edwards,Shooting_of_Jordan_Edwards,2019-04-01,329
Jordan Edwards,Shooting_of_Jordan_Edwards,2019-04-02,179
Jordan Edwards,Shooting_of_Jordan_Edwards,2019-04-03,142
Jordan Edwards,Shooting_of_Jordan_Edwards,2019-04-04,93
Jordan Edwards,Shooting_of_Jordan_Edwards,2019-04-05,102
Jordan Edwards,Shooting_of_Jordan_Edwards,2019-04-06,45
Jordan Edwards,Shooting_of_Jordan_Edwards,2019-04-07,60
Jordan Edwards,Shooting_of_Jordan_Edwards,2019-04-08,80
Jordan Edwards,Shooting_of_Jordan_Edwards,2019-04-09,123
Jordan Edwards,Shooting_of_Jordan_Edwards,2019-04-10,90
Jordan Edwards,Shooting_of_Jordan_Edwards,2019-04-11,79
Jordan Edwards,Shooting_of_Jordan_Edwards,2019-04-12,82
Jordan Edwards,Shooting_of_Jordan_Edwards,2019-04-13,56
Jordan Edwards,Shooting_of_Jordan_Edwards,2019-04-14,53
Jordan Edwards,Shooting_of_Jordan_Edwards,2019-04-15,91
Jordan Edwards,Shooting_of_Jordan_Edwards,2019-04-16,71
Jordan Edwards,Shooting_of_Jordan_Edwards,2019-04-17,51
Jordan Edwards,Shooting_of_Jordan_Edwards,2019-04-18,27
Jordan Edwards,Shooting_of_Jordan_Edwards,2019-04-19,19
Jordan Edwards,Shooting_of_Jordan_Edwards,2019-04-20,13
Jordan Edwards,Shooting_of_Jordan_Edwards,2019-04-21,10
Jordan Edwards,Shooting_of_Jordan_Edwards,2019-04-22,30
Jordan Edwards,Shooting_of_Jordan_Edwards,2019-04-23,61
Jordan Edwards,Shooting_of_Jordan_Edwards,2019-04-24,84
Jordan Edwards,Shooting_of_Jordan_Edwards,2019-04-25,299
Jordan Edwards,Shooting_of_Jordan_Edwards,2019-04-26,66
Jordan Edwards,Shooting_of_Jordan_Edwards,2019-04-27,30
Jordan Edwards,Shooting_of_Jordan_Edwards,2019-04-28,34
Jordan Edwards,Shooting_of_Jordan_Edwards,2019-04-29,23
Jordan Edwards,Shooting_of_Jordan_Edwards,2019-04-30,36
Jordan Edwards,Shooting_of_Jordan_Edwards,2019-05-01,28
Jordan Edwards,Shooting_of_Jordan_Edwards,2019-05-02,18
Jordan Edwards,Shooting_of_Jordan_Edwards,2019-05-03,20
Jordan Edwards,Shooting_of_Jordan_Edwards,2019-05-04,27
Jordan Edwards,Shooting_of_Jordan_Edwards,2019-05-05,13
Jordan Edwards,Shooting_of_Jordan_Edwards,2019-05-06,26
Jordan Edwards,Shooting_of_Jordan_Edwards,2019-05-07,15
Jordan Edwards,Shooting_of_Jordan_Edwards,2019-05-08,21
Jordan Edwards,Shooting_of_Jordan_Edwards,2019-05-09,9
Jordan Edwards,Shooting_of_Jordan_Edwards,2019-05-10,15
Jordan Edwards,Shooting_of_Jordan_Edwards,2019-05-11,19
Jordan Edwards,Shooting_of_Jordan_Edwards,2019-05-12,14
Jordan Edwards,Shooting_of_Jordan_Edwards,2019-05-13,26
Jordan Edwards,Shooting_of_Jordan_Edwards,2019-05-14,21
Jordan Edwards,Shooting_of_Jordan_Edwards,2019-05-15,13
Jordan Edwards,Shooting_of_Jordan_Edwards,2019-05-16,16
Jordan Edwards,Shooting_of_Jordan_Edwards,2019-05-17,13
Jordan Edwards,Shooting_of_Jordan_Edwards,2019-05-18,23
Jordan Edwards,Shooting_of_Jordan_Edwards,2019-05-19,8
Jordan Edwards,Shooting_of_Jordan_Edwards,2019-05-20,11
Jordan Edwards,Shooting_of_Jordan_Edwards,2019-05-21,90
Jordan Edwards,Shooting_of_Jordan_Edwards,2019-05-22,44
Jordan Edwards,Shooting_of_Jordan_Edwards,2019-05-23,25
Jordan Edwards,Shooting_of_Jordan_Edwards,2019-05-24,19
Jordan Edwards,Shooting_of_Jordan_Edwards,2019-05-25,19
Jordan Edwards,Shooting_of_Jordan_Edwards,2019-05-26,12
Jordan Edwards,Shooting_of_Jordan_Edwards,2019-05-27,19
Jordan Edwards,Shooting_of_Jordan_Edwards,2019-05-28,22
Jordan Edwards,Shooting_of_Jordan_Edwards,2019-05-29,22
Jordan Edwards,Shooting_of_Jordan_Edwards,2019-05-30,25
Jordan Edwards,Shooting_of_Jordan_Edwards,2019-05-31,17
Jordan Edwards,Shooting_of_Jordan_Edwards,2019-06-01,20
Jordan Edwards,Shooting_of_Jordan_Edwards,2019-06-02,12
Jordan Edwards,Shooting_of_Jordan_Edwards,2019-06-03,13
Jordan Edwards,Shooting_of_Jordan_Edwards,2019-06-04,16
Jordan Edwards,Shooting_of_Jordan_Edwards,2019-06-05,10
Jordan Edwards,Shooting_of_Jordan_Edwards,2019-06-06,22
Jordan Edwards,Shooting_of_Jordan_Edwards,2019-06-07,18
Jordan Edwards,Shooting_of_Jordan_Edwards,2019-06-08,18
Jordan Edwards,Shooting_of_Jordan_Edwards,2019-06-09,16
Jordan Edwards,Shooting_of_Jordan_Edwards,2019-06-10,12
Jordan Edwards,Shooting_of_Jordan_Edwards,2019-06-11,15
Jordan Edwards,Shooting_of_Jordan_Edwards,2019-06-12,11
Jordan Edwards,Shooting_of_Jordan_Edwards,2019-06-13,12
Jordan Edwards,Shooting_of_Jordan_Edwards,2019-06-14,17
Jordan Edwards,Shooting_of_Jordan_Edwards,2019-06-15,10
Jordan Edwards,Shooting_of_Jordan_Edwards,2019-06-16,25
Jordan Edwards,Shooting_of_Jordan_Edwards,2019-06-17,15
Jordan Edwards,Shooting_of_Jordan_Edwards,2019-06-18,13
Jordan Edwards,Shooting_of_Jordan_Edwards,2019-06-19,17
Jordan Edwards,Shooting_of_Jordan_Edwards,2019-06-20,14
Jordan Edwards,Shooting_of_Jordan_Edwards,2019-06-21,12
Jordan Edwards,Shooting_of_Jordan_Edwards,2019-06-22,10
Jordan Edwards,Shooting_of_Jordan_Edwards,2019-06-23,16
Jordan Edwards,Shooting_of_Jordan_Edwards,2019-06-24,17
Jordan Edwards,Shooting_of_Jordan_Edwards,2019-06-25,13
Jordan Edwards,Shooting_of_Jordan_Edwards,2019-06-26,18
Jordan Edwards,Shooting_of_Jordan_Edwards,2019-06-27,10
Jordan Edwards,Shooting_of_Jordan_Edwards,2019-06-28,16
Jordan Edwards,Shooting_of_Jordan_Edwards,2019-06-29,14
Jordan Edwards,Shooting_of_Jordan_Edwards,2019-06-30,9
Jordan Edwards,Shooting_of_Jordan_Edwards,2019-07-01,18
Jordan Edwards,Shooting_of_Jordan_Edwards,2019-07-02,12
Jordan Edwards,Shooting_of_Jordan_Edwards,2019-07-03,13
Jordan Edwards,Shooting_of_Jordan_Edwards,2019-07-04,11
Jordan Edwards,Shooting_of_Jordan_Edwards,2019-07-05,12
Jordan Edwards,Shooting_of_Jordan_Edwards,2019-07-06,11
Jordan Edwards,Shooting_of_Jordan_Edwards,2019-07-07,17
Jordan Edwards,Shooting_of_Jordan_Edwards,2019-07-08,23
Jordan Edwards,Shooting_of_Jordan_Edwards,2019-07-09,12
Jordan Edwards,Shooting_of_Jordan_Edwards,2019-07-10,6
Jordan Edwards,Shooting_of_Jordan_Edwards,2019-07-11,17
Jordan Edwards,Shooting_of_Jordan_Edwards,2019-07-12,17
Jordan Edwards,Shooting_of_Jordan_Edwards,2019-07-13,12
Jordan Edwards,Shooting_of_Jordan_Edwards,2019-07-14,13
Jordan Edwards,Shooting_of_Jordan_Edwards,2019-07-15,11
Jordan Edwards,Shooting_of_Jordan_Edwards,2019-07-16,11
Jordan Edwards,Shooting_of_Jordan_Edwards,2019-07-17,13
Jordan Edwards,Shooting_of_Jordan_Edwards,2019-07-18,10
Jordan Edwards,Shooting_of_Jordan_Edwards,2019-07-19,15
Jordan Edwards,Shooting_of_Jordan_Edwards,2019-07-20,16
Jordan Edwards,Shooting_of_Jordan_Edwards,2019-07-21,13
Jordan Edwards,Shooting_of_Jordan_Edwards,2019-07-22,16
Jordan Edwards,Shooting_of_Jordan_Edwards,2019-07-23,16
Jordan Edwards,Shooting_of_Jordan_Edwards,2019-07-24,14
Jordan Edwards,Shooting_of_Jordan_Edwards,2019-07-25,11
Jordan Edwards,Shooting_of_Jordan_Edwards,2019-07-26,20
Jordan Edwards,Shooting_of_Jordan_Edwards,2019-07-27,10
Jordan Edwards,Shooting_of_Jordan_Edwards,2019-07-28,15
Jordan Edwards,Shooting_of_Jordan_Edwards,2019-07-29,13
Jordan Edwards,Shooting_of_Jordan_Edwards,2019-07-30,14
Jordan Edwards,Shooting_of_Jordan_Edwards,2019-07-31,9
Jordan Edwards,Shooting_of_Jordan_Edwards,2019-08-01,16
Jordan Edwards,Shooting_of_Jordan_Edwards,2019-08-02,25
Jordan Edwards,Shooting_of_Jordan_Edwards,2019-08-03,49
Jordan Edwards,Shooting_of_Jordan_Edwards,2019-08-04,70
Jordan Edwards,Shooting_of_Jordan_Edwards,2019-08-05,39
Jordan Edwards,Shooting_of_Jordan_Edwards,2019-08-06,36
Jordan Edwards,Shooting_of_Jordan_Edwards,2019-08-07,43
Jordan Edwards,Shooting_of_Jordan_Edwards,2019-08-08,45
Jordan Edwards,Shooting_of_Jordan_Edwards,2019-08-09,31
Jordan Edwards,Shooting_of_Jordan_Edwards,2019-08-10,42
Jordan Edwards,Shooting_of_Jordan_Edwards,2019-08-11,33
Jordan Edwards,Shooting_of_Jordan_Edwards,2019-08-12,29
Jordan Edwards,Shooting_of_Jordan_Edwards,2019-08-13,39
Jordan Edwards,Shooting_of_Jordan_Edwards,2019-08-14,30
Jordan Edwards,Shooting_of_Jordan_Edwards,2019-08-15,35
Jordan Edwards,Shooting_of_Jordan_Edwards,2019-08-16,20
Jordan Edwards,Shooting_of_Jordan_Edwards,2019-08-17,26
Jordan Edwards,Shooting_of_Jordan_Edwards,2019-08-18,24
Jordan Edwards,Shooting_of_Jordan_Edwards,2019-08-19,23
Jordan Edwards,Shooting_of_Jordan_Edwards,2019-08-20,37
Jordan Edwards,Shooting_of_Jordan_Edwards,2019-08-21,31
Jordan Edwards,Shooting_of_Jordan_Edwards,2019-08-22,22
Jordan Edwards,Shooting_of_Jordan_Edwards,2019-08-23,19
Jordan Edwards,Shooting_of_Jordan_Edwards,2019-08-24,30
Jordan Edwards,Shooting_of_Jordan_Edwards,2019-08-25,21
Jordan Edwards,Shooting_of_Jordan_Edwards,2019-08-26,24
Jordan Edwards,Shooting_of_Jordan_Edwards,2019-08-27,17
Jordan Edwards,Shooting_of_Jordan_Edwards,2019-08-28,23
Jordan Edwards,Shooting_of_Jordan_Edwards,2019-08-29,22
Jordan Edwards,Shooting_of_Jordan_Edwards,2019-08-30,19
Jordan Edwards,Shooting_of_Jordan_Edwards,2019-08-31,21
Jordan Edwards,Shooting_of_Jordan_Edwards,2019-09-01,22
Jordan Edwards,Shooting_of_Jordan_Edwards,2019-09-02,19
Jordan Edwards,Shooting_of_Jordan_Edwards,2019-09-03,21
Jordan Edwards,Shooting_of_Jordan_Edwards,2019-09-04,20
Jordan Edwards,Shooting_of_Jordan_Edwards,2019-09-05,11
Jordan Edwards,Shooting_of_Jordan_Edwards,2019-09-06,14
Jordan Edwards,Shooting_of_Jordan_Edwards,2019-09-07,12
Jordan Edwards,Shooting_of_Jordan_Edwards,2019-09-08,15
Jordan Edwards,Shooting_of_Jordan_Edwards,2019-09-09,10
Jordan Edwards,Shooting_of_Jordan_Edwards,2019-09-10,12
Jordan Edwards,Shooting_of_Jordan_Edwards,2019-09-11,19
Jordan Edwards,Shooting_of_Jordan_Edwards,2019-09-12,17
Jordan Edwards,Shooting_of_Jordan_Edwards,2019-09-13,14
Jordan Edwards,Shooting_of_Jordan_Edwards,2019-09-14,15
Jordan Edwards,Shooting_of_Jordan_Edwards,2019-09-15,18
Jordan Edwards,Shooting_of_Jordan_Edwards,2019-09-16,11
Jordan Edwards,Shooting_of_Jordan_Edwards,2019-09-17,20
Jordan Edwards,Shooting_of_Jordan_Edwards,2019-09-18,11
Jordan Edwards,Shooting_of_Jordan_Edwards,2019-09-19,16
Jordan Edwards,Shooting_of_Jordan_Edwards,2019-09-20,19
Jordan Edwards,Shooting_of_Jordan_Edwards,2019-09-21,14
Jordan Edwards,Shooting_of_Jordan_Edwards,2019-09-22,20
Jordan Edwards,Shooting_of_Jordan_Edwards,2019-09-23,16
Jordan Edwards,Shooting_of_Jordan_Edwards,2019-09-24,24
Jordan Edwards,Shooting_of_Jordan_Edwards,2019-09-25,20
Jordan Edwards,Shooting_of_Jordan_Edwards,2019-09-26,10
Jordan Edwards,Shooting_of_Jordan_Edwards,2019-09-27,19
Jordan Edwards,Shooting_of_Jordan_Edwards,2019-09-28,18
Jordan Edwards,Shooting_of_Jordan_Edwards,2019-09-29,17
Jordan Edwards,Shooting_of_Jordan_Edwards,2019-09-30,12
Jordan Edwards,Shooting_of_Jordan_Edwards,2019-10-01,33
Jordan Edwards,Shooting_of_Jordan_Edwards,2019-10-02,50
Jordan Edwards,Shooting_of_Jordan_Edwards,2019-10-03,28
Jordan Edwards,Shooting_of_Jordan_Edwards,2019-10-04,17
Jordan Edwards,Shooting_of_Jordan_Edwards,2019-10-05,14
Jordan Edwards,Shooting_of_Jordan_Edwards,2019-10-06,18
Jordan Edwards,Shooting_of_Jordan_Edwards,2019-10-07,30
Jordan Edwards,Shooting_of_Jordan_Edwards,2019-10-08,23
Jordan Edwards,Shooting_of_Jordan_Edwards,2019-10-09,13
Jordan Edwards,Shooting_of_Jordan_Edwards,2019-10-10,17
Jordan Edwards,Shooting_of_Jordan_Edwards,2019-10-11,18
Jordan Edwards,Shooting_of_Jordan_Edwards,2019-10-12,11
Jordan Edwards,Shooting_of_Jordan_Edwards,2019-10-13,11
Jordan Edwards,Shooting_of_Jordan_Edwards,2019-10-14,30
Jordan Edwards,Shooting_of_Jordan_Edwards,2019-10-15,31
Jordan Edwards,Shooting_of_Jordan_Edwards,2019-10-16,17
Jordan Edwards,Shooting_of_Jordan_Edwards,2019-10-17,14
Jordan Edwards,Shooting_of_Jordan_Edwards,2019-10-18,9
Jordan Edwards,Shooting_of_Jordan_Edwards,2019-10-19,9
Jordan Edwards,Shooting_of_Jordan_Edwards,2019-10-20,18
Jordan Edwards,Shooting_of_Jordan_Edwards,2019-10-21,14
Jordan Edwards,Shooting_of_Jordan_Edwards,2019-10-22,12
Jordan Edwards,Shooting_of_Jordan_Edwards,2019-10-23,20
Jordan Edwards,Shooting_of_Jordan_Edwards,2019-10-24,25
Jordan Edwards,Shooting_of_Jordan_Edwards,2019-10-25,36
Jordan Edwards,Shooting_of_Jordan_Edwards,2019-10-26,50
Jordan Edwards,Shooting_of_Jordan_Edwards,2019-10-27,22
Jordan Edwards,Shooting_of_Jordan_Edwards,2019-10-28,10
Jordan Edwards,Shooting_of_Jordan_Edwards,2019-10-29,10
Jordan Edwards,Shooting_of_Jordan_Edwards,2019-10-30,11
Jordan Edwards,Shooting_of_Jordan_Edwards,2019-10-31,14
Jordan Edwards,Shooting_of_Jordan_Edwards,2019-11-01,18
Jordan Edwards,Shooting_of_Jordan_Edwards,2019-11-02,12
Jordan Edwards,Shooting_of_Jordan_Edwards,2019-11-03,18
Jordan Edwards,Shooting_of_Jordan_Edwards,2019-11-04,16
Jordan Edwards,Shooting_of_Jordan_Edwards,2019-11-05,18
Jordan Edwards,Shooting_of_Jordan_Edwards,2019-11-06,14
Jordan Edwards,Shooting_of_Jordan_Edwards,2019-11-07,22
Jordan Edwards,Shooting_of_Jordan_Edwards,2019-11-08,20
Jordan Edwards,Shooting_of_Jordan_Edwards,2019-11-09,23
Jordan Edwards,Shooting_of_Jordan_Edwards,2019-11-10,24
Jordan Edwards,Shooting_of_Jordan_Edwards,2019-11-11,19
Jordan Edwards,Shooting_of_Jordan_Edwards,2019-11-12,15
Jordan Edwards,Shooting_of_Jordan_Edwards,2019-11-13,16
Jordan Edwards,Shooting_of_Jordan_Edwards,2019-11-14,21
Jordan Edwards,Shooting_of_Jordan_Edwards,2019-11-15,17
Jordan Edwards,Shooting_of_Jordan_Edwards,2019-11-16,14
Jordan Edwards,Shooting_of_Jordan_Edwards,2019-11-17,17
Jordan Edwards,Shooting_of_Jordan_Edwards,2019-11-18,15
Jordan Edwards,Shooting_of_Jordan_Edwards,2019-11-19,18
Jordan Edwards,Shooting_of_Jordan_Edwards,2019-11-20,20
Jordan Edwards,Shooting_of_Jordan_Edwards,2019-11-21,26
Jordan Edwards,Shooting_of_Jordan_Edwards,2019-11-22,32
Jordan Edwards,Shooting_of_Jordan_Edwards,2019-11-23,21
Jordan Edwards,Shooting_of_Jordan_Edwards,2019-11-24,24
Jordan Edwards,Shooting_of_Jordan_Edwards,2019-11-25,19
Jordan Edwards,Shooting_of_Jordan_Edwards,2019-11-26,14
Jordan Edwards,Shooting_of_Jordan_Edwards,2019-11-27,14
Jordan Edwards,Shooting_of_Jordan_Edwards,2019-11-28,19
Jordan Edwards,Shooting_of_Jordan_Edwards,2019-11-29,20
Jordan Edwards,Shooting_of_Jordan_Edwards,2019-11-30,9
Jordan Edwards,Shooting_of_Jordan_Edwards,2019-12-01,16
Jordan Edwards,Shooting_of_Jordan_Edwards,2019-12-02,28
Jordan Edwards,Shooting_of_Jordan_Edwards,2019-12-03,22
Jordan Edwards,Shooting_of_Jordan_Edwards,2019-12-04,20
Jordan Edwards,Shooting_of_Jordan_Edwards,2019-12-05,20
Jordan Edwards,Shooting_of_Jordan_Edwards,2019-12-06,10
Jordan Edwards,Shooting_of_Jordan_Edwards,2019-12-07,16
Jordan Edwards,Shooting_of_Jordan_Edwards,2019-12-08,17
Jordan Edwards,Shooting_of_Jordan_Edwards,2019-12-09,11
Jordan Edwards,Shooting_of_Jordan_Edwards,2019-12-10,16
Jordan Edwards,Shooting_of_Jordan_Edwards,2019-12-11,13
Jordan Edwards,Shooting_of_Jordan_Edwards,2019-12-12,11
Jordan Edwards,Shooting_of_Jordan_Edwards,2019-12-13,21
Jordan Edwards,Shooting_of_Jordan_Edwards,2019-12-14,15
Jordan Edwards,Shooting_of_Jordan_Edwards,2019-12-15,12
Jordan Edwards,Shooting_of_Jordan_Edwards,2019-12-16,14
Jordan Edwards,Shooting_of_Jordan_Edwards,2019-12-17,16
Jordan Edwards,Shooting_of_Jordan_Edwards,2019-12-18,13
Jordan Edwards,Shooting_of_Jordan_Edwards,2019-12-19,15
Jordan Edwards,Shooting_of_Jordan_Edwards,2019-12-20,11
Jordan Edwards,Shooting_of_Jordan_Edwards,2019-12-21,28
Jordan Edwards,Shooting_of_Jordan_Edwards,2019-12-22,18
Jordan Edwards,Shooting_of_Jordan_Edwards,2019-12-23,15
Jordan Edwards,Shooting_of_Jordan_Edwards,2019-12-24,6
Jordan Edwards,Shooting_of_Jordan_Edwards,2019-12-25,18
Jordan Edwards,Shooting_of_Jordan_Edwards,2019-12-26,14
Jordan Edwards,Shooting_of_Jordan_Edwards,2019-12-27,16
Jordan Edwards,Shooting_of_Jordan_Edwards,2019-12-28,18
Jordan Edwards,Shooting_of_Jordan_Edwards,2019-12-29,21
Jordan Edwards,Shooting_of_Jordan_Edwards,2019-12-30,12
Jordan Edwards,Shooting_of_Jordan_Edwards,2019-12-31,16
Jordan Edwards,Shooting_of_Jordan_Edwards,2020-01-01,11
Jordan Edwards,Shooting_of_Jordan_Edwards,2020-01-02,19
Jordan Edwards,Shooting_of_Jordan_Edwards,2020-01-03,19
Jordan Edwards,Shooting_of_Jordan_Edwards,2020-01-04,13
Jordan Edwards,Shooting_of_Jordan_Edwards,2020-01-05,20
Jordan Edwards,Shooting_of_Jordan_Edwards,2020-01-06,15
Jordan Edwards,Shooting_of_Jordan_Edwards,2020-01-07,20
Jordan Edwards,Shooting_of_Jordan_Edwards,2020-01-08,15
Jordan Edwards,Shooting_of_Jordan_Edwards,2020-01-09,13
Jordan Edwards,Shooting_of_Jordan_Edwards,2020-01-10,7
Jordan Edwards,Shooting_of_Jordan_Edwards,2020-01-11,29
Jordan Edwards,Shooting_of_Jordan_Edwards,2020-01-12,19
Jordan Edwards,Shooting_of_Jordan_Edwards,2020-01-13,20
Jordan Edwards,Shooting_of_Jordan_Edwards,2020-01-14,7
Jordan Edwards,Shooting_of_Jordan_Edwards,2020-01-15,18
Jordan Edwards,Shooting_of_Jordan_Edwards,2020-01-16,20
Jordan Edwards,Shooting_of_Jordan_Edwards,2020-01-17,14
Jordan Edwards,Shooting_of_Jordan_Edwards,2020-01-18,12
Jordan Edwards,Shooting_of_Jordan_Edwards,2020-01-19,13
Jordan Edwards,Shooting_of_Jordan_Edwards,2020-01-20,13
Jordan Edwards,Shooting_of_Jordan_Edwards,2020-01-21,14
Jordan Edwards,Shooting_of_Jordan_Edwards,2020-01-22,12
Jordan Edwards,Shooting_of_Jordan_Edwards,2020-01-23,16
Jordan Edwards,Shooting_of_Jordan_Edwards,2020-01-24,15
Jordan Edwards,Shooting_of_Jordan_Edwards,2020-01-25,7
Jordan Edwards,Shooting_of_Jordan_Edwards,2020-01-26,16
Jordan Edwards,Shooting_of_Jordan_Edwards,2020-01-27,23
Jordan Edwards,Shooting_of_Jordan_Edwards,2020-01-28,17
Jordan Edwards,Shooting_of_Jordan_Edwards,2020-01-29,11
Jordan Edwards,Shooting_of_Jordan_Edwards,2020-01-30,10
Jordan Edwards,Shooting_of_Jordan_Edwards,2020-01-31,11
Jordan Edwards,Shooting_of_Jordan_Edwards,2020-02-01,11
Jordan Edwards,Shooting_of_Jordan_Edwards,2020-02-02,18
Jordan Edwards,Shooting_of_Jordan_Edwards,2020-02-03,7
Jordan Edwards,Shooting_of_Jordan_Edwards,2020-02-04,13
Jordan Edwards,Shooting_of_Jordan_Edwards,2020-02-05,13
Jordan Edwards,Shooting_of_Jordan_Edwards,2020-02-06,14
Jordan Edwards,Shooting_of_Jordan_Edwards,2020-02-07,8
Jordan Edwards,Shooting_of_Jordan_Edwards,2020-02-08,14
Jordan Edwards,Shooting_of_Jordan_Edwards,2020-02-09,20
Jordan Edwards,Shooting_of_Jordan_Edwards,2020-02-10,10
Jordan Edwards,Shooting_of_Jordan_Edwards,2020-02-11,20
Jordan Edwards,Shooting_of_Jordan_Edwards,2020-02-12,20
Jordan Edwards,Shooting_of_Jordan_Edwards,2020-02-13,14
Jordan Edwards,Shooting_of_Jordan_Edwards,2020-02-14,9
Jordan Edwards,Shooting_of_Jordan_Edwards,2020-02-15,11
Jordan Edwards,Shooting_of_Jordan_Edwards,2020-02-16,18
Jordan Edwards,Shooting_of_Jordan_Edwards,2020-02-17,13
Jordan Edwards,Shooting_of_Jordan_Edwards,2020-02-18,14
Jordan Edwards,Shooting_of_Jordan_Edwards,2020-02-19,14
Jordan Edwards,Shooting_of_Jordan_Edwards,2020-02-20,12
Jordan Edwards,Shooting_of_Jordan_Edwards,2020-02-21,15
Jordan Edwards,Shooting_of_Jordan_Edwards,2020-02-22,10
Jordan Edwards,Shooting_of_Jordan_Edwards,2020-02-23,14
Jordan Edwards,Shooting_of_Jordan_Edwards,2020-02-24,16
Jordan Edwards,Shooting_of_Jordan_Edwards,2020-02-25,12
Jordan Edwards,Shooting_of_Jordan_Edwards,2020-02-26,10
Jordan Edwards,Shooting_of_Jordan_Edwards,2020-02-27,15
Jordan Edwards,Shooting_of_Jordan_Edwards,2020-02-28,7
Jordan Edwards,Shooting_of_Jordan_Edwards,2020-02-29,12
Jordan Edwards,Shooting_of_Jordan_Edwards,2020-03-01,16
Jordan Edwards,Shooting_of_Jordan_Edwards,2020-03-02,16
Jordan Edwards,Shooting_of_Jordan_Edwards,2020-03-03,11
Jordan Edwards,Shooting_of_Jordan_Edwards,2020-03-04,12
Jordan Edwards,Shooting_of_Jordan_Edwards,2020-03-05,13
Jordan Edwards,Shooting_of_Jordan_Edwards,2020-03-06,12
Jordan Edwards,Shooting_of_Jordan_Edwards,2020-03-07,10
Jordan Edwards,Shooting_of_Jordan_Edwards,2020-03-08,10
Jordan Edwards,Shooting_of_Jordan_Edwards,2020-03-09,13
Jordan Edwards,Shooting_of_Jordan_Edwards,2020-03-10,12
Jordan Edwards,Shooting_of_Jordan_Edwards,2020-03-11,12
Jordan Edwards,Shooting_of_Jordan_Edwards,2020-03-12,8
Jordan Edwards,Shooting_of_Jordan_Edwards,2020-03-13,10
Jordan Edwards,Shooting_of_Jordan_Edwards,2020-03-14,6
Jordan Edwards,Shooting_of_Jordan_Edwards,2020-03-15,10
Jordan Edwards,Shooting_of_Jordan_Edwards,2020-03-16,12
Jordan Edwards,Shooting_of_Jordan_Edwards,2020-03-17,11
Jordan Edwards,Shooting_of_Jordan_Edwards,2020-03-18,15
Jordan Edwards,Shooting_of_Jordan_Edwards,2020-03-19,14
Jordan Edwards,Shooting_of_Jordan_Edwards,2020-03-20,11
Jordan Edwards,Shooting_of_Jordan_Edwards,2020-03-21,9
Jordan Edwards,Shooting_of_Jordan_Edwards,2020-03-22,18
Jordan Edwards,Shooting_of_Jordan_Edwards,2020-03-23,11
Jordan Edwards,Shooting_of_Jordan_Edwards,2020-03-24,7
Jordan Edwards,Shooting_of_Jordan_Edwards,2020-03-25,8
Jordan Edwards,Shooting_of_Jordan_Edwards,2020-03-26,13
Jordan Edwards,Shooting_of_Jordan_Edwards,2020-03-27,18
Jordan Edwards,Shooting_of_Jordan_Edwards,2020-03-28,12
Jordan Edwards,Shooting_of_Jordan_Edwards,2020-03-29,15
Jordan Edwards,Shooting_of_Jordan_Edwards,2020-03-30,13
Jordan Edwards,Shooting_of_Jordan_Edwards,2020-03-31,9
Jordan Edwards,Shooting_of_Jordan_Edwards,2020-04-01,7
Jordan Edwards,Shooting_of_Jordan_Edwards,2020-04-02,17
Jordan Edwards,Shooting_of_Jordan_Edwards,2020-04-03,12
Jordan Edwards,Shooting_of_Jordan_Edwards,2020-04-04,17
Jordan Edwards,Shooting_of_Jordan_Edwards,2020-04-05,7
Jordan Edwards,Shooting_of_Jordan_Edwards,2020-04-06,13
Jordan Edwards,Shooting_of_Jordan_Edwards,2020-04-07,21
Jordan Edwards,Shooting_of_Jordan_Edwards,2020-04-08,11
Jordan Edwards,Shooting_of_Jordan_Edwards,2020-04-09,10
Jordan Edwards,Shooting_of_Jordan_Edwards,2020-04-10,17
Jordan Edwards,Shooting_of_Jordan_Edwards,2020-04-11,14
Jordan Edwards,Shooting_of_Jordan_Edwards,2020-04-12,16
Jordan Edwards,Shooting_of_Jordan_Edwards,2020-04-13,13
Jordan Edwards,Shooting_of_Jordan_Edwards,2020-04-14,10
Jordan Edwards,Shooting_of_Jordan_Edwards,2020-04-15,12
Jordan Edwards,Shooting_of_Jordan_Edwards,2020-04-16,19
Jordan Edwards,Shooting_of_Jordan_Edwards,2020-04-17,11
Jordan Edwards,Shooting_of_Jordan_Edwards,2020-04-18,8
Jordan Edwards,Shooting_of_Jordan_Edwards,2020-04-19,7
Jordan Edwards,Shooting_of_Jordan_Edwards,2020-04-20,8
Jordan Edwards,Shooting_of_Jordan_Edwards,2020-04-21,5
Jordan Edwards,Shooting_of_Jordan_Edwards,2020-04-22,14
Jordan Edwards,Shooting_of_Jordan_Edwards,2020-04-23,13
Jordan Edwards,Shooting_of_Jordan_Edwards,2020-04-24,9
Jordan Edwards,Shooting_of_Jordan_Edwards,2020-04-25,11
Jordan Edwards,Shooting_of_Jordan_Edwards,2020-04-26,9
Jordan Edwards,Shooting_of_Jordan_Edwards,2020-04-27,13
Jordan Edwards,Shooting_of_Jordan_Edwards,2020-04-28,13
Jordan Edwards,Shooting_of_Jordan_Edwards,2020-04-29,18
Jordan Edwards,Shooting_of_Jordan_Edwards,2020-04-30,7
Jordan Edwards,Shooting_of_Jordan_Edwards,2020-05-01,18
Jordan Edwards,Shooting_of_Jordan_Edwards,2020-05-02,9
Jordan Edwards,Shooting_of_Jordan_Edwards,2020-05-03,20
Jordan Edwards,Shooting_of_Jordan_Edwards,2020-05-04,18
Jordan Edwards,Shooting_of_Jordan_Edwards,2020-05-05,16
Jordan Edwards,Shooting_of_Jordan_Edwards,2020-05-06,19
Jordan Edwards,Shooting_of_Jordan_Edwards,2020-05-07,96
Jordan Edwards,Shooting_of_Jordan_Edwards,2020-05-08,99
Jordan Edwards,Shooting_of_Jordan_Edwards,2020-05-09,56
Jordan Edwards,Shooting_of_Jordan_Edwards,2020-05-10,28
Jordan Edwards,Shooting_of_Jordan_Edwards,2020-05-11,19
Jordan Edwards,Shooting_of_Jordan_Edwards,2020-05-12,34
Jordan Edwards,Shooting_of_Jordan_Edwards,2020-05-13,13
Jordan Edwards,Shooting_of_Jordan_Edwards,2020-05-14,33
Jordan Edwards,Shooting_of_Jordan_Edwards,2020-05-15,10
Jordan Edwards,Shooting_of_Jordan_Edwards,2020-05-16,24
Jordan Edwards,Shooting_of_Jordan_Edwards,2020-05-17,25
Jordan Edwards,Shooting_of_Jordan_Edwards,2020-05-18,20
Jordan Edwards,Shooting_of_Jordan_Edwards,2020-05-19,19
Jordan Edwards,Shooting_of_Jordan_Edwards,2020-05-20,23
Jordan Edwards,Shooting_of_Jordan_Edwards,2020-05-21,16
Jordan Edwards,Shooting_of_Jordan_Edwards,2020-05-22,19
Jordan Edwards,Shooting_of_Jordan_Edwards,2020-05-23,21
Jordan Edwards,Shooting_of_Jordan_Edwards,2020-05-24,23
Jordan Edwards,Shooting_of_Jordan_Edwards,2020-05-25,20
Jordan Edwards,Shooting_of_Jordan_Edwards,2020-05-26,8
Jordan Edwards,Shooting_of_Jordan_Edwards,2020-05-27,57
Jordan Edwards,Shooting_of_Jordan_Edwards,2020-05-28,141
Jordan Edwards,Shooting_of_Jordan_Edwards,2020-05-29,225
Jordan Edwards,Shooting_of_Jordan_Edwards,2020-05-30,210
Jordan Edwards,Shooting_of_Jordan_Edwards,2020-05-31,214
Jordan Edwards,Shooting_of_Jordan_Edwards,2020-06-01,163
Jordan Edwards,Shooting_of_Jordan_Edwards,2020-06-02,162
Jordan Edwards,Shooting_of_Jordan_Edwards,2020-06-03,133
Jordan Edwards,Shooting_of_Jordan_Edwards,2020-06-04,155
Jordan Edwards,Shooting_of_Jordan_Edwards,2020-06-05,121
Jordan Edwards,Shooting_of_Jordan_Edwards,2020-06-06,128
Jordan Edwards,Shooting_of_Jordan_Edwards,2020-06-07,165
Jordan Edwards,Shooting_of_Jordan_Edwards,2020-06-08,102
Jordan Edwards,Shooting_of_Jordan_Edwards,2020-06-09,110
Jordan Edwards,Shooting_of_Jordan_Edwards,2020-06-10,92
Jordan Edwards,Shooting_of_Jordan_Edwards,2020-06-11,96
Jordan Edwards,Shooting_of_Jordan_Edwards,2020-06-12,82
Jordan Edwards,Shooting_of_Jordan_Edwards,2020-06-13,67
Jordan Edwards,Shooting_of_Jordan_Edwards,2020-06-14,61
Jordan Edwards,Shooting_of_Jordan_Edwards,2020-06-15,56
Jordan Edwards,Shooting_of_Jordan_Edwards,2020-06-16,63
Jordan Edwards,Shooting_of_Jordan_Edwards,2020-06-17,52
Jordan Edwards,Shooting_of_Jordan_Edwards,2020-06-18,62
Jordan Edwards,Shooting_of_Jordan_Edwards,2020-06-19,50
Jordan Edwards,Shooting_of_Jordan_Edwards,2020-06-20,43
Jordan Edwards,Shooting_of_Jordan_Edwards,2020-06-21,40
Jordan Edwards,Shooting_of_Jordan_Edwards,2020-06-22,47
Jordan Edwards,Shooting_of_Jordan_Edwards,2020-06-23,40
Jordan Edwards,Shooting_of_Jordan_Edwards,2020-06-24,37
Jordan Edwards,Shooting_of_Jordan_Edwards,2020-06-25,33
Jordan Edwards,Shooting_of_Jordan_Edwards,2020-06-26,26
Jordan Edwards,Shooting_of_Jordan_Edwards,2020-06-27,34
Jordan Edwards,Shooting_of_Jordan_Edwards,2020-06-28,40
Jordan Edwards,Shooting_of_Jordan_Edwards,2020-06-29,34
Jordan Edwards,Shooting_of_Jordan_Edwards,2020-06-30,22
Jordan Edwards,Shooting_of_Jordan_Edwards,2020-07-01,31
Jordan Edwards,Shooting_of_Jordan_Edwards,2020-07-02,23
Jordan Edwards,Shooting_of_Jordan_Edwards,2020-07-03,20
Jordan Edwards,Shooting_of_Jordan_Edwards,2020-07-04,20
Jordan Edwards,Shooting_of_Jordan_Edwards,2020-07-05,22
Jordan Edwards,Shooting_of_Jordan_Edwards,2020-07-06,21
Jordan Edwards,Shooting_of_Jordan_Edwards,2020-07-07,22
Jordan Edwards,Shooting_of_Jordan_Edwards,2020-07-08,15
Jordan Edwards,Shooting_of_Jordan_Edwards,2020-07-09,14
Jordan Edwards,Shooting_of_Jordan_Edwards,2020-07-10,13
Jordan Edwards,Shooting_of_Jordan_Edwards,2020-07-11,17
Jordan Edwards,Shooting_of_Jordan_Edwards,2020-07-12,15
Jordan Edwards,Shooting_of_Jordan_Edwards,2020-07-13,18
Jordan Edwards,Shooting_of_Jordan_Edwards,2020-07-14,17
Jordan Edwards,Shooting_of_Jordan_Edwards,2020-07-15,17
Jordan Edwards,Shooting_of_Jordan_Edwards,2020-07-16,14
Jordan Edwards,Shooting_of_Jordan_Edwards,2020-07-17,14
Jordan Edwards,Shooting_of_Jordan_Edwards,2020-07-18,19
Jordan Edwards,Shooting_of_Jordan_Edwards,2020-07-19,10
Jordan Edwards,Shooting_of_Jordan_Edwards,2020-07-20,11
Jordan Edwards,Shooting_of_Jordan_Edwards,2020-07-21,15
Jordan Edwards,Shooting_of_Jordan_Edwards,2020-07-22,14
Jordan Edwards,Shooting_of_Jordan_Edwards,2020-07-23,15
Jordan Edwards,Shooting_of_Jordan_Edwards,2020-07-24,17
Jordan Edwards,Shooting_of_Jordan_Edwards,2020-07-25,9
Jordan Edwards,Shooting_of_Jordan_Edwards,2020-07-26,11
Jordan Edwards,Shooting_of_Jordan_Edwards,2020-07-27,16
Jordan Edwards,Shooting_of_Jordan_Edwards,2020-07-28,14
Jordan Edwards,Shooting_of_Jordan_Edwards,2020-07-29,10
Jordan Edwards,Shooting_of_Jordan_Edwards,2020-07-30,11
Jordan Edwards,Shooting_of_Jordan_Edwards,2020-07-31,9
Jordan Edwards,Shooting_of_Jordan_Edwards,2020-08-01,9
Jordan Edwards,Shooting_of_Jordan_Edwards,2020-08-02,13
Jordan Edwards,Shooting_of_Jordan_Edwards,2020-08-03,10
Jordan Edwards,Shooting_of_Jordan_Edwards,2020-08-04,4
Jordan Edwards,Shooting_of_Jordan_Edwards,2020-08-05,10
Jordan Edwards,Shooting_of_Jordan_Edwards,2020-08-06,6
Jordan Edwards,Shooting_of_Jordan_Edwards,2020-08-07,19
Jordan Edwards,Shooting_of_Jordan_Edwards,2020-08-08,10
Jordan Edwards,Shooting_of_Jordan_Edwards,2020-08-09,14
Jordan Edwards,Shooting_of_Jordan_Edwards,2020-08-10,18
Jordan Edwards,Shooting_of_Jordan_Edwards,2020-08-11,8
Jordan Edwards,Shooting_of_Jordan_Edwards,2020-08-12,28
Jordan Edwards,Shooting_of_Jordan_Edwards,2020-08-13,16
Jordan Edwards,Shooting_of_Jordan_Edwards,2020-08-14,16
Jordan Edwards,Shooting_of_Jordan_Edwards,2020-08-15,5
Jordan Edwards,Shooting_of_Jordan_Edwards,2020-08-16,9
Jordan Edwards,Shooting_of_Jordan_Edwards,2020-08-17,9
Jordan Edwards,Shooting_of_Jordan_Edwards,2020-08-18,19
Jordan Edwards,Shooting_of_Jordan_Edwards,2020-08-19,13
Jordan Edwards,Shooting_of_Jordan_Edwards,2020-08-20,15
Jordan Edwards,Shooting_of_Jordan_Edwards,2020-08-21,14
Jordan Edwards,Shooting_of_Jordan_Edwards,2020-08-22,12
Jordan Edwards,Shooting_of_Jordan_Edwards,2020-08-23,10
Jordan Edwards,Shooting_of_Jordan_Edwards,2020-08-24,25
Jordan Edwards,Shooting_of_Jordan_Edwards,2020-08-25,19
Jordan Edwards,Shooting_of_Jordan_Edwards,2020-08-26,11
Jordan Edwards,Shooting_of_Jordan_Edwards,2020-08-27,13
Jordan Edwards,Shooting_of_Jordan_Edwards,2020-08-28,15
Jordan Edwards,Shooting_of_Jordan_Edwards,2020-08-29,9
Jordan Edwards,Shooting_of_Jordan_Edwards,2020-08-30,15
Jordan Edwards,Shooting_of_Jordan_Edwards,2020-08-31,12
Jordan Edwards,Shooting_of_Jordan_Edwards,2020-09-01,11
Jordan Edwards,Shooting_of_Jordan_Edwards,2020-09-02,11
Jordan Edwards,Shooting_of_Jordan_Edwards,2020-09-03,5
Jordan Edwards,Shooting_of_Jordan_Edwards,2020-09-04,10
Jordan Edwards,Shooting_of_Jordan_Edwards,2020-09-05,13
Jordan Edwards,Shooting_of_Jordan_Edwards,2020-09-06,11
Jordan Edwards,Shooting_of_Jordan_Edwards,2020-09-07,22
Jordan Edwards,Shooting_of_Jordan_Edwards,2020-09-08,10
Jordan Edwards,Shooting_of_Jordan_Edwards,2020-09-09,14
Jordan Edwards,Shooting_of_Jordan_Edwards,2020-09-10,13
Jordan Edwards,Shooting_of_Jordan_Edwards,2020-09-11,13
Jordan Edwards,Shooting_of_Jordan_Edwards,2020-09-12,20
Jordan Edwards,Shooting_of_Jordan_Edwards,2020-09-13,12
Jordan Edwards,Shooting_of_Jordan_Edwards,2020-09-14,18
Jordan Edwards,Shooting_of_Jordan_Edwards,2020-09-15,12
Jordan Edwards,Shooting_of_Jordan_Edwards,2020-09-16,21
Jordan Edwards,Shooting_of_Jordan_Edwards,2020-09-17,11
Jordan Edwards,Shooting_of_Jordan_Edwards,2020-09-18,27
Jordan Edwards,Shooting_of_Jordan_Edwards,2020-09-19,38
Jordan Edwards,Shooting_of_Jordan_Edwards,2020-09-20,34
Jordan Edwards,Shooting_of_Jordan_Edwards,2020-09-21,21
Jordan Edwards,Shooting_of_Jordan_Edwards,2020-09-22,22
Jordan Edwards,Shooting_of_Jordan_Edwards,2020-09-23,23
Jordan Edwards,Shooting_of_Jordan_Edwards,2020-09-24,20
Jordan Edwards,Shooting_of_Jordan_Edwards,2020-09-25,25
Jordan Edwards,Shooting_of_Jordan_Edwards,2020-09-26,16
Jordan Edwards,Shooting_of_Jordan_Edwards,2020-09-27,17
Jordan Edwards,Shooting_of_Jordan_Edwards,2020-09-28,13
Jordan Edwards,Shooting_of_Jordan_Edwards,2020-09-29,8
Jordan Edwards,Shooting_of_Jordan_Edwards,2020-09-30,15
Jordan Edwards,Shooting_of_Jordan_Edwards,2020-10-01,14
Jordan Edwards,Shooting_of_Jordan_Edwards,2020-10-02,10
Jordan Edwards,Shooting_of_Jordan_Edwards,2020-10-03,25
Jordan Edwards,Shooting_of_Jordan_Edwards,2020-10-04,10
Jordan Edwards,Shooting_of_Jordan_Edwards,2020-10-05,19
Jordan Edwards,Shooting_of_Jordan_Edwards,2020-10-06,14
Jordan Edwards,Shooting_of_Jordan_Edwards,2020-10-07,20
Jordan Edwards,Shooting_of_Jordan_Edwards,2020-10-08,13
Jordan Edwards,Shooting_of_Jordan_Edwards,2020-10-09,16
Jordan Edwards,Shooting_of_Jordan_Edwards,2020-10-10,16
Jordan Edwards,Shooting_of_Jordan_Edwards,2020-10-11,24
Jordan Edwards,Shooting_of_Jordan_Edwards,2020-10-12,15
Jordan Edwards,Shooting_of_Jordan_Edwards,2020-10-13,22
Jordan Edwards,Shooting_of_Jordan_Edwards,2020-10-14,12
Jordan Edwards,Shooting_of_Jordan_Edwards,2020-10-15,12
Jordan Edwards,Shooting_of_Jordan_Edwards,2020-10-16,9
Jordan Edwards,Shooting_of_Jordan_Edwards,2020-10-17,18
Jordan Edwards,Shooting_of_Jordan_Edwards,2020-10-18,16
Jordan Edwards,Shooting_of_Jordan_Edwards,2020-10-19,8
Jordan Edwards,Shooting_of_Jordan_Edwards,2020-10-20,10
Jordan Edwards,Shooting_of_Jordan_Edwards,2020-10-21,5
Jordan Edwards,Shooting_of_Jordan_Edwards,2020-10-22,17
Jordan Edwards,Shooting_of_Jordan_Edwards,2020-10-23,16
Jordan Edwards,Shooting_of_Jordan_Edwards,2020-10-24,22
Jordan Edwards,Shooting_of_Jordan_Edwards,2020-10-25,29
Jordan Edwards,Shooting_of_Jordan_Edwards,2020-10-26,27
Jordan Edwards,Shooting_of_Jordan_Edwards,2020-10-27,15
Jordan Edwards,Shooting_of_Jordan_Edwards,2020-10-28,10
Jordan Edwards,Shooting_of_Jordan_Edwards,2020-10-29,16
Jordan Edwards,Shooting_of_Jordan_Edwards,2020-10-30,9
Jordan Edwards,Shooting_of_Jordan_Edwards,2020-10-31,11
Jordan Edwards,Shooting_of_Jordan_Edwards,2020-11-01,15
Jordan Edwards,Shooting_of_Jordan_Edwards,2020-11-02,18
Jordan Edwards,Shooting_of_Jordan_Edwards,2020-11-03,8
Jordan Edwards,Shooting_of_Jordan_Edwards,2020-11-04,8
Jordan Edwards,Shooting_of_Jordan_Edwards,2020-11-05,6
Jordan Edwards,Shooting_of_Jordan_Edwards,2020-11-06,7
Jordan Edwards,Shooting_of_Jordan_Edwards,2020-11-07,10
Jordan Edwards,Shooting_of_Jordan_Edwards,2020-11-08,8
Jordan Edwards,Shooting_of_Jordan_Edwards,2020-11-09,4
Jordan Edwards,Shooting_of_Jordan_Edwards,2020-11-10,3
Jordan Edwards,Shooting_of_Jordan_Edwards,2020-11-11,10
Jordan Edwards,Shooting_of_Jordan_Edwards,2020-11-12,10
Jordan Edwards,Shooting_of_Jordan_Edwards,2020-11-13,10
Jordan Edwards,Shooting_of_Jordan_Edwards,2020-11-14,8
Jordan Edwards,Shooting_of_Jordan_Edwards,2020-11-15,13
Jordan Edwards,Shooting_of_Jordan_Edwards,2020-11-16,15
Jordan Edwards,Shooting_of_Jordan_Edwards,2020-11-17,11
Jordan Edwards,Shooting_of_Jordan_Edwards,2020-11-18,12
Jordan Edwards,Shooting_of_Jordan_Edwards,2020-11-19,7
Jordan Edwards,Shooting_of_Jordan_Edwards,2020-11-20,13
Jordan Edwards,Shooting_of_Jordan_Edwards,2020-11-21,9
Jordan Edwards,Shooting_of_Jordan_Edwards,2020-11-22,6
Jordan Edwards,Shooting_of_Jordan_Edwards,2020-11-23,6
Jordan Edwards,Shooting_of_Jordan_Edwards,2020-11-24,10
Jordan Edwards,Shooting_of_Jordan_Edwards,2020-11-25,9
Jordan Edwards,Shooting_of_Jordan_Edwards,2020-11-26,6
Jordan Edwards,Shooting_of_Jordan_Edwards,2020-11-27,10
Jordan Edwards,Shooting_of_Jordan_Edwards,2020-11-28,8
Jordan Edwards,Shooting_of_Jordan_Edwards,2020-11-29,12
Jordan Edwards,Shooting_of_Jordan_Edwards,2020-11-30,9
Jordan Edwards,Shooting_of_Jordan_Edwards,2020-12-01,2
Jordan Edwards,Shooting_of_Jordan_Edwards,2020-12-02,12
Jordan Edwards,Shooting_of_Jordan_Edwards,2020-12-03,10
Jordan Edwards,Shooting_of_Jordan_Edwards,2020-12-04,12
Jordan Edwards,Shooting_of_Jordan_Edwards,2020-12-05,11
Jordan Edwards,Shooting_of_Jordan_Edwards,2020-12-06,7
Jordan Edwards,Shooting_of_Jordan_Edwards,2020-12-07,6
Jordan Edwards,Shooting_of_Jordan_Edwards,2020-12-08,11
Jordan Edwards,Shooting_of_Jordan_Edwards,2020-12-09,11
Jordan Edwards,Shooting_of_Jordan_Edwards,2020-12-10,10
Jordan Edwards,Shooting_of_Jordan_Edwards,2020-12-11,10
Jordan Edwards,Shooting_of_Jordan_Edwards,2020-12-12,13
Jordan Edwards,Shooting_of_Jordan_Edwards,2020-12-13,3
Jordan Edwards,Shooting_of_Jordan_Edwards,2020-12-14,7
Jordan Edwards,Shooting_of_Jordan_Edwards,2020-12-15,8
Jordan Edwards,Shooting_of_Jordan_Edwards,2020-12-16,11
Jordan Edwards,Shooting_of_Jordan_Edwards,2020-12-17,9
Jordan Edwards,Shooting_of_Jordan_Edwards,2020-12-18,12
Jordan Edwards,Shooting_of_Jordan_Edwards,2020-12-19,4
Jordan Edwards,Shooting_of_Jordan_Edwards,2020-12-20,8
Jordan Edwards,Shooting_of_Jordan_Edwards,2020-12-21,12
Jordan Edwards,Shooting_of_Jordan_Edwards,2020-12-22,4
Jordan Edwards,Shooting_of_Jordan_Edwards,2020-12-23,13
Jordan Edwards,Shooting_of_Jordan_Edwards,2020-12-24,7
Jordan Edwards,Shooting_of_Jordan_Edwards,2020-12-25,9
Jordan Edwards,Shooting_of_Jordan_Edwards,2020-12-26,8
Jordan Edwards,Shooting_of_Jordan_Edwards,2020-12-27,9
Jordan Edwards,Shooting_of_Jordan_Edwards,2020-12-28,6
Jordan Edwards,Shooting_of_Jordan_Edwards,2020-12-29,16
Jordan Edwards,Shooting_of_Jordan_Edwards,2020-12-30,9
Jordan Edwards,Shooting_of_Jordan_Edwards,2020-12-31,12
